z,n,symbol,radius,unc_r,abundance,unc_a,energy_shift,energy,unc_e,ripl_shift,jp,half_life,operator_hl,unc_hl,unit_hl,half_life_sec,unc_hls,decay_1,decay_1_%,unc_1,decay_2,decay_2_%,unc_2,decay_3,decay_3_%,unc_3,isospin,magnetic_dipole,unc_md,electric_quadrupole,unc_eq,qbm,unc_qb,qbm_n,unc_qbmn,qa,unc_qa,qec,unc_qec,sn,unc_sn,sp,unc_sp,binding,unc_ba,atomic_mass,unc_am,massexcess,unc_me,me_systematics,discovery,ENSDFpublicationcut-off,ENSDFauthors,Extraction_date,nuclide
0,1,n,-0.1149,0.0027,,,,0.0,,,1/2+,613.9,,6,s,613.9,0.6,B-,100.0,,,,,,,,,-1.9130427,5e-07,,,782.347,0.0004,,,,,,,0.0,0.0,,,0.0,0.0,1008664.9159,0.00047,8071.31806,0.00044,N,,31-Oct-2005,BALRAJ SINGH,2023-10-18,1n
0,4,n,,,,,,0.0,,,0+,2.6,LT,,MeV,1.754760442582253e-22,0.0,,,,,,,,,,,,,,,,,,,,,,,,,,,,,,,,,,,30-Aug-2017,J.E. Purcell and  C.G. Sheu,2023-10-18,4n
0,6,n,,,,,,0.0,,,,,,,,,,,,,,,,,,,,,,,,,,,,,,,,,,,,,,,,,,,,15-March-2017,J.H. Kelley and  G.C. Sheu,2023-10-18,6n
1,0,H,0.8783,0.0086,99.9855,0.0078,,0.0,,,1/2+,STABLE,,,,,,,,,,,,,,,,2.792847351,9e-09,,,,,,,,,-782.347,0.0,,,0.0,0.0,0.0,0.0,1007825.031898,1.4e-05,7288.971064,1.3e-05,N,1920.0,31-Oct-2005,BALRAJ SINGH,2023-10-18,1h
1,1,H,2.1421,0.0088,0.0145,0.0078,,0.0,,,1+,STABLE,,,,,,,,,,,,,,,,0.857438231,5e-09,0.0028578,3e-07,,,,,,,,,2224.5662,0.0004,2224.5662,0.0004,1112.2831,0.0002,2014101.777844,1.5e-05,13135.722895,1.5e-05,N,1932.0,1-May-2003,J.H. KELLEY and  J.L. GODWIN,2023-10-18,2h
1,2,H,1.7591,0.0363,,,,0.0,,,1/2+,12.32,,2,Y,388781328.0069735,631138.51949184,B-,100.0,,,,,,,,,2.97896246,1.4e-08,,,18.59202,6e-05,,,,,,,6257.2301,0.0004,,,2827.2654,0.0003,3016049.28132,8e-05,14949.8109,8e-05,N,1934.0,30-Jun-2015,J.E. Purcell{+#} and  C.G. Sheu{+*},2023-10-18,3h
1,3,H,,,,,,0.0,,,2-,,,,,,,N,100.0,,,,,,,,1,,,,,22196.2131,100.0,1618.5921,100.0,,,,,-1600.0,100.0,,,1720.4491,25.0,4026431.867,107.354,24621.129,100.0,N,1981.0,8-OCT-1991,J. H. KELLEY and  D. R. TILLEY and  H.R. WELLER AND G.M. HALE,2023-10-18,4h
1,4,H,,,,,,0.0,,,(1/2+),5.3,,4,MeV,8.608258774931805e-23,6.4967990754202316e-24,2N,100.0,,,,,,,,,,,,,21661.2131,91.6515,22396.2132,89.4427,,,,,-200.0,134.1641,,,1336.3592,17.8885,5035311.492,96.02,32892.447,89.443,N,1987.0,28-Feb-2019,J.E. Purcell and  C.G. Sheu,2023-10-18,5h
1,5,H,,,,,,0.0,,,,1.55,,44,MeV,2.9434691294928113e-22,8.355654303076366e-23,,,,,,,,,,,,,,,24283.6294,254.1268,22573.1725,254.9126,,,,,-911.9594,269.4075,,,961.6395,42.3545,6044955.437,272.816,41875.725,254.127,N,1984.0,23-March-2017,J.E. Purcell and  C.G. Sheu,2023-10-18,6h
1,6,H,,,,,,0.0,,,(1/2+),0.09,,+94-6,MeV,5.069307945237619e-21,2.816282191798677e-20,,,,,,,,,,,,,,,23062.0,1004.0,23472.0,1004.0,,,,,812.0,1036.0,,,940.0,143.0,7052749.0,1078.0,49135.0,1004.0,Y,2003.0,23-March-2017,J.E. Purcell and  C.G. Sheu,2023-10-18,7h
2,1,He,1.9661,0.003,0.0002,0.0002,,0.0,,,1/2+,STABLE,,,,,,,,,,,,,,,,-2.12762531,3e-08,,,-13736.0,2000.0,,,,,-18.592,0.0,,,5493.4751,0.0001,2572.68044,0.00015,3016029.32197,6e-05,14931.21888,6e-05,N,1934.0,30-Jun-2015,J.E. Purcell{+#} and  C.G. Sheu{+*},2023-10-18,3he
2,2,He,1.6755,0.0028,99.9998,0.0002,,0.0,,,0+,STABLE,,,,,,,,,,,,,,,0,,,,,-22898.274,212.132,-34313.0,2000.0,0.0,0.0,-22196.213,100.0,20577.6211,0.0005,19813.8661,0.0002,7073.9156,0.0002,4002603.25413,0.00016,2424.91587,0.00015,N,1908.0,8-OCT-1991,J. H. KELLEY and  D. R. TILLEY and  H.R. WELLER AND G.M. HALE,2023-10-18,4he
2,3,He,,,,,,0.0,,,3/2-,0.648,,,MeV,7.0407054794966935e-22,0.0,N,,,,,,,,,1/2,,,,,-447.6529,53.8516,-22163.274,213.0728,735.0,20.0,-21661.213,91.652,-735.0,20.0,20678.8661,101.9804,5512.1325,4.0,5012057.224,21.47,11231.234,20.0,N,1937.0,23-AUG-2001,X. HU and  D.R.TILLEY and  J.H.KELLEY,2023-10-18,5he
2,4,He,2.066,0.0111,,,,0.0,,,0+,806.7,,15,ms,0.8067,0.0015,B-,100.0,,,,,,,,1,,,,,3505.2147,0.0532,-2158.1098,50.0,,,-24283.63,254.12,1710.4569,20.0001,22589.323,89.4427,4878.5199,0.0089,6018885.889,0.057,17592.095,0.053,N,1936.0,23-Aug-2001,HU and  TILLEY and  KELLEY et al.,2023-10-18,6he
2,5,He,,,,,,0.0,,,(3/2)-,150,,20,keV,3.041584767142572e-21,4.055446356190096e-22,N,,,,,,,,,3/2,,,,,11166.0229,7.5595,3914.929,7.5595,,,-23061.872,1004.028,-409.7143,7.5593,23091.5681,254.2392,4123.0578,1.0799,7027990.652,8.115,26073.128,7.559,N,1967.0,23-Aug-2001,HU and  TILLEY and  KELLEY and  GODWIN et al.,2023-10-18,7he
2,6,He,1.9239,0.0306,,,,0.0,,,0+,119.1,,12,ms,0.1191,0.0012,B-,100.0,,B-N,16.0,1.0,,,,2,,,,,10663.8784,0.1005,8631.2602,0.0887,,,,,2534.7627,7.56,24814.0,1004.0,3924.521,0.0111,8033934.388,0.095,31609.683,0.089,N,1965.0,31-Mar-2004,D.R. Tilley and  J.H. Kelley and  J.L. Godwin and  D.J Millener et al.,2023-10-18,8he
2,7,He,,,,,,0.0,,,1/2+,,,,,,,N,100.0,,,,,,,,5/2,,,,,15980.9213,46.8169,11918.7038,46.8165,,,,,-1254.8254,46.8165,,,3349.038,5.2018,9043946.414,50.259,40935.826,46.816,N,1987.0,31-Mar-2004,J.H. KELLEY and  C.G. SHEU and  J.L. GODWIN and  ET AL.,2023-10-18,9he
2,8,He,,,,,,0.0,,,(0+),300,,200,keV,1.5207923835712858e-21,1.0138615890475236e-21,N,100.0,,,,,,,,3,,,,,16144.5191,93.7152,16170.9236,92.8479,,,,,-190.0023,103.983,,,2995.134,9.2848,10052815.306,99.676,49197.147,92.848,N,1994.0,31-Mar-2004,J.H. KELLEY and  C.G.SHEU AND J.L. GODWIN and  ET AL.,2023-10-18,10he
3,1,Li,,,,,,0.0,,,2-,,,,,,,P,100.0,,,,,,,,1,,,,,,,,,,,22898.274,212.132,11415.0,2011.0,-3102.9999,212.132,1153.7603,53.033,4027185.561,227.733,25323.19,212.132,N,1965.0,8-OCT-1991,J. H. KELLEY and  D. R. TILLEY and  H.R. WELLER AND G.M. HALE,2023-10-18,4li
3,2,Li,,,,,,0.0,,,3/2-,1.23,,,MeV,3.709249716027526e-22,0.0,P,,,,,,,,,1/2,,,,,-25460.0,2003.0,,,1964.9999,50.0,447.653,53.852,21715.6211,217.9449,-1964.9999,50.0,5266.1325,10.0,5012537.8,53.677,11678.887,50.0,N,1941.0,23-AUG-2001,X. HU and  D.R.TILLEY and  J.H.KELLEY,2023-10-18,5li
3,3,Li,2.589,0.039,4.85,1.71,,0.0,,,1+,STABLE,,,,,,,,,,,,,,,0,0.822043,3e-06,-0.000806,6e-06,-4288.1534,5.4478,-31123.0,2003.0,-1473.7583,0.0015,-3505.215,0.053,5663.3245,50.0,4433.3246,20.0,5332.3312,0.0003,6015122.88742,0.00155,14086.88044,0.00144,N,1921.0,23-Aug-2001,HU and  TILLEY and  KELLEY et al.,2023-10-18,6li
3,4,Li,2.444,0.042,95.15,1.71,,0.0,,,3/2-,STABLE,,,,,,,,,,,,,,,1/2,3.256407,1.2e-05,-0.04,0.0003,-861.893,0.0707,-11539.2472,5.4478,-2467.6221,0.0042,-11166.023,7.559,7251.0939,0.0045,9973.9616,0.0531,5606.4401,0.0006,7016003.43426,0.0045,14907.10463,0.00419,N,1921.0,23-Aug-2001,HU and  TILLEY and  KELLEY and  GODWIN et al.,2023-10-18,7li
3,5,Li,2.339,0.044,,,,0.0,,,2+,839.9,,9,ms,0.8399,0.0009,B-A,100.0,,B-,100.0,,,,,1,1.6535,2e-05,0.0314,0.0002,16004.1329,0.0591,-2894.5112,0.085,-6100.2403,100.0,-10663.878,0.101,2032.6182,0.0472,12416.2941,7.5596,5159.7124,0.0059,8022486.244,0.05,20945.805,0.047,N,1935.0,31-Mar-2004,D.R. Tilley and  J.H. Kelley and  J.L. Godwin and  D.J Millener et al.,2023-10-18,8li
3,6,Li,2.245,0.046,,,,0.0,,,3/2-,178.3,,4,ms,0.1783,0.0004,B-,100.0,,B-N,50.8,0.2,,,,3/2,3.43666,6e-05,-0.0304,0.0002,13606.4541,0.2014,11941.9153,0.1896,-10362.4579,89.4429,-15980.921,46.816,4062.2175,0.1922,13943.7489,0.2064,5037.7685,0.0207,9026790.191,0.2,24954.905,0.186,N,1951.0,31-Mar-2004,J.H. KELLEY and  C.G. SHEU and  J.L. GODWIN and  ET AL.,2023-10-18,9li
3,7,Li,,,,,,0.0,25.0,,(1- 2-),,,,,,,N,100.0,,,,,,,,2,,,,,20445.1411,12.7216,13632.8587,12.7216,-11248.0128,254.445,-16144.519,93.715,-26.4045,12.72,15172.1698,48.5141,4531.3512,1.2721,10035483.453,13.656,33052.628,12.721,N,1975.0,31-Mar-2004,J.H. KELLEY and  C.G.SHEU AND J.L. GODWIN and  ET AL.,2023-10-18,10li
3,8,Li,2.482,0.043,,,,0.0,,,3/2-,8.75,,14,ms,0.00875,0.00014,B-,100.0,,B-N,,,,,,5/2,3.6711,0.0002,-0.0333,0.0005,20551.0898,0.6591,20049.454,0.6201,-10832.0,1004.0,,,395.6871,12.7362,15757.8592,92.8497,4155.3817,0.0559,11043723.581,0.66,40728.259,0.615,N,1966.0,1-Jan-2011,J.H. KELLEY and  C.G. SHEU,2023-10-18,11li
3,9,Li,,,,,,0.0,,,(1- 2-),,,,,,,N,100.0,,,,,,,,,,,,,23931.8152,30.0669,20761.0898,30.0072,,,,,-210.0,30.0,,,3791.5999,2.5005,12052613.942,32.213,49009.577,30.006,N,2008.0,1-Jan-2017,J.H. KELLEY and  J.E. Purcell and C.G. SHEU,2023-10-18,12li
4,2,Be,,,,,,0.0,,,0+,92,,6,keV,4.959105598602019e-21,3.234199303436099e-22,A,100.0,,2P,100.0,,,,,1,,,,,-28945.0,2003.0,,,,,4288.154,5.448,26835.0,2003.0,592.8241,50.2959,4487.2478,0.908,6019726.409,5.848,18375.034,5.448,N,1958.0,23-Aug-2001,HU and  TILLEY and  KELLEY et al.,2023-10-18,6be
4,3,Be,2.646,0.016,,,,0.0,,,3/2-,53.22,,6,d,4598208.0,5184.0,EC,100.0,,,,,,,,1/2,-1.39928,4e-06,,,-11907.5551,25.1504,-39622.0,2003.0,-1587.1371,0.0708,861.893,0.071,10677.3542,5.4482,5606.8539,0.0709,5371.5487,0.0101,7016928.714,0.076,15768.998,0.071,N,1938.0,23-Aug-2001,HU and  TILLEY and  KELLEY and  GODWIN et al.,2023-10-18,7be
4,4,Be,,,,,,0.0,,,0+,5.57,,25,eV,8.190982317260066e-17,3.676383445807929e-18,A,100.0,,,,,,,,0,,,,,-17979.8973,1.0005,-30806.1992,25.1504,91.8399,0.0354,-16004.133,0.059,18898.644,0.0792,17254.404,0.0356,7062.4356,0.0044,8005305.102,0.037,4941.672,0.035,N,1932.0,31-Mar-2004,D.R. Tilley and  J.H. Kelley and  J.L. Godwin and  D.J Millener et al.,2023-10-18,8be
4,5,Be,2.519,0.012,100.0,,,0.0,,,3/2-,STABLE,,,,,,,,,,,,,,,1/2,-1.17743,5e-06,0.0529,0.0004,-1068.0349,0.8994,-19644.4361,1.0028,-2307.6989,20.0001,-13606.454,0.201,1664.5388,0.0843,16886.3247,0.0898,6462.6693,0.0085,9012183.062,0.082,11348.451,0.076,N,1921.0,31-Mar-2004,J.H. KELLEY and  C.G. SHEU and  J.L. GODWIN and  ET AL.,2023-10-18,9be
4,6,Be,2.355,0.017,,,,0.0,,,0+,1.51E+6,,4,Y,47650958221633.92,1262277038983.68,B-,100.0,,,,,,,,1,,,,,556.8759,0.0822,-7880.3173,0.9009,-7409.5245,0.0966,-20445.141,12.721,6812.2824,0.0519,19636.3895,0.2031,6497.6306,0.0081,10013534.692,0.086,12607.487,0.081,N,1935.0,31-Mar-2004,J.H. KELLEY and  C.G.SHEU AND J.L. GODWIN and  ET AL.,2023-10-18,10be
4,7,Be,2.463,0.015,,,,0.0,,,1/2+,13.76,,7,s,13.76,0.07,B-,100.0,,B-A,3.1,,B-P,0.00083,,3/2,-1.6816,0.0008,,,11509.4607,0.238,55.2401,0.2382,-8320.8746,7.5632,-20551.09,0.65,501.6358,0.2511,20164.4299,12.7236,5952.5402,0.0216,11021661.08,0.255,20177.169,0.238,N,1958.0,1-Jan-2011,J.H. KELLEY and  C.G. SHEU,2023-10-18,11be
4,8,Be,,,,,,0.0,,,0+,21.46,,5,ms,0.02146,5e-05,B-,100.0,,B-N,0.5,0.03,,,,2,,,,,11708.3636,2.3214,8338.7353,1.9086,-8956.8373,1.9106,-23931.816,30.067,3170.7254,1.9233,22939.4682,2.0051,5720.7223,0.159,12026922.082,2.048,25077.761,1.909,N,1966.0,1-Jan-2017,J.H. KELLEY and  J.E. Purcell and C.G. SHEU,2023-10-18,12be
4,9,Be,,,,,,0.0,,,(1/2-),2.7E-21,,18,s,2.7e-21,1.8e-21,N,,,,,,,,,,,,,,17097.1315,10.2295,12218.3636,10.2659,-9701.6627,47.9106,-23321.815,70.739,-510.0,10.0,22639.4682,31.6863,5241.4359,0.7831,13036134.506,10.929,33659.08,10.18,N,1983.0,23-Apr-1986,F. AJZENBERG-SELOVE and  J.H. KELLEY AND C.D. NESARAJA,2023-10-18,13be
4,10,Be,,,,,,0.0,,,,4.35,,17,ms,0.00435,0.00017,B-,100.0,,B-N,81.0,4.0,B-2N,5.0,2.0,,,,,,16290.8166,133.9357,15321.2364,132.2489,-11667.5601,161.5842,,,1775.8951,132.6364,24315.3634,149.63,4993.8973,9.4461,14042892.92,141.97,39954.502,132.245,N,1973.0,1-JUL-1990,F. AJZENBERG-SELOVE,2023-10-18,14be
4,11,Be,,,,,,0.0,,,(5/2+),0.58,,20,MeV,7.866167501230788e-22,2.7124715521485475e-22,N,100.0,,,,,,,,,,,,,20868.4411,167.1256,18090.8166,167.1489,,,,,-1800.0,100.0,,,4540.9708,11.0532,15053490.215,177.99,49825.821,165.797,N,2013.0,31-MARCH-2015,J. Kelley,2023-10-18,15be
4,12,Be,,,,,,0.0,,,0+,0.8,,2,MeV,5.702971438392321e-22,1.4257428595980805e-22,N,100.0,,,,,,,,,,,,,20335.4399,167.6075,20418.4411,167.1256,,,,,450.0,141.4214,,,4285.2851,10.3623,16061672.036,177.99,57447.139,165.797,N,2012.0,29-SEPT-2014,J. Kelley,2023-10-18,16be
5,2,B,,,,,,0.0,,,(3/2-),801,,20,keV,5.695851623862494e-22,1.4221851744975018e-23,P,100.0,,,,,,,,3/2,,,,,,,,,-3415.0,2000.0,11907.555,25.15,27715.0,2003.0,-2012.5479,25.7336,3558.7055,3.5929,7029712.0,27.0,27676.553,25.15,N,1967.0,01-June-2014,J. Kelley and  C.G. Sheu,2023-10-18,7b
5,3,B,,,,,,0.0,,,2+,770,,3,ms,0.77,0.003,EC+B+,100.0,,B+A,100.0,,,,,1,1.0355,0.0003,0.0643,0.0014,-12142.7002,18.2704,,,-4826.5368,212.1344,17979.897,1.001,12826.3018,25.1702,136.3997,1.0024,4717.1551,0.125,8024607.315,1.073,22921.569,1.0,N,1950.0,31-Mar-2004,D.R. Tilley and  J.H. Kelley and  J.L. Godwin and  D.J Millener et al.,2023-10-18,8b
5,4,B,,,,,,0.0,,,3/2-,0.54,,21,keV,8.448846575396032e-19,3.285662557098457e-19,P,100.0,,,,,,,,1/2,,,,,-16494.4854,2.3195,-30719.1014,18.2653,-1687.3169,50.0081,1068.035,0.906,18576.4012,1.347,-185.8431,0.9033,6257.0713,0.1003,9013329.645,0.969,12416.486,0.903,N,1940.0,31-Mar-2004,J.H. KELLEY and  C.G. SHEU and  J.L. GODWIN and  ET AL.,2023-10-18,9b
5,5,B,2.4277,0.0499,19.65,0.44,,0.0,,,3+,STABLE,,,,,,,,,,,,,,,0,1.8004636,8e-07,0.0846,0.0002,-3648.0623,0.0687,-24931.6787,2.1367,-4461.1857,0.015,-556.876,0.082,8437.1932,0.9027,6586.8113,0.0779,6475.0835,0.0015,10012936.862,0.016,12050.611,0.015,N,1920.0,31-Mar-2004,J.H. KELLEY and  C.G.SHEU AND J.L. GODWIN and  ET AL.,2023-10-18,10b
5,6,B,2.406,0.0294,80.35,0.44,,0.0,,,3/2-,STABLE,,,,,,,,,,,,,,,1/2,2.688378,1e-06,0.04059,0.0001,-1981.6889,0.0608,-15102.2829,0.0714,-8664.3124,0.0128,-11509.461,0.238,11454.2206,0.0192,11228.7495,0.0818,6927.7323,0.0011,11009305.166,0.013,8667.708,0.012,N,1920.0,1-Jan-2011,J.H. KELLEY and  C.G. SHEU,2023-10-18,11b
5,7,B,,,,,,0.0,,,1+,20.20,,2,ms,0.0202,2e-05,B-,100.0,,B-A,0.6,0.02,,,,1,1.003,0.001,0.0132,0.0003,13369.3979,1.3214,-5351.3172,1.3228,-10001.3225,1.3223,-11708.363,2.321,3369.6283,1.3215,14096.742,1.3426,6631.2237,0.1101,12014352.638,1.418,13369.398,1.321,N,1935.0,1-Jan-2017,J.H. KELLEY and  J.E. Purcell and C.G. SHEU,2023-10-18,12b
5,8,B,,,,,,0.0,,,3/2-,17.33,,17,ms,0.01733,0.00017,B-,100.0,,B-N,0.286,,,,,3/2,3.1778,0.0005,0.0365,0.0008,13436.9387,1.0001,8490.63,1.0001,-10817.8729,1.0173,-17097.132,10.229,4878.7679,1.6572,15804.7845,2.1547,6496.4194,0.0769,13017779.981,1.073,16561.948,1.0,N,1956.0,23-Apr-1986,F. AJZENBERG-SELOVE and  J.H. KELLEY AND C.D. NESARAJA,2023-10-18,13b
5,9,B,,,,,,0.0,,,2-,12.5,,5,ms,0.0125,0.0005,B-,100.0,,B-N,6.1,,,,,2,1.185,0.005,0.0297,0.0008,20643.7926,21.2133,12467.3585,21.2133,-11813.8576,24.7353,-16290.816,133.936,969.5802,21.2369,17284.3647,23.5297,6101.6451,1.5152,14025404.01,22.773,23663.686,21.213,N,1966.0,1-JUL-1990,F. AJZENBERG-SELOVE,2023-10-18,14b
5,10,B,,,,,,0.0,,,,9.93,,7,ms,0.00993,7e-05,B-,100.0,,B-N,99.68,,,,,,2.659,0.015,0.0379,0.0011,19084.2343,21.0442,17866.1681,21.029,-14195.795,21.0379,-20868.442,167.125,2777.6245,29.8701,18286.0941,133.9066,5880.0438,1.4019,15031087.023,22.575,28957.379,21.029,N,1966.0,1-Jul-1990,F. AJZENBERG-SELOVE,2023-10-18,15b
5,11,B,,,,,,0.0,,,,100,LT,,keV,4.5623771507138576e-21,0.0,N,100.0,,,,,,,,,,,,,23417.5656,24.8254,19167.2355,24.5793,-14322.7938,38.7799,-20335.44,167.6,-83.0012,14.6047,20003.0929,167.6075,5507.3535,1.5354,16039841.045,26.373,37111.699,24.566,N,2000.0,16-Jan-2016,J.H. Kelley and  G.C. Sheu,2023-10-18,16b
5,12,B,,,,,,0.0,,,(3/2-),5.08,,5,ms,0.00508,5e-05,B-,100.0,,B-N,63.0,1.0,B-2N,11.0,7.0,,2.55,0.02,0.0385,0.0015,22684.4422,204.841,21950.8705,204.135,-15689.4889,215.7746,,,1466.6951,205.5768,21019.788,262.9583,5269.6677,12.0061,17046931.399,219.114,43716.322,204.104,N,1973.0,31-DEC-1992,J.H. KELLEY and  D.R. TILLEY and  H.R. WELLER AND C.M. CHEVES,2023-10-18,17b
5,13,B,,,,,,0.0,,,(2-),,,,,,,N,100.0,,,,,,,,,,,,,26873.3742,206.3572,22689.4423,204.902,,,,,-5.0,5.0,,,4976.6306,11.3425,18055601.683,219.18,51792.64,204.165,N,2010.0,16-Jan-2016,J.H. Kelley and  C.G. Sheu,2023-10-18,18b
5,14,B,,,,,,0.0,,,3/2-,2.92,,13,ms,0.00292,0.00013,B-,100.0,,B-N,71.8,,B-2N,16.0,,,,,,,27356.4961,534.4964,26779.6669,526.2185,,,,,93.7073,563.6393,,,4719.6346,27.6507,19064166.0,564.0,59770.251,525.363,N,1984.0,25-Oct-2018,G.C. Sheu and  J.H. Kelley,2023-10-18,19b
5,15,B,,,,,,0.0,,,(1- 2-),500,LT,,keV,9.124754301427716e-22,0.0,N,100.0,,,,,,,,,,,,,31898.0019,593.0377,28916.4961,555.1454,,,,,-1560.0,150.0,,,4405.6529,27.3178,20074505.644,586.538,69401.569,546.357,N,2018.0,01-Jan-2019,J.H. Kelley and  G.C. Sheu,2023-10-18,20b
5,16,B,,,,,,0.0,,,(3/2-),600,LT,,keV,7.603961917856429e-22,0.0,2N,100.0,,,,,,,,,,,,,32740.0,817.0,32808.002,604.3953,,,,,-910.0,242.0744,,,4152.5265,26.6031,21084147.485,599.75,78382.887,558.664,N,2018.0,01-Jan-2019,J.H. Kelley and  G.C. Sheu,2023-10-18,21b
6,2,C,,,,,,0.0,,,0+,130,,50,keV,3.509520885164506e-21,1.3498157250632718e-21,2P,100.0,,,,,,,,2,,,,,,,,,,,12142.7,18.2,,,-98.7453,31.07,3101.5242,2.2804,8037643.039,19.584,35064.269,18.243,N,1974.0,13-Aug-2018,J.E. Purcell and  C.G. Sheu,2023-10-18,8c
6,3,C,,,,,,0.0,,,3/2-,126.5,,10,ms,0.1265,0.001,EC+B+,100.0,,B+P,62.0,1.9,B+A,37.9,5.8,3/2,1.3914,0.0005,,,,,,,-10653.0,2003.0,16494.485,2.32,14224.616,18.3677,1299.5688,2.359,4337.4233,0.2374,9031037.202,2.293,28910.971,2.137,N,1964.0,31-July-2020,J.H. KELLEY and  B. Grees,2023-10-18,9c
6,4,C,,,,,,0.0,,,0+,19.290,,12,s,19.29,0.012,EC+B+,100.0,,,,,,,,1,,,,,-23101.3545,400.0,,,-5101.2767,5.4482,3648.062,0.072,21283.6164,2.1378,4006.784,0.9054,6032.0426,0.007,10016853.217,0.075,15698.673,0.07,N,1949.0,31-Mar-2004,J.H. KELLEY and  C.G.SHEU AND J.L. GODWIN and  ET AL.,2023-10-18,10c
6,5,C,,,,,,0.0,,,3/2-,20.364,,14,m,1221.84,0.84,EC+B+,100.0,,,,,,,,1/2,-0.964,0.001,0.0333,0.0002,-13716.2469,5.0008,-36221.9485,400.0,-7544.5165,0.0926,1981.689,0.061,13120.594,0.0922,8690.1847,0.0615,6676.4563,0.0054,11011432.597,0.064,10649.397,0.06,N,1934.0,1-Jan-2011,J.H. KELLEY and  C.G. SHEU,2023-10-18,11c
6,6,C,2.4702,0.0022,98.94,0.06,,0.0,,,0+,STABLE,,,,,,,,,,,,,,,0,,,0.06,0.03,-17338.0681,0.9999,-32436.962,5.0005,-7366.5875,0.0354,-13369.398,1.321,18720.7151,0.0596,15956.6792,0.0121,7680.1446,0.0002,12000000.0,0.0,0.0,0.0,N,1919.0,1-Jan-2017,J.H. KELLEY and  J.E. Purcell and C.G. SHEU,2023-10-18,12c
6,7,C,2.4614,0.0034,1.06,0.06,,0.0,,,1/2-,STABLE,,,,,,,,,,,,,,,1/2,0.702369,4e-06,,,-2220.4718,0.2695,-22284.3768,0.9999,-10648.3575,0.0765,-13436.939,1.0,4946.3087,0.0005,17533.3596,1.3214,7469.8495,0.0002,13003354.83534,0.00025,3125.00933,0.00023,N,1929.0,1-Jul-1990,F. AJZENBERG-SELOVE and  J.H. KELLEY AND C.D. NESARAJA,2023-10-18,13c
6,8,C,2.5025,0.0087,,,,0.0,,,0+,5700,,30,Y,179874478055.1744,946707779.23776,B-,100.0,,,,,,,,1,,,,,156.4765,0.0037,-10396.9059,0.2696,-12012.5091,0.081,-20643.793,21.213,8176.4341,0.0038,20831.0258,1.0001,7520.3198,0.0004,14003241.98862,0.00403,3019.89328,0.00375,N,1936.0,1-JUL-1990,F. AJZENBERG-SELOVE,2023-10-18,14c
6,9,C,,,,,,0.0,,,1/2+,2.449,,5,s,2.449,0.005,B-,100.0,,,,,,,,3/2,1.72,0.009,,,9771.7071,0.8,-1061.5897,0.8,-12728.9395,0.8346,-19084.234,21.044,1218.0662,0.8,21079.5118,21.2284,7100.1696,0.0533,15010599.256,0.858,9873.145,0.8,N,1950.0,1-Jul-1990,F. AJZENBERG-SELOVE,2023-10-18,15c
6,10,C,,,,,,0.0,,,0+,0.747,,8,s,0.747,0.008,B-,100.0,,B-N,99.0,0.3,,,,2,,,,,8010.226,4.254,5521.377,3.5777,-13808.5442,4.0549,-23417.566,24.825,4250.3301,3.6661,22552.2174,21.3311,6922.0546,0.2236,16014701.255,3.84,13694.133,3.578,N,1961.0,31-DEC-1992,J.H. KELLEY and  D.R. TILLEY and  H.R. WELLER AND C.M. CHEVES,2023-10-18,16c
6,11,C,,,,,,0.0,,,3/2+,193,,6,ms,0.193,0.006,B-,100.0,,B-N,26.0,1.8,,,,,0.758,0.004,,,13161.8007,22.9464,7276.6542,17.5167,-15052.1159,20.1291,-22684.442,204.841,733.5717,17.7296,23368.7903,30.0839,6558.0262,1.0215,17022578.65,18.641,21031.88,17.365,N,1968.0,01-May-2017,J.H. Kelley and  G.C. Sheu,2023-10-18,17c
6,12,C,,,,,,0.0,,,0+,92,,2,ms,0.092,0.002,B-,100.0,,B-N,31.5,1.5,,,,3,,,,,11806.0982,35.2821,8977.8688,33.541,-17460.1527,135.6052,-26873.374,206.357,4183.9319,34.6632,26086.0271,206.2966,6426.1321,1.6667,18026751.93,32.206,24919.266,30.0,N,1969.0,01-May-2017,J. Kelley and  C.G. Sheu,2023-10-18,18c
6,13,C,,,,,,0.0,,,(1/2+),46.3,,40,ms,0.0463,0.004,B-,100.0,,B-N,47.0,3.0,B-2N,7.0,3.0,,,,,,16557.4995,99.7475,11229.269,100.1265,-19836.982,192.7933,-27356.497,534.497,576.8292,93.7043,26667.8564,226.6358,6118.274,5.1784,19034797.594,105.625,32413.754,98.389,N,1974.0,23-March-2017,J.H. Kelley and  G.C. Sheu,2023-10-18,19c
6,14,C,,,,,,0.0,,,0+,16.3,,+40-35,ms,0.0163,0.00375,B-,100.0,,B-N,65.0,18.0,B-2N,18.6,,,,,,,15737.0689,243.7459,13575.9936,231.2074,-22368.4878,284.0361,-31898.002,593.038,2981.5058,250.7354,29555.6549,573.754,5961.4356,11.5312,20040261.732,247.585,37503.567,230.625,N,1981.0,9-June-2017,M.S. Narijauskas and  J.H. Kelley and  C.G. Sheu,2023-10-18,20c
6,16,C,,,,,,0.0,,,0+,6.1,,+14-12,ms,0.0061,0.0013,B-,100.0,,B-N,61.0,,B-2N,37.0,,,,,,,21846.3983,311.0627,20307.9695,267.5007,,,,,103.0,640.0,32060.6549,604.7261,5421.0778,10.5223,22057553.99,248.515,53611.203,231.49,N,1986.0,1-Apr-2015,M. Shamsuzzoha Basunia,2023-10-18,22c
7,3,N,,,,,,0.0,,,(1-),2.5,,+20-15,MeV,1.8249508602855427e-22,1.2774656021998798e-22,P,100.0,,,,,,,,2,,,,,,,,,-10945.0,2042.0,23101.354,400.0,,,-2600.0851,400.0057,3643.6724,40.0,10041653.54,429.417,38800.027,400.0,N,2002.0,20-July-2017,M.S. Narijauskas and  J.H. Kelley and  C.G. Sheu,2023-10-18,10n
7,4,N,,,,,,0.0,,,1/2+,830,,30,keV,5.496839940619106e-22,1.986809617091243e-23,P,100.0,,,,,,,,3/2,,,,,-23373.2693,60.2459,,,-5735.8247,25.6426,13716.247,5.0,22505.7016,400.0313,-1377.9999,5.0,5358.4023,0.4546,11026157.593,5.368,24365.644,5.0,N,1974.0,1-Jan-2011,J.H. KELLEY and  C.G. SHEU,2023-10-18,11n
7,5,N,,,,,,0.0,,,1+,11.000,,16,ms,0.011,1.6e-05,EC+B+,100.0,,B+A,1.93,0.04,,,,1,0.4571,0.0001,0.01,0.0009,-14675.2668,12.0418,-38472.1632,60.0464,-8008.4167,1.414,17338.068,1.0,15098.8939,5.0995,600.3,1.0017,6170.11,0.0833,12018613.18,1.073,17338.068,1.0,N,1949.0,1-Jan-2017,J.H. KELLEY and  J.E. Purcell and C.G. SHEU,2023-10-18,12n
7,6,N,,,,,,0.0,,,1/2-,9.965,,4,m,597.9,0.24,EC+B+,100.0,,,,,,,,1/2,0.3219,0.0004,,,-17769.9506,9.5301,-34739.1719,12.0032,-9495.9206,0.942,2220.472,0.27,20063.9051,1.0356,1943.49,0.2695,7238.8634,0.0207,13005738.609,0.289,5345.481,0.27,N,1934.0,23-Apr-1986,F. AJZENBERG-SELOVE and  J.H. KELLEY AND C.D. NESARAJA,2023-10-18,13n
7,7,N,2.5582,0.007,99.6205,0.0247,,0.0,,,1+,STABLE,,,,,,,,,,,,,,,0,0.403573,2e-06,0.02044,3e-05,-5144.3643,0.0252,-28323.3329,9.5263,-11612.1097,0.0149,-156.476,0.004,10553.3823,0.2695,7550.5636,0.0001,7475.6148,0.0002,14003074.00425,0.00024,2863.41683,0.00022,N,1920.0,1-JUL-1990,F. AJZENBERG-SELOVE,2023-10-18,14n
7,8,N,2.6058,0.008,0.3795,0.0247,,0.0,,,1/2-,STABLE,,,,,,,,,,,,,,,1/2,-0.2830569,1.4e-06,,,-2754.1841,0.4902,-15977.6611,0.0252,-10991.1859,0.0121,-9771.707,0.8,10833.2968,0.0008,10207.4263,0.0038,7699.4603,0.0002,15000108.89827,0.00062,101.43809,0.00058,N,1929.0,1-Jul-1990,F. AJZENBERG-SELOVE,2023-10-18,15n
7,9,N,,,,,,0.0,,,2-,7.13,,2,s,7.13,0.02,B-,100.0,,B-A,0.0012,0.0005,,,,1,1.9856,0.0011,-0.018,0.002,10420.9094,2.3014,-5243.0331,2.353,-10110.4066,2.6538,-8010.226,4.254,2488.849,2.3014,11478.209,2.4365,7373.7971,0.1438,16006101.925,2.47,5683.907,2.301,N,1933.0,31-DEC-1992,J.H. KELLEY and  D.R. TILLEY and  H.R. WELLER AND C.M. CHEVES,2023-10-18,16n
7,10,N,,,,,,0.0,,,1/2-,4.173,,4,s,4.173,0.004,B-,100.0,,B-N,95.1,0.7,B-A,0.0025,,3/2,0.3552,0.0004,,,8678.843,15.0,4535.7629,15.0,-11116.7852,15.0333,-13161.801,22.947,5885.1465,15.1755,13113.0255,15.4208,7286.2294,0.8824,17008448.876,16.103,7870.079,15.0,N,1949.0,31-DEC-1992,J.H. KELLEY and  D.R. TILLEY and  H.R. WELLER AND C.M. CHEVES,2023-10-18,17n
7,11,N,,,,,,0.0,,,1-,619,,2,ms,0.619,0.002,B-,100.0,,B-A,12.2,0.6,B-N,12.0,1.3,2,0.3274,0.0004,0.0123,0.0012,13895.9838,18.5695,5850.6136,18.5695,-12975.4343,28.1928,-11806.099,35.282,2828.2294,23.8711,15207.6831,25.4237,7038.5627,1.0316,18014077.563,19.935,13113.167,18.57,N,1964.0,30-Jun-2021,R. Spitzer and  J.H. Kelley,2023-10-18,18n
7,12,N,,,,,,0.0,,,1/2-,336,,3,ms,0.336,0.003,B-,100.0,,B-N,41.8,0.9,,,,,0.305,0.015,,,12523.3972,16.6143,8567.7533,16.4037,-15526.0403,26.6702,-16557.499,99.747,5328.2305,24.7772,16351.9817,34.1919,6948.5452,0.8634,19017022.389,17.61,15856.255,16.404,N,1968.0,06-Nov-2018,G.C. Sheu and  J.H. Kelley,2023-10-18,19n
7,13,N,,,,,,0.0,,,(2-),134.4,,37,ms,0.1344,0.0037,B-,100.0,,B-N,42.9,1.4,,,,,,,,,17970.3261,78.8991,10362.322,78.9382,-17770.1168,82.6304,-15737.069,243.746,2161.0753,80.5814,17936.2277,126.1141,6709.1717,3.9447,20023367.295,84.696,21766.498,78.894,N,1969.0,31-Dec-2018,C.G. Sheu and  J.H. Kelley,2023-10-18,20n
7,14,N,,,,,,0.0,,,(1/2-),84,,7,ms,0.084,0.007,B-,100.0,,B-N,86.0,4.0,,,,,,,,,17169.8816,134.584,13364.4256,134.0508,-20909.3222,244.1867,-20411.085,610.889,4605.9005,155.5414,19560.6224,266.752,6609.0159,6.3832,21027087.573,143.906,25231.915,134.048,N,1970.0,15-Jan-2015,R.B. FIRESTONE,2023-10-18,21n
7,15,N,,,,,,0.0,,,(0-),23,,3,ms,0.023,0.003,B-,100.0,,B-N,34.0,3.0,B-2N,12.0,3.0,,,,,,22481.7725,215.435,15631.4527,208.1255,-22452.7511,291.2997,-21846.398,311.062,1538.4289,247.2672,21167.0,631.0,6378.5347,9.4445,22034100.918,223.06,31764.805,207.779,N,1979.0,1-Apr-2015,M. Shamsuzzoha Basunia,2023-10-18,22n
7,16,N,,,,,,0.0,,,,14.1,,+12-13,ms,0.0141,0.00125,B-,100.0,,B-N,42.0,6.0,B-2N,8.0,4.0,,,,,,22099.0584,437.8271,19366.0789,424.404,-25474.7374,672.9671,,,3115.6936,469.096,24179.745,480.0693,6236.6721,18.2856,23039421.0,451.5,36720.429,420.57,N,1985.0,1-Jun-2020,M.S. Basunia{+#} and  A. Chakraborty{+##},2023-10-18,23n
7,17,N,,,,,,0.0,,,,52,LT,,ns,5.2e-08,,N,,,,,,,,,,,,,,28438.0,433.0,24245.0,419.0,-24888.0,677.0,,,-2146.0,581.0,24522.0,1074.0,5887.0,17.0,24050390.0,430.0,46938.0,401.0,Y,,31-Mar-2022,M. Shamsuzzoha Basunia and  Anagha Chakraborty,2023-10-18,24n
8,3,O,,,,,,0.0,,,(3/2-),1.30,,,MeV,3.5095208851645054e-22,0.0,2P,100.0,,,,,,,,,,,,,,,,,,,23373.269,60.246,,,-1649.9147,404.4806,3162.4372,5.458,11051249.828,64.453,47738.913,60.038,N,2019.0,29-April-2019,C.G. Sheu and  J.H. Kelley,2023-10-18,11o
8,4,O,,,,,,0.0,,,0+,72,LT,,keV,6.336634931547025e-21,0.0,2P,100.0,,,,,,,,2,,,,,,,,,-5475.8501,21.836,14675.267,12.042,23796.8964,61.2256,-358.7199,13.0,4881.9755,1.0,12034367.726,12.882,32013.335,12.0,N,1978.0,1-Jan-2017,J.H. KELLEY and  J.E. Purcell and C.G. SHEU,2023-10-18,12o
8,5,O,,,,,,0.0,,,(3/2-),8.58,,5,ms,0.00858,5e-05,B+P,100.0,,EC+B+,100.0,,,,,3/2,1.3892,0.0003,0.0111,0.0008,-18915.0,500.0,,,-8220.4554,9.763,17769.951,9.53,16969.2213,15.3217,1511.6075,9.5786,5811.7636,0.7328,13024815.435,10.226,23115.432,9.526,N,1963.0,23-Apr-1986,F. AJZENBERG-SELOVE and  J.H. KELLEY AND C.D. NESARAJA,2023-10-18,13o
8,6,O,,,,,,0.0,,,0+,70.606,,18,s,70.606,0.018,EC+B+,100.0,,,,,,,,1,,,,,-23956.6215,41.1187,-42093.0,500.0,-10115.8076,0.0747,5144.364,0.025,23178.9686,9.5263,4626.671,0.2707,7052.2783,0.0018,14008596.706,0.027,8007.781,0.025,N,1949.0,1-JUL-1990,F. AJZENBERG-SELOVE,2023-10-18,14o
8,7,O,,,,,,0.0,,,1/2-,122.24,,16,s,122.24,0.16,EC+B+,100.0,,,,,,,,1/2,0.71908,0.00012,,,-13711.13,14.0086,-37180.0986,41.1217,-10218.6907,0.4938,2754.184,0.49,13223.477,0.4908,7296.7657,0.4902,7463.6915,0.0327,15003065.636,0.526,2855.622,0.49,N,1934.0,1-Jul-1990,F. AJZENBERG-SELOVE,2023-10-18,15o
8,8,O,2.6991,0.0052,99.757,0.011,,0.0,,,0+,STABLE,,,,,,,,,,,,,,,0,1.668,0.012,,,-15412.184,5.3642,-29375.0724,14.0,-7161.918,0.0003,-10420.909,2.301,15663.9424,0.4902,12127.4113,0.0006,7976.2072,0.0002,15994914.61926,0.00032,-4737.00217,0.0003,N,1919.0,31-DEC-1992,J.H. KELLEY and  D.R. TILLEY and  H.R. WELLER AND C.M. CHEVES,2023-10-18,16o
8,9,O,2.6932,0.0075,0.03835,0.00096,,0.0,,,5/2+,STABLE,,,,,,,,,,,,,,,1/2,-1.893543,1e-05,-0.0256,0.0002,-2760.4655,0.2479,-19555.2641,5.3642,-6358.6894,0.0007,-8678.843,15.0,4143.0801,0.0008,13781.6425,2.3014,7750.7291,0.0002,16999131.75595,0.00069,-808.76421,0.00064,N,1925.0,5-Aug-2021,C.G. Sheu and J.H. Kelley and J. Purcell,2023-10-18,17o
8,10,O,2.7726,0.0056,0.2045,0.0102,,0.0,,,0+,STABLE,,,,,,,,,,,,,,,1,,,,,-1655.9288,0.4633,-10805.8357,0.2479,-6227.6255,0.0038,-13895.983,18.57,8045.3702,0.001,15941.8662,15.0,7767.0981,0.0002,17999159.61214,0.00069,-782.81634,0.00064,N,1929.0,31-OCT-1994,TILLEY and  WELLER and  CHEVES and  CHASTELER,2023-10-18,18o
8,11,O,,,,,,0.0,,,5/2+,26.88,,5,s,26.88,0.05,B-,100.0,,,,,,,,3/2,1.53238,7e-05,0.00362,0.00013,4820.3029,2.637,-5611.5727,2.6774,-8965.2032,2.7556,-12523.397,16.615,3955.6439,2.637,17069.2807,18.7558,7566.4952,0.1388,19003577.969,2.83,3332.858,2.637,N,1936.0,31-OCT-1994,TILLEY and  WELLER and  CHEVES and  CHASTELER,2023-10-18,19o
8,12,O,,,,,,0.0,,,0+,13.51,,5,s,13.51,0.05,B-,100.0,,,,,,,,2,0.7,0.03,,,3813.6349,0.8854,-2787.7012,0.8849,-12322.8773,3.6855,-17970.326,78.899,7608.0042,2.7815,19349.0544,16.4276,7568.5707,0.0442,20004075.357,0.95,3796.172,0.885,N,1959.0,21-APR-1997,D. R. TILLEY and  C. CHEVES and  J. KELLEY and  S. RAMAN and  H. WELLER,2023-10-18,20o
8,13,O,,,,,,0.0,,,(5/2+),3.42,,10,s,3.42,0.1,B-,100.0,,,,,,,,,,,,,8109.639,12.1342,8.179,12.0,-15394.7616,21.1078,-17169.881,134.584,3805.456,12.0326,20993.4351,79.8015,7389.3747,0.5714,21008654.948,12.882,8062.034,12.0,N,1968.0,15-Jan-2015,R.B. FIRESTONE,2023-10-18,21o
8,14,O,,,,,,0.0,,,0+,2.25,,9,s,2.25,0.09,B-,100.0,,B-N,22.0,,,,,,,,,,6489.6562,58.2558,1259.3192,56.9495,-18061.1494,64.3428,-22481.773,215.435,6850.3198,58.1722,23237.8544,145.6326,7364.8722,2.5873,22009965.744,61.107,9283.032,56.921,N,1969.0,1-Apr-2015,M. Shamsuzzoha Basunia,2023-10-18,22o
8,15,O,,,,,,0.0,,,1/2+,97,,8,ms,0.097,0.008,B-,100.0,,B-N,7.0,2.0,,,,,,,,,11336.1072,126.1904,3756.6767,122.3418,-20217.2997,156.5064,-22099.058,437.828,2732.9795,134.3643,24432.405,240.8029,7163.4856,5.2918,23015696.686,130.663,14621.371,121.712,N,1970.0,1-Jun-2020,M.S. Basunia{+#} and  A. Chakraborty{+##},2023-10-18,23o
8,16,O,,,,,,0.0,,,0+,72,,5,ms,0.072,0.005,B-,100.0,,B-N,42.0,5.0,,,,,,,,,10955.8885,191.6327,7143.8229,168.2077,-21428.0782,283.4984,-28437.596,433.572,4192.2843,204.9326,25508.9957,451.7326,7039.6855,6.8698,24019861.0,177.0,18500.404,164.874,N,1970.0,31-Mar-2022,M. Shamsuzzoha Basunia and  Anagha Chakraborty,2023-10-18,24o
8,17,O,,,,,,0.0,,,,,,,,,,N,100.0,,,,,,,,,,,,,15994.8633,191.1909,11713.1962,191.8132,-20739.0,619.0,-28653.97,529.39,-757.3077,8.3205,26898.0,433.0,6727.8058,6.6034,25029338.919,177.225,27329.03,165.084,N,2008.0,1-Feb-2008,R.B. FIRESTONE,2023-10-18,25o
8,18,O,,,,,,0.0,,,0+,4.5,,+32-34,ps,4.5e-12,3.3e-12,2N,100.0,,,,,,,,,,,,,15986.3855,196.6301,15255.5557,191.0752,-21375.0782,284.247,,,739.3077,9.7073,28611.0,529.0,6497.479,6.3442,26037210.155,177.081,34661.041,164.95,N,2012.0,1-Feb-2016,M.S. Basunia and A.M. Hurst,2023-10-18,26o
9,4,F,,,,,X,,,,(5/2+),1.01,,27,MeV,4.5172050997166895e-22,1.2075696801222834e-22,,,,,,,,,,,,,,,,,,,,,,,,,-2728.0,500.0,4297.0,38.0,13045121.0,537.0,42030.0,500.0,Y,,14-March-2021,J. Kelley and  C.G. Sheu,2023-10-18,13f
9,5,F,,,,,,0.0,,,2-,910,,100,keV,5.013601264520724e-22,5.50945193903376e-23,,,,,,,,,,,,,,,,,,,-9260.5406,402.1079,23956.622,41.119,18137.0,502.0,-1559.9999,40.0,5285.2091,2.9371,14034315.196,44.142,31964.403,41.119,N,2010.0,01-MARCH-2014,J. Kelley and  C.G. Sheu,2023-10-18,14f
9,6,F,,,,,,0.0,,,1/2+,660,,20,keV,6.912692652596753e-22,2.0947553492717437e-23,P,100.0,,,,,,,,,,,,,-23648.6215,68.1377,,,-10223.8076,14.8663,13711.13,14.0,23468.9686,43.4368,-1269.9999,14.0,6497.4597,0.9333,15017785.139,15.029,16566.752,14.0,N,1978.0,17-JULY-2016,J. Kelley and  T. Truong and  C.G. Sheu,2023-10-18,15f
9,7,F,,,,,,0.0,,,0-,40,,20,keV,1.1405942876784644e-20,5.702971438392322e-21,P,100.0,,,,,,,,1,,,,,-13311.5932,21.1709,-37611.51,66.8994,-9087.8022,5.4566,15412.184,5.364,13962.8884,14.9925,-530.5885,5.3604,6964.049,0.3353,16011460.278,5.758,10675.182,5.364,N,1964.0,31-DEC-1992,J.H. KELLEY and  D.R. TILLEY and  H.R. WELLER AND C.M. CHEVES,2023-10-18,16f
9,8,F,,,,,,0.0,,,5/2+,64.49,,16,s,64.49,0.16,EC+B+,100.0,,,,,,,,1/2,4.7213,0.0003,0.076,0.004,-14548.7507,0.4323,-30106.3918,20.4815,-5818.6957,0.3662,2760.465,0.248,16794.7986,5.3699,600.2676,0.2479,7542.3284,0.0146,17002095.237,0.266,1951.701,0.248,N,1934.0,31-DEC-1992,J.H. KELLEY and  D.R. TILLEY and  H.R. WELLER AND C.M. CHEVES,2023-10-18,17f
9,9,F,,,,,,0.0,,,1+,109.77,,5,m,6586.2,3.0,EC+B+,100.0,,,,,,,,0,2.68,0.03,0.071,0.006,-4444.5049,0.5888,-23698.6576,0.5832,-4415.2202,0.4633,1655.928,0.463,9149.9069,0.5254,5607.0944,0.4633,7631.6383,0.0257,18000937.324,0.497,873.112,0.463,N,1937.0,31-OCT-1994,TILLEY and  WELLER and  CHEVES and  CHASTELER,2023-10-18,18f
9,10,F,2.8976,0.0025,100.0,,,0.0,,,1/2+,STABLE,,,,,,,,,,,,,,,1/2,2.628321,4e-06,-0.0942,0.0009,-3239.4986,0.1601,-14876.3806,0.3634,-4013.7991,0.001,-4820.303,2.637,10431.8757,0.4633,7993.5998,0.001,7779.0192,0.0002,18998403.16207,0.00088,-1487.44512,0.00082,N,1920.0,31-OCT-1994,TILLEY and  WELLER and  CHEVES and  CHASTELER,2023-10-18,19f
9,11,F,,,,,,0.0,,,2+,11.07,,6,s,11.07,0.06,B-,100.0,,,,,,,,1,2.09335,9e-05,0.056,0.004,7024.4689,0.0297,-9840.8348,0.1628,-8126.2863,2.3016,-3813.635,0.886,6601.3362,0.0297,10639.2921,2.6371,7720.1351,0.0015,19999981.252,0.031,-17.463,0.03,N,1935.0,21-APR-1997,D. R. TILLEY and  C. CHEVES and  J. KELLEY and  S. RAMAN and  H. WELLER,2023-10-18,20f
9,12,F,,,,,,0.0,,,5/2+,4.158,,20,s,4.158,0.02,B-,100.0,,,,,,,,,3.9194,0.0012,0.011,0.002,5684.1712,1.8004,-1076.9911,1.8,-10342.5998,15.1076,-8109.639,12.134,8101.4601,1.8002,11132.748,2.0058,7738.2934,0.0857,20999948.893,1.932,-47.605,1.8,N,1955.0,15-Jan-2015,R.B. FIRESTONE,2023-10-18,21f
9,13,F,,,,,,0.0,,,(4+),4.23,,4,s,4.23,0.04,B-,100.0,,B-N,11.0,,,,,,2.6944,0.0004,0.003,0.002,10818.0916,12.399,453.8342,12.3991,-12744.7075,22.3285,-6489.656,58.256,5230.337,12.529,12557.629,17.255,7624.2954,0.5636,22002998.812,13.31,2793.376,12.399,N,1965.0,1-Apr-2015,M. Shamsuzzoha Basunia,2023-10-18,22f
9,14,F,,,,,,0.0,,,(5/2+),2.23,,14,s,2.23,0.14,B-,100.0,,B-N,14.0,,,,,,,,,,8439.3084,33.3206,3238.6611,33.3204,-14995.9075,37.1394,-11336.108,126.19,7579.4305,35.5526,13286.7398,65.9564,7622.3447,1.4487,23003526.875,35.77,3285.263,33.32,N,1970.0,1-Jun-2020,M.S. Basunia{+#} and  A. Chakraborty{+##},2023-10-18,23f
9,15,F,,,,,,0.0,,,(3+),382,,16,ms,0.382,0.016,B-,100.0,,B-N,5.9,,,,,,,,,,13496.1583,97.6717,4627.2428,97.6704,-16646.8978,125.5539,-10955.888,191.632,3812.0656,103.1976,14365.8258,156.0553,7463.5831,4.0696,24008099.37,104.853,7544.516,97.67,N,1970.0,31-Mar-2022,M. Shamsuzzoha Basunia and  Anagha Chakraborty,2023-10-18,24f
9,16,F,,,,,,0.0,,,5/2+,80,,9,ms,0.08,0.009,B-,100.0,,B-N,23.1,4.5,,,,,,,,,13369.6698,100.7212,9214.4912,96.4438,-16322.6644,165.1362,-15994.863,191.19,4281.6671,137.2612,14455.2086,191.0097,7336.3065,3.8577,25012167.727,103.535,11334.167,96.442,N,1970.0,1-Feb-2008,R.B. FIRESTONE,2023-10-18,25f
9,17,F,,,,,,0.0,,,1+,8.2,,9,ms,0.0082,0.0009,B-,100.0,,B-N,13.5,4.0,,,,,,,,,18193.5414,108.6022,12638.8399,110.8984,-15515.0654,233.7243,-15986.386,196.63,730.8299,144.0693,15943.3462,196.7426,7082.2497,4.1164,26020048.065,114.898,18674.655,107.027,N,1979.0,1-Feb-2016,M.S. Basunia and A.M. Hurst,2023-10-18,26f
9,18,F,,,,,,0.0,,,(5/2+),5.0,,2,ms,0.005,0.0002,B-,100.0,,B-N,77.0,21.0,,,,,,,,,18082.568,150.6211,16581.0463,121.6023,-14011.8669,437.4086,,,1612.4952,59.3534,16816.5337,204.0982,6879.6662,4.4518,27026981.897,129.037,25133.478,120.198,N,1981.0,30-Nov-2010,M. Shamsuzzoha Basunia,2023-10-18,27f
9,19,F,,,,,,0.0,,,,0.046,AP,,as,4.6e-20,,N,100.0,,,,,,,,,,,,,22104.0579,174.2886,18281.568,150.7406,-15959.0,418.0,-18676.204,709.284,-199.0,6.0,18555.0,514.0,6626.8567,4.2981,28035860.448,129.198,33403.796,120.347,N,2012.0,1-Apr-2013,M. Shamsuzzoha Basunia,2023-10-18,28f
9,20,F,,,,,,0.0,,,,2.5,,3,ms,0.0025,0.0003,B-,100.0,,B-N,100.0,80.0,,,,,,,,,21750.3873,546.2212,20779.1341,540.2768,-18258.0,727.0,,,1324.9238,538.9707,19219.0,874.0,6444.0314,18.116,29043103.0,564.0,40150.19,525.363,N,1989.0,1-Jan-2012,M. Shamsuzzoha Basunia,2023-10-18,29f
9,21,F,,,,,,0.0,,,,,,,,,,N,,,,,,,,,,,,,,25680.0,561.0,22489.0,522.0,,,,,-739.0,725.0,,,6205.0,17.0,30052561.0,537.0,48960.0,500.0,Y,,30-Jun-2010,M. SHAMSUZZOHA BASUNIA,2023-10-18,30f
9,22,F,,,,,,0.0,,,,,,,,,,B-,100.0,,B-2N,,,B-7N,,,,,,,,25661.0,597.0,25491.0,592.0,,,,,189.0,732.0,,,6011.0,17.0,31061023.0,574.0,56843.0,535.0,Y,1999.0,24-Jun-2022,Jun Chen and Balraj Singh,2023-10-18,31f
10,5,Ne,,,,,,0.0,,,(3/2-),0.59,,,MeV,7.732842628328571e-22,0.0,2P,100.0,,,,,,,,,,,,,,,,,-9948.4554,89.7291,23648.622,68.138,,,-961.9999,77.1751,4868.7285,4.4456,15043172.977,71.588,40215.374,66.684,N,2014.0,01-MARCH-2014,J. Kelley and  C.G. Sheu,2023-10-18,15ne
10,6,Ne,,,,,,0.0,,,0+,80,LT,,keV,5.702971438392322e-21,0.0,2P,100.0,,,,,,,,,,,,,,,,,-10451.4758,23.7368,13311.593,21.171,24299.9167,69.758,-131.0518,24.8079,6083.1777,1.28,16025750.86,21.986,23986.775,20.48,N,1977.0,27-Jan-2020,G.C. Sheu and  J.H. Kelley,2023-10-18,16ne
10,7,Ne,3.0413,0.0088,,,,0.0,,,1/2-,109.2,,6,ms,0.1092,0.0006,EC+B+,100.0,,ECP,95.2,4.6,ECA,2.77,0.19,3/2,0.7873,0.0014,,,-18219.1277,59.6167,,,-9039.8956,9.5329,14548.751,0.432,15557.6411,20.4831,1463.7009,5.3759,6640.4991,0.0208,17017713.962,0.38,16500.452,0.354,N,1963.0,16-Jan-2018,J.H. Kelley and  G.C. Sheu,2023-10-18,17ne
10,8,Ne,2.9714,0.0076,,,,0.0,,,0+,1672,,8,ms,1.672,0.008,EC+B+,100.0,,,,,,,,1,,,,,-19720.3745,93.8819,-37473.2804,59.6167,-5115.0797,0.3643,4444.505,0.588,19254.1527,0.5071,3923.055,0.4399,7341.2577,0.0202,18005708.696,0.39,5317.617,0.363,N,1954.0,31-OCT-1994,TILLEY and  WELLER and  CHEVES and  CHASTELER,2023-10-18,18ne
10,9,Ne,3.0082,0.004,,,,0.0,,,1/2+,17.22,,2,s,17.22,0.02,EC+B+,100.0,,,,,,,,1/2,-1.88515,7e-05,,,-11177.331,10.5364,-31357.2564,93.8814,-3528.4845,0.5156,3239.499,0.16,11636.8819,0.3965,6410.03,0.4902,7567.3431,0.0084,19001880.906,0.171,1752.054,0.16,N,1939.0,31-OCT-1994,TILLEY and  WELLER and  CHEVES and  CHASTELER,2023-10-18,19ne
10,10,Ne,3.0055,0.0021,90.48,0.03,,0.0,,,0+,STABLE,,,,,,,,,,,,,,,0,1.08,0.08,-0.23,0.03,-13892.4207,1.109,-28042.6347,10.5351,-4729.8459,0.0016,-7024.469,0.03,16865.3038,0.1601,12843.4581,0.0017,8032.2412,0.0002,19992440.17525,0.00165,-7041.93217,0.00154,N,1913.0,21-APR-1997,D. R. TILLEY and  C. CHEVES and  J. KELLEY and  S. RAMAN and  H. WELLER,2023-10-18,20ne
10,11,Ne,2.9695,0.0033,0.27,0.01,,0.0,,,3/2+,STABLE,,,,,,,,,,,,,,,,-0.6617,3e-05,0.1016,0.0008,-3546.919,0.0177,-20653.583,1.1096,-7347.928,0.0385,-5684.171,1.8,6761.1623,0.0385,13003.2842,0.0486,7971.7136,0.0018,20993846.685,0.041,-5731.776,0.038,N,1928.0,15-Jan-2015,R.B. FIRESTONE,2023-10-18,21ne
10,12,Ne,2.9525,0.004,9.25,0.03,,0.0,,,0+,STABLE,,,,,,,,,,,,,,,,0.65,0.02,-0.215,0.012,-2843.3243,0.1325,-13911.1765,0.0459,-9666.8153,0.0177,-10818.092,12.399,10364.2574,0.0424,15266.0816,1.8001,8080.4656,0.0008,21991385.113,0.018,-8024.716,0.018,N,1913.0,1-Apr-2015,M. Shamsuzzoha Basunia,2023-10-18,22ne
10,13,Ne,2.9104,0.0071,,,,0.0,,,5/2+,37.25,,10,s,37.25,0.1,B-,100.0,,,,,,,,,-1.0794,0.001,0.145,0.013,4375.8085,0.1044,-8043.9716,0.1677,-10911.8187,2.639,-8439.308,33.32,5200.6473,0.1029,15236.3919,12.3994,7955.2561,0.0045,22994466.905,0.112,-5154.045,0.104,N,1936.0,1-Jun-2020,M.S. Basunia{+#} and  A. Chakraborty{+##},2023-10-18,23ne
10,14,Ne,2.9007,0.0078,,,,0.0,,,0+,3.38,,2,m,202.8,1.2,B-,100.0,,,,,,,,2,,,,,2466.2583,0.513,-4493.1069,0.5127,-12172.73,1.0227,-13496.158,97.671,8868.9154,0.5226,16525.8769,33.3244,7993.3252,0.0214,23993610.649,0.55,-5951.642,0.513,N,1956.0,31-Mar-2022,M. Shamsuzzoha Basunia and  Anagha Chakraborty,2023-10-18,24ne
10,15,Ne,2.9316,0.0088,,,,0.0,,,1/2+,602,,8,ms,0.602,0.008,B-,100.0,,,,,,,,,-1.006,0.0005,,,7322.3107,29.0701,-1688.9203,29.0453,-12522.4526,31.4266,-13369.67,100.72,4155.1786,29.0499,16868.9899,101.8976,7839.7994,1.1618,24997814.797,31.181,-2035.503,29.045,N,1970.0,1-Feb-2008,R.B. FIRESTONE,2023-10-18,25ne
10,16,Ne,2.9251,0.01,,,,0.0,,,0+,197,,2,ms,0.197,0.002,B-,100.0,,B-N,0.13,0.03,,,,,,,,,7341.894,18.7585,1767.6091,18.4678,-11226.8344,59.8299,-18193.541,108.602,5554.7015,34.3984,18142.0243,98.1873,7751.911,0.7088,26000516.496,19.784,481.114,18.429,N,1970.0,1-Feb-2016,M.S. Basunia and A.M. Hurst,2023-10-18,26ne
10,17,Ne,,,,,,0.0,,,(3/2+),31.5,,13,ms,0.0315,0.0013,B-,100.0,,B-N,2.0,0.5,,,,,,,,,12568.7005,90.8467,5840.3723,90.8378,-9995.3765,151.8322,-18082.568,150.621,1501.5217,92.6221,18912.7161,140.3355,7520.4151,3.3619,27007569.462,97.445,7050.91,90.77,N,1977.0,30-Nov-2010,M. Shamsuzzoha Basunia,2023-10-18,27ne
10,18,Ne,2.9642,0.0134,,,,0.0,,,0+,20,,1,ms,0.02,0.001,B-,100.0,,B-N,12.0,1.0,B-2N,3.7,0.5,,,,,,12288.0534,126.4833,8746.2106,126.1227,-9625.5821,207.5491,-22104.058,174.289,3822.4899,155.3457,21122.7109,174.1853,7388.3463,4.5024,28012130.767,135.339,11299.738,126.068,N,1979.0,1-Apr-2013,M. Shamsuzzoha Basunia,2023-10-18,28ne
10,19,Ne,,,,,,0.0,,,(3/2+),15,,3,ms,0.015,0.003,B-,100.0,,B-N,28.0,5.0,B-2N,4.0,1.0,,,,,,15719.8092,149.6847,11316.8002,149.8555,-11354.143,222.7207,-21750.387,546.222,971.2532,195.5626,22292.9641,191.9249,7167.0673,5.1553,29019753.0,160.5,18399.803,149.505,N,1985.0,1-Jan-2012,M. Shamsuzzoha Basunia,2023-10-18,29ne
10,20,Ne,,,,,,0.0,,,0+,7.3,,3,ms,0.0073,0.0003,B-,100.0,,B-N,13.0,4.0,B-2N,8.9,2.3,,,,,,14805.4501,253.2946,12528.808,253.3567,-13805.8365,302.2324,-25679.88,560.47,3191.0012,294.0876,24159.0415,583.2167,7034.5317,8.4417,30024992.235,271.875,23280.12,253.25,N,1985.0,30-Jun-2010,M. SHAMSUZZOHA BASUNIA,2023-10-18,30ne
10,21,Ne,,,,,,0.0,,,(3/2-),3.4,,8,ms,0.0034,0.0008,B-,100.0,,B-2N,,,B-3N,,,,,,,,18935.5625,266.5617,14635.6061,266.2373,-15913.0,567.0,-25661.406,597.566,169.844,126.5406,25068.0,567.0,6813.0902,8.5869,31033474.816,285.772,31181.594,266.195,N,1996.0,24-Jun-2022,Jun Chen and Balraj Singh,2023-10-18,31ne
10,22,Ne,,,,,,0.0,,,0+,3.5,,9,ms,0.0035,0.0009,B-,100.0,,B-N,,,,,,,,,,,18359.0,504.0,16682.0,503.0,-17506.0,861.0,,,2254.0,569.0,27133.0,734.0,6671.0,16.0,32039720.0,540.0,36999.0,503.0,Y,1990.0,24-Aug-2011,CHRISTIAN OUELLET and  BALRAJ SINGH,2023-10-18,32ne
10,23,Ne,,,,,,0.0,,,,180,LT,,ns,1.8e-07,,N,,,,,,,,,,,,,,22350.0,750.0,19419.0,601.0,,,,,-1060.0,783.0,,,6436.0,18.0,33049523.0,644.0,46130.0,600.0,Y,,31-Mar-2011,JUN CHEN AND BALRAJ SINGH,2023-10-18,33ne
10,24,Ne,,,,,,0.0,,,0+,60,GT,,ns,6e-08,,B-,,,B-N,,,B-2N,,,,,,,,21161.0,789.0,20990.0,682.0,,,,,1360.0,789.0,,,6287.0,15.0,34056728.0,551.0,52842.0,513.0,Y,2002.0,28-May-2012,NINEL NICA and  BALRAJ SINGH,2023-10-18,34ne
11,6,Na,,,,,,0.0,,,(1/2+),,,,,,,,,,,,,,,,3/2,,,,,,,,,-9735.0,504.0,18219.128,59.617,,,-3443.8336,63.0353,5522.7653,3.5068,17037273.0,64.0,34719.58,59.616,N,2017.0,1-Sept-2017,J.H. Kelley and  G.C. Sheu,2023-10-18,17na
11,7,Na,,,,,,0.0,,,(1)-,0.2,LT,,MeV,2.2811885753569284e-21,0.0,P,100.0,,,,,,,,,,,,,,,,,-9351.3267,102.4911,19720.375,93.882,17752.9059,111.2102,-1248.5688,93.881,6202.2176,5.2156,18026879.388,100.785,25037.992,93.881,N,2004.0,29-July-2015,J.H. Kelley and  G.C. Sheu,2023-10-18,18na
11,8,Na,,,,,,0.0,,,(5/2+),40,LT,,keV,1.1405942876784644e-20,0.0,P,100.0,,,,,,,,,,,,,-18909.0095,60.9189,,,-6062.2835,17.5211,11177.33,10.53,20179.9254,94.4705,-322.7961,10.5385,6937.8864,0.5545,19013880.264,11.309,12929.384,10.535,N,1969.0,29-July-2015,J.H. Kelley and  G.C. Sheu,2023-10-18,19na
11,9,Na,2.9718,0.042,,,,0.0,,,2+,447.9,,23,ms,0.4479,0.0023,EC,100.0,,ECA,20.05,0.2,,,,1,0.3694,0.0002,0.101,0.008,-10627.2054,2.1681,-33059.2235,60.0113,-6249.6092,5.4776,13892.421,1.109,14150.214,10.5934,2190.5361,1.1205,7298.5028,0.0554,20007354.301,1.19,6850.489,1.109,N,1950.0,21-APR-1997,D. R. TILLEY and  C. CHEVES and  J. KELLEY and  S. RAMAN and  H. WELLER,2023-10-18,20na
11,10,Na,3.0136,0.0284,,,,0.0,,,3/2+,22.49,,4,s,22.49,0.04,EC+B+,100.0,,,,,,,,,2.3861,4e-05,0.138,0.011,-13088.708,0.7557,-27733.8694,1.8635,-6561.4745,0.2515,3546.919,0.057,17106.6639,1.1098,2431.8963,0.0423,7765.5581,0.002,20997654.459,0.045,-2184.857,0.042,N,1940.0,15-Jan-2015,R.B. FIRESTONE,2023-10-18,21na
11,11,Na,2.9852,0.0169,,,,0.0,,,3+,2.6018,,22,Y,82104810.00069347,69425.2371441024,EC+B+,100.0,,,,,,,,,1.746,0.003,0.18,0.011,-4781.4051,0.1631,-24156.5602,0.7659,-8479.4198,0.4817,2843.325,0.133,11067.8522,0.1384,6738.5862,0.1373,7915.6624,0.006,21994437.547,0.141,-5181.391,0.132,N,1935.0,1-Apr-2015,M. Shamsuzzoha Basunia,2023-10-18,22na
11,12,Na,2.9936,0.0021,100.0,,,0.0,,,3/2+,STABLE,,,,,,,,,,,,,,,,2.2175,3e-05,0.104,0.001,-4056.179,0.0317,-17201.1852,0.1593,-10467.3243,0.002,-4375.809,0.104,12419.7801,0.1318,8794.1088,0.0178,8111.4936,0.0002,22989769.28195,0.00194,-9529.85352,0.00181,N,1921.0,1-Jun-2020,M.S. Basunia{+#} and  A. Chakraborty{+##},2023-10-18,23na
11,13,Na,2.9735,0.0169,,,,0.0,,,4+,14.956,,3,h,53841.6,10.8,B-,100.0,,,,,,,,,1.6903,0.0008,,,5515.6774,0.021,-11015.5442,0.0357,-10825.3534,0.034,-2466.259,0.513,6959.3653,0.0165,10552.8268,0.1057,8063.4882,0.0007,23990963.012,0.017,-8417.901,0.017,N,1934.0,31-Mar-2022,M. Shamsuzzoha Basunia and  Anagha Chakraborty,2023-10-18,24na
11,14,Na,2.9769,0.0252,,,,0.0,,,5/2+,59.1,,6,s,59.1,0.6,B-,100.0,,,,,,,,,3.683,0.004,0.0015,0.0003,3834.9684,1.2009,-3495.5535,1.2001,-11735.1243,2.1633,-7322.311,29.07,9011.231,1.2001,10695.1423,1.3049,8101.3979,0.048,24989953.974,1.288,-9357.814,1.2,N,1943.0,1-Feb-2008,R.B. FIRESTONE,2023-10-18,25na
11,15,Na,2.9928,0.0331,,,,0.0,,,3+,1.07128,,25,s,1.07128,0.00025,B-,100.0,,,,,,,,,2.851,0.002,-0.0053,0.0002,9353.7631,3.5018,-1739.3165,3.502,-12079.0722,12.884,-7341.894,18.759,5574.2849,3.7016,12114.2485,29.2556,8004.2013,0.1347,25992634.649,3.759,-6860.78,3.502,N,1958.0,1-Feb-2016,M.S. Basunia and A.M. Hurst,2023-10-18,26na
11,16,Na,3.0136,0.0467,,,,0.0,,,5/2+,301,,6,ms,0.301,0.006,B-,100.0,,B-N,0.13,0.04,,,,,3.895,0.005,-0.0071,0.0003,9068.8037,3.7266,2625.435,3.7264,-11227.9698,33.5281,-12568.701,90.846,6728.3282,5.1134,13287.8752,18.8017,7956.9467,0.138,26994076.408,4.0,-5517.791,3.726,N,1968.0,30-Nov-2010,M. Shamsuzzoha Basunia,2023-10-18,27na
11,17,Na,3.04,0.0581,,,,0.0,,,1+,30.5,,4,ms,0.0305,0.0004,B-,100.0,,B-N,0.58,0.12,,,,,2.426,0.003,0.389,0.011,14031.6303,10.2498,5526.9609,10.2465,-10957.747,98.2063,-12288.053,126.484,3541.8428,10.903,15328.1963,91.3468,7799.2644,0.3659,27998939.0,11.0,-988.315,10.246,N,1969.0,1-Apr-2013,M. Shamsuzzoha Basunia,2023-10-18,28na
11,18,Na,3.0922,0.0723,,,,0.0,,,3/2+,44.1,,9,ms,0.0441,0.0009,B-,100.0,,B-N,21.5,3.0,,,,,2.449,0.008,0.085,0.003,13292.3538,7.3447,9628.6213,7.3412,-11079.0889,96.721,-15719.809,149.685,4403.009,12.6022,15908.7153,126.2809,7682.1522,0.253,29002877.091,7.876,2679.994,7.337,N,1969.0,1-Jan-2012,M. Shamsuzzoha Basunia,2023-10-18,29na
11,19,Na,3.118,0.0884,,,,0.0,,,2+,48,,2,ms,0.048,0.002,B-,100.0,,B-N,30.0,4.0,B-2N,1.15,0.25,,2.083,0.01,,,17356.0423,4.9011,11015.7117,4.7395,-12624.9011,107.1315,-14805.45,253.29,2276.6421,8.7275,17214.1043,149.5795,7501.9685,0.1576,30009097.931,5.074,8474.67,4.727,N,1969.0,30-Jun-2010,M. SHAMSUZZOHA BASUNIA,2023-10-18,30na
11,20,Na,3.1704,0.0893,,,,0.0,,,3/2+,17.0,,4,ms,0.017,0.0004,B-,100.0,,B-N,39.0,5.0,B-2N,0.7,0.1,,2.305,0.008,,,15368.1833,14.3065,13056.0859,14.0323,-15312.3624,121.0071,-18935.563,266.561,4299.9564,14.7503,18323.0595,253.6356,7398.6778,0.4507,31013146.654,15.0,12246.031,13.972,N,1969.0,24-Jun-2022,Jun Chen and Balraj Singh,2023-10-18,31na
11,21,Na,,,,,,0.0,,,(3- 4-),13.2,,4,ms,0.0132,0.0004,B-,100.0,,B-N,24.0,7.0,B-2N,8.3,2.1,,,,,,19469.0523,37.4021,13690.9853,37.3863,-17188.5604,125.9833,-18358.848,504.378,1677.1979,39.7934,19830.4134,268.7903,7219.8815,1.1644,32020011.024,40.0,18640.152,37.26,N,1972.0,24-Aug-2011,CHRISTIAN OUELLET and  BALRAJ SINGH,2023-10-18,32na
11,22,Na,,,,,,0.0,,,(3/2+),8.0,,4,ms,0.008,0.0004,B-,100.0,,B-N,47.0,6.0,B-2N,13.0,3.0,,,,,,18817.24,449.9195,16537.6956,449.9235,-18794.9932,691.6838,-22349.887,749.947,2931.3567,451.4519,20508.0,675.0,7089.9262,13.6337,33025529.0,483.0,23780.113,449.912,N,1972.0,31-Mar-2011,JUN CHEN AND BALRAJ SINGH,2023-10-18,33na
11,23,Na,,,,,,0.0,,,,5.5,,10,ms,0.0055,0.001,B-,100.0,,B-2N,50.0,,B-N,15.0,,,,,,,23356.7903,599.4561,18645.9235,599.4224,-19705.0,781.0,-21161.886,788.967,171.3166,749.4802,21739.0,848.0,6886.4377,17.6299,34034010.0,643.5,31680.114,599.416,N,1983.0,28-May-2012,NINEL NICA and  BALRAJ SINGH,2023-10-18,34na
11,24,Na,,,,,,0.0,,,(3/2+),1.8,,5,ms,0.0018,0.0005,B-,100.0,,B-N,0.0,,B-5N,,,,,,,,22192.0,723.0,21437.0,670.0,-21436.0,857.0,,,1920.0,300.0,22299.0,844.0,6745.0,19.0,35040614.0,720.0,37831.0,670.0,Y,1983.0,15-DEC-2017,BALRAJ SINGH AND JUN CHEN,2023-10-18,35na
11,25,Na,,,,,,0.0,,,,180,LT,,ns,1.8e-07,,N,,,,,,,,,,,,,,25523.0,974.0,22192.0,738.0,,,,,-0.0,150.0,,,6557.0,19.0,36049279.0,737.0,45903.0,687.0,Y,,31-Dec-2011,NINEL NICA and  JOHN CAMERON AND BALRAJ SINGH,2023-10-18,36na
11,26,Na,,,,,,0.0,,,,60,GT,,ns,6e-08,,B-,,,B-N,,,,,,,,,,,24923.0,980.0,24683.0,974.0,,,,,840.0,212.0,,,6403.0,19.0,37057042.0,737.0,53134.0,687.0,Y,2002.0,15-Jan-2012,JOHN CAMERON and  JUN CHEN AND BALRAJ SINGH and  NINEL NICA,2023-10-18,37na
12,6,Mg,,,,,,0.0,,,0+,0.12,,10,MeV,3.8019809589282144e-21,3.1683174657735126e-21,2P,100.0,,,,,,,,,,,,,,,,,,,,,,,,,,,,,,,,,2-Feb-2022,J.E. Purcell and  J.H. Kelley and  G.C. Sheu,2023-10-18,18mg
12,7,Mg,,,,,,0.0,,,1/2-,1.14E-4,,,eV,4.002e-12,0.0,2P,100.0,,,,,,,,,,,,,,,,,-10801.8956,89.7044,18909.01,60.91,,,488.5689,111.4165,5901.4992,3.1579,19034179.92,64.413,31838.394,60.001,N,2007.0,1-Jan-2014,J.H. Kelley and  G.C. Sheu,2023-10-18,19mg
12,8,Mg,,,,,,0.0,,,0+,90.4,,7,ms,0.0904,0.0007,B+,100.0,,B+P,30.3,1.2,,,,,,,,,,,,,-8933.997,20.5646,10627.205,2.168,22432.0181,60.03,2740.6616,10.6986,6728.0252,0.0931,20018763.075,2.0,17477.694,1.863,N,1974.0,20-June-2019,J.H. Kelley and  G.C. Sheu,2023-10-18,20mg
12,9,Mg,,,,,,0.0,,,5/2+,122,,3,ms,0.122,0.003,EC+B+,100.0,,B+P,32.6,1.0,B+A,0.5,,,-0.983,0.007,,,-16186.0,600.0,,,-8021.5172,0.8335,13088.708,0.756,14645.1614,2.01,3235.6089,1.3413,7105.0317,0.0359,21011705.764,0.81,10903.851,0.755,N,1963.0,15-Jan-2015,R.B. FIRESTONE,2023-10-18,21mg
12,10,Mg,,,,,,0.0,,,0+,3.8755,,12,s,3.8755,0.0012,EC+B+,100.0,,,,,,,,,,,,,-18601.0,401.0,-35561.0,600.0,-8142.5196,0.3967,4781.405,0.207,19375.1551,0.7711,5504.1,0.1648,7662.7645,0.0072,21999570.597,0.17,-399.986,0.159,N,1961.0,1-Apr-2015,M. Shamsuzzoha Basunia,2023-10-18,22mg
12,11,Mg,,,,,,0.0,,,3/2+,11.3046,,45,s,11.3046,0.0045,EC+B+,100.0,,,,,,,,,-0.5363,0.0003,0.114,0.003,-12221.7457,0.3461,-31746.0,401.0,-9650.644,0.1632,4056.179,0.032,13145.0063,0.1624,7581.2541,0.1355,7901.1229,0.0014,22994123.768,0.034,-5473.675,0.032,N,1939.0,1-Jun-2020,M.S. Basunia{+#} and  A. Chakraborty{+##},2023-10-18,23mg
12,12,Mg,3.057,0.0016,78.965,0.049,,0.0,,,0+,STABLE,,,,,,,,,,,,,,,,1.08,0.03,-0.29,0.03,-13884.766,0.2282,-28752.9673,0.3449,-9316.5618,0.013,-5515.677,0.021,16531.2216,0.0343,11692.6957,0.013,8260.7103,0.0006,23985041.689,0.013,-13933.578,0.013,N,1920.0,31-Mar-2022,M. Shamsuzzoha Basunia and  Anagha Chakraborty,2023-10-18,24mg
12,13,Mg,3.0284,0.0022,10.011,0.013,,0.0,,,5/2+,STABLE,,,,,,,,,,,,,,,,-0.85533,3e-05,0.199,0.002,-4276.808,0.0447,-21215.2879,0.2326,-9885.9215,0.0607,-3834.968,1.201,7330.5219,0.0471,12063.8523,0.0497,8223.5028,0.0019,24985836.966,0.05,-13192.782,0.047,N,1920.0,1-Feb-2008,R.B. FIRESTONE,2023-10-18,25mg
12,14,Mg,3.0337,0.0018,11.025,0.038,,0.0,,,0+,STABLE,,,,,,,,,,,,,,,,1.1,0.3,-0.21,0.02,-4004.4042,0.0629,-15369.8877,0.0629,-10614.7437,0.0342,-9353.764,3.502,11093.0797,0.0443,14145.701,1.2004,8333.8711,0.0011,25982592.972,0.031,-16214.544,0.029,N,1920.0,1-Feb-2016,M.S. Basunia and A.M. Hurst,2023-10-18,26mg
12,15,Mg,,,,,,0.0,,,1/2+,9.458,,12,m,567.48,0.72,B-,100.0,,,,,,,,,-0.4106,0.0015,,,2610.2694,0.0669,-10447.7728,0.0737,-11857.4651,0.1146,-9068.803,3.726,6443.3687,0.0388,15014.7848,3.502,8263.8525,0.0018,26984340.647,0.05,-14586.594,0.047,N,1934.0,30-Nov-2010,M. Shamsuzzoha Basunia,2023-10-18,27mg
12,16,Mg,,,,,,0.0,,,0+,20.915,,9,h,75294.0,32.4,B-,100.0,,,,,,,,,,,,,1830.774,0.2653,-5894.4,0.2651,-11493.219,0.5752,-14031.631,10.249,8504.6694,0.2651,16791.1261,3.7354,8272.4531,0.0093,27983875.426,0.28,-15019.946,0.261,N,1953.0,1-Apr-2013,M. Shamsuzzoha Basunia,2023-10-18,28mg
12,17,Mg,,,,,,0.0,,,3/2+,1.30,,12,s,1.3,0.12,B-,100.0,,,,,,,,,0.9779,0.0006,-0.16,0.04,7595.4023,0.4873,-1832.9586,0.3479,-11001.7729,29.0474,-13292.354,7.345,3663.7325,0.4321,16913.0158,10.2522,8113.5317,0.0119,28988607.163,0.369,-10612.36,0.345,N,1971.0,1-Jan-2012,M. Shamsuzzoha Basunia,2023-10-18,29mg
12,18,Mg,,,,,,0.0,,,0+,335,,17,ms,0.335,0.017,B-,100.0,,,,,,,,,,,,,6982.744,2.3287,1255.0717,1.34,-11787.402,18.4742,-17356.043,4.901,6340.3306,1.3399,18850.3374,7.45,8054.425,0.0432,29990465.454,1.39,-8881.373,1.295,N,1971.0,30-Jun-2010,M. SHAMSUZZOHA BASUNIA,2023-10-18,30mg
12,19,Mg,,,,,,0.0,,,1/2+,270,,2,ms,0.27,0.002,B-,100.0,,B-N,6.2,1.9,,,,,-0.8834,0.00015,,,11828.5569,3.8009,4670.6466,3.6325,-12597.9777,90.8223,-15368.183,14.306,2312.0974,3.3355,18885.7927,5.6386,7869.1886,0.0992,30996648.232,3.3,-3122.152,3.074,N,1977.0,24-Jun-2022,Jun Chen and Balraj Singh,2023-10-18,31mg
12,20,Mg,,,,,,0.0,,,0+,86,,5,ms,0.086,0.005,B-,100.0,,B-N,5.5,0.5,,,,,,,,,10270.4677,7.8787,6050.4899,3.9531,-14553.5547,126.1098,-19469.053,37.402,5778.0669,4.4809,20363.9032,14.3477,7803.8411,0.1019,31999110.138,3.5,-828.901,3.26,N,1977.0,24-Aug-2011,CHRISTIAN OUELLET and  BALRAJ SINGH,2023-10-18,32mg
12,21,Mg,,,,,,0.0,,,3/2-,90.5,,16,ms,0.0905,0.0016,B-,100.0,,B-N,14.0,2.0,,,,,-0.7455,0.0005,0.13,0.09,13460.255,7.4767,7990.9232,7.651,-15861.846,149.5285,-18817.24,449.92,2279.5444,4.2098,20966.2497,37.3548,7636.4382,0.0807,33005327.862,2.859,4962.873,2.663,N,1979.0,31-Mar-2011,JUN CHEN AND BALRAJ SINGH,2023-10-18,33mg
12,22,Mg,,,,,,0.0,,,0+,20,,10,ms,0.02,0.01,B-,100.0,,B-N,,,,,,,,,,,11320.9428,7.2072,8749.3881,9.8143,-17381.7116,253.3443,-23356.79,599.45,4710.8668,7.3897,22745.7599,449.9645,7550.3919,0.2027,34008935.455,7.4,8323.324,6.893,N,1979.0,28-May-2012,NINEL NICA and  BALRAJ SINGH,2023-10-18,34mg
12,23,Mg,,,,,,0.0,,,(3/2- 5/2-),11.3,,6,ms,0.0113,0.0006,B-,100.0,,B-N,52.0,46.0,B-3N,,,,,,,,15863.5156,269.7679,10566.0866,269.6758,-17966.7238,378.9202,-22191.214,722.233,754.8562,269.7556,23329.2995,657.2828,7356.2338,7.7048,35016790.0,289.5,15639.786,269.668,N,1989.0,15-DEC-2017,BALRAJ SINGH AND JUN CHEN,2023-10-18,35mg
12,24,Mg,,,,,,0.0,,,0+,7.6,,+5-8,ms,0.0076,0.00065,B-,100.0,,B-N,,,,,,,,,,,14429.7751,706.2429,12532.5711,690.2764,-19044.0,854.0,-25522.841,973.856,3330.9446,741.0451,24740.0,962.0,7244.4202,19.1733,36021879.0,741.0,20380.159,690.237,N,1989.0,21-MAY-2021,BALRAJ SINGH,2023-10-18,36mg
12,25,Mg,,,,,,0.0,,,,8,,4,ms,0.008,0.004,N,,,B-N,,,B-,,,,,,,,18401.9132,721.8139,14189.7752,714.758,-20344.0,921.0,-24922.522,980.049,240.0,110.0,24980.0,980.0,7055.1115,18.8905,37030286.265,750.35,28211.478,698.947,N,1996.0,15-Jan-2012,JOHN CAMERON and  JUN CHEN AND BALRAJ SINGH and  NINEL NICA,2023-10-18,37mg
12,26,Mg,,,,,,0.0,,,0+,,,,,,,B-,100.0,,B-N,,,B-2N,,,,,,,,17604.0,525.0,16193.0,534.0,-21192.0,718.0,,,2209.0,861.0,26349.0,851.0,6928.0,13.0,38036580.0,540.0,34074.0,503.0,Y,1997.0,30-Sep-2017,JUN CHEN,2023-10-18,38mg
12,27,Mg,,,,,,0.0,,,,180,LT,,ns,1.8e-07,,N,,,,,,,,,,,,,,21286.0,594.0,18234.0,534.0,,,,,-630.0,100.0,26419.0,880.0,6734.0,13.0,39045921.0,551.0,42775.0,513.0,Y,,1-Jan-2018,JUN CHEN,2023-10-18,39mg
12,28,Mg,,,,,,0.0,,,0+,,,,,,,B-,100.0,,B-7N,,,B-6N,,,,,,,,20729.0,583.0,19989.0,583.0,,,,,1297.0,716.0,27716.0,896.0,6598.0,13.0,40053194.0,537.0,49550.0,500.0,Y,2007.0,21-MAY-2021,BALRAJ SINGH,2023-10-18,40mg
13,8,Al,,,,,,0.0,,,(5/2+),35,LT,,ns,3.5e-08,,P,,,,,,,,,,,,,,,,,,-10055.0,603.0,16186.149,600.0,,,-2323.0,600.0,6297.0,29.0,21029082.0,644.0,27090.0,600.0,Y,,15-Jan-2015,R.B. FIRESTONE,2023-10-18,21al
13,9,Al,,,,,,0.0,,,(4)+,91.1,,5,ms,0.0911,0.0005,EC+B+,100.0,,B+P,55.0,3.0,B+2P,1.1,0.1,,,,,,-15439.0,641.0,,,-9262.0,411.0,18600.986,401.0,16960.0,721.0,-9.0,401.0,6782.0,18.0,22019540.0,430.0,18201.0,401.0,Y,1982.0,1-Apr-2015,M. Shamsuzzoha Basunia,2023-10-18,22al
13,10,Al,,,,,,0.0,,,5/2+,446,,6,ms,0.446,0.006,EC+B+,100.0,,ECP,1.04,0.03,,,,,3.89,0.02,,,-17202.0,500.0,-34963.0,500.0,-8606.2292,10.5408,12221.746,0.346,19525.0,401.0,140.9136,0.3797,7335.7275,0.015,23007244.351,0.37,6748.071,0.345,N,1969.0,1-Jun-2020,M.S. Basunia{+#} and  A. Chakraborty{+##},2023-10-18,23al
13,11,Al,,,,,,0.0,,,4+,2.053,,4,s,2.053,0.004,EC+B+,100.0,,ECA,0.035,0.006,ECP,0.0016,0.0003,,2.99,0.09,,,-10793.9978,19.4734,-32070.0,500.0,-9324.2165,1.1277,13884.766,0.228,14868.2013,0.4132,1864.1087,0.2301,7649.5806,0.0095,23999947.598,0.244,-48.812,0.228,N,1953.0,31-Mar-2022,M. Shamsuzzoha Basunia and  Anagha Chakraborty,2023-10-18,24al
13,12,Al,,,,,,0.0,,,5/2+,7.183,,12,s,7.183,0.012,EC+B+,100.0,,,,,,,,,3.6447,0.0012,0.24,0.02,-12743.2956,10.0002,-27732.4776,19.4722,-9156.0324,0.0774,4276.808,0.08,16938.4799,0.2369,2271.3669,0.065,8021.1366,0.0026,24990428.308,0.069,-8915.974,0.065,N,1953.0,1-Feb-2008,R.B. FIRESTONE,2023-10-18,25al
13,13,Al,,,,,,0.0,,,5+,7.17E+5,,24,Y,22626315923782.465,757366223390.208,EC+B+,100.0,,,,,,,,0,2.803,0.004,0.26,0.03,-5069.1361,0.0849,-24108.7792,10.0002,-9453.6638,0.1474,4004.405,0.072,11365.4835,0.0717,6306.3285,0.056,8149.7653,0.0026,25986891.876,0.071,-12210.139,0.066,N,1934.0,1-Feb-2016,M.S. Basunia and A.M. Hurst,2023-10-18,26al
13,14,Al,3.061,0.0031,100.0,,,0.0,,,5/2+,STABLE,,,,,,,,,,,,,,,,3.6407,2e-05,0.1466,0.001,-4812.3583,0.0964,-18127.1784,0.1176,-10091.9259,0.0473,-2610.27,0.06,13058.0422,0.0814,8271.2911,0.0557,8331.5533,0.0018,26981538.408,0.05,-17196.864,0.047,N,1922.0,30-Nov-2010,M. Shamsuzzoha Basunia,2023-10-18,27al
13,15,Al,,,,,,0.0,,,3+,2.245,,2,m,134.7,0.12,B-,100.0,,,,,,,,,3.241,0.005,0.172,0.012,4642.0776,0.0486,-12537.5323,0.097,-10857.7346,0.0513,-1830.773,0.266,7725.174,0.011,9553.0964,0.0678,8309.8969,0.0018,27981910.009,0.052,-16850.719,0.049,N,1934.0,1-Apr-2013,M. Shamsuzzoha Basunia,2023-10-18,28al
13,16,Al,,,,,,0.0,,,5/2+,6.56,,6,m,393.6,3.6,B-,100.0,,,,,,,,,,,,,3687.3192,0.3447,-4786.2833,0.3447,-11274.8645,1.2485,-7595.402,0.488,9428.3609,0.3481,10476.7878,0.4322,8348.4647,0.0119,28980453.164,0.37,-18207.762,0.345,N,1939.0,1-Jan-2012,M. Shamsuzzoha Basunia,2023-10-18,29al
13,17,Al,,,,,,0.0,,,3+,3.62,,6,s,3.62,0.06,B-,100.0,,,,,,,,,3.012,0.007,,,8568.8459,1.9357,-2040.353,1.9355,-11428.2519,4.001,-6982.743,2.329,5727.6723,1.966,12540.7276,1.966,8261.1049,0.0645,29982969.171,2.077,-15864.116,1.936,N,1961.0,30-Jun-2010,M. SHAMSUZZOHA BASUNIA,2023-10-18,30al
13,18,Al,,,,,,0.0,,,5/2(+),644,,25,ms,0.644,0.025,B-,100.0,,B-N,1.6,,,,,,3.832,0.005,0.134,0.002,7998.3286,2.236,1410.9356,2.2357,-11857.8341,4.3455,-11828.557,3.801,7157.9103,2.9571,13358.3073,2.5835,8225.518,0.0721,30983949.754,2.4,-14950.709,2.236,N,1971.0,24-Jun-2022,Jun Chen and Balraj Singh,2023-10-18,31al
13,19,Al,,,,,,0.0,,,1+,33.0,,2,ms,0.033,0.0002,B-,100.0,,B-N,0.7,0.5,,,,,1.953,0.002,0.0255,0.0003,12978.3208,7.1787,3778.3509,7.1726,-12535.969,12.5074,-10270.467,7.879,4219.9777,7.5128,15266.1876,7.8035,8100.3449,0.2241,31988084.338,7.7,-11099.368,7.173,N,1971.0,24-Aug-2011,CHRISTIAN OUELLET and  BALRAJ SINGH,2023-10-18,32al
13,20,Al,,,,,,0.0,,,(5/2)+,41.7,,2,ms,0.0417,0.0002,B-,100.0,,B-N,8.5,0.7,,,,,4.09,0.005,0.141,0.003,12016.946,7.0211,7508.989,6.9926,-13602.2918,10.1308,-13460.255,7.476,5469.3317,10.0126,14957.4524,7.7095,8020.6172,0.2117,32990877.685,7.5,-8497.382,6.986,N,1971.0,31-Mar-2011,JUN CHEN AND BALRAJ SINGH,2023-10-18,33al
13,21,Al,,,,,,0.0,,,(4-),56.3,,5,ms,0.0563,0.0005,B-,100.0,,B-N,26.0,4.0,,,,,2.157,0.016,0.038,0.005,16994.0653,2.2519,9445.3913,2.2176,-13897.2044,5.1744,-11320.943,7.207,2571.5547,7.2963,15249.4627,3.3946,7860.3506,0.0619,33996781.924,2.259,-2997.619,2.105,N,1977.0,28-May-2012,NINEL NICA and  BALRAJ SINGH,2023-10-18,34al
13,22,Al,,,,,,0.0,,,(5/2+),38.3,,4,ms,0.0383,0.0004,B-,100.0,,B-N,38.0,2.0,B-2N,0.0,,,,,,,14167.7504,36.6047,11696.6363,7.4023,-14894.677,15.7918,-15863.516,269.768,5297.429,7.6539,15836.0248,10.083,7787.1243,0.2103,34999759.816,7.9,-223.73,7.359,N,1979.0,15-DEC-2017,BALRAJ SINGH AND JUN CHEN,2023-10-18,35al
13,23,Al,,,,,,0.0,,,,90,,40,ms,0.09,0.04,B-,100.0,,B-N,31.0,,,,,,,,,,18386.5096,165.851,12270.5464,153.7447,-15114.6831,154.0778,-14429.775,706.243,1897.2041,149.6858,16978.3727,308.3379,7623.5154,4.1529,36006388.0,160.5,5950.384,149.505,N,1979.0,31-Dec-2011,NINEL NICA and  JOHN CAMERON AND BALRAJ SINGH,2023-10-18,36al
13,24,Al,,,,,,0.0,,,,10.7,,13,ms,0.0107,0.0013,B-,100.0,,B-N,,,,,,,,,,,16381.0765,213.1678,14174.3716,194.0176,-16395.4644,484.6735,-18401.914,721.814,4212.138,234.1786,17859.5661,713.383,7531.316,4.8715,37010531.0,193.5,9809.564,180.244,N,1979.0,15-Jan-2012,JOHN CAMERON and  JUN CHEN AND BALRAJ SINGH and  NINEL NICA,2023-10-18,37al
13,25,Al,,,,,,0.0,,,(0-),9.0,,7,ms,0.009,0.0007,B-N,,,B-2N,,,B-,,,,,,,,20640.0,183.0,14970.0,188.0,-17635.0,618.0,-17604.0,524.8,1411.0,234.0,19031.0,715.0,7370.0,4.0,38017681.0,161.0,16470.0,150.0,Y,1989.0,30-Sep-2017,JUN CHEN,2023-10-18,38al
13,26,Al,,,,,,0.0,,,(5/2+),7.6,,16,ms,0.0076,0.0016,B-,100.0,,B-2N,,,B-N,,,,,,,,19169.0,329.0,17589.0,318.0,-18767.0,734.0,-21285.0,594.2,3051.0,335.0,19873.0,586.0,7260.0,8.0,39023070.0,322.0,21490.0,300.0,Y,1989.0,1-Jan-2018,JUN CHEN,2023-10-18,39al
13,27,Al,,,,,,0.0,,,,260,GT,,ns,2.6e-07,,B-,100.0,,B-2N,,,B-N,,,,,,,,23154.0,324.0,18429.0,329.0,-19507.0,750.0,-20730.0,583.0,740.0,424.0,21244.0,594.0,7097.0,7.0,40030940.0,322.0,28820.0,300.0,Y,1996.0,30-Sep-2015,JUN CHEN,2023-10-18,40al
13,28,Al,,,,,,0.0,,,,,,,,,,B-,100.0,,B-N,,,,,,,,,,,21390.0,500.0,20852.0,418.0,-20969.0,795.0,,,2302.0,500.0,22249.0,640.0,6980.0,10.0,41037134.0,429.0,34590.0,400.0,Y,1997.0,30-Sep-2015,C.D. Nesaraja and  E.A. McCutchan,2023-10-18,41al
13,29,Al,,,,,,0.0,,,,170,GT,,ns,1.7e-07,,B-,,,B-N,,,B-2N,,,,,,,,25150.0,583.0,20718.0,583.0,-22340.0,873.0,,,672.0,640.0,23399.0,707.0,6829.0,12.0,42045078.0,537.0,41990.0,500.0,Y,2007.0,31-May-2016,JUN CHEN{+#} AND BALRAJ SINGH,2023-10-18,42al
13,30,Al,,,,,,0.0,,,,170,GT,,ns,1.7e-07,,B-,,,B-N,,,B-2N,,,,,,,,23940.0,721.0,23359.0,671.0,-24132.0,955.0,,,1791.0,781.0,,,6712.0,14.0,43051820.0,644.0,48270.0,600.0,Y,2007.0,31-Mar-2015,BALRAJ SINGH AND JUN CHEN{+#},2023-10-18,43al
14,8,Si,,,,,,0.0,,,0+,29,,2,ms,0.029,0.002,EC+B+,100.0,,B+P,32.0,4.0,,,,,,,,,,,,,,,15439.0,640.9,,,739.0,781.0,6044.0,23.0,22036114.0,537.0,33640.0,500.0,Y,1987.0,1-Apr-2015,M. Shamsuzzoha Basunia,2023-10-18,22si
14,9,Si,,,,,,0.0,,,(5/2)+,42.3,,4,ms,0.0423,0.0004,EC+B+,100.0,,ECP,88.0,,EC2P,3.6,0.4,,,,,,,,,,-10314.0,504.0,17201.929,500.0,17762.0,707.0,1541.0,641.0,6554.0,22.0,23025711.0,537.0,23950.0,500.0,Y,1986.0,1-Jun-2020,M.S. Basunia{+#} and  A. Chakraborty{+##},2023-10-18,23si
14,10,Si,,,,,,0.0,,,0+,141.3,,15,ms,0.1413,0.0015,EC+B+,100.0,,ECP,32.4,1.3,,,,,,,,,-23275.0,501.0,,,-9157.4242,19.561,10793.998,19.473,21276.0,501.0,3291.8566,19.4751,7167.2329,0.8113,24011535.43,20.904,10745.186,19.472,N,1979.0,31-Mar-2022,M. Shamsuzzoha Basunia and  Anagha Chakraborty,2023-10-18,24si
14,11,Si,,,,,,0.0,,,5/2+,220,,3,ms,0.22,0.003,EC+B+,100.0,,B+P,35.0,2.0,,,,,,,,,-16363.0,400.0,-38264.0,500.0,-9501.4448,10.0284,12743.296,10.0,14989.182,21.8898,3412.8372,10.0026,7480.1109,0.4,25004108.798,10.735,3827.322,10.0,N,1963.0,1-Feb-2008,R.B. FIRESTONE,2023-10-18,25si
14,12,Si,,,,,,0.0,,,0+,2.2453,,7,s,2.2453,0.0007,EC+B+,100.0,,,,,,,,1,,,,,-18114.0,196.0,-35402.0,400.0,-9165.9328,0.1922,5069.136,0.127,19039.643,10.0006,5514.0004,0.1111,7924.7083,0.0041,25992333.818,0.115,-7141.003,0.108,N,1960.0,1-Feb-2016,M.S. Basunia and A.M. Hurst,2023-10-18,26si
14,13,Si,,,,,,0.0,,,5/2+,4.15,,4,s,4.15,0.04,EC+B+,100.0,,,,,,,,,-0.8652,0.0003,0.063,0.014,-11725.473,9.0013,-31429.0,196.0,-9335.7466,0.112,4812.359,0.117,13314.82,0.152,7463.3369,0.1262,8124.342,0.004,26986704.687,0.115,-12384.505,0.107,N,1939.0,30-Nov-2010,M. Shamsuzzoha Basunia,2023-10-18,27si
14,14,Si,3.1224,0.0024,92.2545,0.0037,,0.0,,,0+,STABLE,,,,,,,,,,,,,,,,,,,,-14344.9407,1.1473,-28905.0829,9.0006,-9984.1348,0.0129,-4642.078,0.049,17179.6099,0.1074,11584.9046,0.0474,8447.7445,0.0002,27976926.53442,0.00055,-21492.79711,0.00051,N,1920.0,1-Apr-2013,M. Shamsuzzoha Basunia,2023-10-18,28si
14,15,Si,3.1176,0.0052,4.672,0.016,,0.0,,,1/2+,STABLE,,,,,,,,,,,,,,,,-0.555052,3e-06,,,-4942.2325,0.3589,-22818.5432,1.1473,-11127.2154,0.0469,-3687.32,0.34,8473.6025,0.0005,12333.3331,0.0486,8448.6361,0.0002,28976494.66434,0.0006,-21895.08154,0.00056,N,1920.0,1-Jan-2012,M. Shamsuzzoha Basunia,2023-10-18,29si
14,16,Si,3.1336,0.004,3.0735,0.0021,,0.0,,,0+,STABLE,,,,,,,,,,,,,,,,0.9,0.2,-0.05,0.06,-4232.1065,0.0615,-15551.4314,0.3595,-10643.3347,0.0364,-8568.846,1.936,10609.1989,0.0216,13514.1712,0.3453,8520.6549,0.0008,29973770.137,0.023,-24432.962,0.022,N,1924.0,30-Jun-2010,M. SHAMSUZZOHA BASUNIA,2023-10-18,30si
14,17,Si,,,,,,0.0,,,3/2+,157.24,,20,m,9434.4,12.0,B-,100.0,,,,,,,,,,,,,1491.5071,0.0434,-10819.4995,0.0721,-10787.359,0.0641,-7998.328,2.236,6587.393,0.0376,14373.8919,1.936,8458.2916,0.0014,30975363.196,0.046,-22949.037,0.043,N,1934.0,24-Jun-2022,Jun Chen and Balraj Singh,2023-10-18,31si
14,18,Si,,,,,,0.0,,,0+,157,,7,Y,4954437378.010944,220898481.822144,B-,100.0,,,,,,,,,,,,,227.1872,0.3008,-7708.4628,0.2981,-11482.6595,0.3961,-12978.321,7.179,9199.9699,0.3012,16415.9515,2.2554,8481.469,0.0093,31974151.538,0.32,-24077.689,0.298,N,1953.0,15-JAN-2020,BALRAJ SINGH,2023-10-18,32si
14,19,Si,,,,,,0.0,,,3/2+,6.11,,21,s,6.11,0.21,B-,100.0,,,,,,,,,1.21,0.03,,,5823.0223,1.2947,-4280.7698,0.6998,-12326.8839,0.7789,-12016.946,7.021,4507.957,0.7596,16703.9307,7.2064,8361.0596,0.0212,32977976.964,0.75,-20514.328,0.699,N,1971.0,31-Mar-2011,JUN CHEN AND BALRAJ SINGH,2023-10-18,33si
14,20,Si,,,,,,0.0,,,0+,2.77,,20,s,2.77,0.2,B-,100.0,,,,,,,,,,,,,4557.0175,1.1395,-1725.6517,1.3527,-13535.2274,1.5226,-16994.065,2.252,7548.674,1.0629,18783.273,7.032,8337.1659,0.0236,33978538.045,0.86,-19991.684,0.801,N,1971.0,28-May-2012,NINEL NICA and  BALRAJ SINGH,2023-10-18,34si
14,21,Si,,,,,,0.0,,,(7/2)-,0.78,,12,s,0.78,0.12,B-,100.0,,B-N,5.0,,,,,,-1.639,0.004,,,10466.3291,35.9049,2085.9034,35.8665,-13694.2441,35.9889,-14167.75,36.6,2471.1141,35.8663,18682.8324,35.9191,8169.5644,1.0245,34984550.111,38.494,-14391.48,35.857,N,1971.0,31-MAY-2015,JUN CHEN AND BALRAJ SINGH,2023-10-18,35si
14,22,Si,,,,,,0.0,,,0+,0.45,,6,s,0.45,0.06,B-,100.0,,B-N,10.0,,,,,,,,,,7814.9194,72.9852,4350.3658,71.8217,-14032.1404,71.8714,-18386.509,165.851,6115.9633,80.2535,19501.3667,72.1736,8112.5199,1.9944,35986649.271,77.077,-12436.125,71.797,N,1971.0,31-Dec-2011,NINEL NICA and  JOHN CAMERON AND BALRAJ SINGH,2023-10-18,36si
14,23,Si,,,,,,0.0,,,(5/2-),90,,60,ms,0.09,0.06,B-,100.0,,B-N,17.0,13.0,B-2N,,,,,,,,12424.5003,119.9691,5608.2145,114.5623,-13959.3009,113.8405,-16381.076,213.168,2206.7049,134.5638,19810.8675,187.8942,7952.9033,3.0759,36992945.191,122.179,-6571.512,113.809,N,1979.0,31-MAY-2015,JUN CHEN AND BALRAJ SINGH,2023-10-18,37si
14,24,Si,,,,,,0.0,,,0+,63,,8,ms,0.063,0.008,B-,100.0,,B-N,25.0,10.0,,,,,,,,,10451.2656,127.4736,6754.3952,111.4524,-14918.5391,105.0195,-20640.299,182.98,5670.1051,154.7067,21268.8346,208.4935,7892.8297,2.7577,37995523.0,112.5,-4170.299,104.793,N,1979.0,30-Sep-2017,JUN CHEN,2023-10-18,38si
14,25,Si,,,,,,0.0,,,(5/2-),47.5,,20,ms,0.0475,0.002,B-,100.0,,B-2N,,,B-N,,,,,,,,15094.9874,176.2324,8870.5985,153.7432,-15744.35,301.8106,-19169.648,329.194,1580.6672,171.3202,21438.0,202.0,7730.9793,3.4752,39002491.0,145.5,2320.352,135.532,N,1979.0,1-Jan-2018,JUN CHEN,2023-10-18,39si
14,26,Si,,,,,,0.0,,,0+,33.0,,10,ms,0.033,0.001,B-,100.0,,B-2N,,,B-N,,,,,,,,13806.0653,147.8912,10370.1935,166.0437,-17138.1994,700.9344,-23153.124,323.855,4724.7939,182.3478,23112.0,324.0,7655.8247,3.0498,40006083.641,130.962,5666.876,121.991,N,1989.0,30-Sep-2015,JUN CHEN,2023-10-18,40si
14,27,Si,,,,,,0.0,,,,20.0,,25,ms,0.02,0.0025,B-,100.0,,B-N,0.0,,,,,,,,,,18180.0,323.0,13268.0,311.0,-17436.0,761.0,-21390.0,500.0,538.0,324.0,22909.0,424.0,7482.0,7.0,41014171.0,322.0,13200.0,300.0,Y,1989.0,30-Sep-2015,C.D. Nesaraja and  E.A. McCutchan,2023-10-18,41si
14,28,Si,,,,,,0.0,,,0+,12.5,,35,ms,0.0125,0.0035,B-,100.0,,B-N,,,B-2N,,,,,,,,15748.0,315.0,13748.0,323.0,-19659.0,586.0,-25150.0,583.0,4432.0,424.0,25040.0,500.0,7410.0,7.0,42018078.0,322.0,16840.0,300.0,Y,1990.0,31-May-2016,JUN CHEN{+#} AND BALRAJ SINGH,2023-10-18,42si
14,29,Si,,,,,,0.0,,,,60,GT,,ns,6e-08,,B-,,,B-N,,,B-2N,,,,,,,,19289.0,500.0,15167.0,411.0,-20871.0,650.0,-23940.0,721.1,581.0,500.0,24949.0,640.0,7251.0,9.0,43026119.0,429.0,24330.0,400.0,Y,2002.0,31-Mar-2015,BALRAJ SINGH AND JUN CHEN{+#},2023-10-18,43si
14,30,Si,,,,,,0.0,,,0+,360,GT,,ns,3.6e-07,,B-,100.0,,B-N,,,,,,,,,,,18200.0,640.0,16199.0,583.0,-22664.0,707.0,,,3091.0,640.0,26249.0,781.0,7156.0,11.0,44031466.0,537.0,29310.0,500.0,Y,2007.0,31-Jul-2011,JUN CHEN and  BALRAJ SINGH AND JOHN A. CAMERON,2023-10-18,44si
15,10,P,,,,,,0.0,,,(1/2+),30,LT,,ns,3e-08,,P,100.0,,,,,,,,,,,,,,,,,-9324.0,721.0,16362.678,400.125,21901.0,640.0,-2156.0,400.0,6794.0,16.0,25021675.0,429.0,20190.0,400.0,Y,,1-Feb-2008,R.B. FIRESTONE,2023-10-18,25p
15,11,P,,,,,,0.0,,,(3)+,43.7,,6,ms,0.0437,0.0006,EC+B+,100.0,,ECP,36.8,2.0,EC2P,2.16,0.24,2,,,,,-16707.0,631.0,,,-9653.0,446.0,18114.003,196.0,17288.0,445.0,143.0,196.0,7198.0,8.0,26011780.0,210.0,10973.0,196.0,Y,1983.0,1-Feb-2016,M.S. Basunia and A.M. Hurst,2023-10-18,26p
15,12,P,,,,,,0.0,,,1/2+,260,,80,ms,0.26,0.08,EC+B+,100.0,,B+P,0.07,,,,,,,,,,-18150.0,400.0,-36411.0,600.0,-9832.0193,9.0072,11725.473,9.002,19703.0,196.0,807.0001,9.0,7661.0894,0.3334,26999292.499,9.662,-659.032,9.001,N,1977.0,30-Nov-2010,M. Shamsuzzoha Basunia,2023-10-18,27p
15,13,P,,,,,,0.0,,,3+,270.3,,5,ms,0.2703,0.0005,EC+B+,100.0,,ECP,0.0013,0.0004,ECA,0.00086,0.00025,,0.312,0.003,0.137,0.014,-11221.0593,160.0041,-32710.0,400.0,-9523.9602,1.1654,14344.941,1.147,14560.1422,9.0735,2052.3222,1.1523,7907.4842,0.041,27992326.46,1.231,-7147.856,1.147,N,1953.0,1-Apr-2013,M. Shamsuzzoha Basunia,2023-10-18,28p
15,14,P,,,,,,0.0,,,1/2+,4.142,,15,s,4.142,0.015,EC+B+,100.0,,,,,,,,,1.2344,0.0003,,,-13858.4257,13.0459,-29097.37,160.0004,-10461.791,0.3647,4942.233,0.359,17876.3107,1.2021,2749.023,0.3589,8251.2368,0.0124,28981800.368,0.385,-16952.849,0.359,N,1941.0,1-Jan-2012,M. Shamsuzzoha Basunia,2023-10-18,29p
15,15,P,,,,,,0.0,,,1+,2.498,,4,m,149.88,0.24,EC+B+,100.0,,,,,,,,,,,,,-6141.6014,0.1956,-25177.7505,13.0411,-10415.6324,0.0929,4232.106,0.069,11319.3249,0.3648,5594.7454,0.0652,8353.5064,0.0022,29978313.49,0.069,-20200.856,0.065,N,1934.0,30-Jun-2010,M. SHAMSUZZOHA BASUNIA,2023-10-18,30p
15,16,P,3.1889,0.0019,100.0,,,0.0,,,1/2+,STABLE,,,,,,,,,,,,,,,,1.130925,5e-06,,,-5398.013,0.2292,-18452.608,0.2062,-9668.5967,0.0474,-1491.507,0.043,12311.0066,0.0652,7296.5531,0.0216,8481.1677,0.0002,30973761.99768,0.0008,-24440.54442,0.00075,N,1920.0,24-Jun-2022,Jun Chen and Balraj Singh,2023-10-18,31p
15,17,P,,,,,,0.0,,,1+,14.268,,5,d,1232755.2,432.0,B-,100.0,,,,,,,,,-0.2528,0.0002,,,1710.6608,0.04,-13333.6629,0.2327,-9879.0727,0.063,-227.187,0.301,7935.65,0.04,8644.81,0.059,8464.1203,0.0013,31973907.643,0.042,-24304.876,0.04,N,1934.0,24-Aug-2011,CHRISTIAN OUELLET and  BALRAJ SINGH,2023-10-18,32p
15,18,P,,,,,,0.0,,,1/2+,25.35,,11,d,2190240.0,9504.0,B-,100.0,,,,,,,,,,,,,248.5079,1.09,-8393.1313,1.09,-10554.504,1.1432,-5823.022,1.295,10103.7921,1.0907,9548.6323,1.13,8513.8073,0.033,32971725.692,1.17,-26337.35,1.09,N,1951.0,05-JUL-2017,BALRAJ SINGH AND JUN CHEN,2023-10-18,33p
15,19,P,,,,,,0.0,,,1+,12.43,,10,s,12.43,0.1,B-,100.0,,,,,,,,,,,,,5382.9879,0.8116,-6034.1613,0.8104,-11109.5009,2.0983,-4557.018,1.139,6282.6692,1.3582,11323.3446,1.07,8448.1856,0.0238,33973645.886,0.87,-24548.702,0.81,N,1945.0,28-May-2012,NINEL NICA and  BALRAJ SINGH,2023-10-18,34p
15,20,P,,,,,,0.0,,,1/2+,47.3,,8,s,47.3,0.8,B-,100.0,,,,,,,,,,,,,3988.4006,1.8667,-2997.4378,1.8669,-12332.0163,2.9123,-10466.329,35.906,8380.4257,2.0348,12155.0962,2.0311,8446.2496,0.0533,34973314.045,2.003,-24857.809,1.866,N,1971.0,20-Oct-2011,JUN CHEN and  JOHN CAMERON AND BALRAJ SINGH,2023-10-18,35p
15,21,P,,,,,,0.0,,,4-,5.6,,3,s,5.6,0.3,B-,100.0,,,,,,,,,,,,,10413.0962,13.1124,523.8471,13.1137,-11576.5922,14.947,-7814.92,72.98,3464.5535,13.2432,13148.5357,38.1792,8307.8692,0.3643,35978259.61,14.078,-20251.045,13.114,N,1971.0,31-Dec-2011,NINEL NICA and  JOHN CAMERON AND BALRAJ SINGH,2023-10-18,36p
15,22,P,,,,,,0.0,,,(1/2+),2.31,,13,s,2.31,0.13,B-,100.0,,,,,,,,,,,,,7900.4135,37.9474,3596.8105,37.9473,-12923.5461,38.5855,-12424.5,119.9,6816.2857,40.1489,13848.8581,81.209,8267.5561,1.0256,36979606.942,40.738,-18996.012,37.948,N,1971.0,15-Jan-2012,JOHN CAMERON and  JUN CHEN AND BALRAJ SINGH and  NINEL NICA,2023-10-18,37p
15,23,P,,,,,,0.0,,,(2-),0.64,,14,s,0.64,0.14,B-,100.0,,B-N,12.0,5.0,,,,,,,,,12239.6512,72.934,4203.5431,72.5808,-14048.8619,72.611,-10451.266,127.474,3696.8704,81.9022,15339.0237,134.9833,8147.2749,1.91,37984303.105,77.918,-14621.565,72.581,N,1971.0,30-Sep-2017,JUN CHEN,2023-10-18,38p
15,24,P,,,,,,0.0,,,(1/2+),0.28,,4,s,0.28,0.04,B-,100.0,,B-N,26.0,8.0,,,,,,,,,10388.0361,123.243,6015.2622,112.8728,-14975.8218,112.8848,-15094.988,176.232,6224.3889,134.0028,15893.3076,153.8519,8097.9701,2.8883,38986285.865,120.929,-12774.636,112.645,N,1977.0,1-Jan-2018,JUN CHEN,2023-10-18,39p
15,25,P,,,,,,0.0,,,(2- 3-),150,,8,ms,0.15,0.008,B-,100.0,,B-N,15.8,2.1,B-2N,,,,,,,,14698.6603,83.7017,6952.1643,97.4172,-16514.4895,171.2945,-13806.065,147.892,3435.8718,140.2816,17748.5122,159.2455,7981.4177,2.0902,39991262.221,89.755,-8139.189,83.607,N,1979.0,30-Sep-2015,JUN CHEN,2023-10-18,40p
15,26,P,,,,,,0.0,,,,101,,5,ms,0.101,0.005,B-,100.0,,B-N,30.0,10.0,,,,,,,,,14028.8125,120.2326,9786.7641,120.2287,-17214.2477,216.6265,-18179.767,323.17,4911.8962,146.3872,17935.6145,171.2331,7906.5513,2.9308,40994654.0,129.0,-4979.767,120.163,N,1979.0,30-Sep-2015,C.D. Nesaraja and  E.A. McCutchan,2023-10-18,41p
15,27,P,,,,,,0.0,,,,48.5,,15,ms,0.0485,0.0015,B-,100.0,,B-N,50.0,20.0,B-2N,,,,,,,,18729.5899,95.0504,12029.1041,95.0977,-17803.0,178.0,-15748.158,314.685,1999.7084,153.1857,19397.0,315.0,7765.9122,2.2621,42001172.14,101.996,1091.842,95.009,N,1979.0,31-May-2016,JUN CHEN{+#} AND BALRAJ SINGH,2023-10-18,42p
15,28,P,,,,,,0.0,,,1/2+,36.5,,15,ms,0.0365,0.0015,B-,100.0,,B-N,100.0,,B-2N,,,,,,,,17236.0,300.0,14607.0,300.0,-18874.0,424.0,-19290.0,500.0,4123.0,315.0,19088.0,424.0,7681.0,7.0,43005411.0,322.0,5040.0,300.0,Y,1989.0,31-Mar-2015,BALRAJ SINGH AND JUN CHEN{+#},2023-10-18,43p
15,29,P,,,,,,0.0,,,,18.5,,25,ms,0.0185,0.0025,B-,,,B-N,,,,,,,,,,,20314.0,400.0,15234.0,400.0,-20135.0,500.0,-18200.0,640.3,2002.0,500.0,20509.0,565.0,7552.0,9.0,44011927.0,429.0,11110.0,400.0,Y,1989.0,31-Jul-2011,JUN CHEN and  BALRAJ SINGH AND JOHN A. CAMERON,2023-10-18,44p
15,30,P,,,,,,0.0,,,,200,GT,,ns,2e-07,,B-,,,,,,,,,,,,,,19301.0,583.0,17093.0,500.0,-21055.0,640.0,,,3221.0,640.0,20639.0,707.0,7456.0,11.0,45017134.0,537.0,15960.0,500.0,Y,1990.0,30-Oct-2007,T. W. BURROWS,2023-10-18,45p
15,31,P,,,,,,0.0,,,,,,,,,,B-,100.0,,,,,,,,,,,,,22200.0,640.0,18109.0,583.0,-21575.0,707.0,,,1191.0,707.0,21539.0,781.0,7320.0,11.0,46024520.0,537.0,22840.0,500.0,Y,1990.0,15-Jul-2000,S. -C. WU,2023-10-18,46p
16,10,S,,,,,,0.0,,,0+,79,LT,,ns,7.9e-08,,P,,,,,,,,,,,,,,,,,,-8385.0,781.0,16707.0,631.2,,,-201.0,721.0,6525.0,23.0,26029716.0,644.0,27680.0,600.0,Y,,1-Feb-2016,M.S. Basunia and A.M. Hurst,2023-10-18,26s
16,11,S,,,,,,0.0,,,(5/2+),15.5,,15,ms,0.0155,0.0015,EC+B+,100.0,,B+P,2.3,0.9,B+2P,1.1,0.5,,,,,,,,,,-8884.0,641.0,18150.032,400.101,18261.0,721.0,771.0,445.0,6960.0,15.0,27018777.0,430.0,17491.0,400.0,Y,1986.0,30-Nov-2010,M. Shamsuzzoha Basunia,2023-10-18,27s
16,12,S,,,,,,0.0,,,0+,125,,10,ms,0.125,0.01,EC+B+,100.0,,ECP,20.7,2.0,,,,,,,,,-24197.0,525.0,,,-9096.8986,161.1805,11221.059,160.004,21489.0,431.0,2556.7359,160.253,7478.7911,5.7143,28004372.762,171.767,4073.203,160.0,N,1982.0,1-Apr-2013,M. Shamsuzzoha Basunia,2023-10-18,28s
16,13,S,,,,,,0.0,,,(5/2+),188,,4,ms,0.188,0.004,EC+B+,100.0,,ECP,47.0,5.0,,,,,,,,,-17117.0,189.0,-39436.0,500.0,-9346.661,16.4337,13858.426,13.046,15238.9444,160.5306,3235.538,13.0913,7746.3826,0.4497,28996678.0,14.0,-3094.423,13.041,N,1964.0,1-Jan-2012,M. Shamsuzzoha Basunia,2023-10-18,29s
16,14,S,,,,,,0.0,,,0+,1.178,,5,s,1.178,0.005,EC+B+,100.0,,,,,,,,,,,,,-18733.802,23.8769,-36153.0,189.0,-9343.167,0.2326,6141.602,0.216,19036.1491,13.0425,4395.3764,0.4139,8122.7081,0.0069,29984906.77,0.221,-14059.254,0.206,N,1961.0,30-Jun-2010,M. SHAMSUZZOHA BASUNIA,2023-10-18,30s
16,15,S,,,,,,0.0,,,1/2+,2.5534,,18,s,2.5534,0.0018,EC+B+,100.0,,,,,,,,,0.48793,8e-05,,,-12007.979,3.4541,-31788.3971,23.8771,-9082.9421,0.2531,5398.013,0.229,13054.5951,0.3083,6130.6466,0.2383,8281.8013,0.0074,30979557.002,0.246,-19042.531,0.229,N,1940.0,24-Jun-2022,Jun Chen and Balraj Singh,2023-10-18,31s
16,16,S,3.2611,0.0018,94.85,0.255,,0.0,,,0+,STABLE,,,,,,,,,,,,,,,,,,,,-12680.8313,0.5617,-27052.3027,3.4465,-6947.6559,0.0014,-1710.661,0.04,15044.3237,0.2292,8863.9638,0.0014,8493.1301,0.0002,31972071.17354,0.00141,-26015.53714,0.00131,N,1920.0,24-Aug-2011,CHRISTIAN OUELLET and  BALRAJ SINGH,2023-10-18,32s
16,17,S,,,0.763,0.02,,0.0,,,3/2+,STABLE,,,,,,,,,,,,,,,1/2,0.64325,2e-05,-0.694,0.004,-5582.5182,0.3908,-21322.4705,0.5617,-7115.6926,0.0014,-248.508,1.09,8641.6392,0.0005,9569.953,0.04,8497.6304,0.0002,32971458.90862,0.00144,-26585.8583,0.00134,N,1926.0,31-Mar-2011,JUN CHEN AND BALRAJ SINGH,2023-10-18,33s
16,18,S,3.2847,0.0021,4.365,0.235,,0.0,,,0+,STABLE,,,,,,,,,,,,,,,,1.0,0.2,0.04,0.03,-5491.6037,0.0378,-16999.6674,0.3933,-7923.6429,0.0496,-5382.987,0.811,11417.1492,0.0446,10883.3101,1.0909,8583.4986,0.0013,33967867.011,0.047,-29931.689,0.045,N,1926.0,28-May-2012,NINEL NICA and  BALRAJ SINGH,2023-10-18,34s
16,19,S,,,,,,0.0,,,3/2+,87.37,,4,d,7548768.0,3456.0,B-,100.0,,,,,,,,,1.0,0.04,-0.483,0.003,167.3218,0.0257,-12477.4421,0.0494,-8322.0883,0.0593,-3988.401,1.866,6985.8384,0.0387,11586.4793,0.8114,8537.8511,0.0012,34969032.321,0.043,-28846.21,0.04,N,1936.0,20-Oct-2011,JUN CHEN and  JOHN CAMERON AND BALRAJ SINGH,2023-10-18,35s
16,20,S,3.2985,0.0024,0.0158,0.0017,,0.0,,,0+,STABLE,,,,,,,,,,,,,,,,,,,,-1142.1329,0.1893,-9721.9273,0.1893,-9011.3676,0.3524,-10413.096,13.115,9889.2491,0.1905,13095.3028,1.857,8575.39,0.0052,35967080.692,0.201,-30664.141,0.188,N,1938.0,31-Dec-2011,NINEL NICA and  JOHN CAMERON AND BALRAJ SINGH,2023-10-18,36s
16,21,S,,,,,,0.0,,,7/2-,5.05,,2,m,303.0,1.2,B-,100.0,,,,,,,,,,,,,4865.1258,0.1965,-5445.7359,0.1995,-8807.0137,0.7262,-7900.414,37.949,4303.6031,0.063,13934.3523,13.1125,8459.9363,0.0054,36971125.5,0.212,-26896.426,0.198,N,1945.0,15-Jan-2012,JOHN CAMERON and  JUN CHEN AND BALRAJ SINGH and  NINEL NICA,2023-10-18,37s
16,22,S,,,,,,0.0,,,0+,170.3,,7,m,10218.0,42.0,B-,100.0,,,,,,,,,,,,,2936.9,7.1714,-3170.9823,7.1719,-9294.4477,7.2166,-12239.651,72.934,8036.1081,7.1745,15154.1746,38.6196,8448.7829,0.1887,37971163.3,7.699,-26861.216,7.172,N,1958.0,30-Sep-2017,JUN CHEN,2023-10-18,38s
16,23,S,,,,,,0.0,,,(7/2)-,11.5,,5,s,11.5,0.5,B-,100.0,,,,,,,,,,,,,6637.5463,50.03,-1435.8738,50.0001,-11196.1074,61.5284,-10388.036,123.243,4372.7738,50.5118,15830.078,88.1359,8344.2698,1.2821,38975133.85,53.677,-23162.672,50.0,N,1971.0,1-Jan-2018,JUN CHEN,2023-10-18,39s
16,24,S,,,,,,0.0,,,0+,8.8,,22,s,8.8,2.2,B-,100.0,,,,,,,,,-0.02,0.12,,,4719.9687,32.3118,-1108.9498,4.3425,-12826.6402,71.9078,-14698.661,83.702,7746.496,50.1583,17352.1851,112.7151,8329.3255,0.0996,39975482.561,4.274,-22837.85,3.982,N,1971.0,30-Sep-2015,JUN CHEN,2023-10-18,40s
16,25,S,,,,,,0.0,,,,1.99,,5,s,1.99,0.05,B-,100.0,,B-N,,,,,,,,,,,8298.6116,68.8456,477.9204,32.3264,-14861.9837,113.8831,-14028.813,120.233,4242.0484,5.7145,18158.3617,83.7073,8229.6358,0.1,40979593.451,4.4,-19008.58,4.099,N,1979.0,30-Sep-2015,C.D. Nesaraja and  E.A. McCutchan,2023-10-18,41s
16,26,S,,,,,,0.0,,,0+,1.016,,15,s,1.016,0.015,B-,100.0,,B-N,4.0,,,,,,,,,,7194.0221,59.6811,1598.1258,68.7803,-15892.3645,104.8303,-18729.59,95.05,6700.4858,4.9606,19946.9513,120.1952,8193.2275,0.0665,41981065.1,3.0,-17637.748,2.794,N,1979.0,31-May-2016,JUN CHEN{+#} AND BALRAJ SINGH,2023-10-18,42s
16,27,S,,,,,,0.0,,,(3/2-),265,,15,ms,0.265,0.015,B-,100.0,,B-N,40.0,10.0,,,,,1.11,0.014,0.23,0.03,11964.05,62.0579,4564.9912,59.8225,-16940.7282,135.6235,-17235.461,300.041,2629.0309,5.702,20576.2738,95.1393,8063.8276,0.1156,42986907.635,5.335,-12195.461,4.97,N,1979.0,31-Mar-2015,BALRAJ SINGH AND JUN CHEN{+#},2023-10-18,43s
16,28,S,,,,,,0.0,,,0+,100,,1,ms,0.1,0.001,B-,100.0,,B-N,18.0,3.0,,,,,,,,,11274.7373,85.7253,6883.9563,62.0781,-17296.028,122.102,-20314.236,400.034,5080.0937,7.2051,21534.0,300.0,7996.0154,0.1186,43990118.846,5.6,-9204.236,5.216,N,1979.0,31-Jul-2011,JUN CHEN and  BALRAJ SINGH AND JOHN A. CAMERON,2023-10-18,44s
16,29,S,,,,,,0.0,,,,68,,2,ms,0.068,0.002,B-,100.0,,B-N,54.0,,,,,,,,,,14922.0,329.0,9067.0,312.0,-18965.0,424.0,-19300.0,583.0,2207.0,300.0,21739.0,500.0,7867.0,7.0,44996414.0,322.0,-3340.0,300.0,Y,1989.0,30-Oct-2007,T. W. BURROWS,2023-10-18,45s
16,30,S,,,,,,0.0,,,0+,50,,8,ms,0.05,0.008,B-,100.0,,,,,,,,,,,,,14375.0,411.0,10831.0,422.0,-18625.0,500.0,-22200.0,640.3,4091.0,500.0,22609.0,640.0,7785.0,9.0,46000687.0,429.0,640.0,400.0,Y,1989.0,12-JAN-2010,BALRAJ SINGH,2023-10-18,46s
16,32,S,,,,,,0.0,,,,,,,,,,B-,,,,,,,,,,,,,,16670.0,707.0,13899.0,539.0,-19346.0,707.0,,,2882.0,640.0,23709.0,781.0,7552.0,10.0,48013301.0,537.0,12390.0,500.0,Y,1990.0,30-Nov-2021,JUN CHEN,2023-10-18,48s
17,12,Cl,,,,,,0.0,,,(1/2+),20,LT,,ns,2e-08,,P,100.0,,,,,,,,,,,,,-23947.0,478.0,,,-8593.0,442.0,17116.423,189.449,22319.0,534.0,-2660.0,100.0,7129.0,7.0,29015053.0,203.0,14022.0,189.0,Y,1993.0,31-Jan-2016,BALRAJ SINGH,2023-10-18,29cl
17,13,Cl,,,,,,0.0,,,(3+),30,LT,,ns,3e-08,,P,,,,,,,,,,,,,,-17397.0,180.0,-41366.0,439.0,-8723.0,197.0,18733.802,23.877,17419.0,190.0,-479.9999,20.0,7472.1698,0.7959,30005018.333,25.631,4674.548,23.876,N,2018.0,30-Jun-2010,M. SHAMSUZZOHA BASUNIA,2023-10-18,30cl
17,14,Cl,,,,,,0.0,,,3/2+,190,,1,ms,0.19,0.001,EC+B+,100.0,,ECP,2.4,0.2,,,,,,,,,-18360.0,200.0,-37177.0,179.0,-8800.436,9.638,12007.979,3.455,19780.4181,24.1235,264.2691,3.4527,7869.2101,0.1112,30992448.097,3.7,-7034.552,3.447,N,1977.0,24-Jun-2022,Jun Chen and Balraj Singh,2023-10-18,31cl
17,15,Cl,,,,,,0.0,,,1+,298,,1,ms,0.298,0.001,EC+B+,100.0,,ECA,0.054,0.008,ECP,0.026,0.005,,1.115,0.006,,,-11134.3536,1.8568,-32731.0,200.0,-8611.7653,1.256,12680.831,0.562,14371.4714,3.492,1581.1455,0.5343,8072.4058,0.0176,31985684.605,0.603,-13334.706,0.562,N,1953.0,24-Aug-2011,CHRISTIAN OUELLET and  BALRAJ SINGH,2023-10-18,32cl
17,16,Cl,,,,,,0.0,,,3/2+,2.511,,4,s,2.511,0.004,EC+B+,100.0,,,,,,,,,0.7547,0.0003,,,-11619.0452,0.5596,-26874.3058,1.8125,-6475.4069,0.5306,5582.518,0.391,15739.9523,0.6843,2276.774,0.3908,8304.7557,0.0118,32977451.988,0.419,-21003.34,0.391,N,1940.0,31-Mar-2011,JUN CHEN AND BALRAJ SINGH,2023-10-18,33cl
17,17,Cl,,,,,,0.0,,,0+,1.5266,,4,s,1.5266,0.0004,EC+B+,100.0,,,,,,,,,,,,,-6061.793,0.0631,-23127.109,0.4035,-6664.1457,0.0814,5491.603,0.067,11508.0637,0.3938,5143.1985,0.0487,8398.9706,0.0014,33973762.49,0.052,-24440.086,0.049,N,1934.0,28-May-2012,NINEL NICA and  BALRAJ SINGH,2023-10-18,34cl
17,18,Cl,3.3654,0.0191,75.8,0.17,,0.0,,,3/2+,STABLE,,,,,,,,,,,,,,,,0.8217,2e-05,-0.0817,0.0008,-5966.2429,0.6794,-18706.5569,0.0785,-6997.903,0.0355,-167.322,0.053,12644.7639,0.0506,6370.8132,0.0424,8520.279,0.001,34968852.694,0.038,-29013.532,0.035,N,1919.0,20-Oct-2011,JUN CHEN and  JOHN CAMERON AND BALRAJ SINGH,2023-10-18,35cl
17,19,Cl,,,,,,0.0,,,2+,3.013E+5,,15,Y,9508101796144.57,47335388961.888,B-,98.1,0.1,EC+B+,1.9,0.1,,,,,1.2849,0.0003,-0.178,0.004,709.5343,0.0449,-14546.0374,0.6794,-7642.0475,0.0537,1142.133,0.191,8579.7945,0.0048,7964.7692,0.0262,8521.9322,0.001,35968306.822,0.038,-29522.008,0.036,N,1941.0,31-Dec-2011,NINEL NICA and  JOHN CAMERON AND BALRAJ SINGH,2023-10-18,36cl
17,20,Cl,3.384,0.017,24.2,0.17,,0.0,,,3/2+,STABLE,,,,,,,,,,,,,,,,0.684,1e-05,-0.0644,0.0006,-813.8729,0.2,-9601.3275,0.0584,-7849.1172,1.0912,-4865.126,0.205,10310.8617,0.064,8386.3819,0.1861,8570.2816,0.0014,36965902.573,0.055,-31761.552,0.052,N,1919.0,15-Jan-2012,JOHN CAMERON and  JUN CHEN AND BALRAJ SINGH and  NINEL NICA,2023-10-18,37cl
17,21,Cl,,,,,,0.0,,,2-,37.230,,14,m,2233.8,0.84,B-,100.0,,,,,,,,,2.05,0.02,,,4916.7109,0.2182,-6921.7552,0.2166,-7674.3302,0.8163,-2936.9,7.1,6107.8823,0.0832,10190.6611,0.2134,8505.4817,0.0026,37968010.408,0.105,-29798.116,0.098,N,1940.0,30-Sep-2017,JUN CHEN,2023-10-18,38cl
17,22,Cl,,,,,,0.0,,,3/2+,56.2,,6,m,3372.0,36.0,B-,100.0,,,,,,,,,,,,,3441.9774,5.2915,-3156.7093,1.743,-7367.3246,2.5457,-6637.546,50.03,8073.4201,1.7333,10227.9731,7.3779,8494.4032,0.0444,38968008.151,1.859,-29800.218,1.732,N,1949.0,1-Jan-2018,JUN CHEN,2023-10-18,39cl
17,23,Cl,,,,,,0.0,,,2-,1.35,,3,m,81.0,1.8,B-,100.0,,,,,,,,,,,,,7482.0816,32.0655,-2386.9411,32.453,-9731.6896,34.6434,-4719.968,32.312,5828.9185,32.1123,11684.1178,59.3986,8427.766,0.8016,39970415.466,34.423,-27557.818,32.066,N,1956.0,30-Sep-2015,JUN CHEN,2023-10-18,40cl
17,24,Cl,,,,,,0.0,,,(1/2+),38.4,,8,s,38.4,0.8,B-,100.0,,,,,,,,,,,,,5760.318,68.7243,-338.6097,68.7235,-10736.0951,78.5045,-8298.612,68.845,7820.6912,75.8361,11758.313,68.8387,8412.9593,1.6762,40970684.525,73.777,-27307.192,68.723,N,1971.0,30-Sep-2015,C.D. Nesaraja and  E.A. McCutchan,2023-10-18,41cl
17,25,Cl,,,,,,0.0,,,(2-),6.8,,3,s,6.8,0.3,B-,100.0,,,,,,,,,,,,,9590.9082,59.8947,164.4217,59.6166,-12635.1209,93.9253,-7194.022,59.681,5595.8963,90.9777,13112.1609,59.7563,8345.8864,1.4194,41973342.0,64.0,-24831.77,59.616,N,1971.0,31-May-2016,JUN CHEN{+#} AND BALRAJ SINGH,2023-10-18,42cl
17,26,Cl,,,,,,0.0,,,(1/2+),3.13,,9,s,3.13,0.09,B-,100.0,,,,,,,,,,,,,7850.3002,62.086,2191.8495,62.1275,-13809.7908,128.5119,-11964.049,62.058,7399.0588,85.9098,13810.7339,61.9216,8323.8672,1.4386,42974063.7,66.407,-24159.51,61.859,N,1976.0,31-Mar-2015,BALRAJ SINGH AND JUN CHEN{+#},2023-10-18,43cl
17,27,Cl,,,,,,0.0,,,(2-),0.56,,11,s,0.56,0.11,B-,100.0,,B-N,8.0,,,,,,-0.5498,0.0004,,,12194.2869,85.5811,3459.5192,85.731,-14764.7,119.6316,-11274.737,85.725,4390.781,105.5845,15572.484,85.7107,8234.4788,1.9447,43978014.918,91.859,-20478.973,85.566,N,1979.0,31-Jul-2011,JUN CHEN and  BALRAJ SINGH AND JOHN A. CAMERON,2023-10-18,44cl
17,28,Cl,,,,,,0.0,,,(1/2+),413,,25,ms,0.413,0.025,B-,100.0,,B-N,24.0,4.0,,,,,,,,,11508.2568,136.1643,6339.3978,136.1726,-15707.6929,181.6027,-14922.544,329.455,5854.8891,160.8169,16347.2794,136.2633,8181.5991,3.0259,44980394.353,146.177,-18262.544,136.163,N,1979.0,30-Oct-2007,T. W. BURROWS,2023-10-18,45cl
17,29,Cl,,,,,,0.0,,,(2-),232,,2,ms,0.232,0.002,B-,100.0,,B-N,60.0,9.0,,,,,,,,,16036.3062,97.2766,7964.5344,97.2501,-17251.7068,135.9562,-14374.949,411.652,3543.7223,167.3254,17684.0,315.0,8080.7757,2.1141,45985254.926,104.4,-13734.949,97.249,N,1989.0,31-AUG-2012,BALRAJ SINGH,2023-10-18,46cl
17,30,Cl,,,,,,0.0,,,,101,,6,ms,0.101,0.006,B-,100.0,,B-N,3.0,,,,,,,,,,15787.0,200.0,12120.0,200.0,-17046.0,361.0,-16780.0,447.2,3917.0,223.0,17509.0,447.0,7992.0,4.0,46989715.0,215.0,-9580.0,200.0,Y,1989.0,20-Feb-2007,T. W. BURROWS,2023-10-18,47cl
17,31,Cl,,,,,,0.0,,,,,,,,,,B-,,,,,,,,,,,,,,18075.0,500.0,13016.0,500.0,-17815.0,640.0,-16670.0,707.1,2771.0,539.0,18770.0,640.0,7883.0,10.0,47995405.0,537.0,-4280.0,500.0,Y,1989.0,30-Nov-2021,JUN CHEN,2023-10-18,48cl
17,32,Cl,,,,,,0.0,,,,170,GE,,ns,1.7e-07,,B-,,,,,,,,,,,,,,17800.0,565.0,15023.0,400.0,-17646.0,640.0,-19651.0,707.0,3051.0,640.0,18939.0,640.0,7785.0,8.0,49000794.0,429.0,740.0,400.0,Y,1989.0,14-Jul-2008,T. W. Burrows{+a},2023-10-18,49cl
17,33,Cl,,,,,,0.0,,,,,,,,,,B-,100.0,,B-N,,,B-2N,,,,,,,,20930.0,640.0,16689.0,565.0,-17565.0,640.0,,,1111.0,565.0,19980.0,707.0,7651.0,8.0,50008266.0,429.0,7700.0,400.0,Y,2009.0,15-Apr-2019,Jun Chen and Balraj Singh,2023-10-18,50cl
17,34,Cl,,,,,,0.0,,,,,,,,,,B-,100.0,,,,,,,,,,,,,20780.0,806.0,19449.0,860.0,-16945.0,922.0,,,1481.0,806.0,,,7530.0,14.0,51015341.0,751.0,14290.0,700.0,Y,1990.0,1-Mar-2016,Wang Jimin and Huang Xiaolong,2023-10-18,51cl
17,35,Cl,,,,,,0.0,,,,,,,,,,B-,100.0,,B-6N,,,B-5N,,,,,,,,23739.0,922.0,20778.0,806.0,,,,,2.0,989.0,,,7386.0,13.0,52024004.0,751.0,22360.0,700.0,Y,2018.0,21-MAY-2021,BALRAJ SINGH,2023-10-18,52cl
18,12,Ar,,,,,,0.0,,,0+,10,LT,,ps,1e-11,,2P,100.0,,,,,,,,,,,,,,,,,-8034.0,626.0,17396.452,180.585,23969.0,474.0,-760.0,128.0,6866.0,6.0,30023694.0,192.0,22071.0,179.0,Y,2015.0,15-JAN-2016,BALRAJ SINGH,2023-10-18,30ar
18,13,Ar,,,,,,0.0,,,5/2+,15.0,,3,ms,0.015,0.0003,EC+B+,100.0,,B+P,68.3,0.3,B+2P,8.9,0.2,,,,,,-22935.0,361.0,,,-8590.0,447.0,18359.552,200.03,18817.0,268.0,638.0,201.0,7252.0,6.0,31012158.0,215.0,11325.0,200.0,Y,1986.0,24-Jun-2022,Jun Chen and Balraj Singh,2023-10-18,31ar
18,14,Ar,3.3468,0.0062,,,,0.0,,,0+,98,,2,ms,0.098,0.002,EC+B+,100.0,,ECP,35.58,0.22,,,,,,,,,-24190.0,400.0,-44532.0,300.0,-8698.4711,160.0098,11134.354,1.857,21597.0,200.0,2454.7709,3.8744,7700.0089,0.0553,31997637.824,1.9,-2200.352,1.77,N,1977.0,24-Aug-2011,CHRISTIAN OUELLET and  BALRAJ SINGH,2023-10-18,32ar
18,15,Ar,3.3438,0.0058,,,,0.0,,,1/2+,173.0,,20,ms,0.173,0.002,EC+B+,100.0,,ECP,38.7,1.0,,,,,-0.723,0.006,,,-16925.0,200.0,-39445.0,400.0,-8714.7873,13.0471,11619.045,0.56,15255.2606,1.8146,3338.5601,0.6899,7928.9559,0.0121,32989925.545,0.43,-9384.295,0.401,N,1964.0,31-Mar-2011,JUN CHEN AND BALRAJ SINGH,2023-10-18,33ar
18,16,Ar,3.3654,0.004,,,,0.0,,,0+,843.8,,4,ms,0.8438,0.0004,EC+B+,100.0,,,,,,,,,,,,,-17158.0,196.0,-33990.0,200.0,-6743.9542,0.2203,6061.793,0.092,17065.3159,0.408,4663.9237,0.3984,8197.6724,0.0023,33980270.092,0.083,-18378.293,0.078,N,1966.0,28-May-2012,NINEL NICA and  BALRAJ SINGH,2023-10-18,34ar
18,17,Ar,3.3636,0.0042,,,,0.0,,,3/2+,1.7756,,10,s,1.7756,0.001,EC+B+,100.0,,,,,,,,,0.632,0.0002,-0.084,0.015,-11874.3955,0.8516,-29898.0,196.0,-6429.6731,0.7179,5966.243,0.681,12740.314,0.6839,5896.174,0.6813,8327.4621,0.0194,34975257.719,0.73,-23047.289,0.68,N,1940.0,20-Oct-2011,JUN CHEN and  JOHN CAMERON AND BALRAJ SINGH,2023-10-18,35ar
18,18,Ar,3.3905,0.0023,0.3336,0.021,,0.0,,,0+,STABLE,,,,,,,,,,,,,,,,1.0,0.4,0.11,0.06,-12814.3607,0.3259,-27129.9671,0.513,-6640.921,0.027,-709.534,0.045,15255.5716,0.6808,8506.9817,0.0446,8519.9096,0.0008,35967545.106,0.028,-30231.542,0.027,N,1920.0,31-Dec-2011,NINEL NICA and  JOHN CAMERON AND BALRAJ SINGH,2023-10-18,36ar
18,19,Ar,3.3908,0.0022,,,,0.0,,,3/2+,35.011,,19,d,3024950.4,1641.6,EC,100.0,,,,,,,,,1.146,0.005,0.076,0.003,-6147.4775,0.227,-21601.8153,0.3852,-6786.7364,0.2066,813.873,0.213,8787.4546,0.2084,8714.6419,0.21,8527.1406,0.0056,36966776.301,0.221,-30947.679,0.207,N,1941.0,15-Jan-2012,JOHN CAMERON and  JUN CHEN AND BALRAJ SINGH and  NINEL NICA,2023-10-18,37ar
18,20,Ar,3.4028,0.0019,0.0629,0.007,,0.0,,,0+,STABLE,,,,,,,,,,,,,,,,0.48,0.24,,,-5914.0671,0.0448,-17985.9435,0.2164,-7208.0532,0.2,-4916.711,0.218,11838.466,0.2841,10242.2461,0.2017,8614.2807,0.0051,37962732.102,0.209,-34714.827,0.195,N,1934.0,30-Sep-2017,JUN CHEN,2023-10-18,38ar
18,21,Ar,3.4093,0.0031,,,,0.0,,,7/2-,268,,8,Y,8457256161.190656,252455407.796736,B-,100.0,,,,,,,,,-1.59,0.015,-0.116,0.002,565.0,5.0,-12512.7537,5.0038,-6820.9014,5.0002,-3441.977,5.291,6598.6867,5.0038,10733.0505,5.001,8562.5988,0.1282,38964313.037,5.367,-33242.195,5.0,N,1950.0,1-Jan-2018,JUN CHEN,2023-10-18,39ar
18,22,Ar,3.4274,0.0026,99.6035,0.025,,0.0,,,0+,STABLE,,,,,,,,,,,,,,,,-0.04,0.06,0.01,0.04,-1504.4031,0.0559,-9304.0227,0.004,-6800.675,0.1881,-7482.082,32.066,9869.0227,5.0,12528.6531,1.7321,8595.2594,0.0002,39962383.12204,0.00234,-35039.89997,0.00218,N,1920.0,30-Sep-2015,JUN CHEN,2023-10-18,40ar
18,23,Ar,3.4251,0.003,,,,0.0,,,7/2-,109.61,,4,m,6576.6,2.4,B-,100.0,,,,,,,,,-1.31,0.008,-0.042,0.004,2492.0392,0.3473,-7603.3308,0.3518,-8595.9996,0.3999,-5760.318,68.724,6098.9277,0.3473,12798.6622,32.0674,8534.3733,0.0085,40964500.57,0.372,-33067.51,0.347,N,1936.0,30-Sep-2015,C.D. Nesaraja and  E.A. McCutchan,2023-10-18,41ar
18,24,Ar,3.4414,0.0041,,,,0.0,,,0+,32.9,,11,Y,1038222864.5640768,34712618.5720512,B-,100.0,,,,,,,,,,,,,599.3527,5.7763,-6934.4473,5.7754,-9986.378,9.2083,-9590.908,59.895,9426.4865,5.7858,14404.4575,68.9657,8555.6141,0.1375,41963045.737,6.2,-34422.678,5.775,N,1952.0,31-May-2016,JUN CHEN{+#} AND BALRAJ SINGH,2023-10-18,42ar
18,25,Ar,3.4354,0.0039,,,,0.0,,,5/2(-),5.37,,6,m,322.2,3.6,B-,100.0,,,,,,,,,-1.022,0.006,0.142,0.014,4565.5836,5.3254,-5059.0981,5.3107,-11272.0549,50.2811,-7850.301,62.086,5658.4507,7.845,14467.012,59.8516,8488.2382,0.1235,42965636.056,5.7,-32009.811,5.31,N,1969.0,31-Mar-2015,BALRAJ SINGH AND JUN CHEN{+#},2023-10-18,43ar
18,26,Ar,3.4454,0.0046,,,,0.0,,,0+,11.87,,5,m,712.2,3.0,B-,100.0,,,,,,,,,,,,,3108.2375,1.6381,-4169.184,1.6357,-12260.3265,4.2854,-12194.287,85.581,8734.7676,5.5407,15802.7209,61.8788,8493.8411,0.036,43964923.814,1.7,-32673.26,1.584,N,1969.0,31-Jul-2011,JUN CHEN and  BALRAJ SINGH AND JOHN A. CAMERON,2023-10-18,44ar
18,27,Ar,,,,,,0.0,,,5/2- 7/2-,21.48,,15,s,21.48,0.15,B-,100.0,,,,,,,,,,,,,6844.8422,0.7311,-2060.6216,0.662,-13187.1372,4.1305,-11508.257,136.164,5168.859,1.6644,16580.7989,85.568,8419.9526,0.0114,44968039.731,0.55,-29770.801,0.512,N,1974.0,30-Oct-2007,T. W. BURROWS,2023-10-18,45ar
18,28,Ar,3.4377,0.0044,,,,0.0,,,0+,8.4,,6,s,8.4,0.6,B-,100.0,,,,,,,,,,,,,5642.6746,2.4394,-1226.9295,2.3864,-14558.4231,3.6376,-16036.306,97.277,8071.7717,2.3844,18797.6815,136.1833,8412.3835,0.0506,45968039.244,2.5,-29771.255,2.329,N,1974.0,15-Jul-2000,S. -C. WU,2023-10-18,46ar
18,29,Ar,,,,,,0.0,,,(3/2)-,1.23,,3,s,1.23,0.03,B-,100.0,,B-N,0.2,,,,,,,,,,10344.7078,1.849,1975.3375,1.4122,-15596.7293,5.1156,-15787.274,200.004,3667.3371,2.6248,18921.2963,97.2563,8311.425,0.0258,46972767.112,1.3,-25367.274,1.211,N,1985.0,20-Feb-2007,T. W. BURROWS,2023-10-18,47ar
18,30,Ar,,,,,,0.0,,,0+,416,,19,ms,0.416,0.019,B-,100.0,,B-N,38.0,6.0,,,,,,,,,9929.555,16.7847,5285.7367,16.825,-15575.6067,17.5596,-18074.927,500.281,5058.9711,16.8106,20063.0,201.0,8243.6656,0.3493,47976001.0,18.0,-22354.927,16.767,N,2004.0,30-Nov-2021,JUN CHEN,2023-10-18,48ar
18,31,Ar,,,,,,0.0,,,,170,,50,ms,0.17,0.05,B-,100.0,,B-N,65.0,20.0,,,,,,,,,12551.0,400.0,7153.0,400.0,-16145.0,500.0,-17800.0,565.6,2777.0,400.0,20069.0,640.0,8132.0,8.0,48981685.0,429.0,-17060.0,400.0,Y,1989.0,14-Jul-2008,T. W. Burrows{+a},2023-10-18,49ar
18,32,Ar,,,,,,0.0,,,0+,106,,6,ms,0.106,0.006,B-,100.0,,B-N,37.0,7.0,B-2N,,,,,,,,12498.0,500.0,8310.0,500.0,-16295.0,640.0,-20930.0,640.3,4241.0,640.0,21259.0,640.0,8054.0,10.0,49985797.0,537.0,-13230.0,500.0,Y,1989.0,15-Apr-2019,Jun Chen and Balraj Singh,2023-10-18,50ar
18,33,Ar,,,,,,0.0,,,,,,,,,,B-,100.0,,,,,,,,,,,,,16026.0,400.0,11167.0,400.0,-16115.0,565.0,-20780.0,806.2,1331.0,640.0,21478.0,565.0,7922.0,8.0,50993033.0,429.0,-6490.0,400.0,Y,1989.0,1-Mar-2016,Wang Jimin and Huang Xiaolong,2023-10-18,51ar
18,34,Ar,,,,,,0.0,,,0+,,,,,,,B-,100.0,,B-2N,,,B-3N,,,,,,,,15758.0,601.0,13065.0,600.0,-16194.0,781.0,,,2961.0,721.0,22959.0,922.0,7827.0,12.0,51998519.0,644.0,-1380.0,600.0,Y,2009.0,21-MAY-2021,BALRAJ SINGH,2023-10-18,52ar
18,35,Ar,,,,,,0.0,,,,620,GT,,ns,6.2e-07,,B-2N,,,B-N,,,B-,,,,,,,,19086.0,708.0,15857.0,699.0,-16025.0,910.0,,,-99.0,921.0,22858.0,989.0,7677.0,13.0,53007290.0,750.0,6791.0,699.0,Y,2009.0,15-MAY-2011,BALRAJ SINGH,2023-10-18,53ar
19,12,K,,,,,,0.0,,,,10,LT,,ps,1e-11,,P,100.0,,,,,,,,,,,,,,,,,,,,,,,-4900.0,349.0,6487.0,10.0,31036780.0,322.0,34260.0,300.0,Y,2019.0,24-Jun-2022,Jun Chen and Balraj Singh,2023-10-18,31k
19,14,K,,,,,,0.0,,,,25,LT,,ns,2.5e-08,,P,,,,,,,,,,,,,,-23489.0,447.0,,,-8907.0,275.0,16924.295,200.0,22521.0,447.0,-2452.0,200.0,7392.0,6.0,33008095.0,215.0,7540.0,200.0,Y,,31-Mar-2011,JUN CHEN AND BALRAJ SINGH,2023-10-18,33k
19,15,K,,,,,,0.0,,,,25,LT,,ns,2.5e-08,,P,,,,,,,,,,,,,,-16110.0,358.0,-40322.0,445.0,-8320.0,197.0,17158.293,196.0,16832.0,280.0,-875.0,196.0,7670.0,6.0,33998690.0,210.0,-1220.0,196.0,Y,,28-May-2012,NINEL NICA and  BALRAJ SINGH,2023-10-18,34k
19,16,K,,,,,,0.0,,,(3/2)+,178,,8,ms,0.178,0.008,EC+B+,100.0,,ECP,0.37,0.15,,,,,0.392,0.007,,,-16363.0,200.0,-34134.0,300.0,-6563.2566,3.4844,11874.396,0.851,18024.0,196.0,83.5716,0.5182,7965.8409,0.0146,34988005.406,0.55,-11172.893,0.512,N,1976.0,20-Oct-2011,JUN CHEN and  JOHN CAMERON AND BALRAJ SINGH,2023-10-18,35k
19,17,K,,,,,,0.0,,,2+,341,,3,ms,0.341,0.003,EC+B+,100.0,,ECP,0.048,0.014,ECA,0.0034,0.0013,,0.548,0.001,,,-10966.0155,40.0013,-30679.0,200.0,-6507.3916,0.6061,12814.36,0.32,14315.6064,0.6068,1658.8639,0.754,8142.2233,0.009,35981301.887,0.349,-17417.182,0.325,N,1967.0,31-Dec-2011,NINEL NICA and  JOHN CAMERON AND BALRAJ SINGH,2023-10-18,36k
19,18,K,,,,,,0.0,,,3/2+,1.225,,7,s,1.225,0.007,EC+B+,100.0,,,,,,,,,0.20321,6e-05,0.109,0.004,-11664.1314,0.6412,-26420.3532,40.0001,-6221.777,0.4019,6147.478,0.227,15454.3377,0.3381,1857.6301,0.09,8339.848,0.0025,36973375.89,0.1,-24800.201,0.094,N,1958.0,15-Jan-2012,JOHN CAMERON and  JUN CHEN AND BALRAJ SINGH and  NINEL NICA,2023-10-18,37k
19,19,K,3.4264,0.0051,,,,0.0,,,3+,7.651,,19,m,459.06,1.14,EC+B+,100.0,,,,,,,,,1.371,0.006,,,-6742.2563,0.0626,-23736.0078,0.6637,-6785.5898,0.2013,5914.067,0.276,12071.8765,0.2167,5142.0519,0.2843,8438.0593,0.0051,37969081.114,0.209,-28800.76,0.195,N,1937.0,30-Sep-2017,JUN CHEN,2023-10-18,38k
19,20,K,3.4349,0.0019,93.2581,0.0044,,0.0,,,3/2+,STABLE,,,,,,,,,,,,,,,,0.39147,8e-06,0.603,0.006,-6524.4888,0.5962,-19820.0101,0.1944,-7218.5796,0.0358,-565.0,5.0,13077.7537,0.1953,6381.3397,0.195,8557.0258,0.0003,38963706.48482,0.00489,-33807.19535,0.00456,N,1921.0,1-Jan-2018,JUN CHEN,2023-10-18,39k
19,21,K,3.4381,0.0028,0.0117,0.0001,,0.0,,,4-,1.248E+9,,3,Y,3.938304361629082e+16,94670777923776.0,B-,89.28,0.11,EC+B+,10.72,0.11,,,,,-1.29797,3e-05,-0.75,0.008,1310.9051,0.0596,-14324.1083,0.5988,-6438.4047,0.0665,1504.403,0.056,7799.6195,0.0559,7582.2725,5.0003,8538.0907,0.0014,39963998.165,0.06,-33535.497,0.056,N,1935.0,30-Sep-2015,JUN CHEN,2023-10-18,40k
19,22,K,3.4518,0.0055,6.7302,0.0044,,0.0,,,3/2+,STABLE,,,,,,,,,,,,,,,,0.214872,5e-06,0.734,0.007,-421.6406,0.1377,-8784.4649,0.0208,-6222.913,0.0519,-2492.039,0.347,10095.37,0.056,7808.6199,0.0031,8576.0731,0.0003,40961825.25611,0.00403,-35559.5488,0.00376,N,1921.0,30-Sep-2015,C.D. Nesaraja and  E.A. McCutchan,2023-10-18,41k
19,23,K,3.4517,0.007,,,,0.0,,,2-,12.355,,7,h,44478.0,25.2,B-,100.0,,,,,,,,,-1.1425,0.0006,,,3525.2626,0.1825,-7955.4406,0.1738,-7648.8307,0.1445,-599.353,5.776,7533.8,0.1061,9243.4922,0.3631,8551.2571,0.0025,41962402.305,0.113,-35022.031,0.106,N,1935.0,31-May-2016,JUN CHEN{+#} AND BALRAJ SINGH,2023-10-18,42k
19,24,K,3.4556,0.0086,,,,0.0,,,3/2+,22.3,,1,h,80280.0,360.0,B-,100.0,,,,,,,,,0.1633,0.0008,,,1833.4783,0.4687,-6099.4191,0.4359,-9200.0923,1.7799,-4565.583,5.326,9624.6817,0.4234,9441.6874,5.7899,8576.2204,0.0095,42960734.701,0.44,-36575.394,0.41,N,1949.0,31-Mar-2015,BALRAJ SINGH AND JUN CHEN{+#},2023-10-18,43k
19,25,K,3.4563,0.0101,,,,0.0,,,2-,22.13,,19,m,1327.8,11.4,B-,100.0,,,,,,,,,-0.856,0.004,,,5687.2319,0.5303,-5443.9432,0.4769,-10648.5952,32.0682,-3108.238,1.638,7277.4215,0.5862,11060.6581,5.3261,8546.7023,0.0095,43961586.984,0.45,-35781.498,0.419,N,1954.0,31-Jul-2011,JUN CHEN and  BALRAJ SINGH AND JOHN A. CAMERON,2023-10-18,44k
19,26,K,3.4605,0.0118,,,,0.0,,,3/2+,17.81,,61,m,1068.6,36.6,B-,100.0,,,,,,,,,0.1734,0.0008,,,4196.5868,0.6369,-3218.2318,0.6145,-11733.3678,68.7255,-6844.842,0.731,8905.4638,0.6692,11231.3543,1.6672,8554.6747,0.0116,44960691.491,0.56,-36615.643,0.522,N,1964.0,30-Oct-2007,T. W. BURROWS,2023-10-18,45k
19,27,K,3.4558,0.0126,,,,0.0,,,(2-),105,,10,s,105.0,10.0,B-,100.0,,,,,,,,,-1.051,0.006,,,7725.6802,2.349,-2673.0173,0.8133,-13007.0756,59.6201,-5642.674,2.44,6869.6041,0.8944,12932.0993,0.889,8518.0428,0.0158,45961981.584,0.78,-35413.929,0.727,N,1965.0,15-Jul-2000,S. -C. WU,2023-10-18,46k
19,28,K,3.4534,0.0138,,,,0.0,,,1/2+,17.50,,24,s,17.5,0.24,B-,100.0,,,,,,,,9/2,1.933,0.009,,,6632.6837,2.6237,-643.6901,2.6348,-13977.3871,61.8743,-10344.708,1.849,8369.3703,1.5749,13229.6979,2.7157,8514.8795,0.0297,46961661.612,1.5,-35711.982,1.397,N,1964.0,20-Feb-2007,T. W. BURROWS,2023-10-18,47k
19,29,K,,,,,,0.0,,,1(-),6.8,,2,s,6.8,0.2,B-,100.0,,B-N,1.14,0.15,,,,,,,,,11940.3857,0.7734,1988.8654,2.3515,-14230.4245,85.5699,-9929.555,16.785,4643.8184,1.5969,14206.1791,1.4367,8434.2324,0.0161,47965341.184,0.83,-32284.482,0.773,N,1972.0,30-Nov-2021,JUN CHEN,2023-10-18,48k
19,30,K,,,,,,0.0,,,(1/2+ 3/2+),1.26,,5,s,1.26,0.05,B-,100.0,,B-N,86.0,9.0,,,,,1.3386,0.0008,,,11688.5069,0.8205,6542.0539,0.8013,-13773.8671,136.1657,-12551.496,400.001,5398.3318,1.1133,14545.5398,16.786,8372.2753,0.0164,48968210.753,0.86,-29611.496,0.801,N,1972.0,28-FEB-2011,BALRAJ SINGH,2023-10-18,49k
19,31,K,,,,,,0.0,,,0(-),472,,4,ms,0.472,0.004,B-,100.0,,B-N,29.0,3.0,B-2N,,,,,,,,13861.3774,7.8919,7500.8319,7.7334,-14417.8198,97.5556,-12497.853,500.06,4187.675,7.7728,15957.0,400.0,8288.5833,0.1546,49972380.015,8.3,-25727.853,7.731,N,1972.0,15-Apr-2019,Jun Chen and Balraj Singh,2023-10-18,50k
19,32,K,,,,,,0.0,,,3/2+,365,,5,ms,0.365,0.005,B-,100.0,,B-N,65.0,8.0,,,,,0.513,0.002,,,13816.8529,13.0517,9002.4553,13.1371,-15360.0,201.0,-16025.457,400.213,4858.9221,15.1608,16574.0,500.0,8221.335,0.2557,50975828.664,14.0,-22515.457,13.041,N,1983.0,1-Mar-2016,Wang Jimin and Huang Xiaolong,2023-10-18,51k
19,33,K,,,,,,0.0,,,(2-),110,,6,ms,0.11,0.006,B-,100.0,,B-N,74.0,9.0,B-2N,2.3,0.3,,,,,,17128.6431,33.5405,11123.3631,33.5378,-15282.0,501.0,-15757.628,600.936,2693.4898,35.9804,17937.0,401.0,8115.0303,0.6449,51981602.0,36.0,-17137.628,33.534,N,1983.0,10-Jul-2015,YANG DONG and  HUO JUNDE,2023-10-18,52k
19,34,K,,,,,,0.0,,,(3/2+),30,,5,ms,0.03,0.005,B-,100.0,,B-N,67.0,,B-2N,17.0,,,,,,,17091.9853,120.0471,13899.2313,111.7813,-15460.0,415.0,-19086.722,707.881,3229.4117,116.701,18205.0,610.0,8022.8488,2.109,52986800.0,120.0,-12295.722,111.779,N,1983.0,31-Mar-2007,HUO JUNDE,2023-10-18,53k
19,35,K,,,,,,0.0,,,2-,10,,5,ms,0.01,0.005,B-,100.0,,B-2N,,,B-N,,,,,,,,20010.0,403.0,16166.0,402.0,-15275.0,565.0,,,926.0,415.0,19230.0,805.0,7891.0,7.0,53994471.0,429.0,-5150.0,400.0,Y,1983.0,20-Jun-2014,YANG DONG and  HUO JUNDE,2023-10-18,54k
19,36,K,,,,,,0.0,,,(3/2+),,,,,,,B-,100.0,,B-N,,,B-4N,,,,,,,,19121.0,525.0,17560.0,503.0,-16245.0,860.0,,,2451.0,640.0,19379.0,944.0,7792.0,9.0,55000505.0,537.0,470.0,500.0,Y,2009.0,30-Apr-2022,Balraj Singh,2023-10-18,55k
19,37,K,,,,,,0.0,,,,,,,,,,B-,100.0,,B-N,,,B-2N,,,,,,,,21491.0,650.0,18559.0,621.0,-16804.0,922.0,,,562.0,781.0,,,7663.0,11.0,56008567.0,644.0,7980.0,600.0,Y,2009.0,25-Mar-2022,Balraj Singh,2023-10-18,56k
20,14,Ca,,,,,,0.0,,,0+,35,LT,,ns,3.5e-08,,P,,,2P,,,,,,,,,,,,,,,-9606.0,349.0,16110.0,358.3,24211.0,500.0,-61.0,361.0,7173.0,9.0,34015985.0,322.0,14890.0,300.0,Y,,28-May-2012,NINEL NICA and  BALRAJ SINGH,2023-10-18,34ca
20,15,Ca,,,,,,0.0,,,(1/2+),25.7,,2,ms,0.0257,0.0002,EC+B+,100.0,,ECP,95.9,1.4,EC2P,4.1,0.6,,,,,,-21910.0,447.0,,,-8560.0,283.0,16362.893,200.001,17771.0,361.0,878.0,280.0,7476.0,6.0,35005572.0,215.0,5190.0,200.0,Y,1985.0,20-Oct-2011,JUN CHEN and  JOHN CAMERON AND BALRAJ SINGH,2023-10-18,35ca
20,16,Ca,,,,,,0.0,,,0+,101.2,,20,ms,0.1012,0.002,EC+B+,100.0,,ECP,51.2,1.0,,,,,,,,,-22601.0,303.0,-41622.0,402.0,-6675.7297,40.0391,10966.016,40.001,19713.0,204.0,2567.2439,40.0033,7815.8799,1.1111,35993074.388,42.941,-6451.166,40.0,N,1977.0,31-Dec-2011,NINEL NICA and  JOHN CAMERON AND BALRAJ SINGH,2023-10-18,36ca
20,17,Ca,,,,,,0.0,,,(3/2+),181.1,,10,ms,0.1811,0.001,EC+B+,100.0,,ECP,82.1,0.7,,,,,,,,,-16916.0,300.0,-37358.0,300.0,-6176.6909,0.7502,11664.131,0.641,14756.2218,40.005,3007.8594,0.7128,8003.4567,0.0171,36985897.849,0.68,-13136.07,0.634,N,1964.0,15-Jan-2012,JOHN CAMERON and  JUN CHEN AND BALRAJ SINGH and  NINEL NICA,2023-10-18,37ca
20,18,Ca,,,,,,0.0,,,0+,443.76,,35,ms,0.44376,0.00035,EC+B+,100.0,,,,,,,,,,,,,-17809.0,200.0,-33910.0,300.0,-6105.1265,0.2093,6742.257,0.275,16993.7515,0.6634,4547.2731,0.2159,8240.0434,0.0051,37976319.223,0.208,-22058.503,0.194,N,1966.0,30-Sep-2017,JUN CHEN,2023-10-18,38ca
20,19,Ca,3.4595,0.0025,,,,0.0,,,3/2+,860.3,,10,ms,0.8603,0.001,EC+B+,100.0,,,,,,,,,1.0214,0.00016,0.038,0.003,-13109.9804,24.0074,-31105.0,200.0,-6660.3337,0.9046,6524.488,0.596,13295.5213,0.6271,5770.918,0.6273,8369.6711,0.0153,38970710.811,0.64,-27282.707,0.596,N,1943.0,1-Jan-2018,JUN CHEN,2023-10-18,39ca
20,20,Ca,3.4776,0.0019,96.941,0.156,,0.0,,,0+,STABLE,,,,,,,,,,,,,,,,1.6,0.3,,,-14323.0493,2.8281,-28744.9938,24.0,-7039.7755,0.0339,-1310.905,0.059,15635.0134,0.5965,8328.1776,0.021,8551.3046,0.0006,39962590.85,0.022,-34846.402,0.02,N,1922.0,30-Sep-2015,JUN CHEN,2023-10-18,40ca
20,21,Ca,3.478,0.0019,,,,0.0,,,7/2-,9.94E+4,,15,Y,3136758441874.445,47335388961.888,EC,100.0,,,,,,,,,-1.59443,7e-05,-0.0665,0.0018,-6495.5482,0.1553,-22685.8736,2.8314,-6615.1452,0.2483,421.641,0.138,8362.8243,0.1362,8891.3824,0.1486,8546.7075,0.0034,40962277.905,0.147,-35137.908,0.138,N,1939.0,30-Sep-2015,C.D. Nesaraja and  E.A. McCutchan,2023-10-18,41ca
20,22,Ca,3.5081,0.0021,0.647,0.023,,0.0,,,0+,STABLE,,,,,,,,,,,,,,,,0.08,0.12,-0.19,0.08,-6426.2904,0.0485,-17976.2514,0.1579,-6257.3824,0.245,-3525.262,0.182,11480.7032,0.0556,10276.7156,0.1485,8616.5646,0.0035,41958617.78,0.159,-38547.293,0.148,N,1934.0,31-May-2016,JUN CHEN{+#} AND BALRAJ SINGH,2023-10-18,42ca
20,23,Ca,3.4954,0.0019,0.135,0.01,,0.0,,,7/2-,STABLE,,,,,,,,,,,,,,,,-1.31733,6e-05,-0.0408,0.0008,-2220.7227,1.865,-14359.1877,0.1797,-7591.5931,5.0052,-1833.479,0.469,7932.8974,0.1731,10675.813,0.2509,8600.6653,0.0053,42958766.381,0.244,-38408.873,0.227,N,1934.0,31-Mar-2015,BALRAJ SINGH AND JUN CHEN{+#},2023-10-18,43ca
20,24,Ca,3.5179,0.0021,2.086,0.11,,0.0,,,0+,STABLE,,,,,,,,,,,,,,,,,,,,-3652.6948,1.7565,-13351.8979,1.8795,-8853.7456,0.3247,-5687.232,0.53,11131.1752,0.2345,12182.3064,0.5229,8658.1769,0.0074,43955481.489,0.348,-41468.73,0.325,N,1922.0,31-Jul-2011,JUN CHEN and  BALRAJ SINGH AND JOHN A. CAMERON,2023-10-18,44ca
20,25,Ca,3.4944,0.0021,,,,0.0,,,7/2-,162.61,,9,d,14049504.0,7776.0,B-,100.0,,,,,,,,,-1.3264,0.0013,0.038,0.012,260.091,0.7377,-11067.5134,1.7647,-10169.6366,0.5041,-4196.587,0.637,7414.8186,0.1715,12319.7036,0.5561,8630.5467,0.0081,44956186.27,0.392,-40812.23,0.365,N,1940.0,30-Oct-2007,T. W. BURROWS,2023-10-18,45ca
20,26,Ca,3.4953,0.002,0.004,0.003,,0.0,,,0+,STABLE,,,,,,,,,,,,,,,,,,,,-1377.9665,2.3305,-10138.6065,2.3282,-11141.8475,6.1923,-7725.681,2.349,10398.6975,2.2634,13812.9373,2.2939,8668.9848,0.0486,45953687.726,2.398,-43139.61,2.234,N,1938.0,15-Jul-2000,S. -C. WU,2023-10-18,46ca
20,27,Ca,3.4783,0.0024,,,,0.0,,,7/2-,4.536,,3,d,391910.4,259.2,B-,100.0,,,,,,,,7/2,-1.4064,0.0011,0.084,0.006,1992.177,1.1849,-8654.3403,2.318,-12759.7706,5.7553,-6632.683,2.624,7276.3738,0.2682,14219.7071,2.3366,8639.3548,0.0473,46954541.134,2.384,-42344.665,2.221,N,1951.0,20-Feb-2007,T. W. BURROWS,2023-10-18,47ca
20,28,Ca,3.4771,0.002,0.187,0.021,,0.0,,,0+,2.9E19,,+42-11,Y,9.15150853263168e+26,8.36258538326688e+26,2B-,78.0,,2B-,74.0,,B-,22.0,,,,,,,279.2155,4.9499,-7959.3433,1.9308,-13976.5233,1.5836,-11940.386,0.773,9951.5203,2.2207,15801.8571,1.3974,8666.6916,0.0004,47952522.654,0.018,-44224.868,0.018,N,1938.0,30-Nov-2021,JUN CHEN,2023-10-18,48ca
20,29,Ca,,,,,,0.0,,,3/2-,8.718,,6,m,523.08,0.36,B-,100.0,,,,,,,,,-1.3799,0.0008,-0.036,0.003,5262.4445,2.2745,-4867.2375,4.953,-13954.1172,0.5422,-11688.507,0.821,5146.4529,0.1766,16304.4917,0.7933,8594.85,0.0036,48955662.625,0.19,-41300.003,0.178,N,1950.0,14-Jul-2008,T. W. Burrows{+a},2023-10-18,49ca
20,30,Ca,3.5168,0.0064,,,,0.0,,,0+,13.45,,5,s,13.45,0.05,B-,100.0,,,,,,,,,,,,,4947.8903,2.9723,-1098.1011,2.7658,-12242.8911,2.8161,-13861.377,7.892,6360.5456,1.5935,17266.7054,1.7746,8550.1639,0.0317,49957499.215,1.7,-39589.23,1.584,N,1964.0,15-Apr-2019,Jun Chen and Balraj Singh,2023-10-18,50ca
20,31,Ca,,,,,,0.0,,,3/2(-),10.0,,8,s,10.0,0.8,B-,100.0,,B-N,,,,,,,-1.0496,0.0011,0.036,0.012,6918.0432,2.5686,133.4927,2.5688,-13389.9515,1.3185,-13816.853,13.051,4814.3976,1.6672,17893.428,7.749,8476.9135,0.0102,50960995.663,0.56,-36332.31,0.522,N,1980.0,1-Mar-2016,Wang Jimin and Huang Xiaolong,2023-10-18,51ca
20,32,Ca,,,,,,0.0,,,0+,4.6,,3,s,4.6,0.3,B-,100.0,,B-N,,,,,,,,,,,6257.2889,3.1463,912.7632,2.6029,-14336.2605,16.7803,-17128.644,33.541,6005.28,0.8497,19039.7859,13.0585,8429.3821,0.0129,51963213.646,0.72,-34266.272,0.671,N,1985.0,10-Jul-2015,YANG DONG and  HUO JUNDE,2023-10-18,52ca
20,33,Ca,,,,,,0.0,,,(1/2-),461,,90,ms,0.461,0.09,B-,100.0,,B-N,40.0,10.0,,,,,,,,,9381.8471,47.2223,3064.5349,43.888,-14752.0,402.0,-17091.985,120.047,3192.7539,43.7854,19539.05,55.1473,8330.5778,0.826,52968451.0,47.0,-29387.707,43.78,N,1983.0,28-MAY-2021,BALRAJ SINGH,2023-10-18,53ca
20,34,Ca,,,,,,0.0,,,0+,107,,14,ms,0.107,0.014,B-,100.0,,B-2N,,,B-N,,,,,,,,9277.3463,50.4129,5537.6493,51.5698,-14355.0,503.0,-20010.587,402.922,3844.1978,65.291,20153.8361,121.8229,8247.4967,0.897,53972989.0,52.0,-25160.587,48.438,N,1997.0,20-Jun-2014,YANG DONG and  HUO JUNDE,2023-10-18,54ca
20,35,Ca,,,,,,0.0,,,(5/2-),22,,2,ms,0.022,0.002,B-,100.0,,B-2N,,,B-N,,,,,,,,12191.7329,171.9435,7716.2405,160.8251,-14586.0,431.0,-19120.375,525.042,1561.1058,167.3789,20789.0,431.0,8125.926,2.913,54979978.0,172.0,-18650.375,160.217,N,1997.0,30-Apr-2022,Balraj Singh,2023-10-18,55ca
20,36,Ca,,,,,,0.0,,,0+,11,,2,ms,0.011,0.002,B-,100.0,,B-N,,,B-3N,,,,,,,,12005.458,360.2029,9260.3993,257.3236,-14556.0,650.0,-21490.39,649.86,2931.3336,296.6308,21270.0,559.0,8033.1654,4.4579,55985496.0,268.0,-13510.39,249.64,N,1997.0,25-Mar-2022,Balraj Singh,2023-10-18,56ca
20,37,Ca,,,,,,0.0,,,,620,GT,,ns,6.2e-07,,B-2N,,,B-N,,,B-,,,,,,,,14820.0,438.0,10885.0,477.0,-15775.0,805.0,,,1121.0,471.0,21829.0,721.0,7912.0,7.0,56992958.0,429.0,-6560.0,400.0,Y,2009.0,12-APR-2010,BALRAJ SINGH,2023-10-18,57ca
20,38,Ca,,,,,,0.0,,,0+,620,GT,,ns,6.2e-07,,B-N,,,B-,,,,,,,,,,,13949.0,535.0,11778.0,532.0,-16516.0,944.0,,,3042.0,640.0,22949.0,781.0,7828.0,9.0,57998357.0,537.0,-1530.0,500.0,Y,2009.0,12-Jan-2010,CAROLINE D. NESARAJA and  SCOTT D. GERAEDTS AND BALRAJ SINGH,2023-10-18,58ca
21,17,Sc,,,,,,0.0,,,,,,,,,,P,,,,,,,,,,,,,,-15619.0,361.0,-37491.0,447.0,-5454.0,280.0,17809.503,200.0,16101.0,361.0,-1598.0,200.0,7751.0,5.0,37995438.0,215.0,-4249.0,200.0,Y,,30-Sep-2017,JUN CHEN,2023-10-18,38sc
21,18,Sc,,,,,,0.0,,,(7/2-),300,LT,,ns,3e-07,,P,100.0,,,,,,,,,,,,,-16673.0,202.0,-33614.0,301.0,-5424.7488,24.0055,13109.981,24.007,17995.0,202.0,-596.8061,24.0008,8013.4575,0.6154,38984784.953,25.765,-14172.726,24.0,N,1988.0,1-Jan-2018,JUN CHEN,2023-10-18,39sc
21,19,Sc,,,,,,0.0,,,4-,182.3,,7,ms,0.1823,0.0007,EC+B+,100.0,,ECP,0.44,0.07,ECA,0.017,0.005,1,,,,,-11529.9139,68.3023,-31095.0,200.0,-5531.0869,2.8468,14323.049,2.828,14421.9445,24.1661,529.6171,2.8904,8173.6697,0.0707,39977967.275,3.036,-20523.353,2.828,N,1955.0,30-Sep-2015,JUN CHEN,2023-10-18,40sc
21,20,Sc,,,,,,0.0,,,7/2-,596.3,,17,ms,0.5963,0.0017,EC+B+,100.0,,,,,,,,,5.4283,0.0014,-0.145,0.003,-12944.8214,27.9449,-27720.2393,68.2437,-6267.0746,0.1217,6495.548,0.158,16190.3254,2.8291,1084.9291,0.0746,8369.1979,0.0019,40969251.163,0.083,-28642.36,0.077,N,1941.0,30-Sep-2015,C.D. Nesaraja and  E.A. McCutchan,2023-10-18,41sc
21,21,Sc,3.5702,0.0238,,,,0.0,,,0+,680.79,,28,ms,0.68079,0.00028,EC+B+,100.0,,,,,,,,1,,,,,-7016.6496,0.2239,-24494.7824,27.9452,-5745.1591,0.2486,6426.29,0.21,11549.961,0.1579,4272.0659,0.0687,8444.9303,0.0037,41965516.686,0.165,-32121.003,0.154,N,1955.0,31-May-2016,JUN CHEN{+#} AND BALRAJ SINGH,2023-10-18,42sc
21,22,Sc,3.5575,0.0147,,,,0.0,,,7/2-,3.891,,12,h,14007.6,43.2,EC+B+,100.0,,,,,,,,,4.526,0.01,-0.27,0.05,-6872.5591,6.0147,-19155.1147,1.8706,-4805.8704,1.8629,2220.723,1.877,12138.465,1.8576,4929.8277,1.857,8530.8265,0.0433,42961150.425,1.999,-36188.15,1.863,N,1935.0,31-Mar-2015,BALRAJ SINGH AND JUN CHEN{+#},2023-10-18,43sc
21,23,Sc,3.5432,0.0016,,,,0.0,,,2+,3.97,,4,h,14292.0,144.0,EC+B+,100.0,,,,,,,,,2.498,0.005,0.1,0.05,-267.4488,1.8899,-16571.7622,5.9823,-6705.454,1.7565,3652.695,1.786,9699.2031,2.5512,6696.1334,1.7408,8557.3805,0.0399,43959402.818,1.884,-37816.035,1.756,N,1937.0,31-Jul-2011,JUN CHEN and  BALRAJ SINGH AND JOHN A. CAMERON,2023-10-18,44sc
21,24,Sc,3.5459,0.0025,100.0,,,0.0,,,7/2-,STABLE,,,,,,,,,,,,,,,,4.754,8e-05,-0.22,0.002,-2062.0551,0.5086,-11595.0532,0.9646,-7937.6884,0.6634,-260.091,0.757,11327.6044,1.8737,6892.5626,0.7228,8618.941,0.0147,44955907.051,0.712,-41072.321,0.663,N,1923.0,30-Oct-2007,T. W. BURROWS,2023-10-18,45sc
21,25,Sc,3.5243,0.0089,,,,0.0,,,4+,83.79,,4,d,7239456.0,3456.0,B-,100.0,,,,,,,,,3.04,0.008,0.119,0.006,2366.626,0.6666,-10822.6951,0.5191,-9164.5284,0.6797,1377.967,2.333,8760.64,0.1037,8238.384,0.745,8622.0215,0.0146,45955167.034,0.72,-41761.643,0.671,N,1936.0,15-Jul-2000,S. -C. WU,2023-10-18,46sc
21,26,Sc,,,,,,0.0,,,7/2-,3.3492,,6,d,289370.88,51.84,B-,100.0,,,,,,,,5/2,5.34,0.02,-0.22,0.03,600.7694,1.9292,-8279.8913,1.9302,-10186.364,1.9738,-1992.177,2.943,10646.5173,2.0419,8486.2038,1.2134,8665.0958,0.0411,46952402.444,2.072,-44336.842,1.931,N,1945.0,20-Feb-2007,T. W. BURROWS,2023-10-18,47sc
21,27,Sc,,,,,,0.0,,,6+,43.71,,9,h,157356.0,324.0,B-,100.0,,,,,,,,,3.737,0.012,,,3988.8685,4.9499,-7637.7894,4.95,-11147.5013,4.9676,-279.215,4.95,8238.5588,5.3126,9448.3888,5.4247,8656.2097,0.1031,47952222.903,5.313,-44504.083,4.95,N,1937.0,30-Nov-2021,JUN CHEN,2023-10-18,48sc
21,28,Sc,,,,,,0.0,,,7/2-,57.18,,13,m,3430.8,7.8,B-,100.0,,,,,,,,,5.61,0.03,,,2001.5652,2.2684,-6140.8135,2.2683,-12371.7195,2.3269,-5262.444,2.275,10129.6819,5.4445,9626.5504,2.2676,8686.2805,0.0463,48950013.159,2.434,-46562.447,2.268,N,1940.0,14-Jul-2008,T. W. Burrows{+a},2023-10-18,49sc
21,29,Sc,,,,,,0.0,,,5+,102.5,,5,s,102.5,0.5,B-,100.0,,,,,,,,,,,,,6894.747,2.5166,-4044.4262,2.5165,-11548.1068,2.6181,-4947.89,2.97,6045.9914,3.3866,10526.0889,2.5215,8633.4747,0.0503,49952187.437,2.7,-44537.12,2.515,N,1959.0,15-Apr-2019,Jun Chen and Balraj Singh,2023-10-18,50sc
21,30,Sc,,,,,,0.0,,,(7/2)-,12.4,,1,s,12.4,0.1,B-,100.0,,B-N,,,,,,,,,,,6482.6122,2.5612,110.1965,2.5164,-9963.287,2.8771,-6918.043,2.569,6784.5505,3.557,10950.0938,2.972,8597.2213,0.0493,50953568.838,2.7,-43250.353,2.515,N,1966.0,1-Mar-2016,Wang Jimin and Huang Xiaolong,2023-10-18,51sc
21,31,Sc,,,,,,0.0,,,3(+),8.2,,2,s,8.2,0.2,B-,100.0,,,,,,,,,,,,,8954.1372,4.1223,1138.0865,3.1118,-10663.9943,3.1697,-6257.288,3.146,5344.5257,3.9717,11480.2219,3.1179,8534.6695,0.0591,51956496.17,3.3,-40523.56,3.074,N,1980.0,10-Jul-2015,YANG DONG and  HUO JUNDE,2023-10-18,52sc
21,32,Sc,,,,,,0.0,,,(7/2-),2.6,,4,s,2.6,0.4,B-,100.0,,B-N,,,,,,,,,,,8111.8785,17.9325,2636.825,17.9103,-11582.9747,17.7166,-9381.848,47.222,6317.3122,17.9634,11792.2541,17.7111,8492.8325,0.3339,52958379.173,19.0,-38769.555,17.698,N,1980.0,10-FEB-2014,BALRAJ SINGH,2023-10-18,53sc
21,33,Sc,,,,,,0.0,,,(3)+,526,,15,ms,0.526,0.015,B-,100.0,,B-N,16.0,9.0,,,,,,,,,11305.8789,21.1188,4372.1815,14.2683,-11134.9967,15.9694,-9277.347,50.413,3739.697,22.5495,12339.1971,45.956,8404.8115,0.2588,53963029.359,15.0,-34437.934,13.973,N,1990.0,20-Jun-2014,YANG DONG and  HUO JUNDE,2023-10-18,54sc
21,34,Sc,,,,,,0.0,,,(7/2-),96,,2,ms,0.096,0.002,B-,100.0,,B-N,17.0,7.0,,,,,,,,,10990.3608,68.7671,6830.3865,64.3881,-10751.567,63.7584,-12191.733,171.944,4475.4924,63.9553,12970.4917,79.0018,8333.3694,1.1347,54966889.637,67.0,-30842.108,62.411,N,1990.0,30-Apr-2022,Balraj Singh,2023-10-18,55sc
21,35,Sc,,,,,,0.0,,,(1+),26,,6,ms,0.026,0.006,B-,100.0,,B-N,,,B-2N,,,,,,,,13907.147,278.3271,8245.3022,261.2655,-10803.1358,261.8212,-12005.458,360.203,2745.0587,267.0597,14154.4446,305.1152,8233.5781,4.6369,55972607.611,278.761,-25515.848,259.665,N,1997.0,25-Mar-2022,Balraj Singh,2023-10-18,56sc
21,36,Sc,,,,,,0.0,,,,13,,4,ms,0.013,0.004,B-,100.0,,B-2N,,,B-N,,,,,,,,13022.1957,273.3249,9972.0247,205.8164,-11508.8464,211.6952,-14819.653,438.543,3935.1223,315.826,15158.2332,307.6371,8158.1666,3.154,56977048.0,193.0,-21379.653,179.778,N,1997.0,12-APR-2010,BALRAJ SINGH,2023-10-18,57sc
21,37,Sc,,,,,,0.0,,,,12,,5,ms,0.012,0.005,B-,100.0,,B-N,,,,,,,,,,,15438.0995,264.0509,10850.9613,280.1708,-12754.0,442.0,-13949.569,534.892,2171.2344,261.5907,16209.0,442.0,8054.9436,3.2763,57983382.0,204.0,-15479.569,190.025,N,1997.0,12-Jan-2010,CAROLINE D. NESARAJA and  SCOTT D. GERAEDTS AND BALRAJ SINGH,2023-10-18,58sc
21,38,Sc,,,,,,0.0,,,,,,,,,,B-,100.0,,B-N,,,,,,,,,,,15050.0,390.0,12016.7999,309.7318,-13725.0,559.0,,,3421.2995,313.7352,16588.0,559.0,7976.4073,4.2312,58988374.0,268.0,-10829.55,249.64,N,2009.0,1-Apr-2018,M. Shamsuzzoha Basunia,2023-10-18,59sc
21,40,Sc,,,,,,0.0,,,,,,,,,,B-,100.0,,B-4N,,,B-N,,,,,,,,16870.0,671.0,14529.0,646.0,-16055.0,848.0,,,3021.0,781.0,17789.0,922.0,7794.0,10.0,61000537.0,644.0,500.0,600.0,Y,2009.0,25-Mar-2019,BALRAJ SINGH,2023-10-18,61sc
22,16,Ti,,,,,,0.0,,,,120,LT,,ns,1.2e-07,,2P,,,,,,,,,,,,,,,,,,-5945.0,424.0,15619.0,360.5,21871.0,500.0,-301.0,424.0,7319.0,8.0,38012206.0,322.0,11370.0,300.0,Y,,30-Sep-2017,JUN CHEN,2023-10-18,38ti
22,17,Ti,,,,,,0.0,,,(3/2+),28.5,,9,ms,0.0285,0.0009,EC+B+,100.0,,ECP,93.7,,EC2P,14.0,,5/2,,,,,-20070.0,447.0,,,-5115.0,283.0,16672.726,201.435,16941.0,361.0,539.0,283.0,7566.0,5.0,39002684.0,215.0,2500.0,200.0,Y,1990.0,1-Jan-2018,JUN CHEN,2023-10-18,39ti
22,18,Ti,,,,,,0.0,,,0+,52.4,,3,ms,0.0524,0.0003,ECP,100.0,,EC+B+,100.0,,,,,,,,,,-21463.0,308.0,-39635.0,405.0,-4967.1884,79.1025,11529.914,68.303,19565.0,212.0,2109.6836,72.3409,7865.8632,1.7061,39990345.146,73.262,-8993.439,68.244,N,1982.0,30-Sep-2015,JUN CHEN,2023-10-18,40ti
22,19,Ti,,,,,,0.0,,,3/2+,81.9,,5,ms,0.0819,0.0005,EC+B+,100.0,,ECP,100.0,,,,,,,,,,-16008.0,202.0,-36239.0,301.0,-4986.3846,27.952,12944.821,27.945,14775.418,73.7436,2463.1571,28.0876,8034.3889,0.6816,40983148.0,30.0,-15697.539,27.945,N,1964.0,30-Sep-2015,C.D. Nesaraja and  E.A. McCutchan,2023-10-18,41ti
22,20,Ti,,,,,,0.0,,,0+,208.65,,80,ms,0.20865,0.0008,EC+B+,100.0,,,,,,,,,,,,,-17485.0,196.0,-33486.0,200.0,-5470.7658,0.3321,7016.65,0.31,17478.1327,27.9461,3750.9644,0.2726,8259.24,0.0064,41973049.369,0.289,-25104.353,0.269,N,1964.0,31-May-2016,JUN CHEN{+#} AND BALRAJ SINGH,2023-10-18,42ti
22,21,Ti,,,,,,0.0,,,7/2-,509,,5,ms,0.509,0.005,EC+B+,100.0,,ECP,,,,,,,0.85,0.02,,,-11399.2333,43.2287,-29767.0,196.0,-4457.8001,5.7499,6872.559,6.015,12282.5556,5.7253,4483.559,5.721,8352.8054,0.133,42968528.42,6.139,-29315.591,5.719,N,1948.0,31-Mar-2015,BALRAJ SINGH AND JUN CHEN{+#},2023-10-18,43ti
22,22,Ti,3.6115,0.0051,,,,0.0,,,0+,59.1,,3,Y,1865014325.0983872,9467077.7923776,EC,100.0,,,,,,,,,,,,,-13740.5071,7.2986,-27703.5466,42.8545,-5127.1001,0.7,267.449,1.89,16304.3134,5.7616,8649.4073,1.9899,8533.5215,0.0159,43959689.936,0.751,-37548.586,0.7,N,1954.0,31-Jul-2011,JUN CHEN and  BALRAJ SINGH AND JOHN A. CAMERON,2023-10-18,44ti
22,23,Ti,3.5939,0.0032,,,,0.0,,,7/2-,184.8,,5,m,11088.0,30.0,EC+B+,100.0,,,,,,,,1/2,0.095,0.002,0.015,0.015,-7123.8247,0.2142,-23273.5052,7.3128,-6297.2739,0.8448,2062.055,1.067,9532.9981,1.0904,8483.2023,1.9415,8555.7321,0.0186,44958120.758,0.897,-39010.266,0.836,N,1941.0,30-Oct-2007,T. W. BURROWS,2023-10-18,45ti
22,24,Ti,3.607,0.0022,8.25,0.03,,0.0,,,0+,STABLE,,,,,,,,,,,,,,,,2.3,0.7,-0.21,0.06,-7052.3723,0.0923,-20313.1458,0.8591,-8005.8918,0.1736,-2366.626,0.677,13189.3211,0.832,10344.919,0.6585,8656.4623,0.002,45952626.356,0.097,-44128.269,0.09,N,1934.0,15-Jul-2000,S. -C. WU,2023-10-18,46ti
22,25,Ti,3.5962,0.0019,7.44,0.02,,0.0,,,5/2-,STABLE,,,,,,,,,,,,,,,3/2,-0.78814,0.00011,0.302,0.01,-2930.5422,0.0879,-15933.033,0.1191,-8953.6551,0.2408,-600.77,1.93,8880.6607,0.0635,10464.9397,0.6691,8661.2325,0.0017,46951757.491,0.085,-44937.612,0.08,N,1934.0,20-Feb-2007,T. W. BURROWS,2023-10-18,47ti
22,26,Ti,3.5921,0.0017,73.72,0.03,,0.0,,,0+,STABLE,,,,,,,,,,,,,,,,2.2,0.6,-0.177,0.008,-4014.9467,0.9691,-14557.2001,0.0838,-9449.1378,0.3327,-3988.869,4.951,11626.6579,0.0319,11445.0803,1.9294,8723.0122,0.0016,47947940.677,0.079,-48492.952,0.074,N,1923.0,30-Nov-2021,JUN CHEN,2023-10-18,48ti
22,27,Ti,3.5733,0.0021,5.41,0.02,,0.0,,,7/2-,STABLE,,,,,,,,,,,,,,,5/2,-1.1037,0.00014,0.247,0.011,-601.8555,0.8203,-12157.3253,0.9694,-10176.6978,0.3732,-2001.565,2.269,8142.3786,0.0235,11348.9001,4.9499,8711.1625,0.0016,48947864.391,0.084,-48564.012,0.078,N,1934.0,14-Jul-2008,T. W. Burrows{+a},2023-10-18,49ti
22,28,Ti,3.5704,0.0022,5.18,0.02,,0.0,,,0+,STABLE,,,,,,,,,,,,,,,,2.9,0.4,,,-2208.6274,0.0579,-11541.0287,0.8209,-10717.1735,2.2328,-6894.747,2.516,10939.1732,0.0311,12158.3913,2.2685,8755.7227,0.0017,49944785.622,0.088,-51431.867,0.082,N,1934.0,15-Apr-2019,Jun Chen and Balraj Singh,2023-10-18,50ti
22,29,Ti,,,,,,0.0,,,3/2-,5.76,,1,m,345.6,0.6,B-,100.0,,,,,,,,,,,,,2470.1402,0.482,-8581.0431,0.481,-9813.2154,2.2705,-6482.612,2.561,6372.4157,0.4776,12484.8157,2.5614,8708.9912,0.0095,50946609.468,0.519,-49732.965,0.484,N,1947.0,1-Mar-2016,Wang Jimin and Huang Xiaolong,2023-10-18,51ti
22,30,Ti,,,,,,0.0,,,0+,1.7,,1,m,102.0,6.0,B-,100.0,,,,,,,,,1.8,0.6,,,1965.334,2.751,-5345.9104,2.7481,-7677.7458,2.7468,-8954.138,4.123,7816.0507,2.7887,13516.3159,3.7242,8691.8193,0.0528,51946883.509,2.948,-49477.698,2.747,N,1966.0,10-Jul-2015,YANG DONG and  HUO JUNDE,2023-10-18,52ti
22,31,Ti,,,,,,0.0,,,(3/2)-,32.7,,9,s,32.7,0.9,B-,100.0,,,,,,,,,,,,,4970.2419,4.2386,-3509.7194,2.892,-8006.3463,2.8931,-8111.878,17.932,5475.0535,3.9853,13646.8437,4.2175,8631.1256,0.0545,52949670.714,3.1,-46881.433,2.888,N,1977.0,31-Mar-2007,HUO JUNDE,2023-10-18,53ti
22,32,Ti,,,,,,0.0,,,0+,2.1,,10,s,2.1,1.0,B-,100.0,,,,,,,,,,,,,4154.4548,19.384,-1963.4555,16.1365,-8579.4981,15.9144,-11305.878,21.119,6933.6974,16.0965,14263.2289,23.7486,8599.6917,0.2932,53950892.0,17.0,-45743.812,15.835,N,1980.0,20-Jun-2014,YANG DONG and  HUO JUNDE,2023-10-18,54ti
22,33,Ti,,,,,,0.0,,,(1/2)-,1.3,,1,s,1.3,0.1,B-,100.0,,,,,,,,,,,,,7292.6673,39.5419,-5.5195,30.9649,-7925.0749,28.881,-10990.361,68.767,4159.9743,32.9333,14683.5062,32.0794,8518.9696,0.525,54955091.0,31.0,-41832.469,28.876,N,1980.0,30-Apr-2022,Balraj Singh,2023-10-18,55ti
22,34,Ti,,,,,,0.0,,,0+,200,,5,ms,0.2,0.005,B-,100.0,,B-N,,,,,,,,,,,6760.4051,188.1842,1630.8225,103.778,-7581.6397,100.2028,-13907.147,278.327,5661.8448,104.2784,15869.8586,118.0475,8467.9495,1.7893,55957677.675,107.569,-39422.995,100.201,N,1980.0,25-Mar-2022,Balraj Singh,2023-10-18,56ti
22,35,Ti,,,,,,0.0,,,(5/2-),98,,5,ms,0.098,0.005,B-,100.0,,B-N,,,,,,,,,,,10033.2148,222.6466,3710.2341,270.7795,-7439.0568,210.4826,-13022.195,273.325,3050.171,228.9681,16174.971,331.379,8372.9008,3.6119,56963068.098,221.02,-34401.848,205.879,N,1985.0,12-APR-2010,BALRAJ SINGH,2023-10-18,57ti
22,36,Ti,,,,,,0.0,,,0+,58,,9,ms,0.058,0.009,B-,100.0,,B-N,,,,,,,,,,,9512.9152,206.8675,5446.0767,201.9869,-8181.9971,189.6303,-15438.099,264.051,4587.1382,275.6804,16826.9869,256.7756,8307.629,3.161,57966808.519,196.823,-30917.668,183.34,N,1992.0,27-MAY-2014,BALRAJ SINGH,2023-10-18,58ti
22,37,Ti,,,,,,0.0,,,(5/2-),28.5,,25,ms,0.0285,0.0025,B-,100.0,,,,,,,,,,,,,11731.0,330.0,6480.0,315.0,-9654.0,340.0,-15050.45,390.28,3033.0,352.0,17689.0,355.0,8218.0,5.0,58972217.0,322.0,-25880.0,300.0,Y,1997.0,1-Apr-2018,M. Shamsuzzoha Basunia,2023-10-18,59ti
22,38,Ti,,,,,,0.0,,,0+,22,,2,ms,0.022,0.002,B-,100.0,,B-N,,,B-2N,,,,,,,,10987.704,301.4311,7439.6014,276.8307,-11014.223,346.5208,-17549.698,554.758,4291.0,384.0,18559.1182,346.5208,8152.7858,4.0054,59976275.0,258.0,-22099.698,240.325,N,1997.0,27-MAY-2014,BALRAJ SINGH,2023-10-18,60ti
22,39,Ti,,,,,,0.0,,,(1/2-),15,,4,ms,0.015,0.004,B-,100.0,,B-2N,,,B-N,,,,,,,,13807.0,381.0,8646.0,351.0,-12235.0,500.0,-16870.0,670.8,2342.0,384.0,19109.0,583.0,8058.0,5.0,60982426.0,322.0,-16370.0,300.0,Y,1997.0,25-Mar-2019,BALRAJ SINGH,2023-10-18,61ti
22,40,Ti,,,,,,0.0,,,0+,620,GT,,ns,6.2e-07,,B-,,,B-N,,,,,,,,,,,13013.0,479.0,9906.0,464.0,-13094.0,640.0,,,3901.0,500.0,19989.0,721.0,7990.0,6.0,61986903.0,429.0,-12200.0,400.0,Y,2009.0,15-Apr-2012,ALAN L. NICHOLS and  BALRAJ SINGH and  JAGDISH K. TULI,2023-10-18,62ti
22,41,Ti,,,,,,0.0,,,,360,GT,,ns,3.6e-07,,B-N,,,B-,,,,,,,,,,,15880.0,605.0,11282.0,566.0,-14095.0,781.0,,,1732.0,640.0,20459.0,781.0,7891.0,8.0,62993709.0,537.0,-5860.0,500.0,Y,2009.0,25-AUG-2009,BALRAJ SINGH,2023-10-18,63ti
22,42,Ti,,,,,,0.0,,,0+,,,,,,,B-,100.0,,B-N,,,B-2N,,,,,,,,14840.0,721.0,12189.0,690.0,-14905.0,922.0,,,3691.0,781.0,21839.0,922.0,7826.0,9.0,63998411.0,644.0,-1480.0,600.0,Y,2013.0,12-Nov-2021,Balraj Singh and Jun Chen,2023-10-18,64ti
23,19,V,,,,,,0.0,,,,55,LT,,ns,5.5e-08,,P,,,,,,,,,,,,,,-14679.0,358.0,-36101.0,445.0,-5795.0,280.0,17484.353,196.0,16001.0,280.0,-789.0,198.0,7824.0,5.0,41991820.0,210.0,-7620.0,196.0,Y,,31-May-2016,JUN CHEN{+#} AND BALRAJ SINGH,2023-10-18,42v
23,20,V,,,,,,0.0,,,,79.3,,24,ms,0.0793,0.0024,EC+B+,100.0,,ECP,,,,,,,,,,,-15946.0,205.0,-33047.0,303.0,-6168.5473,49.1123,11399.233,43.229,18368.0,200.0,100.9753,42.8496,8069.5129,0.9965,42980766.0,46.0,-17916.358,42.849,N,1987.0,31-Mar-2015,BALRAJ SINGH AND JUN CHEN{+#},2023-10-18,43v
23,21,V,,,,,,0.0,,,(2)+,111,,7,ms,0.111,0.007,EC+B+,100.0,,ECA,,,,,,,,,,,-10386.1805,51.7447,-29909.0,200.0,-5709.6423,7.796,13740.507,7.299,13963.0395,43.4602,1781.4593,9.2458,8203.4567,0.1651,43974440.977,7.799,-23808.079,7.265,N,1971.0,31-Jul-2011,JUN CHEN and  BALRAJ SINGH AND JOHN A. CAMERON,2023-10-18,44v
23,22,V,,,,,,0.0,,,7/2-,547,,6,ms,0.547,0.006,EC+B+,100.0,,,,,,,,,,,,,-12371.64,35.4073,-26535.861,51.2394,-5668.9974,0.8662,7123.825,1.202,16149.6805,7.316,1626.8264,1.1113,8380.0394,0.0192,44965768.498,0.926,-31886.441,0.863,N,1975.0,30-Oct-2007,T. W. BURROWS,2023-10-18,45v
23,23,V,,,,,,0.0,,,0+,422.50,,11,ms,0.4225,0.00011,EC+B+,100.0,,,,,,,,,,,,,-7604.3264,11.4538,-25632.4135,35.397,-7379.8098,0.2036,7052.372,0.161,13260.7735,0.8642,5354.6018,0.8372,8486.1423,0.0029,45960197.389,0.143,-37075.897,0.134,N,1952.0,15-Jul-2000,S. -C. WU,2023-10-18,46v
23,24,V,,,,,,0.0,,,3/2-,32.6,,3,m,1956.0,18.0,EC+B+,100.0,,,,,,,,,,,,,-7443.9769,5.1976,-20606.8172,11.4535,-8243.8356,1.8661,2930.542,0.136,13002.4908,0.1056,5167.7715,0.0669,8582.2348,0.0024,46954903.558,0.118,-42007.07,0.11,N,1942.0,20-Feb-2007,T. W. BURROWS,2023-10-18,47v
23,25,V,,,,,,0.0,,,4+,15.974,,3,d,1380153.6,259.2,EC+B+,100.0,,,,,,,,,2.012,0.011,,,-1656.6918,7.3746,-17986.2303,5.2865,-9086.8859,2.0066,4014.947,0.975,10542.2534,0.9713,6829.3642,0.9698,8623.0686,0.0202,47952250.9,1.043,-44478.005,0.972,N,1937.0,30-Nov-2021,JUN CHEN,2023-10-18,48v
23,26,V,,,,,,0.0,,,7/2-,330,,15,d,28512000.0,1296000.0,EC,100.0,,,,,,,,3/2,4.47,0.05,,,-2629.8047,2.3487,-13212.1616,7.3566,-9314.7513,1.0534,601.855,0.828,11555.4698,1.2699,6758.1761,0.8207,8682.9135,0.0168,48948510.509,0.884,-47962.157,0.824,N,1940.0,14-Jul-2008,T. W. Burrows{+a},2023-10-18,49v
23,27,V,,,0.25,0.01,,0.0,,,6+,2.65E+17,,+16-18,Y,8.36258538326688e+24,5.36467741568064e+23,EC+B+,99.3,0.7,B-,0.7,0.7,,,,,3.3442,0.0004,0.21,0.04,1038.124,0.0551,-11962.2061,2.2007,-9886.5127,0.6706,2208.627,0.124,9332.4013,0.8223,7948.1988,0.0567,8695.9032,0.0019,49947156.681,0.099,-49223.24,0.093,N,1949.0,15-Apr-2019,Jun Chen and Balraj Singh,2023-10-18,50v
23,28,V,3.6002,0.0022,99.75,0.01,,0.0,,,7/2-,STABLE,,,,,,,,,,,,,,,,5.1464,0.0007,-0.052,0.01,-752.3907,0.1494,-10013.0593,0.0711,-10291.1787,1.9303,-2470.14,0.49,11051.1834,0.0609,8060.209,0.0658,8742.0852,0.0019,50943957.664,0.104,-52203.105,0.097,N,1924.0,1-Mar-2016,Wang Jimin and Huang Xiaolong,2023-10-18,51v
23,29,V,,,,,,0.0,,,3+,3.743,,5,m,224.58,0.3,B-,100.0,,,,,,,,,,,,,3976.4763,0.1601,-8063.6352,0.1953,-9363.8644,4.9519,-1965.334,2.752,7311.2445,0.1258,8999.0377,0.4982,8714.569,0.0031,51944773.636,0.17,-51443.032,0.159,N,1934.0,10-Jul-2015,YANG DONG and  HUO JUNDE,2023-10-18,52v
23,30,V,,,,,,0.0,,,7/2-,1.543,,14,m,92.58,0.84,B-,100.0,,,,,,,,,,,,,3435.9426,3.1017,-4503.4851,3.1024,-7714.1438,3.8428,-4970.242,4.239,8479.9613,3.1049,9662.9484,4.1437,8710.1425,0.0585,52944334.94,3.331,-51851.675,3.103,N,1960.0,31-Mar-2007,HUO JUNDE,2023-10-18,53v
23,31,V,,,,,,0.0,,,3+,49.8,,5,s,49.8,0.5,B-,100.0,,,,,,,,,,,,,7037.1118,11.1794,-2681.9677,11.1796,-7786.0627,11.459,-4154.455,19.384,6117.9103,11.6013,10305.8052,11.5464,8662.1382,0.207,53946432.009,12.001,-49898.267,11.18,N,1970.0,20-Jun-2014,YANG DONG and  HUO JUNDE,2023-10-18,54v
23,32,V,,,,,,0.0,,,(7/2-),6.54,,15,s,6.54,0.15,B-,100.0,,,,,,,,,,,,,5985.1877,27.0143,-261.075,27.0137,-8299.699,27.1302,-7292.667,39.541,7298.1868,29.2353,10670.2947,31.3126,8637.3391,0.4912,54947262.0,29.0,-49125.136,27.013,N,1977.0,30-Apr-2022,Balraj Singh,2023-10-18,55v
23,33,V,,,,,,0.0,,,1+,216,,4,ms,0.216,0.004,B-,100.0,,B-N,,,,,,,,,,,9101.727,175.8854,855.6051,175.8846,-8084.756,175.9113,-6760.406,202.424,5129.5826,177.9467,11639.9029,178.2391,8574.7006,3.1408,55950420.082,188.819,-46183.401,175.884,N,1980.0,25-Mar-2022,Balraj Singh,2023-10-18,56v
23,34,V,,,,,,0.0,,,(7/2-),0.32,,3,s,0.32,0.03,B-,100.0,,B-N,,,,,,,,,,,8089.9214,84.7864,2778.7463,84.7679,-8090.4245,86.5939,-10033.215,222.646,6322.9807,195.245,12301.0388,131.2456,8535.1967,1.4871,56952297.0,91.0,-44435.063,84.766,N,1980.0,12-APR-2010,BALRAJ SINGH,2023-10-18,57v
23,35,V,,,,,,0.0,,,(1+),191,,10,ms,0.191,0.01,B-,100.0,,B-N,,,,,,,,,,,11561.224,95.8625,4023.083,95.8342,-8417.566,96.8296,-9512.916,206.868,4066.8385,127.9296,13317.7063,227.0836,8458.156,1.652,57956595.985,102.862,-40430.584,95.816,N,1980.0,12-Jan-2010,CAROLINE D. NESARAJA and  SCOTT D. GERAEDTS AND BALRAJ SINGH,2023-10-18,58v
23,36,V,,,,,,0.0,,,(5/2- 3/2-),97,,2,ms,0.097,0.002,B-,100.0,,B-N,0.03,,,,,,,,,,10505.3137,137.4021,6309.8725,137.4328,-9193.4251,150.9105,-11730.617,329.968,5251.3515,167.51,13981.9196,229.112,8403.8034,2.3288,58959623.343,147.505,-37610.617,137.4,N,1985.0,1-Apr-2018,M. Shamsuzzoha Basunia,2023-10-18,59v
23,37,V,,,,,X,0.0,,0.0,,122,,18,ms,0.122,0.018,B-,100.0,,B-2N,,,B-N,,,,,,,,13821.0986,181.9496,6957.2111,181.9474,-9996.469,317.065,-10987.704,301.431,3548.1026,227.9984,14497.0,351.0,8322.8751,3.0324,59964479.215,195.327,-33087.402,181.946,N,1985.0,31-Dec-2012,E. BROWNE and  J. K. TULI,2023-10-18,60v
23,38,V,,,,,,0.0,,,(3/2- 5/2-),48.3,,10,ms,0.0483,0.001,B-,100.0,,B-N,10.0,,B-2N,,,,,,,,12319.3807,234.9272,8660.0609,234.9225,-11222.3845,295.8168,-13807.121,381.035,5161.0378,297.1392,15366.3948,336.0709,8271.0417,3.8511,60967603.529,252.196,-30177.121,234.92,N,1992.0,25-Mar-2019,BALRAJ SINGH,2023-10-18,61v
23,39,V,,,,,,0.0,,,,33.6,,23,ms,0.0336,0.0023,B-,100.0,,B-N,,,,,,,,,,,15639.4478,264.3094,9212.0204,264.2935,-12158.5104,325.5104,-13013.164,479.424,3107.3603,353.6027,16132.0,400.0,8187.7565,4.2627,61972932.556,283.723,-25213.164,264.287,N,1997.0,15-Apr-2012,ALAN L. NICHOLS and  BALRAJ SINGH and  JAGDISH K. TULI,2023-10-18,62v
23,40,V,,,,,,0.0,,,7/2-,17,,3,ms,0.017,0.003,B-,100.0,,B-N,35.0,,,,,,,,,,14438.1586,347.672,11041.1524,340.0128,-13335.5063,421.8023,-15880.141,604.646,4598.2954,430.6326,16829.0,525.0,8130.7809,5.3968,62976661.0,365.0,-21740.141,339.995,N,1997.0,28-Aug-2008,HUO JUNDE and  YANG DONG and  HUO MEIRONG and ,2023-10-18,63v
23,41,V,,,,,,0.0,,,(0 1 2),15,,2,ms,0.015,0.002,B-,100.0,,B-N,,,B-3N,,,,,,,,17320.0,500.0,11787.0,406.0,-14194.0,640.0,-14840.0,721.1,2651.0,525.0,17749.0,640.0,8045.0,6.0,63982480.0,429.0,-16320.0,400.0,Y,1997.0,12-Nov-2021,Balraj Singh and Jun Chen,2023-10-18,64v
23,42,V,,,,,,0.0,,,,360,GT,,ns,3.6e-07,,B-,100.0,,B-N,,,,,,,,,,,16200.0,539.0,13458.0,583.0,-15035.0,781.0,,,3862.0,640.0,17919.0,781.0,7981.0,8.0,64986999.0,537.0,-12110.0,500.0,Y,2009.0,1-Aug-2009,E. BROWNE and  J. K. TULI,2023-10-18,65v
23,43,V,,,,,,0.0,,,,360,GT,,ns,3.6e-07,,B-,,,B-N,,,,,,,,,,,18840.0,583.0,13939.0,539.0,-16035.0,781.0,,,2261.0,707.0,18799.0,860.0,7894.0,8.0,65993237.0,537.0,-6300.0,500.0,Y,2009.0,3-Mar-2009,E. BROWNE and  J. K. TULI,2023-10-18,66v
23,44,V,,,,,,0.0,,,,620,GT,,ns,6.2e-07,,B-,,,B-N,,,B-2N,,,,,,,,17526.0,721.0,15325.0,671.0,-17238.0,922.0,,,3515.0,781.0,,,7829.0,9.0,66998128.0,644.0,-1744.0,600.0,Y,2013.0,24-JUN-2013,BALRAJ SINGH,2023-10-18,67v
24,18,Cr,,,,,,0.0,,,0+,13.3,,10,ms,0.0133,0.001,EC+B+,100.0,,ECP,94.4,5.0,,,,,,,,,,,,,-6735.0,424.0,14680.0,358.3,21421.0,500.0,539.0,361.0,7456.0,7.0,42007579.0,322.0,7060.0,300.0,Y,1996.0,31-May-2016,JUN CHEN{+#} AND BALRAJ SINGH,2023-10-18,42cr
24,19,Cr,,,,,,0.0,,,(3/2+),21.2,,7,ms,0.0212,0.0007,EC+B+,100.0,,ECP,79.3,3.0,EC2P,11.6,1.0,,,,,,-19340.0,447.0,,,-6895.0,283.0,15946.358,204.539,17101.0,361.0,1639.0,280.0,7680.0,5.0,42997885.0,215.0,-1970.0,200.0,Y,1992.0,31-Mar-2015,BALRAJ SINGH AND JUN CHEN{+#},2023-10-18,43cr
24,20,Cr,,,,,,0.0,,,0+,42.8,,6,ms,0.0428,0.0006,EC+B+,100.0,,ECP,7.0,3.0,,,,,,,,,-20882.0,304.0,-38863.0,403.0,-6853.3757,85.3343,10386.18,51.74,19523.0,207.0,2794.512,66.7888,7949.6265,1.1644,43985591.0,55.0,-13421.899,51.232,N,1987.0,31-Jul-2011,JUN CHEN and  BALRAJ SINGH AND JOHN A. CAMERON,2023-10-18,44cr
24,21,Cr,,,,,,0.0,,,(7/2-),60.9,,4,ms,0.0609,0.0004,B+,100.0,,B+P,34.4,0.8,,,,3/2,,,,,-14535.0,302.0,-35046.0,302.0,-6242.1787,45.0982,12371.64,35.4,14164.221,62.2709,2995.6935,36.1346,8087.7286,0.7866,44979050.0,38.0,-19514.801,35.397,N,1974.0,30-Oct-2007,T. W. BURROWS,2023-10-18,45cr
24,22,Cr,,,,,,0.0,,,0+,0.26,,6,s,0.26,0.06,EC+B+,100.0,,,,,,,,,,,,,-17053.8226,87.3828,-32563.0,300.0,-6792.1331,11.4561,7604.327,11.454,18028.0871,37.2035,4874.1001,11.4854,8303.8233,0.249,45968360.969,12.295,-29471.57,11.453,N,1972.0,20-FEB-2010,BALRAJ SINGH,2023-10-18,46cr
24,23,Cr,,,,,,0.0,,,3/2-,500,,15,ms,0.5,0.015,EC+B+,100.0,,,,,,,,,,,,,-11996.7167,32.0943,-30216.663,86.7847,-7672.4178,7.7273,7443.977,5.198,13162.8404,12.5768,4776.1669,5.1982,8407.2067,0.1106,46962894.995,5.578,-34563.093,5.197,N,1972.0,20-Feb-2007,T. W. BURROWS,2023-10-18,47cr
24,24,Cr,,,,,,0.0,,,0+,21.56,,3,h,77616.0,108.0,EC+B+,100.0,,,,,,,,,,,,,-13524.6692,9.9157,-28326.2551,32.5037,-7697.6429,7.3446,1656.692,7.375,16329.5384,8.9696,8103.2146,7.3112,8572.2553,0.1523,47954029.431,7.848,-42821.313,7.311,N,1952.0,30-Nov-2021,JUN CHEN,2023-10-18,48cr
24,25,Cr,,,,,,0.0,,,5/2-,42.3,,1,m,2538.0,6.0,EC+B+,100.0,,,,,,,,1/2,0.476,0.003,,,-7712.4265,0.2329,-24107.0261,7.0512,-8747.0017,2.3532,2629.805,2.351,10582.3569,7.6343,8143.3181,2.4046,8613.2777,0.0449,48951333.72,2.363,-45332.352,2.202,N,1942.0,14-Jul-2008,T. W. Burrows{+a},2023-10-18,49cr
24,26,Cr,3.6588,0.0065,4.345,0.013,,0.0,,,0+,1.3E+18,GT,,Y,4.10240037669696e+25,,2EC,,,,,,,,,1,3.1,0.8,-0.36,0.07,-7634.4776,0.0672,-20712.7566,2.2123,-8558.0106,0.0779,-1038.124,0.132,13000.3301,2.2,9588.1783,0.8224,8701.0188,0.0019,49946042.209,0.1,-50261.364,0.094,N,1930.0,15-Apr-2019,Jun Chen and Balraj Singh,2023-10-18,50cr
24,27,Cr,,,,,,0.0,,,7/2-,27.704,,4,d,2393625.6,345.6,EC,100.0,,,,,,,,,-0.934,0.005,,,-3207.4893,0.3256,-16895.1462,0.1623,-8938.0185,0.1534,752.39,0.19,9260.6686,0.1477,9516.4456,0.151,8711.9923,0.0033,50944765.388,0.178,-51450.715,0.167,N,1940.0,1-Mar-2016,Wang Jimin and Huang Xiaolong,2023-10-18,51cr
24,28,Cr,3.6452,0.0042,83.789,0.018,,0.0,,,0+,STABLE,,,,,,,,,,,,,,,,2.4,0.4,-0.08,0.02,-4708.1214,0.0633,-15247.6007,0.305,-9351.4721,0.0793,-3976.476,0.194,12040.1115,0.1697,10505.3737,0.099,8775.9946,0.0022,51940504.714,0.12,-55419.508,0.112,N,1923.0,10-Jul-2015,YANG DONG and  HUO JUNDE,2023-10-18,52cr
24,29,Cr,3.6511,0.0075,9.501,0.017,,0.0,,,3/2-,STABLE,,,,,,,,,,,,,,,,-0.47431,7e-05,-0.15,0.05,-597.2679,0.343,-12647.5491,0.1155,-9148.5212,0.0871,-3435.943,3.105,7939.4277,0.0966,11133.5569,0.1624,8760.2103,0.0022,52940646.304,0.124,-55287.618,0.116,N,1930.0,31-Mar-2007,HUO JUNDE,2023-10-18,53cr
24,30,Cr,3.6885,0.0074,2.365,0.007,,0.0,,,0+,STABLE,,,,,,,,,,,,,,,,1.7,0.2,-0.21,0.08,-1377.1325,1.0051,-10316.3474,0.3498,-7928.4276,0.1104,-7037.112,11.181,9719.0796,0.1013,12372.6752,3.1,8777.9672,0.0025,53938877.359,0.142,-56935.379,0.132,N,1930.0,20-Jun-2014,YANG DONG and  HUO JUNDE,2023-10-18,54cr
24,31,Cr,,,,,,0.0,,,3/2-,3.497,,3,m,209.82,0.18,B-,100.0,,,,,,,,,,,,,2602.2183,0.3219,-7623.3952,1.0222,-7802.2745,0.5242,-5985.188,27.014,6246.2627,0.1859,12501.0275,11.181,8731.9362,0.0042,54940836.637,0.245,-55110.324,0.228,N,1952.0,30-Apr-2007,HUO JUNDE,2023-10-18,55cr
24,32,Cr,,,,,,0.0,,,0+,5.94,,10,m,356.4,6.0,B-,100.0,,,,,,,,,,,,,1626.5384,0.5524,-5643.9036,0.5358,-8232.3457,2.8067,-9101.727,175.885,8246.1219,0.6099,13448.9626,27.0195,8723.2609,0.0103,55940648.977,0.62,-55285.128,0.578,N,1960.0,25-Mar-2022,Balraj Singh,2023-10-18,56cr
24,33,Cr,,,,,,0.0,,,(3/2)-,21.1,,10,s,21.1,1.0,B-,100.0,,,,,,,,,,,,,4961.2946,2.3948,-3684.6368,1.8859,-8068.4674,3.4365,-8089.922,84.786,5311.1752,1.9506,13630.5551,175.8943,8663.3998,0.0327,56943612.112,2.0,-52524.985,1.863,N,1978.0,12-APR-2010,BALRAJ SINGH,2023-10-18,57cr
24,34,Cr,,,,,,0.0,,,0+,7.0,,3,s,7.0,0.3,B-,100.0,,,,,,,,,,,,,3835.7607,4.0227,-2576.8464,3.3391,-8672.9111,16.1135,-11561.224,95.862,7538.141,3.5151,14845.7155,84.8184,8643.9987,0.0514,57944184.501,3.2,-51991.808,2.981,N,1980.0,12-Jan-2010,CAROLINE D. NESARAJA and  SCOTT D. GERAEDTS AND BALRAJ SINGH,2023-10-18,58cr
24,35,Cr,,,,,,0.0,,,(1/2-),0.74,,28,s,0.74,0.28,B-,100.0,,,,,,,,,,,,,7409.3977,2.4234,-359.6806,2.7834,-8708.378,28.8841,-10505.314,137.402,4195.4413,3.0553,14974.3182,95.8184,8568.5995,0.0114,58948345.426,0.72,-48115.931,0.671,N,1980.0,1-Apr-2018,M. Shamsuzzoha Basunia,2023-10-18,59cr
24,36,Cr,,,,,,0.0,,,0+,0.49,,1,s,0.49,0.01,B-,100.0,,B-N,,,,,,,,,,,6059.4457,2.5831,545.5102,2.5831,-9910.4207,100.2068,-13821.098,181.949,6863.8875,1.3036,16586.8543,137.405,8540.1876,0.0186,59949641.656,1.2,-46908.5,1.118,N,1980.0,31-Dec-2012,E. BROWNE and  J. K. TULI,2023-10-18,60cr
24,37,Cr,,,,,,0.0,,,(5/2-),234,,11,ms,0.234,0.011,B-,100.0,,B-N,,,,,,,,,,,9245.6277,2.9822,2400.1258,2.9822,-10519.5695,205.8876,-12319.381,234.927,3659.3198,2.1726,16698.0714,181.9557,8460.1734,0.0305,60954378.13,2.0,-42496.502,1.863,N,1985.0,25-Mar-2019,BALRAJ SINGH,2023-10-18,61cr
24,38,Cr,,,,,,0.0,,,0+,206,,12,ms,0.206,0.012,B-,100.0,,B-N,,,,,,,,,,,7671.3532,7.3947,2818.2002,4.1595,-12359.8588,183.3721,-15639.447,264.309,6427.4274,3.9178,17964.4611,234.9451,8427.3871,0.0556,61956142.92,3.7,-40852.611,3.447,N,1985.0,15-Apr-2012,ALAN L. NICHOLS and  BALRAJ SINGH and  JAGDISH K. TULI,2023-10-18,62cr
24,39,Cr,,,,,,0.0,,,1/2-,129,,2,ms,0.129,0.002,B-,100.0,,B-N,,,,,,,,,,,10708.7611,72.752,4274.3471,72.9505,-12724.0,309.0,-14438.158,347.672,3397.0061,72.7382,18254.107,274.0922,8347.5398,1.1533,62961161.0,78.0,-36178.299,72.657,N,1992.0,28-Aug-2008,HUO JUNDE and  YANG DONG and  HUO MEIRONG and ,2023-10-18,63cr
24,40,Cr,,,,,,0.0,,,0+,42.9,,10,ms,0.0429,0.001,B-,100.0,,B-N,,,,,,,,,,,9349.0622,299.962,5175.7645,299.9642,-13965.1963,384.3449,-17319.978,499.965,5532.9966,308.6157,19188.8082,453.3889,8303.5626,4.6866,63963886.0,322.0,-33639.978,299.941,N,1992.0,12-Nov-2021,Balraj Singh and Jun Chen,2023-10-18,64cr
24,41,Cr,,,,,,0.0,,,(1/2-),27,,3,ms,0.027,0.003,B-,100.0,,,,,,,,,,,,,12657.0,200.0,6608.0,200.0,-14365.0,361.0,-16200.0,538.5,2741.0,361.0,19279.0,447.0,8218.0,3.0,64969608.0,215.0,-28310.0,200.0,Y,1997.0,1-Aug-2009,E. BROWNE and  J. K. TULI,2023-10-18,65cr
24,42,Cr,,,,,,0.0,,,0+,24,,2,ms,0.024,0.002,B-,100.0,,,,,,,,,,,,,11610.0,300.0,7756.0,300.0,-15365.0,500.0,-18840.0,583.0,4901.0,361.0,20319.0,583.0,8168.0,5.0,65973011.0,322.0,-25140.0,300.0,Y,1997.0,11-NOV-2015,E.A. MCCUTCHAN,2023-10-18,66cr
24,43,Cr,,,,,,0.0,,,,,,,,,,,,,,,,,,,,,,,,14311.0,447.0,9409.0,400.0,-15835.0,640.0,-17526.0,721.1,2201.0,500.0,20259.0,640.0,8079.0,6.0,66979313.0,429.0,-19270.0,400.0,Y,1997.0,1-May-2022,HUO JUNDE and  HUANG XIAOLONG and  J.K. TULI,2023-10-18,67cr
24,44,Cr,,,,,,0.0,,,0+,360,GT,,ns,3.6e-07,,B-,100.0,,B-N,0.0,,,,,,,,,,13230.0,583.0,9819.0,539.0,-16635.0,781.0,,,4492.0,640.0,21235.0,781.0,8026.0,7.0,67983156.0,537.0,-15690.0,500.0,Y,2009.0,1-Mar-2012,E.A. McCutchan,2023-10-18,68cr
24,45,Cr,,,,,,0.0,,,,620,GT,,ns,6.2e-07,,B-,,,B-N,,,B-2N,,,,,,,,15730.0,640.0,11219.0,583.0,-17265.0,860.0,,,2011.0,707.0,,,7939.0,7.0,68989662.0,537.0,-9630.0,500.0,Y,2013.0,12-MAR-2014,BALRAJ SINGH,2023-10-18,69cr
24,46,Cr,,,,,,0.0,,,0+,620,GT,,ns,6.2e-07,,B-,,,B-N,,,B-2N,,,,,,,,14810.0,781.0,11648.0,721.0,,,,,4082.0,781.0,,,7884.0,9.0,69993945.0,644.0,-5640.0,600.0,Y,2013.0,1-Jul-2016,G. G~URDAL and  E.A. MCCUTCHAN,2023-10-18,70cr
25,19,Mn,,,,,,0.0,,,,105,LT,,ns,1.05e-07,,EC,,,P,,,,,,,,,,,,,,,-7434.0,424.0,20881.899,304.343,17981.0,500.0,-2141.0,361.0,7457.0,7.0,44008009.0,322.0,7460.0,300.0,Y,,31-Jul-2011,JUN CHEN and  BALRAJ SINGH AND JOHN A. CAMERON,2023-10-18,44mn
25,20,Mn,,,,,,0.0,,,,,,,,,,,,,,,,,,,,,,,,-19388.0,412.0,,,-7715.0,361.0,14534.801,302.081,20511.0,424.0,-1153.0,304.0,7747.0,7.0,44994654.0,322.0,-4980.0,300.0,Y,,30-Oct-2007,T. W. BURROWS,2023-10-18,45mn
25,21,Mn,,,,,,0.0,,,(4+),36.2,,4,ms,0.0362,0.0004,EC+B+,100.0,,ECP,57.0,0.8,,,,2,,,,,-13628.0,312.0,-34897.0,296.0,-7223.0,214.0,17053.822,87.383,15509.0,312.0,191.9175,93.5816,7916.0805,1.8832,45986669.0,93.0,-12417.748,86.629,N,1987.0,20-FEB-2010,BALRAJ SINGH,2023-10-18,46mn
25,22,Mn,,,,,,0.0,,,(5/2-),100,,50,ms,0.1,0.05,EC+B+,100.0,,ECP,3.4,0.9,,,,,,,,,-15437.0,501.0,-31848.0,302.0,-7074.9344,53.2828,11996.717,32.095,18219.9463,92.2367,383.7767,33.678,8135.3117,0.6738,46975774.0,34.0,-22566.376,31.671,N,1987.0,20-Feb-2007,T. W. BURROWS,2023-10-18,47mn
25,23,Mn,,,,,,0.0,,,4+,157.7,,22,ms,0.1577,0.0022,EC+B+,100.0,,B+P,0.28,0.04,B+A,0.0006,,1,,,,,-11288.0685,92.4609,-30238.0,500.0,-7913.4808,9.8818,13524.669,9.916,14801.5859,32.3715,2022.5222,6.3173,8274.1924,0.1396,47968548.76,7.191,-29296.644,6.699,N,1987.0,30-Nov-2021,JUN CHEN,2023-10-18,48mn
25,24,Mn,,,,,,0.0,,,5/2-,382,,7,ms,0.382,0.007,EC+B+,100.0,,,,,,,,1/2,,,,,-12869.1957,24.3199,-27682.668,92.2445,-8158.3999,2.3744,7712.427,3.123,16394.5996,7.055,2087.5834,7.6379,8439.915,0.0452,48959613.35,2.377,-37619.925,2.214,N,1970.0,14-Jul-2008,T. W. Burrows{+a},2023-10-18,49mn
25,25,Mn,3.712,0.0196,,,,0.0,,,0+,283.19,,10,ms,0.28319,0.0001,EC+B+,100.0,,,,,,,,1,2.76,0.01,0.83,0.12,-8150.4267,8.3842,-25947.4747,24.2191,-7975.9054,0.1427,7634.478,0.149,13078.279,2.2133,4583.5055,2.201,8532.6823,0.0023,49954238.157,0.123,-42626.886,0.115,N,1952.0,15-Apr-2019,Jun Chen and Balraj Singh,2023-10-18,50mn
25,26,Mn,3.7026,0.0212,,,,0.0,,,5/2-,46.2,,1,m,2772.0,6.0,EC+B+,100.0,,,,,,,,,3.575,0.004,0.41,0.08,-8054.04,1.4309,-21838.0836,8.389,-8661.0715,0.3064,3207.49,0.34,13687.6569,0.2981,5270.8323,0.2904,8633.7602,0.006,50948208.77,0.326,-48243.225,0.304,N,1938.0,1-Mar-2016,Wang Jimin and Huang Xiaolong,2023-10-18,51mn
25,27,Mn,3.6706,0.0128,,,,0.0,,,6+,5.591,,3,d,483062.4,259.2,EC+B+,100.0,,,,,,,,,3.0622,0.0012,0.5,0.07,-2379.2912,0.1534,-18593.5193,1.4041,-8658.2974,0.9744,4708.121,0.171,10539.4793,0.3115,6549.6431,0.1812,8670.4087,0.0025,51945559.09,0.138,-50711.387,0.129,N,1938.0,10-Jul-2015,YANG DONG and  HUO JUNDE,2023-10-18,52mn
25,28,Mn,3.6662,0.0076,,,,0.0,,,7/2-,3.7E+6,,4,Y,116760626105990.4,12622770389836.8,EC,100.0,,,,,,,,,5.033,0.005,0.17,0.03,-3742.8664,1.6971,-14429.5724,0.3598,-9153.1088,0.8876,597.268,0.365,12050.2812,0.3375,6559.8128,0.3316,8734.1798,0.0065,52941287.497,0.371,-54690.35,0.346,N,1955.0,31-Mar-2007,HUO JUNDE,2023-10-18,53mn
25,29,Mn,3.6834,0.0049,,,,0.0,,,3+,312.20,,20,d,26974080.0,17280.0,EC+B+,100.0,,B-,9.3e-05,,,,,,3.297,0.003,0.37,0.03,696.3688,1.0587,-12682.0813,1.9467,-8759.9225,1.0049,1377.132,1.016,8939.2149,1.0572,7559.6001,1.0,8737.9768,0.0186,53940355.772,1.08,-55558.247,1.007,N,1938.0,20-Jun-2014,YANG DONG and  HUO JUNDE,2023-10-18,54mn
25,30,Mn,3.7057,0.0022,100.0,,,0.0,,,5/2-,STABLE,,,,,,,,,,,,,,,,3.4669,0.0006,0.33,0.01,-231.1204,0.1786,-9529.2447,0.2461,-7934.3526,0.265,-2602.218,0.346,10225.6135,1.0347,8066.134,0.2628,8765.0247,0.0047,54938043.04,0.279,-57712.542,0.26,N,1923.0,30-Apr-2007,HUO JUNDE,2023-10-18,55mn
25,31,Mn,3.7146,0.0052,,,,0.0,,,3+,2.5789,,1,h,9284.04,0.36,B-,100.0,,,,,,,,,3.24,0.002,0.24,0.08,3695.4973,0.2065,-7501.5624,0.2234,-7893.5501,0.3226,-1626.538,0.648,7270.442,0.1342,9090.3133,0.3487,8738.3358,0.0052,55938902.816,0.314,-56911.666,0.293,N,1934.0,29-Oct-2009,HUO JUNDE and  HUO SU and  YANG DONG,2023-10-18,56mn
25,32,Mn,,,,,,0.0,,,5/2-,85.4,,18,s,85.4,1.8,B-,100.0,,,,,,,,,3.481,0.002,0.37,0.03,2695.7375,1.5219,-4950.4341,1.5218,-8059.5201,3.4481,-4961.294,2.395,8645.9314,1.5253,9490.1227,1.6058,8736.7146,0.0264,56938285.944,1.615,-57486.279,1.505,N,1954.0,24-Sep-1998,M. R. BHAT,2023-10-18,57mn
25,33,Mn,,,,,,0.0,,,1+,3.0,,1,s,3.0,0.1,B-,100.0,,,,,,,,,2.623,0.002,0.03,0.08,6327.7027,2.7198,-3716.8696,2.7146,-8354.2169,11.5012,-3835.76,4.02,6412.6071,3.0922,10591.5547,3.2815,8696.6438,0.0466,57940066.643,2.9,-55827.568,2.701,N,1961.0,12-Jan-2010,CAROLINE D. NESARAJA and  SCOTT D. GERAEDTS AND BALRAJ SINGH,2023-10-18,58mn
25,34,Mn,,,,,,0.0,,,5/2-,4.59,,5,s,4.59,0.05,B-,100.0,,,,,,,,,3.494,0.003,0.34,0.03,5139.629,2.352,-1441.3756,2.3501,-8825.1083,27.1135,-7409.397,2.424,7769.0782,3.5665,10822.4919,3.7826,8680.9224,0.0395,58940391.111,2.5,-55525.328,2.329,N,1976.0,1-Apr-2018,M. Shamsuzzoha Basunia,2023-10-18,59mn
25,35,Mn,,,,,,0.0,,,1+,0.28,,2,s,0.28,0.02,B-,100.0,,IT,100.0,,,,,,2.488,0.007,0.1,0.2,8445.2283,4.1261,-374.3064,2.352,-9209.4612,175.8998,-6059.446,2.583,5513.9355,3.2933,12140.9862,2.4234,8628.1392,0.0388,59943136.574,2.5,-52967.946,2.329,N,1978.0,31-Dec-2012,E. BROWNE and  J. K. TULI,2023-10-18,60mn
25,36,Mn,,,,,,0.0,,,5/2(-),0.709,,8,s,0.709,0.008,B-,100.0,,B-N,0.2,,,,,,3.533,0.002,0.36,0.03,7178.373,3.4965,1599.7264,4.1261,-9731.9824,84.7979,-9245.628,2.982,6845.5018,3.2933,12122.6005,2.5831,8598.9157,0.0382,60944452.541,2.5,-51742.13,2.329,N,1980.0,25-Mar-2019,BALRAJ SINGH,2023-10-18,61mn
25,37,Mn,,,,,X,0.0,,0.0,(1+),92,,13,ms,0.092,0.013,B-,100.0,,B-N,,,,,,,2.384,0.007,0.1,0.2,10354.092,7.1142,2325.22,7.0431,-10518.2968,96.0392,-7671.354,7.395,4853.153,6.9445,13316.4337,6.8025,8538.5002,0.1055,61947907.384,7.023,-48523.965,6.542,N,1983.0,15-Apr-2012,ALAN L. NICHOLS and  BALRAJ SINGH and  JAGDISH K. TULI,2023-10-18,62mn
25,38,Mn,,,,,,0.0,,,5/2-,0.275,,4,s,0.275,0.004,B-,100.0,,B-N,,,,,,,3.439,0.003,0.48,0.04,8748.5685,5.6915,3919.6779,4.6575,-11701.3594,137.451,-10708.762,72.752,6434.4141,7.529,13323.4203,5.0756,8505.102,0.0591,62949664.672,4.0,-46887.061,3.726,N,1985.0,28-Aug-2008,HUO JUNDE and  YANG DONG and  HUO MEIRONG and ,2023-10-18,63mn
25,39,Mn,,,,,,0.0,,,1(+),90,,4,ms,0.09,0.004,B-,100.0,,B-N,2.7,0.6,,,,,2.085,0.003,,,11980.5117,6.1402,4575.2708,5.5714,-12326.5545,181.9806,-9349.062,299.962,4173.2977,5.1393,14099.7119,72.7427,8437.4175,0.0553,63953849.369,3.8,-42989.04,3.54,N,1985.0,12-Nov-2021,Balraj Singh and Jun Chen,2023-10-18,64mn
25,40,Mn,,,,,,0.0,,,(5/2-),92,,1,ms,0.092,0.001,B-,100.0,,B-N,7.9,,,,,,,,,,10250.5576,6.3257,5930.8897,6.2494,-13215.1387,234.9494,-12657.344,200.035,6049.6219,5.1393,14616.3372,299.9642,8400.6822,0.0573,64956019.749,4.0,-40967.344,3.726,N,1985.0,1-Aug-2009,E. BROWNE and  J. K. TULI,2023-10-18,65mn
25,41,Mn,,,,,,0.0,,,,65,,2,ms,0.065,0.002,B-,100.0,,,,,,,,,,,,,13317.4543,11.9056,6396.1914,12.2913,-13962.1446,264.5232,-11610.392,300.208,3854.3662,11.7826,15729.0,201.0,8331.7986,0.1694,65960546.833,12.0,-36750.392,11.178,N,1992.0,3-Mar-2009,E. BROWNE and  J. K. TULI,2023-10-18,66mn
25,42,Mn,,,,,,0.0,,,(5/2-),47,,2,ms,0.047,0.002,B-,100.0,,B-N,,,,,,,,,,,12128.0,200.0,8416.0,200.0,-14265.0,395.0,-14310.0,447.2,4901.0,201.0,15729.0,361.0,8281.0,3.0,66963950.0,215.0,-33580.0,200.0,Y,1997.0,1-Apr-2005,HUO JUNDE and  HUANG XIAOLONG and  J.K. TULI,2023-10-18,67mn
25,43,Mn,,,,,,0.0,,,>3,28,,3,ms,0.028,0.003,B-,100.0,,B-N,0.0,,,,,,,,,,14977.0,356.0,8717.0,300.0,-15025.0,500.0,-13230.0,583.0,3411.0,361.0,16939.0,500.0,8209.0,4.0,67968953.0,322.0,-28920.0,300.0,Y,1995.0,1-Mar-2012,E.A. McCutchan,2023-10-18,68mn
25,44,Mn,,,,,,0.0,,,(5/2-),16,,3,ms,0.016,0.003,B-,100.0,,,,,,,,,,,,,13839.0,447.0,10466.0,444.0,-15674.0,640.0,-15730.0,640.3,4511.0,500.0,16959.0,640.0,8155.0,6.0,68972775.0,429.0,-25360.0,400.0,Y,1995.0,31-Jul-2013,C.D. NESARAJA,2023-10-18,69mn
25,45,Mn,,,,,,0.0,,,,19.9,,17,ms,0.0199,0.0017,B-,100.0,,B-N,50.0,20.0,,,,,,,,,16440.0,583.0,10678.0,539.0,-16575.0,707.0,-14810.0,781.0,3161.0,640.0,18109.0,707.0,8084.0,7.0,69978046.0,537.0,-20450.0,500.0,Y,2009.0,1-Jul-2016,G. G~URDAL and  E.A. MCCUTCHAN,2023-10-18,70mn
25,47,Mn,,,,,,0.0,,,,620,GT,,ns,6.2e-07,,B-,,,B-N,,,B-2N,,,,,,,,18080.0,781.0,12689.0,721.0,,,,,2621.0,781.0,,,7955.0,8.0,71988009.0,644.0,-11170.0,600.0,Y,2013.0,24-JUN-2013,BALRAJ SINGH,2023-10-18,72mn
25,48,Mn,,,,,,0.0,,,,,,,,,,B-,100.0,,B-N,,,B-2N,,,,,,,,17289.0,781.0,14478.0,781.0,,,,,3602.0,848.0,,,7895.0,8.0,72992807.0,644.0,-6700.0,600.0,Y,2017.0,16-May-2019,BALRAJ SINGH and JUN CHEN,2023-10-18,73mn
26,19,Fe,,,,,,0.0,,,(3/2+),1.89,,+49-21,ms,0.00189,0.00035,2P,57.0,10.0,EC+B+,43.0,10.0,B+P,43.0,10.0,,,,,,,,,,-8427.0,490.0,19388.0,412.4,,,341.0,412.0,7299.0,6.0,45015467.0,304.0,14408.0,283.0,Y,1996.0,30-Oct-2007,T. W. BURROWS,2023-10-18,45fe
26,20,Fe,,,,,,0.0,,,0+,13.0,,20,ms,0.013,0.002,EC+B+,100.0,,ECP,78.7,3.8,,,,,,,,,,,,,-8275.0,424.0,13627.748,312.257,21269.0,412.0,1099.0,424.0,7603.0,7.0,46001299.0,322.0,1210.0,300.0,Y,1992.0,15-FEB-2010,BALRAJ SINGH,2023-10-18,46fe
26,21,Fe,,,,,,0.0,,,(7/2-),21.8,,7,ms,0.0218,0.0007,EC+B+,100.0,,ECP,0.0,,EC2P,,,,,,,,-17750.0,781.0,,,-7584.0,539.0,15436.376,501.002,16411.0,583.0,2001.0,508.0,7790.0,11.0,46992346.0,537.0,-7130.0,500.0,Y,1992.0,20-Feb-2007,T. W. BURROWS,2023-10-18,47fe
26,22,Fe,,,,,,0.0,,,0+,45.5,,8,ms,0.0455,0.0008,EC+B+,100.0,,ECP,15.3,0.8,,,,,,,,,-19738.0,509.0,-36700.0,607.0,-7011.5928,105.4935,11288.069,92.461,18950.0,509.0,2731.1704,97.5048,8022.7254,1.9212,47980667.0,99.0,-18008.575,92.218,N,1987.0,30-Nov-2021,JUN CHEN,2023-10-18,48fe
26,23,Fe,,,,,,0.0,,,(7/2-),64.7,,3,ms,0.0647,0.0003,EC+B+,100.0,,B+P,56.7,0.4,,,,3/2,,,,,-14971.0,501.0,-34552.0,501.0,-7660.8442,42.8892,12869.195,24.32,14813.4724,95.3451,2743.0569,25.1282,8161.3121,0.4943,48973429.0,26.0,-24750.73,24.219,N,1970.0,14-Jul-2008,T. W. Burrows{+a},2023-10-18,49fe
26,24,Fe,,,,,,0.0,,,0+,152.0,,6,ms,0.152,0.0006,EC+B+,100.0,,ECP,0.0,,,,,,,,,,-16887.0566,126.0308,-32768.0,500.0,-7429.8051,14.1934,8150.426,8.384,17797.048,25.6288,4145.5053,8.6709,8354.0268,0.1677,49962988.0,9.0,-34476.46,8.383,N,1977.0,15-Apr-2019,Jun Chen and Balraj Singh,2023-10-18,50fe
26,25,Fe,,,,,,0.0,,,5/2-,305,,2,ms,0.305,0.002,EC+B+,100.0,,,,,,,,,,,,,-12847.0389,48.4579,-30671.1002,125.7595,-8051.0084,5.3814,8054.04,1.43,13784.0436,8.4992,4851.2699,1.4029,8460.4977,0.0274,50956855.137,1.501,-40189.185,1.398,N,1972.0,1-Mar-2016,Wang Jimin and Huang Xiaolong,2023-10-18,51fe
26,26,Fe,,,,,,0.0,,,0+,8.275,,8,h,29790.0,28.8,EC+B+,100.0,,,,,,,,,,,,,-13988.1167,5.2831,-29061.267,48.438,-7935.6981,7.3125,2379.292,0.221,16214.2281,1.4097,7377.8411,0.3355,8609.6079,0.0035,51948113.364,0.192,-48332.095,0.179,N,1948.0,10-Jul-2015,YANG DONG and  HUO JUNDE,2023-10-18,52fe
26,27,Fe,,,,,,0.0,,,7/2-,8.51,,2,m,510.6,1.2,EC+B+,100.0,,,,,,,,,-0.65,0.01,,,-8288.1073,0.4431,-24674.8227,5.5386,-8040.0472,2.7619,3742.867,1.704,10686.706,1.6763,7525.0678,1.6717,8648.7985,0.0315,52945305.629,1.792,-50947.483,1.669,N,1938.0,31-Mar-2007,HUO JUNDE,2023-10-18,53fe
26,28,Fe,3.6933,0.0019,5.845,0.105,,0.0,,,0+,STABLE,,,,,,,,,,,,,,,,,,,,-8244.5478,0.0893,-21666.5575,1.6927,-8418.1672,0.3452,-696.368,1.064,13378.4501,1.6337,8853.2367,0.4595,8736.3846,0.0064,53939608.189,0.368,-56254.615,0.343,N,1923.0,20-Jun-2014,YANG DONG and  HUO JUNDE,2023-10-18,54fe
26,29,Fe,,,,,,0.0,,,3/2-,2.744,,9,Y,86592204.87428045,284012.333771328,EC,100.0,,,,,,,,,2.0,2.0,,,-3451.4254,0.3241,-17542.6721,0.2098,-8455.623,0.3403,231.12,0.4,9298.1243,0.1898,9212.1461,1.0477,8746.5981,0.0056,54938291.158,0.33,-57481.422,0.308,N,1939.0,30-Apr-2007,HUO JUNDE,2023-10-18,55fe
26,30,Fe,3.7377,0.0016,91.754,0.106,,0.0,,,0+,STABLE,,,,,,,,,,,,,,,,1.02,0.11,-0.23,0.03,-4566.6455,0.4104,-14648.485,0.3395,-7612.5711,0.2754,-3695.497,0.397,11197.0596,0.2291,10183.5922,0.157,8790.3563,0.0048,55934935.537,0.287,-60607.163,0.268,N,1923.0,29-Oct-2009,HUO JUNDE and  HUO SU and  YANG DONG,2023-10-18,56fe
26,31,Fe,3.7532,0.0017,2.119,0.029,,0.0,,,1/2-,STABLE,,,,,,,,,,,,,,,5/2,0.09064,7e-05,0.16,0.008,-836.3589,0.4493,-12212.817,0.4106,-7319.315,0.2752,-2695.738,1.529,7646.1716,0.0169,10559.3218,0.2072,8770.2829,0.0047,56935391.95,0.287,-60182.017,0.268,N,1935.0,24-Sep-1998,M. R. BHAT,2023-10-18,57fe
26,32,Fe,3.7745,0.0014,0.282,0.012,,0.0,,,0+,STABLE,,,,,,,,,,,,,,,,0.94,0.05,-0.27,0.05,-2307.9785,1.1389,-10880.9312,0.5035,-7644.8077,0.3219,-6327.703,2.719,10044.5723,0.1808,11957.9628,1.5313,8792.2534,0.0055,57933273.575,0.339,-62155.271,0.316,N,1935.0,12-Jan-2010,CAROLINE D. NESARAJA and  SCOTT D. GERAEDTS AND BALRAJ SINGH,2023-10-18,58fe
26,33,Fe,,,,,,0.0,,,3/2-,44.490,,9,d,3843936.0,777.6,B-,100.0,,,,,,,,,-0.3358,0.0004,,,1564.8804,0.369,-8888.9832,1.1435,-7979.5497,0.3841,-5139.629,2.352,6581.0046,0.1066,12126.3603,2.7215,8754.7746,0.0056,58934873.492,0.354,-60664.957,0.33,N,1938.0,1-Apr-2018,M. Shamsuzzoha Basunia,2023-10-18,59fe
26,34,Fe,,,,,,0.0,,,0+,2.62E+6,,4,Y,82679146053431.05,1262277038983.68,B-,100.0,,,,,,,,,,,,,237.2633,3.4106,-7254.6543,3.4099,-8552.9625,3.4347,-8445.228,4.126,8819.5347,3.3931,13176.8168,4.1261,8755.8539,0.0568,59934070.249,3.656,-61413.174,3.406,N,1957.0,31-Dec-2012,E. BROWNE and  J. K. TULI,2023-10-18,60fe
26,35,Fe,,,,,,0.0,,,(3/2-),5.98,,6,m,358.8,3.6,B-,100.0,,,,,,,,,-1.031,0.009,0.44,0.06,3977.6759,2.7399,-5341.3833,2.6392,-8820.4339,3.2052,-7178.373,3.497,5578.6466,4.29,13241.5278,3.4965,8703.7686,0.0428,60936746.241,2.8,-58920.503,2.608,N,1957.0,25-Jan-2015,KAZIMIERZ ZUBER and  BALRAJ SINGH,2023-10-18,61fe
26,36,Fe,,,,,,0.0,,,0+,68,,2,s,68.0,2.0,B-,100.0,,,,,,,,,,,,,2546.3427,18.7834,-4051.196,2.9178,-9311.1648,4.0859,-10354.092,7.114,8028.8719,3.8225,14424.898,3.6376,8692.8831,0.0451,61936791.809,3.0,-58878.057,2.794,N,1975.0,15-Apr-2012,ALAN L. NICHOLS and  BALRAJ SINGH and  JAGDISH K. TULI,2023-10-18,62fe
26,37,Fe,,,,,,0.0,,,(5/2-),6.1,,6,s,6.1,0.6,B-,100.0,,,,,,,,,,,,,6215.9238,19.0668,-2282.5479,19.0662,-9944.6142,4.3544,-8748.568,5.691,4828.8906,5.1303,14400.6356,7.8303,8631.5499,0.0683,62940272.698,4.618,-55635.629,4.302,N,1980.0,28-Aug-2008,HUO JUNDE and  YANG DONG and  HUO MEIRONG and ,2023-10-18,63fe
26,38,Fe,,,,,,0.0,,,0+,2.0,,4,s,2.0,0.4,B-,100.0,,,,,,,,,,,,,4822.8898,20.6249,-1189.3171,19.2407,-10485.9676,5.1402,-11980.512,6.14,7405.2409,6.6093,15371.4624,6.2494,8612.3888,0.0784,63940987.761,5.386,-54969.552,5.017,N,1980.0,12-Nov-2021,Balraj Singh and Jun Chen,2023-10-18,64fe
26,39,Fe,,,,,,0.0,,,(1/2-),0.81,,5,s,0.81,0.05,B-,100.0,,,,,,,,,,,,,7967.3036,5.5198,503.2219,20.6481,-11146.3156,5.4408,-10250.558,6.326,4319.6679,7.1626,15517.8325,6.2178,8546.347,0.0786,64945015.323,5.487,-51217.902,5.112,N,1980.0,1-Aug-2009,E. BROWNE and  J. K. TULI,2023-10-18,65fe
26,40,Fe,,,,,,0.0,,,0+,440,,60,ms,0.44,0.06,B-,100.0,,,,,,,,,,,,,6340.6944,14.5611,1046.0407,4.5973,-11640.1511,5.3551,-13317.455,11.906,6921.2629,6.5521,16389.4735,5.5391,8521.7245,0.0621,65946249.958,4.4,-50067.847,4.099,N,1985.0,3-Mar-2009,E. BROWNE and  J. K. TULI,2023-10-18,66fe
26,41,Fe,,,,,,0.0,,,(5/2+),0.6,,+2-1,s,0.6,0.15,B-,100.0,,,,,,,,,,,,,9613.3678,7.49,2628.8074,14.485,-11955.032,72.7568,-12128.416,200.036,3711.8871,5.6021,16246.9944,11.8124,8449.9359,0.057,66950930.0,4.1,-45708.416,3.819,N,1985.0,1-Apr-2005,HUO JUNDE and  HUANG XIAOLONG and  J.K. TULI,2023-10-18,67fe
26,42,Fe,,,,,,0.0,,,0+,188,,4,ms,0.188,0.004,B-,100.0,,B-N,0.0,,,,,,,,,,7746.0,193.0,3354.0,193.0,-12682.0,356.0,-14977.0,356.7,6260.0,193.0,17605.0,278.0,8418.0,3.0,67952875.0,207.0,-43897.0,193.0,Y,1985.0,1-Mar-2012,E.A. McCutchan,2023-10-18,68fe
26,43,Fe,,,,,,0.0,,,,110,,5,ms,0.11,0.005,B-,100.0,,,,,,,,,,,,,11186.0,218.0,4372.0,200.0,-13314.0,283.0,-13839.0,447.2,3374.0,278.0,17568.0,361.0,8345.0,3.0,68957918.0,215.0,-39199.0,200.0,Y,1992.0,31-Jul-2013,C.D. NESARAJA,2023-10-18,69fe
26,44,Fe,,,,,,0.0,,,0+,65,,6,ms,0.065,0.006,B-,100.0,,B-N,,,,,,,,,,,9635.0,300.0,5424.0,312.0,-14175.0,424.0,-16440.0,583.0,5762.0,361.0,18819.0,500.0,8308.0,4.0,69960397.0,322.0,-36890.0,300.0,Y,1997.0,1-Jul-2016,G. G~URDAL and  E.A. MCCUTCHAN,2023-10-18,70fe
26,45,Fe,,,,,,0.0,,,,35.7,,20,ms,0.0357,0.002,B-,100.0,,B-2N,,,B-N,,,,,,,,12440.0,613.0,6524.0,400.0,-15085.0,565.0,-15310.0,640.3,3111.0,500.0,18769.0,640.0,8235.0,6.0,70965722.0,429.0,-31930.0,400.0,Y,1997.0,17-Jan-2023,Balraj Singh and Jun Chen,2023-10-18,71fe
26,46,Fe,,,,,,0.0,,,0+,150,GE,,ns,1.5e-07,,B-,100.0,,B-N,27.6,,,,,,,,,,11050.0,583.0,7049.0,683.0,-15985.0,707.0,-18080.0,781.0,5391.0,640.0,19919.0,707.0,8195.0,7.0,71968599.0,537.0,-29250.0,500.0,Y,1997.0,1-May-2009,D. Abriola(a) and  A.A. Sonzogni,2023-10-18,72fe
26,47,Fe,,,,,,0.0,,,,12.9,,16,ms,0.0129,0.0016,B-,100.0,,B-N,,,B-2N,,,,,,,,13980.0,583.0,8239.0,583.0,-16785.0,707.0,-17290.0,781.0,2811.0,707.0,20109.0,781.0,8121.0,7.0,72974246.0,537.0,-23990.0,500.0,Y,2010.0,16-May-2019,BALRAJ SINGH and JUN CHEN,2023-10-18,73fe
26,48,Fe,,,,,,0.0,,,0+,8.2,,+26-71,ms,0.0082,0.00485,B-2N,,,B-N,,,B-,,,,,,,,12881.0,640.0,9239.0,583.0,-17444.0,781.0,,,4741.0,707.0,21248.0,781.0,8076.0,7.0,73977821.0,537.0,-20660.0,500.0,Y,2010.0,31-MAR-2017,BALRAJ SINGH,2023-10-18,74fe
26,49,Fe,,,,,,0.0,,,,620,GT,,ns,6.2e-07,,B-,,,B-N,,,B-2N,,,,,,,,15861.0,721.0,10769.0,721.0,,,,,2112.0,781.0,,,7996.0,8.0,74984219.0,644.0,-14700.0,600.0,Y,2013.0,30-Jun-2013,ALEXANDRU NEGRET and  BALRAJ SINGH,2023-10-18,75fe
26,50,Fe,,,,,,0.0,,,0+,,,,,,,B-,100.0,,B-2N,,,B-3N,,,,,,,,15070.0,781.0,11899.0,721.0,,,,,3962.0,848.0,,,7943.0,8.0,75988631.0,644.0,-10590.0,600.0,Y,2017.0,17-Dec-2022,Balraj Singh,2023-10-18,76fe
27,21,Co,,,,,,0.0,,,,,,,,,,P,,,,,,,,,,,,,,-16448.0,656.0,,,-8155.0,583.0,19738.575,508.433,16961.0,781.0,-1570.0,707.0,7595.0,10.0,48001857.0,537.0,1730.0,500.0,Y,,30-Nov-2021,JUN CHEN,2023-10-18,48co
27,23,Co,,,,,,0.0,,,(6+),38.8,,2,ms,0.0388,0.0002,EC+B+,100.0,,ECP,70.5,0.7,EC2P,,,2,,,,,-14130.0,516.0,-34190.0,613.0,-7596.5711,152.7025,16887.057,126.031,15881.0,516.0,127.6444,128.0627,8000.6387,2.515,49981117.0,135.0,-17589.403,125.752,N,1987.0,15-Apr-2019,Jun Chen and Balraj Singh,2023-10-18,50co
27,24,Co,,,,,,0.0,,,7/2-,68.8,,19,ms,0.0688,0.0019,EC+B+,100.0,,ECP,3.8,,,,,,,,,,-15692.0,503.0,-31954.0,503.0,-7200.6861,57.8727,12847.039,48.458,17824.0613,134.7579,154.6577,49.1578,8193.2549,0.9498,50970647.0,52.0,-27342.146,48.438,N,1987.0,1-Mar-2016,Wang Jimin and Huang Xiaolong,2023-10-18,51co
27,25,Co,,,,,,0.0,,,(6+),104,,7,ms,0.104,0.007,EC+B+,100.0,,B+P,,,,,,,,,,,-11784.123,83.071,-30765.0,500.0,-7472.2505,8.5303,13988.116,5.285,15073.1503,48.7248,1443.7644,5.4635,8325.5606,0.1016,51963130.224,5.669,-34343.979,5.282,N,1987.0,10-Jul-2015,YANG DONG and  HUO JUNDE,2023-10-18,52co
27,26,Co,,,,,,0.0,,,(7/2-),240,,9,ms,0.24,0.009,EC+B+,100.0,,,,,,,,,,,,,-13028.5485,25.2096,-28170.8383,82.921,-7464.3663,2.8069,8288.107,2.402,16386.7154,5.5563,1616.2517,1.7339,8477.6578,0.0326,52954203.278,1.854,-42659.376,1.727,N,1970.0,31-Mar-2007,HUO JUNDE,2023-10-18,53co
27,27,Co,,,,,,0.0,,,0+,193.28,,7,ms,0.19328,7e-05,EC+B+,100.0,,,,,,,,1,,,,,-8731.7558,4.671,-26450.5582,25.1528,-7808.097,0.3596,8244.547,0.494,13422.0097,1.6951,4351.5554,1.6361,8569.2199,0.0066,53948459.075,0.38,-48010.068,0.355,N,1952.0,20-Jun-2014,YANG DONG and  HUO JUNDE,2023-10-18,54co
27,28,Co,,,,,,0.0,,,7/2-,17.53,,3,h,63108.0,108.0,EC+B+,100.0,,,,,,,,,4.822,0.003,,,-8694.035,0.5775,-22823.0025,4.675,-8211.6868,0.4861,3451.426,0.509,14091.2467,0.3112,5064.3519,0.2981,8669.6204,0.0074,54941996.416,0.434,-54029.996,0.405,N,1938.0,30-Apr-2007,HUO JUNDE,2023-10-18,55co
27,29,Co,,,,,,0.0,,,4+,77.236,,26,d,6673190.4,2246.4,EC+B+,100.0,,,,,,,,,,,0.25,0.09,-2132.8689,0.3735,-18775.8746,0.7405,-7754.0471,0.4841,4566.645,0.545,10081.8396,0.4635,5848.0672,0.4483,8694.8386,0.0085,55939838.032,0.51,-56040.518,0.475,N,1941.0,29-Oct-2009,HUO JUNDE and  HUO SU and  YANG DONG,2023-10-18,56co
27,30,Co,,,,,,0.0,,,7/2-,271.74,,6,d,23478336.0,5184.0,EC,100.0,,,,,,,,3/2,,,0.54,0.1,-3261.697,0.6417,-13509.3271,0.5241,-7080.224,0.5966,836.359,0.581,11376.4582,0.5657,6027.4657,0.4491,8741.8845,0.009,56936289.819,0.553,-59345.658,0.516,N,1941.0,24-Sep-1998,M. R. BHAT,2023-10-18,57co
27,31,Co,,,,,,0.0,,,2+,70.86,,6,d,6122304.0,5184.0,EC+B+,100.0,,,,,,,,,,,0.23,0.03,381.5789,1.1071,-11834.6497,1.2101,-6713.9617,1.5276,2307.979,1.196,8572.9526,1.176,6954.2468,1.1265,8738.9719,0.0199,57935751.292,1.237,-59847.292,1.153,N,1941.0,31-OCT-2015,C.D. NESARAJA AND B. SINGH,2023-10-18,58co
27,32,Co,3.7875,0.0021,100.0,,,0.0,,,7/2-,STABLE,,,,,,,,,,,,,,,,4.615,0.025,0.42,0.03,-1073.005,0.1944,-10072.2847,0.2004,-6942.2118,0.3435,-1564.881,0.516,10453.8636,1.1021,7363.538,0.3543,8768.0379,0.0067,58933193.524,0.426,-62229.838,0.397,N,1923.0,1-Apr-2018,M. Shamsuzzoha Basunia,2023-10-18,59co
27,33,Co,,,,,,0.0,,,5+,1925.28,,14,d,166344192.0,12096.0,B-,100.0,,,,,,,,,3.799,0.008,0.46,0.06,2822.8058,0.2124,-8564.9226,0.2068,-7163.6874,0.3755,-237.263,3.43,7491.9176,0.0706,8274.451,0.3756,8746.7692,0.0067,59933815.536,0.433,-61650.437,0.403,N,1941.0,31-Dec-2012,E. BROWNE and  J. K. TULI,2023-10-18,60co
27,34,Co,,,,,,0.0,,,7/2-,1.649,,5,h,5936.4,18.0,B-,100.0,,,,,,,,,,,,,1323.8504,0.7899,-6496.2534,0.7909,-7836.8152,1.7186,-3977.676,2.74,9319.0592,0.8182,8773.9755,3.493,8756.151,0.0138,60932476.031,0.901,-62898.179,0.839,N,1947.0,25-Jan-2015,KAZIMIERZ ZUBER and  BALRAJ SINGH,2023-10-18,61co
27,35,Co,,,,,,0.0,,,(2)+,1.54,,10,m,92.4,6.0,B-,100.0,,,,,,,,,,,,,5322.0404,18.5695,-5273.6884,18.5721,-8021.7469,18.7698,-2546.342,18.783,6597.5388,18.5839,9792.8677,18.7566,8721.3347,0.2996,61934058.198,19.94,-61424.399,18.574,N,1949.0,15-Apr-2012,ALAN L. NICHOLS and  BALRAJ SINGH and  JAGDISH K. TULI,2023-10-18,62co
27,36,Co,,,,,,0.0,,,7/2-,27.4,,5,s,27.4,0.5,B-,100.0,,,,,,,,,,,,,3661.3385,18.5704,-3176.4313,18.5705,-8751.1403,18.7205,-6215.924,19.067,8498.4717,26.2619,10262.4674,18.7841,8717.7972,0.2948,62933599.63,19.941,-61851.553,18.575,N,1960.0,28-Aug-2008,HUO JUNDE and  YANG DONG and  HUO MEIRONG and ,2023-10-18,63co
27,37,Co,,,,,,0.0,,,1+,0.30,,3,s,0.3,0.03,B-,100.0,,,,,,,,,,,,,7306.5921,20.0,-2350.8683,20.001,-9249.4117,20.1404,-4822.89,20.62,6012.2068,27.2915,11445.7837,20.4628,8675.5223,0.3126,63935810.176,21.476,-59792.442,20.005,N,1969.0,12-Nov-2021,Balraj Singh and Jun Chen,2023-10-18,64co
27,38,Co,,,,,,0.0,,,(7/2)-,1.16,,3,s,1.16,0.03,B-,100.0,,,,,,,,,,,,,5940.5911,2.1379,-157.4896,2.1335,-9867.9915,3.1242,-7967.303,5.52,7464.0817,20.1135,11504.6245,5.4323,8656.8848,0.032,64936462.071,2.235,-59185.205,2.083,N,1978.0,1-Aug-2009,E. BROWNE and  J. K. TULI,2023-10-18,65co
27,39,Co,,,,,,0.0,,,(3+),0.20,,2,s,0.2,0.02,B-,100.0,,,,,,,,,,,,,9597.7522,14.0421,645.9373,13.9808,-10309.4923,15.4283,-6340.694,14.561,5294.6538,14.1268,12479.6104,14.8782,8605.9419,0.2117,65939442.943,15.0,-56408.541,13.972,N,1985.0,3-Mar-2009,E. BROWNE and  J. K. TULI,2023-10-18,66co
27,40,Co,,,,,,0.0,,,(7/2-),0.425,,20,s,0.425,0.02,B-,100.0,,,,,,,,,,,,,8420.9047,7.0607,2613.1918,6.5929,-10859.6387,7.4429,-9613.367,7.49,6984.5604,15.3864,12542.9079,7.6363,8581.7422,0.0962,66940609.625,6.917,-55321.783,6.443,N,1985.0,1-Apr-2005,HUO JUNDE and  HUANG XIAOLONG and  J.K. TULI,2023-10-18,67co
27,41,Co,,,,,,0.0,,,(7-),0.20,,2,s,0.2,0.02,B-,100.0,,,,,,,,,,,,,11821.2318,4.876,4028.7795,4.8196,-11078.4662,5.2363,-7745.591,193.039,4392.1252,7.5103,13223.146,5.4292,8520.1301,0.0567,67944559.401,4.142,-51642.591,3.859,N,1985.0,1-Mar-2012,E.A. McCutchan,2023-10-18,68co
27,42,Co,,,,,,0.0,,,(7/2-),227,,11,ms,0.227,0.011,B-,100.0,,,,,,,,,,,,,9593.2084,85.7784,5007.0568,85.7493,-11843.0192,85.7784,-11186.447,217.587,6814.175,85.7843,13778.0,211.0,8495.4062,1.242,68945909.0,92.0,-50385.447,85.697,N,1985.0,31-Jul-2013,C.D. NESARAJA,2023-10-18,69co
27,43,Co,,,,,,0.0,,,(6- 7-),112,,7,ms,0.112,0.007,B-,100.0,,B-N,,,,,,,,,,,12688.9049,11.1987,5382.3745,11.606,-12199.487,15.6768,-9634.963,300.201,4210.8339,86.3995,14615.0,201.0,8434.198,0.157,69950053.4,11.8,-46524.963,10.992,N,1998.0,1-Jul-2016,G. G~URDAL and  E.A. MCCUTCHAN,2023-10-18,70co
27,44,Co,,,,,,0.0,,,(7/2-),80,,3,ms,0.08,0.003,B-,100.0,,B-N,16.0,2.0,,,,,,,,,11036.3053,465.0353,6772.62,465.0349,-13214.0,506.0,-12439.93,613.39,5916.285,465.1598,14769.0,553.0,8398.7344,6.5497,70952366.923,499.23,-44369.93,465.03,N,1992.0,17-Jan-2023,Balraj Singh and Jun Chen,2023-10-18,71co
27,45,Co,,,,,,0.0,,,[6- 7-],59.9,,17,ms,0.0599,0.0017,B-,100.0,,B-N,6.0,,,,,,,,,,13926.0,300.0,7035.0,300.0,-13805.0,424.0,-11050.0,583.0,4002.0,553.0,15659.0,500.0,8338.0,4.0,71956736.0,322.0,-40300.0,300.0,Y,1992.0,1-May-2009,D. Abriola(a) and  A.A. Sonzogni,2023-10-18,72co
27,46,Co,,,,,,0.0,,,,40.7,,13,ms,0.0407,0.0013,B-,100.0,,B-N,22.0,8.0,B-2N,,,,,,,,12139.0,300.0,8185.0,300.0,-15035.0,500.0,-13980.0,583.0,5741.0,424.0,16009.0,583.0,8302.0,4.0,72959238.0,322.0,-37970.0,300.0,Y,1995.0,16-May-2019,BALRAJ SINGH and JUN CHEN,2023-10-18,73co
27,47,Co,,,,,,0.0,,,,31.3,,15,ms,0.0313,0.0015,B-,100.0,,B-N,18.0,15.0,B-2N,,,,,,,,15160.0,447.0,8497.0,400.0,-15515.0,640.0,-12880.0,640.3,3642.0,500.0,16840.0,640.0,8239.0,5.0,73963993.0,429.0,-33540.0,400.0,Y,1995.0,31-MAR-2017,BALRAJ SINGH,2023-10-18,74co
27,48,Co,,,,,,0.0,,,,30,,11,ms,0.03,0.011,B-,100.0,,B-N,16.0,,B-2N,,,,,,,,13680.0,447.0,10069.0,447.0,-16366.0,640.0,-15860.0,721.1,5091.0,565.0,17190.0,640.0,8197.0,5.0,74967192.0,429.0,-30560.0,400.0,Y,1995.0,30-Jun-2013,ALEXANDRU NEGRET and  BALRAJ SINGH,2023-10-18,75co
27,49,Co,,,,,,0.0,,,,21.7,,+65-49,ms,0.0217,0.0057,B-,100.0,,B-2N,,,B-N,,,,,,,,16530.0,583.0,10509.0,539.0,-16915.0,781.0,-15070.0,781.0,3171.0,640.0,18249.0,781.0,8131.0,7.0,75972453.0,537.0,-25660.0,500.0,Y,2010.0,31-JUL-2014,BALRAJ SINGH,2023-10-18,76co
27,50,Co,,,,,,0.0,,,,13.0,,+72-43,ms,0.013,0.00575,B-,100.0,,B-N,,,B-2N,,,,,,,,15440.0,721.0,12209.0,671.0,-17634.0,848.0,,,4321.0,781.0,18608.0,848.0,8082.0,8.0,76976479.0,644.0,-21910.0,600.0,Y,2014.0,30-SEP-2020,BALRAJ SINGH,2023-10-18,77co
27,51,Co,,,,,,0.0,,,,,,,,,,B-,100.0,,B-4N,,,B-3N,,,,,,,,19560.0,806.0,13959.0,806.0,,,,,1482.0,922.0,,,7997.0,9.0,77983553.0,751.0,-15320.0,700.0,Y,2017.0,17-Dec-2022,Balraj Singh,2023-10-18,78co
28,20,Ni,,,,,,0.0,,,0+,2.1,,+14-6,ms,0.0021,0.001,2P,70.0,20.0,B+P,30.0,20.0,,,,,,,,,,,,,,,16448.0,655.5,,,-269.0,735.0,7236.0,9.0,48019515.0,455.0,18178.0,424.0,Y,2000.0,30-Nov-2021,JUN CHEN,2023-10-18,48ni
28,21,Ni,,,,,,0.0,,,,7.5,,10,ms,0.0075,0.001,EC+B+,100.0,,B+P,83.0,13.0,,,,,,,,,,,,,-8303.0,663.0,18310.0,781.0,17720.0,735.0,489.0,781.0,7450.0,12.0,49009157.0,644.0,8530.0,600.0,Y,1996.0,14-Jul-2008,T. W. Burrows{+a},2023-10-18,49ni
28,22,Ni,,,,,,0.0,,,0+,18.5,,12,ms,0.0185,0.0012,EC+B+,100.0,,ECP,73.0,6.0,EC2P,14.0,5.0,,,,,,,,,,-7094.0,583.0,14129.403,515.571,20061.0,781.0,969.0,707.0,7702.0,10.0,49996286.0,537.0,-3460.0,500.0,Y,1994.0,15-Apr-2019,Jun Chen and Balraj Singh,2023-10-18,50ni
28,23,Ni,,,,,,0.0,,,(7/2-),23.8,,2,ms,0.0238,0.0002,EC+B+,100.0,,ECP,87.2,0.8,EC2P,0.5,0.2,,,,,,,,,,-6945.0,707.0,15692.146,502.341,16262.0,707.0,1350.0,516.0,7870.0,10.0,50987493.0,537.0,-11650.0,500.0,Y,1987.0,1-Mar-2016,Wang Jimin and Huang Xiaolong,2023-10-18,51ni
28,24,Ni,,,,,,0.0,,,0+,40.8,,2,ms,0.0408,0.0002,EC+B+,100.0,,B+P,31.4,1.5,,,,,,,,,-20680.0,606.0,,,-6976.1961,124.0042,11784.123,83.071,18981.0,507.0,2506.6803,96.0162,8083.8977,1.5943,51975781.0,89.0,-22559.856,82.903,N,1987.0,10-Jul-2015,YANG DONG and  HUO JUNDE,2023-10-18,52ni
28,25,Ni,,,,,,0.0,,,(7/2-),55.2,,7,ms,0.0552,0.0007,EC+B+,100.0,,ECP,23.4,1.0,,,,3/2,,,,,-16491.0,501.0,-35822.0,600.0,-7305.0135,34.9155,13028.549,25.209,15142.2898,86.634,2575.8198,25.6989,8217.0749,0.4745,52968190.0,27.0,-29630.827,25.15,N,1976.0,11-JUN-2013,B. SINGH AND A. CHAKRABORTY,2023-10-18,53ni
28,26,Ni,,,,,,0.0,,,0+,114.2,,3,ms,0.1142,0.0003,EC+B+,100.0,,,,,,,,,,,,,-18038.0,400.0,-34210.0,500.0,-7226.768,9.5903,8731.756,4.671,17718.8025,25.578,3907.9069,4.9674,8393.0328,0.0862,53957833.0,5.0,-39278.312,4.657,N,1977.0,20-Jun-2014,YANG DONG and  HUO JUNDE,2023-10-18,54ni
28,27,Ni,,,,,,0.0,,,7/2-,203.7,,20,ms,0.2037,0.002,EC+B+,100.0,,,,,,,,,-0.98,0.03,,,-13700.5585,155.5611,-32167.0,400.0,-7571.6918,1.566,8694.035,0.813,14128.9675,4.7106,4614.8647,0.656,8497.3225,0.0128,54951329.846,0.757,-45335.961,0.705,N,1972.0,30-Apr-2022,Balraj Singh,2023-10-18,55ni
28,28,Ni,,,,,,0.0,,,0+,6.075,,10,d,524880.0,864.0,EC+B+,100.0,,,,,,,,,,,,,-15277.9163,6.407,-30343.5642,155.56,-8000.4694,0.4276,2132.869,0.62,16643.0057,0.6718,7166.6237,0.3432,8642.7811,0.0071,55942127.761,0.428,-53907.649,0.399,N,1952.0,29-Oct-2009,HUO JUNDE and  HUO SU and  YANG DONG,2023-10-18,56ni
28,29,Ni,,,,,,0.0,,,3/2-,35.60,,6,h,128160.0,216.0,EC+B+,100.0,,,,,,,,,-0.7975,0.0014,,,-8774.9466,0.4393,-25525.5463,6.4197,-7561.3934,1.7267,3261.697,0.766,10247.63,0.5174,7332.4141,0.5868,8670.9364,0.0099,56939791.394,0.608,-56083.961,0.566,N,1938.0,24-Sep-1998,M. R. BHAT,2023-10-18,57ni
28,30,Ni,3.7757,0.002,68.0769,0.019,,0.0,,,0+,STABLE,,,,,,,,,,,,,,,,0.076,0.017,-0.1,0.06,-8561.0204,0.4425,-20991.1751,0.4492,-6399.1718,0.3508,-381.579,1.205,12216.2285,0.4965,8172.1845,0.427,8732.0621,0.006,57935341.65,0.374,-60228.871,0.349,N,1921.0,12-Jan-2010,CAROLINE D. NESARAJA and  SCOTT D. GERAEDTS AND BALRAJ SINGH,2023-10-18,58ni
28,31,Ni,,,,,,0.0,,,3/2-,7.6E+4,,5,Y,2398326374068.992,157784629872.96,EC+B+,100.0,,,,,,,,,0.35,0.15,,,-4798.3786,0.3973,-17560.3001,0.4453,-6100.3272,0.3262,1073.005,0.53,8999.2797,0.0499,8598.5116,1.1063,8736.5912,0.006,58934345.442,0.376,-61156.833,0.351,N,1951.0,1-Apr-2018,M. Shamsuzzoha Basunia,2023-10-18,59ni
28,32,Ni,3.8118,0.0016,26.2231,0.015,,0.0,,,0+,STABLE,,,,,,,,,,,,,,,,0.32,0.06,-0.1,0.02,-6127.981,1.5735,-16186.107,0.4004,-6290.9959,0.258,-2822.806,0.536,11387.7284,0.0498,9532.3764,0.2003,8780.7769,0.0059,59930785.129,0.378,-64473.243,0.353,N,1921.0,31-Dec-2012,E. BROWNE and  J. K. TULI,2023-10-18,60ni
28,33,Ni,3.8225,0.0019,1.1399,0.0013,,0.0,,,3/2-,STABLE,,,,,,,,,,,,,,,,-0.74965,5e-05,0.162,0.015,-2237.9663,0.9617,-13948.0848,1.5742,-6464.9281,0.2616,-1323.85,0.91,7820.1037,0.0477,9860.5625,0.2176,8765.0281,0.0058,60931054.819,0.381,-64222.029,0.355,N,1934.0,20-Jan-2020,BALRAJ SINGH,2023-10-18,61ni
28,34,Ni,3.8399,0.0021,3.6345,0.004,,0.0,,,0+,STABLE,,,,,,,,,,,,,,,,,,,,-3958.8965,0.4751,-12833.6951,0.9518,-7016.0846,0.4151,-5322.041,18.579,10595.7288,0.3059,11137.2322,0.7313,8794.5555,0.0069,61928344.753,0.455,-66746.44,0.425,N,1934.0,15-Apr-2012,ALAN L. NICHOLS and  BALRAJ SINGH and  JAGDISH K. TULI,2023-10-18,62ni
28,35,Ni,,,,,,0.0,,,1/2-,101.2,,15,Y,3193560908.6287103,47335388.961888,B-,100.0,,,,,,,,,0.496,0.005,,,66.9768,0.0149,-10796.6664,0.4787,-7272.8498,0.4299,-3661.338,18.58,6837.7698,0.0587,11377.4632,18.5696,8763.4955,0.0068,62929669.021,0.457,-65512.891,0.426,N,1951.0,28-Aug-2008,HUO JUNDE and  YANG DONG and  HUO MEIRONG and ,2023-10-18,63ni
28,36,Ni,3.8572,0.0023,0.9256,0.0019,,0.0,,,0+,STABLE,,,,,,,,,,,,,,,,0.37,0.06,0.4,0.2,-1674.6156,0.2055,-9590.4836,0.2041,-8110.7755,3.4222,-7306.592,20.01,9657.4604,0.2035,12536.4519,18.5696,8777.4637,0.0072,63927966.228,0.497,-67099.034,0.463,N,1935.0,12-Nov-2021,Balraj Singh and Jun Chen,2023-10-18,64ni
28,37,Ni,,,,,,0.0,,,5/2-,2.5175,,5,h,9063.0,1.8,B-,100.0,,,,,,,,,0.69,0.06,,,2137.8808,0.6997,-7772.6963,0.2474,-8630.2096,2.6526,-5940.591,2.138,6098.0807,0.1378,12622.3258,20.0005,8736.2424,0.0074,64930084.585,0.518,-65125.796,0.483,N,1946.0,1-Aug-2009,E. BROWNE and  J. K. TULI,2023-10-18,65ni
28,38,Ni,,,,,,0.0,,,0+,54.6,,3,h,196560.0,1080.0,B-,100.0,,,,,,,,,,,,,251.9958,1.5405,-6813.9341,1.5382,-9553.1526,3.1243,-9597.752,14.042,8951.8149,1.4784,14110.059,2.5079,8739.5086,0.0212,65929139.333,1.5,-66006.293,1.397,N,1948.0,3-Mar-2009,E. BROWNE and  J. K. TULI,2023-10-18,66ni
28,39,Ni,,,,,,0.0,,,(1/2)-,21,,1,s,21.0,1.0,B-,100.0,,,,,,,,,0.601,0.005,,,3576.8654,3.0223,-5555.7171,2.9596,-10531.9749,5.1816,-8420.905,7.061,5807.7129,3.2079,14623.1182,14.2677,8695.7505,0.0431,66931569.413,3.1,-63742.688,2.888,N,1978.0,1-Apr-2005,HUO JUNDE and  HUANG XIAOLONG and  J.K. TULI,2023-10-18,67ni
28,40,Ni,,,,,,0.0,,,0+,29,,2,s,29.0,2.0,B-,100.0,,,,,,,,,,,,,2103.2205,3.3753,-4215.587,3.1114,-10919.1863,5.8359,-11821.231,4.876,7792.4523,4.1501,15431.0101,7.0993,8682.4667,0.0438,67931868.787,3.2,-63463.822,2.981,N,1977.0,1-Mar-2012,E.A. McCutchan,2023-10-18,68ni
28,41,Ni,,,,,,0.0,,,(9/2+),11.4,,3,s,11.4,0.3,B-,100.0,,B-N,,,,,,,,,,,5757.565,3.9793,-2482.931,4.0485,-11185.67,6.3257,-9593.209,85.778,4586.1516,4.7716,15625.0364,5.364,8623.0998,0.054,68935610.267,4.0,-59978.656,3.726,N,1984.0,31-Jul-2013,C.D. NESARAJA,2023-10-18,69ni
28,42,Ni,,,,,,0.0,,,0+,6.0,,3,s,6.0,0.3,B-,100.0,,,,,,,,,,,,,3762.5123,2.4011,-1548.9654,2.5589,-11570.9376,4.6253,-12688.905,11.199,7306.5305,4.2986,16117.3918,85.7243,8604.2917,0.0306,69936431.3,2.301,-59213.868,2.144,N,1987.0,1-Jul-2016,G. G~URDAL and  E.A. MCCUTCHAN,2023-10-18,70ni
28,43,Ni,,,,,,0.0,,,(9/2+),2.56,,3,s,2.56,0.03,B-,100.0,,,,,,,,,,,,,7304.8989,2.6879,-501.173,2.4846,-12122.7358,4.426,-11036.306,465.035,4263.6853,3.0964,16170.2433,11.2169,8543.1564,0.0315,70940518.962,2.401,-55406.236,2.237,N,1987.0,17-Jan-2023,Balraj Singh and Jun Chen,2023-10-18,71ni
28,44,Ni,,,,,,0.0,,,0+,1.57,,5,s,1.57,0.05,B-,100.0,,,,,,,,,,,,,5556.9381,2.6374,413.7481,2.6879,-12754.0,193.0,-13926.068,300.008,6891.1508,3.1616,17145.1091,465.0353,8520.2118,0.0311,71941785.924,2.401,-54226.068,2.237,N,1987.0,1-May-2009,D. Abriola(a) and  A.A. Sonzogni,2023-10-18,72ni
28,45,Ni,,,,,,0.0,,,(9/2+),0.84,,3,s,0.84,0.03,B-,100.0,,B-N,,,,,,,,,,,8879.2856,3.1038,1603.5291,2.7971,-13334.0,200.0,-12138.159,300.01,3953.409,3.296,17097.0,300.0,8457.6529,0.0332,72946206.681,2.601,-50108.159,2.423,N,1987.0,16-May-2019,BALRAJ SINGH and JUN CHEN,2023-10-18,73ni
28,46,Ni,,,,,,0.0,,,0+,507.7,,46,ms,0.5077,0.0046,B-,100.0,,B-N,,,,,,,,,,,7306.0,200.0,2216.0,200.0,-14235.0,361.0,-15160.0,447.2,6664.0,200.0,18020.0,361.0,8433.0,3.0,73947718.0,215.0,-48700.0,200.0,Y,1987.0,31-MAR-2017,BALRAJ SINGH,2023-10-18,74ni
28,47,Ni,,,,,,0.0,,,,344,,25,ms,0.344,0.025,B-,100.0,,B-N,10.0,2.8,,,,,,,,,10230.0,200.0,3695.0,200.0,-14736.0,447.0,-13680.0,447.2,3611.0,283.0,17989.0,447.0,8369.0,3.0,74952506.0,215.0,-44240.0,200.0,Y,1992.0,30-Jun-2013,ALEXANDRU NEGRET and  BALRAJ SINGH,2023-10-18,75ni
28,48,Ni,,,,,,0.0,,,0+,0.238,,+15-18,s,0.238,0.0165,B-,100.0,,B-N,,,,,,,,,,,8791.0,300.0,4209.0,300.0,-15365.0,583.0,-16530.0,583.0,6021.0,361.0,18919.0,500.0,8338.0,4.0,75954707.0,322.0,-42190.0,300.0,Y,1995.0,30-NOV-2007,A.R. FARHAN and  B. SINGH and  A.K. JAIN,2023-10-18,76ni
28,49,Ni,,,,,,0.0,,,(9/2+),158.9,,42,ms,0.1589,0.0042,B-,100.0,,B-N,26.0,16.0,B-2N,,,,,,,,11513.0,400.0,5560.0,400.0,-15785.0,640.0,-15440.0,721.1,3231.0,500.0,18979.0,640.0,8272.0,5.0,76959903.0,429.0,-37350.0,400.0,Y,1995.0,30-SEP-2020,BALRAJ SINGH,2023-10-18,77ni
28,50,Ni,,,,,,0.0,,,0+,0.11,,+10-6,s,0.11,0.08,B-,100.0,,B-N,,,,,,,,,,,9910.0,400.0,5912.0,400.0,-16645.0,640.0,-19560.0,806.2,5601.0,565.0,20259.0,721.0,8238.0,5.0,77962555.0,429.0,-34880.0,400.0,Y,1995.0,30-Jun-2009,AMEENAH R. FARHAN and  BALRAJ SINGH,2023-10-18,78ni
28,51,Ni,,,,,,0.0,,,,43.0,,+86-75,ms,0.043,0.00805,B-,100.0,,B-N,,,B-2N,,,,,,,,14248.0,511.0,8558.0,500.0,-15885.0,781.0,,,1352.0,640.0,20129.0,860.0,8150.0,6.0,78969769.0,537.0,-28160.0,500.0,Y,2010.0,31-May-2016,BALRAJ SINGH,2023-10-18,79ni
28,52,Ni,,,,,,0.0,,,0+,24,,+26-17,ms,0.024,0.0215,B-,100.0,,B-N,,,B-2N,,,,,,,,13440.0,671.0,11097.0,609.0,-15075.0,848.0,,,3151.0,781.0,,,8088.0,7.0,79975051.0,644.0,-23240.0,600.0,Y,2014.0,31-JUL-2014,BALRAJ SINGH,2023-10-18,80ni
28,53,Ni,,,,,,0.0,,,,,,,,,,B-,100.0,,B-N,,,B-2N,,,,,,,,15820.0,761.0,12518.0,761.0,,,,,921.0,922.0,,,8000.0,9.0,80982727.0,751.0,-16090.0,700.0,Y,2017.0,17-Dec-2022,Balraj Singh,2023-10-18,81ni
28,54,Ni,,,,,,0.0,,,,,,,,,,,,,,,,,,,,,,,,15010.0,894.0,13119.0,855.0,,,,,2701.0,1063.0,,,7935.0,10.0,81988492.0,859.0,-10720.0,800.0,Y,2017.0,1-Mar-2019,J. K. TULI and  E. BROWNE,2023-10-18,82ni
29,24,Cu,,,,,,0.0,,,,130,LT,,ns,1.3e-07,,P,,,,,,,,,,,,,,,,,,-5785.0,707.0,16490.827,500.632,19331.0,781.0,-2131.0,507.0,7891.0,9.0,52985894.0,537.0,-13140.0,500.0,Y,,11-JUN-2013,B. SINGH AND A. CHAKRABORTY,2023-10-18,53cu
29,25,Cu,,,,,,0.0,,,3+,75,LT,,ns,7.5e-08,,P,,,,,,,,,,,,,,-15538.0,454.0,,,-6075.0,419.0,18038.312,400.027,16172.0,640.0,-1102.0,400.0,8045.0,7.0,53977198.0,429.0,-21240.0,400.0,Y,,20-Jun-2014,YANG DONG and  HUO JUNDE,2023-10-18,54cu
29,26,Cu,,,,,,0.0,,,(3/2-),55.9,,18,ms,0.0559,0.0018,EC+B+,100.0,,ECP,,,,,,,,,,,-17366.0,429.0,-34005.0,267.0,-6718.1722,162.9263,13700.558,155.562,18467.0,429.0,-353.938,155.6292,8233.997,2.8284,54966038.0,167.0,-31635.403,155.56,N,1987.0,30-Apr-2022,Balraj Singh,2023-10-18,55cu
29,27,Cu,,,,,,0.0,,,(4+),80.4,,8,ms,0.0804,0.0008,EC+B+,100.0,,ECP,0.4,0.12,,,,,,,,,-13240.0,400.0,-32431.0,400.0,-6710.6698,8.2937,15277.916,6.407,15065.6479,155.6909,582.7424,6.4334,8355.9907,0.1142,55958529.278,6.864,-38629.733,6.395,N,1987.0,25-Mar-2022,BALRAJ SINGH,2023-10-18,56cu
29,28,Cu,,,,,,0.0,,,3/2-,196.3,,7,ms,0.1963,0.0007,EC+B+,100.0,,,,,,,,,2.582,0.007,,,-14759.0,200.0,-29991.0,400.0,-7074.5541,1.761,8774.947,0.756,16750.5997,6.4142,690.3364,0.4061,8503.2646,0.0088,56949211.686,0.537,-47309.014,0.501,N,1976.0,24-Sep-1998,M. R. BHAT,2023-10-18,57cu
29,29,Cu,,,,,,0.0,,,1+,3.204,,7,s,3.204,0.007,EC+B+,100.0,,,,,,,,0,0.571,0.002,-0.16,0.03,-9368.9796,50.002,-27189.0,200.0,-6082.6991,0.5716,8561.02,0.66,12430.1547,0.6305,2872.8611,0.6651,8570.9696,0.0097,57944532.283,0.604,-51667.851,0.564,N,1952.0,12-Jan-2010,CAROLINE D. NESARAJA and  SCOTT D. GERAEDTS AND BALRAJ SINGH,2023-10-18,58cu
29,30,Cu,,,,,,0.0,,,3/2-,81.5,,5,s,81.5,0.5,EC+B+,100.0,,,,,,,,,1.8931,0.0009,-0.2,0.02,-9142.776,0.6018,-22130.9011,50.0016,-4753.374,0.548,4798.379,0.634,12761.9215,0.5649,3418.5541,0.3941,8642.0027,0.009,58939496.713,0.566,-56358.454,0.528,N,1947.0,1-Apr-2018,M. Shamsuzzoha Basunia,2023-10-18,59cu
29,31,Cu,,,,,,0.0,,,2+,23.7,,4,m,1422.0,24.0,EC+B+,100.0,,,,,,,,,1.22,0.0005,0.121,0.013,-4170.7922,1.6286,-19200.9019,1.7126,-4729.6603,1.6232,6127.981,1.651,10058.126,1.6236,4477.4003,1.5742,8665.6047,0.0269,59937363.787,1.731,-58345.262,1.613,N,1947.0,31-Dec-2012,E. BROWNE and  J. K. TULI,2023-10-18,60cu
29,32,Cu,,,,,,0.0,,,3/2-,3.339,,8,h,12020.4,28.8,EC+B+,100.0,,,,,,,,,2.1107,0.0005,-0.221,0.01,-5635.1565,15.9028,-15880.9106,1.0494,-5063.3206,1.0408,2237.966,1.015,11710.1184,1.8441,4799.7904,0.9618,8715.5148,0.0156,60933457.375,1.02,-61984.063,0.951,N,1937.0,25-Jan-2015,KAZIMIERZ ZUBER and  BALRAJ SINGH,2023-10-18,61cu
29,33,Cu,,,,,,0.0,,,1+,9.67,,3,m,580.2,1.8,EC+B+,100.0,,,,,,,,,-0.38,0.0004,-0.022,0.004,-1619.4548,0.6507,-14509.9552,15.9067,-5365.1666,1.242,3958.897,0.766,8874.7986,1.0638,5854.4853,0.565,8718.0839,0.0103,61932594.803,0.683,-62787.543,0.637,N,1936.0,15-Apr-2012,ALAN L. NICHOLS and  BALRAJ SINGH and  JAGDISH K. TULI,2023-10-18,62cu
29,34,Cu,3.8823,0.0015,69.15,0.15,,0.0,,,3/2-,STABLE,,,,,,,,,,,,,,,,2.2259,0.0004,-0.22,0.015,-3366.4392,1.545,-12483.0979,0.4485,-5774.9461,0.3699,-66.977,0.602,10863.6431,0.4787,6122.3996,0.0586,8752.1404,0.0068,62929597.119,0.457,-65579.868,0.426,N,1923.0,28-Aug-2008,HUO JUNDE and  YANG DONG and  HUO MEIRONG and ,2023-10-18,63cu
29,35,Cu,,,,,,0.0,,,1+,12.7006,,20,h,45722.16,7.2,EC+B+,61.5,0.3,B-,38.5,0.3,,,,,-0.2166,0.0004,0.075,0.009,579.5996,0.6447,-11282.3072,1.5451,-6198.8966,0.3773,1674.616,0.63,7915.868,0.024,7200.4978,0.0282,8739.0736,0.0067,63929764.001,0.458,-65424.418,0.427,N,1936.0,12-Nov-2021,Balraj Singh and Jun Chen,2023-10-18,64cu
29,36,Cu,3.9022,0.0014,30.85,0.15,,0.0,,,3/2-,STABLE,,,,,,,,,,,,,,,,2.3844,0.0004,-0.204,0.014,-1351.6527,0.3557,-9330.9775,0.3851,-6790.4145,0.9801,-2137.881,0.804,9910.5771,0.6589,7453.6145,0.686,8757.0967,0.0099,64927789.476,0.69,-67263.677,0.643,N,1923.0,1-Aug-2009,E. BROWNE and  J. K. TULI,2023-10-18,65cu
29,37,Cu,,,,,,0.0,,,1+,5.120,,14,m,307.2,0.84,B-,100.0,,,,,,,,,-0.2826,0.0008,0.059,0.014,2640.9396,0.9255,-8417.5826,0.3675,-7258.8057,18.5814,-251.996,1.54,7065.9299,0.0936,8421.4637,0.7049,8731.473,0.0098,65928868.804,0.696,-66258.289,0.649,N,1937.0,3-Mar-2009,E. BROWNE and  J. K. TULI,2023-10-18,66cu
29,38,Cu,,,,,,0.0,,,3/2-,61.83,,12,h,222588.0,432.0,B-,100.0,,,,,,,,,2.5171,0.0006,-0.182,0.008,560.8226,0.8296,-6491.6429,0.845,-7892.9165,18.5925,-3576.865,3.023,9132.5825,1.072,8602.2313,1.6578,8737.4597,0.0133,66927729.49,0.957,-67319.553,0.892,N,1948.0,1-Apr-2005,HUO JUNDE and  HUANG XIAOLONG and  J.K. TULI,2023-10-18,67cu
29,39,Cu,,,,,,0.0,,,1+,30.9,,6,s,30.9,0.6,B-,100.0,,,,,,,,,2.396,0.0006,-0.086,0.014,4440.1115,1.7645,-5757.9849,1.7543,-8199.5171,20.0679,-2103.221,3.376,6318.8075,1.8176,9113.3258,3.2933,8701.8913,0.0233,67929610.887,1.7,-65567.043,1.584,N,1953.0,1-Mar-2012,E.A. McCutchan,2023-10-18,68cu
29,40,Cu,,,,,,0.0,,,3/2-,2.85,,15,m,171.0,9.0,B-,100.0,,,,,,,,,2.8415,0.001,-0.154,0.017,2681.6854,1.6075,-3800.3846,1.5995,-8975.9315,2.5079,-5757.565,3.979,8240.4961,2.1118,9561.3696,3.292,8695.2044,0.0203,68929429.267,1.5,-65736.221,1.397,N,1966.0,31-Jul-2013,C.D. NESARAJA,2023-10-18,69cu
29,41,Cu,,,,,,0.0,,,6-,44.5,,2,s,44.5,0.2,B-,100.0,,,,,,,,,1.3681,0.0005,-0.298,0.015,6588.3675,2.2018,-2629.7924,1.3422,-8992.7554,14.0142,-3762.513,2.402,5311.4777,1.767,10286.6958,3.8798,8646.8655,0.0155,69932392.078,1.161,-62976.381,1.082,N,1971.0,1-Jul-2016,G. G~URDAL and  E.A. MCCUTCHAN,2023-10-18,70cu
29,42,Cu,,,,,,0.0,,,3/2(-),19.4,,16,s,19.4,1.6,B-,100.0,,,,,,,,,2.2772,0.0008,-0.2,0.017,4617.6517,3.0437,-1217.7045,2.4288,-9814.2669,6.6133,-7304.898,2.688,7806.0719,1.8415,10786.2372,2.6109,8635.0233,0.021,70932676.831,1.6,-62711.134,1.49,N,1983.0,17-Jan-2023,Balraj Singh and Jun Chen,2023-10-18,71cu
29,43,Cu,,,,,,0.0,,,(2),6.63,,3,s,6.63,0.03,B-,100.0,,,,,,,,,-1.3487,0.001,0.08,0.02,8362.4883,2.5578,-525.5383,2.9992,-10565.3316,4.1039,-5556.938,2.637,5143.1899,2.0429,11665.7418,2.6374,8586.5256,0.0194,71935820.306,1.5,-59783.006,1.397,N,1983.0,1-May-2009,D. Abriola(a) and  A.A. Sonzogni,2023-10-18,72cu
29,44,Cu,,,,,,0.0,,,3/2-,4.2,,3,s,4.2,0.3,B-,100.0,,B-N,,,,,,,1.7446,0.0008,-0.21,0.01,6605.9659,2.691,1086.7318,2.8915,-11026.9132,85.7195,-8879.286,3.105,7275.7566,2.3923,12050.3476,2.9607,8568.5699,0.0266,72936674.376,2.084,-58987.445,1.942,N,1983.0,16-May-2019,BALRAJ SINGH and JUN CHEN,2023-10-18,73cu
29,45,Cu,,,,,,0.0,,,2-,1.63,,5,s,1.63,0.05,B-,100.0,,B-N,0.0,,,,,,-1.067,0.0012,0.27,0.03,9750.5077,6.6424,1515.88,6.4239,-11906.1651,12.5941,-7306.213,200.094,5090.0858,6.4473,13187.0245,6.6081,8521.5633,0.0831,73939874.86,6.6,-56006.213,6.148,N,1987.0,31-MAR-2017,BALRAJ SINGH,2023-10-18,74cu
29,46,Cu,,,,,,0.0,,,5/2(-),1.224,,3,s,1.224,0.003,B-,100.0,,B-N,3.5,0.6,,,,,1.0069,0.001,-0.281,0.017,8088.6967,2.0837,3215.1829,2.6155,-12525.2049,465.0305,-10230.219,200.001,6535.3248,6.1896,13059.0,200.0,8495.0801,0.0096,74941523.817,0.77,-54470.219,0.718,N,1985.0,30-Jun-2013,ALEXANDRU NEGRET and  BALRAJ SINGH,2023-10-18,75cu
29,47,Cu,,,,,X,0.0,,,,0.641,,6,s,0.641,0.006,B-,100.0,,B-N,3.0,2.0,,,,,-1.0907,0.0015,0.36,0.02,11321.3964,1.7183,3505.9706,2.1587,-13106.0,300.0,-8791.627,300.001,4582.7262,1.1613,14030.0,200.0,8443.6018,0.012,75945268.974,0.98,-50981.627,0.913,N,1987.0,22-Dec-1994,BALRAJ SINGH,2023-10-18,76cu
29,48,Cu,,,,,,0.0,,,5/2-,469.8,,20,ms,0.4698,0.002,B-,100.0,,B-N,30.1,2.0,,,,,1.5963,0.0017,-0.27,0.03,9926.375,2.3148,5368.8778,1.8936,-13318.0,300.0,-11512.828,400.002,5952.5186,1.5165,13962.0,300.0,8411.2501,0.0157,76947543.599,1.3,-48862.828,1.211,N,1987.0,30-SEP-2020,BALRAJ SINGH,2023-10-18,77cu
29,49,Cu,,,,,,0.0,,,(4- 5- 6-),335,,11,ms,0.335,0.011,B-,100.0,,B-N,65.0,8.0,,,,,0.238,0.003,0.02,0.1,12693.768,13.4727,5928.4108,13.4769,-13674.0,400.0,-9909.474,400.222,3997.9642,13.3866,14728.0,400.0,8354.6695,0.1709,77951916.524,14.312,-44789.474,13.332,N,1991.0,30-Jun-2009,AMEENAH R. FARHAN and  BALRAJ SINGH,2023-10-18,78cu
29,50,Cu,,,,,,0.0,,,,241.0,,32,ms,0.241,0.0032,B-,100.0,,B-N,66.0,12.0,B-2N,,,,,,,,11024.2629,105.003,7003.8851,104.9974,-14272.0,413.0,-14248.039,510.902,5689.8828,105.8225,14817.0,413.0,8320.938,1.3289,78954473.1,112.7,-42408.039,104.979,N,1991.0,31-May-2016,BALRAJ SINGH,2023-10-18,79cu
29,51,Cu,,,,,,0.0,,,,113.6,,+82-38,ms,0.1136,0.006,B-,100.0,,B-2N,,,B-N,,,,,,,,14969.0,300.0,8682.0,300.0,-13444.0,583.0,-13439.0,670.8,2343.0,318.0,15808.0,583.0,8246.0,4.0,79960623.0,322.0,-36679.0,300.0,Y,1995.0,31-JUL-2014,BALRAJ SINGH,2023-10-18,80cu
29,52,Cu,,,,,,0.0,,,,73.2,,68,ms,0.0732,0.0068,B-,100.0,,B-2N,,,B-N,,,,,,,,14289.0,300.0,11667.0,300.0,-12425.0,671.0,-15820.0,761.5,3302.0,424.0,15959.0,671.0,8185.0,4.0,80965743.0,322.0,-31910.0,300.0,Y,2010.0,31-JUL-2014,BALRAJ SINGH,2023-10-18,81cu
29,53,Cu,,,,,,0.0,,,,33,,+7-6,ms,0.033,0.0065,B-,100.0,,B-2N,,,B-N,,,,,,,,16584.0,400.0,12399.0,400.0,-12834.0,806.0,-15010.0,894.4,1891.0,500.0,16929.0,806.0,8108.0,5.0,81972378.0,429.0,-25730.0,400.0,Y,2010.0,1-Mar-2019,J. K. TULI and  E. BROWNE,2023-10-18,82cu
29,54,Cu,,,,,,0.0,,,,,,,,,,B-,100.0,,B-N,,,B-2N,,,,,,,,15900.0,583.0,13852.0,500.0,,,,,2732.0,640.0,16960.0,944.0,8044.0,6.0,82978110.0,537.0,-20390.0,500.0,Y,2017.0,17-Dec-2022,Balraj Singh,2023-10-18,83cu
30,24,Zn,,,,,,0.0,,,0+,1.59,,+60-35,ms,0.00159,0.000475,2P,92.0,,,,,,,,,,,,,,,,,-4667.0,545.0,15538.0,455.0,,,-149.0,545.0,7742.0,4.0,53993879.0,232.0,-5702.0,217.0,Y,2005.0,20-Jun-2014,YANG DONG and  HUO JUNDE,2023-10-18,54zn
30,25,Zn,,,,,,0.0,,,,19.8,,13,ms,0.0198,0.0013,EC+B+,100.0,,ECP,91.0,5.1,,,,,,,,,,,,,-5044.0,640.0,17365.403,429.184,16639.0,454.0,319.0,565.0,7904.0,7.0,54984681.0,429.0,-14270.0,400.0,Y,2001.0,30-Apr-2022,Balraj Singh,2023-10-18,55zn
30,26,Zn,,,,,,0.0,,,0+,32.4,,11,ms,0.0324,0.0011,EC+B+,100.0,,ECP,88.0,2.6,,,,,,,,,-21550.0,640.0,,,-5255.0,408.0,13239.733,400.051,19191.0,565.0,1043.0,429.0,8106.0,7.0,55972743.0,429.0,-25390.0,400.0,Y,2001.0,25-Mar-2022,Balraj Singh,2023-10-18,56zn
30,27,Zn,,,,,,0.0,,,(7/2-),40,,10,ms,0.04,0.01,EC+B+,100.0,,B+P,65.0,,,,,3/2,,,,,-17140.0,447.0,-36782.0,539.0,-5344.0,202.0,14759.014,200.001,15232.0,447.0,1209.0,200.0,8231.0,4.0,56965056.0,215.0,-32550.0,200.0,Y,1976.0,24-Sep-1998,M. R. BHAT,2023-10-18,57zn
30,28,Zn,,,,,,0.0,,,0+,86.7,,24,ms,0.0867,0.0024,EC+B+,100.0,,ECP,3.0,,,,,,,,,,-18759.0,304.0,-34960.0,403.0,-5445.4753,50.2177,9368.98,50.0,17820.0,206.0,2278.8281,50.002,8395.9467,0.8621,57954590.296,53.678,-42298.871,50.001,N,1986.0,31-JUL-2014,BALRAJ SINGH,2023-10-18,58zn
30,29,Zn,,,,,,0.0,,,3/2-,178.6,,18,ms,0.1786,0.0018,EC+B+,100.0,,ECP,0.1,0.03,,,,,,,,,-13456.0,170.0,-31747.0,300.0,-4304.633,0.9649,9142.776,0.925,12988.1251,50.0045,2836.7985,0.728,8473.7802,0.0129,58949311.886,0.814,-47215.678,0.759,N,1981.0,1-Apr-2018,M. Shamsuzzoha Basunia,2023-10-18,59zn
30,30,Zn,,,,,,0.0,,,0+,2.38,,5,m,142.8,3.0,EC+B+,100.0,,,,,,,,,,,,,-14584.0,200.0,-28486.0,170.0,-2691.7371,0.544,4170.792,1.704,15030.1098,0.7063,5104.9868,0.4109,8583.0524,0.0091,59941841.317,0.588,-54174.47,0.548,N,1955.0,31-Dec-2012,E. BROWNE and  J. K. TULI,2023-10-18,60zn
30,31,Zn,,,,,,0.0,,,3/2-,89.1,,2,s,89.1,0.2,EC+B+,100.0,,,,,,,,,,,,,-9214.2438,37.6786,-24830.0,201.0,-2689.8611,15.9069,5635.157,15.927,10245.7541,15.9056,5292.6149,15.9777,8610.3098,0.2606,60939506.964,17.068,-56348.906,15.899,N,1955.0,25-Jan-2015,KAZIMIERZ ZUBER and  BALRAJ SINGH,2023-10-18,61zn
30,32,Zn,,,,,,0.0,,,0+,9.193,,15,h,33094.8,54.0,EC+B+,100.0,,,,,,,,,,,,,-9181.0666,0.3763,-22104.7442,37.9973,-3364.133,0.5447,1619.455,0.885,12890.5004,15.9058,6472.9969,1.0505,8679.3451,0.0099,61934333.359,0.66,-61168.088,0.615,N,1948.0,15-Apr-2012,ALAN L. NICHOLS and  BALRAJ SINGH and  JAGDISH K. TULI,2023-10-18,62zn
30,33,Zn,,,,,,0.0,,,3/2-,38.47,,5,m,2308.2,3.0,EC+B+,100.0,,,,,,,,,-0.28143,5e-05,0.2,0.02,-5666.3294,2.033,-18297.7253,1.6168,-3481.5119,1.5579,3366.439,1.617,9116.6587,1.6081,6714.8569,1.6167,8686.2866,0.0248,62933211.14,1.674,-62213.429,1.56,N,1937.0,28-Aug-2008,HUO JUNDE and  YANG DONG and  HUO MEIRONG and ,2023-10-18,63zn
30,34,Zn,3.9283,0.0015,49.17,0.75,,0.0,,,0+,STABLE,,,,,,,,,,,,,,,,2.0,0.6,-0.14,0.02,-7171.1912,1.4825,-17528.2362,1.4543,-3955.6904,0.6596,-579.6,0.7,11861.9068,1.4774,7713.1206,0.6447,8735.9057,0.0101,63929141.776,0.69,-66004.018,0.644,N,1922.0,12-Nov-2021,Balraj Singh and Jun Chen,2023-10-18,64zn
30,35,Zn,,,,,,0.0,,,5/2-,243.93,,9,d,21075552.0,7776.0,EC+B+,100.0,,,,,,,,,0.7684,0.0002,-0.019,0.002,-3254.538,0.6305,-15150.516,1.4862,-4114.9114,0.6632,1351.653,0.911,7979.3248,0.1681,7776.5774,0.6496,8724.266,0.0099,64929240.534,0.693,-65912.024,0.646,N,1939.0,1-Aug-2009,E. BROWNE and  J. K. TULI,2023-10-18,65zn
30,36,Zn,3.9491,0.0014,27.73,0.98,,0.0,,,0+,STABLE,,,,,,,,,,,,,,,,1.06,0.16,0.24,0.08,-5175.5,0.8,-14313.0602,1.0358,-4577.7049,0.6897,-2640.94,0.98,11058.5222,0.9172,8924.5225,0.9215,8759.6335,0.0113,65926033.639,0.798,-68899.229,0.744,N,1922.0,3-Mar-2009,E. BROWNE and  J. K. TULI,2023-10-18,66zn
30,37,Zn,3.953,0.0027,4.04,0.16,,0.0,,,5/2-,STABLE,,,,,,,,,,,,,,,,0.87485,0.00016,0.122,0.01,-1001.2201,1.1196,-12227.9655,0.8334,-4792.4005,0.7066,-560.823,1.169,7052.4655,0.2337,8911.0581,0.9365,8734.1534,0.0113,66927127.422,0.81,-67880.376,0.755,N,1928.0,1-Apr-2005,HUO JUNDE and  HUANG XIAOLONG and  J.K. TULI,2023-10-18,67zn
30,38,Zn,3.9658,0.0014,18.45,0.63,,0.0,,,0+,STABLE,,,,,,,,,,,,,,,,1.08,0.16,-0.106,0.016,-2921.1,1.2,-11199.3165,1.1359,-5333.0365,0.7579,-4440.111,1.765,10198.0963,0.1927,9976.572,0.8514,8755.682,0.0115,67924844.232,0.835,-70007.154,0.778,N,1922.0,1-Mar-2012,E.A. McCutchan,2023-10-18,68zn
30,39,Zn,,,,,,0.0,,,1/2-,56.4,,9,m,3384.0,54.0,B-,100.0,,,,,,,,,0.557,0.002,-0.39,0.03,909.9134,1.4234,-9403.17,1.2106,-5717.0257,0.7868,-2681.685,1.607,6482.07,0.16,10139.8344,1.7718,8722.7311,0.0115,68926550.36,0.853,-68417.906,0.795,N,1937.0,31-Jul-2013,C.D. NESARAJA,2023-10-18,69zn
30,40,Zn,3.9845,0.0019,0.61,0.1,,0.0,,,0+,3.8E18,GE,,Y,1.199163187034496e+26,,2B-,100.0,,2B-,,,,,,,0.8,0.4,,,-654.5979,1.5737,-8308.2465,1.5818,-5983.3706,2.3728,-6588.367,2.202,9218.1598,2.049,11117.4982,2.3728,8729.8086,0.0274,69925319.175,2.058,-69564.748,1.918,N,1922.0,1-Jul-2016,G. G~URDAL and  E.A. MCCUTCHAN,2023-10-18,70zn
30,41,Zn,,,,,,0.0,,,1/2-,2.42,,10,m,145.2,6.0,B-,100.0,,,,,,,,,0.551,0.001,-0.26,0.03,2810.3405,2.7748,-6489.954,2.8809,-6011.0138,3.9219,-4617.652,3.044,5835.3561,3.1944,11641.3766,2.8658,8689.0417,0.0374,70927719.578,2.849,-67328.786,2.654,N,1955.0,17-Jan-2023,Balraj Singh and Jun Chen,2023-10-18,71zn
30,42,Zn,,,,,,0.0,,,0+,46.5,,1,h,167400.0,360.0,B-,100.0,,,,,,,,,0.9,0.3,,,442.7892,2.2934,-6077.686,2.2908,-7106.5881,3.6708,-8362.489,2.557,8888.0266,3.4107,12723.3312,2.6098,8691.8053,0.0298,71926842.806,2.3,-68145.495,2.142,N,1951.0,1-May-2009,D. Abriola(a) and  A.A. Sonzogni,2023-10-18,72zn
30,43,Zn,,,,,,0.0,,,1/2-,24.5,,2,s,24.5,0.2,B-,100.0,,,,,,,,,0.5581,0.0005,0.43,0.04,4105.9329,2.5064,-5076.4449,2.0347,-8039.6706,4.1658,-6605.966,2.691,5519.2341,2.8391,13099.3754,2.3287,8648.3455,0.0255,72929582.58,2.0,-65593.411,1.863,N,1972.0,16-May-2019,BALRAJ SINGH and JUN CHEN,2023-10-18,73zn
30,44,Zn,,,,,,0.0,,,0+,95.6,,12,s,95.6,1.2,B-,100.0,,,,,,,,,,,,,2292.9057,3.9102,-4128.6948,3.0227,-8967.7678,3.3047,-9750.507,6.643,8234.6277,3.1299,14058.2465,3.1775,8642.7547,0.034,73929407.26,2.7,-65756.72,2.515,N,1972.0,31-MAR-2017,BALRAJ SINGH,2023-10-18,74zn
30,45,Zn,,,,,,0.0,,,(7/2+),10.2,,2,s,10.2,0.2,B-,100.0,,,,,,,,,-0.7881,0.0009,0.16,0.02,5901.7231,2.0679,-2580.6081,3.5764,-9577.5964,2.9715,-8088.697,2.084,4873.5139,3.1862,13841.6746,6.4516,8592.4981,0.0261,74932840.244,2.1,-62558.916,1.956,N,1974.0,30-Jun-2013,ALEXANDRU NEGRET and  BALRAJ SINGH,2023-10-18,75zn
30,46,Zn,,,,,,0.0,,,0+,5.7,,3,s,5.7,0.3,B-,100.0,,,,,,,,,,,,,3993.6241,2.4384,-1913.7028,1.6028,-10501.8715,2.6688,-11321.397,1.719,7815.4258,2.4384,15121.7756,1.6231,8582.2735,0.0192,75933114.956,1.562,-62303.024,1.456,N,1974.0,22-Dec-1994,BALRAJ SINGH,2023-10-18,76zn
30,47,Zn,,,,,,0.0,,,7/2+,2.08,,5,s,2.08,0.05,B-,100.0,,,,,,,,,-0.9067,0.0001,0.48,0.04,7203.1495,3.1237,-563.873,2.7782,-11105.9596,3.1246,-9926.375,2.315,4557.4972,2.4511,15096.5466,2.1738,8530.0037,0.0256,76936887.197,2.117,-58789.203,1.973,N,1977.0,30-SEP-2020,BALRAJ SINGH,2023-10-18,77zn
30,48,Zn,,,,,,0.0,,,0+,1.47,,15,s,1.47,0.15,B-,100.0,,,,,,,,,,,,,6220.8433,2.2088,437.7923,3.1053,-11208.0,200.0,-12693.768,13.473,6765.3572,2.7686,15909.3852,2.29,8507.38,0.0249,77938289.204,2.086,-57483.242,1.944,N,1977.0,30-Jun-2009,AMEENAH R. FARHAN and  BALRAJ SINGH,2023-10-18,78zn
30,49,Zn,,,,,,0.0,,,9/2+,0.746,,42,s,0.746,0.042,B-,100.0,,B-N,1.7,0.5,,,,,-1.1857,0.001,0.4,0.04,9116.0536,2.5295,2200.4655,2.4599,-11617.0,200.0,-11024.263,105.003,4020.3778,2.952,15931.7987,13.5161,8450.5825,0.0282,78942638.067,2.388,-53432.302,2.225,N,1981.0,31-May-2016,BALRAJ SINGH,2023-10-18,79zn
30,50,Zn,,,,,,0.0,,,0+,561.9,,30,ms,0.5619,0.003,B-,100.0,,B-N,1.0,0.5,,,,,,,,,7575.0553,3.8774,2828.4181,2.8527,-11883.0,300.0,-14969.619,300.011,6287.6355,3.41,16529.5514,105.0112,8423.5457,0.0323,79944552.929,2.774,-51648.619,2.585,N,1981.0,31-AUG-2014,BALRAJ SINGH,2023-10-18,80zn
30,51,Zn,,,,,,0.0,,,(5/2+),0.32,,5,s,0.32,0.05,B-,100.0,,B-N,7.5,3.0,,,,,,,,,11428.2924,5.996,4952.6873,5.8018,-11274.0,400.0,-14289.669,300.042,2622.3681,5.6553,16809.0,300.0,8351.9262,0.0621,80950402.617,5.4,-46199.669,5.03,N,1991.0,15-Aug-2008,CORAL M. BAGLIN,2023-10-18,81zn
30,52,Zn,,,,,,0.0,,,0+,166,,11,ms,0.166,0.011,B-,100.0,,B-N,69.0,7.0,,,,,,,,,10616.7652,3.9162,7242.6833,4.4833,-9859.0,400.0,-16583.96,400.01,4185.6091,5.895,17693.0,300.0,8301.1175,0.0375,81954574.097,3.3,-42313.96,3.074,N,1997.0,1-Mar-2019,J. K. TULI and  E. BROWNE,2023-10-18,82zn
30,53,Zn,,,,,,0.0,,,,117,,20,ms,0.117,0.02,B-,100.0,,B-N,,,,,,,,,,,12967.0,300.0,8569.0,300.0,-10555.0,583.0,-15900.0,583.0,2047.0,300.0,17849.0,500.0,8226.0,4.0,82961041.0,322.0,-36290.0,300.0,Y,1997.0,31-Dec-2014,E.A. MCCUTCHAN,2023-10-18,83zn
30,54,Zn,,,,,,0.0,,,0+,53.6,,81,ms,0.0536,0.0081,B-,100.0,,B-N,73.0,26.0,B-3N,,,,,,,,12264.0,401.0,9356.0,400.0,-11015.0,721.0,,,3611.0,500.0,18729.0,640.0,8171.0,5.0,83965829.0,429.0,-31830.0,400.0,Y,2010.0,09-SEP-2022,BALRAJ SINGH,2023-10-18,84zn
30,55,Zn,,,,,,0.0,,,,637,GT,,ns,6.37e-07,,B-2N,,,B-N,,,B-,,,,,,,,14644.0,502.0,10923.0,501.0,-11435.0,860.0,,,1341.0,640.0,18669.0,707.0,8090.0,6.0,84973054.0,537.0,-25100.0,500.0,Y,2010.0,31-Dec-2013,BALRAJ SINGH AND JUN CHEN,2023-10-18,85zn
31,28,Ga,,,,,,0.0,,,,43,LT,,ns,4.3e-08,,P,,,,,,,,,,,,,,-17390.0,434.0,-34252.0,528.0,-4550.0,231.0,13455.678,170.002,18292.0,345.0,-1250.0,178.0,8232.0,3.0,58963757.0,183.0,-33760.0,170.0,Y,,1-Apr-2018,M. Shamsuzzoha Basunia,2023-10-18,59ga
31,29,Ga,,,,,,0.0,,,(2+),70,,13,ms,0.07,0.013,EC+B+,100.0,,B+P,1.6,0.7,B+A,0.023,0.02,,,,,,-12060.0,361.0,-31292.0,447.0,-3386.0,200.0,14584.47,200.0,13902.0,263.0,-336.0,200.0,8327.0,3.0,59957498.0,215.0,-39590.0,200.0,Y,1995.0,31-Dec-2012,E. BROWNE and  J. K. TULI,2023-10-18,60ga
31,30,Ga,,,,,,0.0,,,3/2-,167,,3,ms,0.167,0.003,EC+B+,100.0,,ECP,0.25,,,,,,,,,,-13345.0,302.0,-27676.0,302.0,-2250.564,37.9963,9214.244,41.186,15616.0,204.0,249.1633,37.9968,8446.4313,0.6228,60949398.861,40.787,-47134.662,37.994,N,1987.0,25-Jan-2015,KAZIMIERZ ZUBER and  BALRAJ SINGH,2023-10-18,61ga
31,31,Ga,,,,,,0.0,,,0+,116.121,,21,ms,0.116121,2.1e-05,EC+B+,100.0,,ECP,,,,,,,,,,,-9847.0,140.0,-26268.0,300.0,-2744.0868,0.7216,9181.066,0.885,12923.6776,37.9976,2927.0868,15.9067,8518.6449,0.0103,61944189.639,0.684,-51987.022,0.637,N,1978.0,15-Apr-2012,ALAN L. NICHOLS and  BALRAJ SINGH and  JAGDISH K. TULI,2023-10-18,62ga
31,32,Ga,,,,,,0.0,,,3/2-,32.4,,5,s,32.4,0.5,EC+B+,100.0,,,,,,,,,0.1468,0.0005,0.212,0.014,-9625.8787,37.2826,-22479.0,140.0,-2613.5612,1.407,5666.329,2.033,12631.3959,1.4515,2667.9823,1.4417,8583.9267,0.0207,62939294.194,1.4,-56547.1,1.304,N,1965.0,28-Aug-2008,HUO JUNDE and  YANG DONG and  HUO MEIRONG and ,2023-10-18,63ga
31,33,Ga,,,,,,0.0,,,0+,2.627,,12,m,157.62,0.72,EC+B+,100.0,,,,,,,,,,,,,-4517.3237,3.9905,-19982.9237,37.2871,-2912.4803,2.1469,7171.191,1.567,10357.045,1.9343,3908.3687,2.0657,8611.6317,0.0223,63936840.366,1.533,-58832.827,1.429,N,1953.0,12-Nov-2021,Balraj Singh and Jun Chen,2023-10-18,64ga
31,34,Ga,,,,,,0.0,,,3/2-,15.2,,2,m,912.0,12.0,EC+B+,100.0,,,,,,,,,1.773,0.003,0.21,0.015,-6179.2631,2.3046,-16413.3016,3.809,-3098.3398,0.932,3254.538,1.021,11895.9779,1.5688,3942.4398,0.6153,8662.1601,0.0122,64932734.424,0.849,-62657.486,0.791,N,1938.0,1-Aug-2009,E. BROWNE and  J. K. TULI,2023-10-18,65ga
31,35,Ga,,,,,,0.0,,,0+,9.49,,3,h,34164.0,108.0,EC+B+,100.0,,,,,,,,,0.89,0.02,0.78,0.04,-2116.6879,2.6376,-15316.8234,2.4246,-3361.1014,1.1582,5175.5,1.3,9137.5602,1.3088,5100.6752,1.2171,8669.3631,0.0166,65931589.766,1.172,-63723.729,1.092,N,1937.0,3-Mar-2009,E. BROWNE and  J. K. TULI,2023-10-18,66ga
31,36,Ga,,,,,,0.0,,,3/2-,3.2617,,5,d,281810.88,43.2,EC,100.0,,,,,,,,,1.8494,0.0005,0.197,0.002,-4205.438,4.4066,-13343.4333,2.6735,-3724.2037,1.1877,1001.22,1.39,11226.7454,1.3859,5268.8984,1.1317,8707.533,0.0176,66928202.276,1.262,-66879.156,1.176,N,1938.0,1-Apr-2005,HUO JUNDE and  HUANG XIAOLONG and  J.K. TULI,2023-10-18,67ga
31,37,Ga,,,,,,0.0,,,1+,67.71,,8,m,4062.6,4.8,EC+B+,100.0,,,,,,,,,0.01174,7e-05,-0.0277,0.0014,-107.2555,2.3594,-12483.6544,4.4374,-4086.5521,1.4057,2921.1,1.6,8278.2165,1.6524,6494.6493,1.2154,8701.2195,0.021,67927980.161,1.535,-67086.054,1.43,N,1937.0,1-Mar-2012,E.A. McCutchan,2023-10-18,68ga
31,38,Ga,3.9973,0.0017,60.108,0.05,,0.0,,,3/2-,STABLE,,,,,,,,,,,,,,,,2.01502,6e-05,0.171,0.002,-2227.1455,0.55,-10420.3389,2.2259,-4489.0583,1.3579,-909.914,1.437,10313.0833,1.8549,6609.6363,1.4144,8724.5798,0.0174,68925573.528,1.285,-69327.82,1.197,N,1923.0,31-Jul-2013,C.D. NESARAJA,2023-10-18,69ga
31,39,Ga,,,,,,0.0,,,1+,21.14,,5,m,1268.4,3.0,B-,99.59,0.05,EC,0.41,0.05,,,,,0.571,0.002,0.105,0.007,1651.8861,1.452,-9880.794,0.5755,-5076.7769,1.3635,654.598,2.263,7653.6486,0.1696,7781.2149,1.4261,8709.2808,0.0172,69926021.914,1.289,-68910.15,1.201,N,1937.0,1-Jul-2016,G. G~URDAL and  E.A. MCCUTCHAN,2023-10-18,70ga
31,40,Ga,4.0118,0.0018,39.892,0.05,,0.0,,,3/2-,STABLE,,,,,,,,,,,,,,,,2.56033,9e-05,0.107,0.001,-232.4698,0.0934,-7648.4085,0.1411,-5244.489,1.1615,-2810.341,2.775,9300.2946,1.4471,7863.3497,2.0783,8717.605,0.0114,70924702.554,0.87,-70139.127,0.811,N,1923.0,17-Jan-2023,Balraj Singh and Jun Chen,2023-10-18,71ga
31,41,Ga,,,,,,0.0,,,3-,14.10,,2,h,50760.0,72.0,B-,100.0,,,,,,,,,-0.13214,2e-05,0.53,0.006,3997.6263,0.8217,-6752.9451,0.2106,-5446.1568,1.7824,-442.789,2.293,6520.4752,0.1888,8548.4688,2.7769,8687.0893,0.0114,71926367.452,0.878,-68588.284,0.818,N,1939.0,1-May-2009,D. Abriola(a) and  A.A. Sonzogni,2023-10-18,72ga
31,42,Ga,,,,,,0.0,,,1/2-,4.86,,3,h,17496.0,108.0,B-,100.0,,,,,,,,,0.209,0.002,0.209,0.002,1598.1889,1.6777,-5184.7514,1.6784,-6388.0384,2.1826,-4105.932,2.507,9182.3777,1.8657,8842.82,2.7205,8693.874,0.023,72925174.68,1.8,-69699.343,1.677,N,1949.0,16-May-2019,BALRAJ SINGH and JUN CHEN,2023-10-18,73ga
31,43,Ga,,,,,,0.0,,,(3-),8.12,,12,m,487.2,7.2,B-,100.0,,,,,,,,,0.0,0.08,0.55,0.04,5372.8249,2.9941,-4823.4116,2.9946,-7498.1613,3.1834,-2292.906,3.91,6421.6005,3.4315,9745.1864,3.5263,8663.1676,0.0405,73926945.725,3.214,-68049.626,2.994,N,1956.0,31-MAR-2017,BALRAJ SINGH,2023-10-18,74ga
31,44,Ga,,,,,,0.0,,,3/2-,126,,2,s,126.0,2.0,B-,100.0,,,,,,,,,1.835,0.004,-0.285,0.017,3396.3337,0.6727,-3109.5063,0.6708,-8174.4206,1.6343,-5901.723,2.068,8482.3312,3.0682,9992.89,2.6029,8660.7565,0.0089,74926504.484,0.72,-68460.639,0.671,N,1960.0,30-Jun-2013,ALEXANDRU NEGRET and  BALRAJ SINGH,2023-10-18,75ga
31,45,Ga,,,,,,0.0,,,(2+ 3+),32.6,,6,s,32.6,0.6,B-,100.0,,,,,,,,,-0.945,0.004,0.33,0.02,6916.2501,1.9562,-2510.9932,1.9568,-8938.5575,2.4039,-3993.624,2.438,5907.3269,2.0679,11026.703,2.7664,8624.5272,0.0257,75928827.624,2.1,-66296.648,1.956,N,1961.0,22-Dec-1994,BALRAJ SINGH,2023-10-18,76ga
31,46,Ga,,,,,,0.0,,,3/2(-),13.2,,2,s,13.2,0.2,B-,100.0,,,,,,,,,2.018,0.003,-0.208,0.013,5220.5176,2.4225,-850.7724,2.4219,-9429.8235,3.1043,-7203.149,3.124,7767.0225,3.1132,10978.2997,2.8257,8613.3907,0.0315,76929154.299,2.6,-65992.352,2.422,N,1968.0,30-SEP-2020,BALRAJ SINGH,2023-10-18,77ga
31,47,Ga,,,,,,0.0,,,(3+),5.09,,5,s,5.09,0.05,B-,100.0,,,,,,,,,-1.214,0.005,0.33,0.02,8157.9729,3.6884,-562.5334,1.052,-10122.7886,6.237,-6220.843,2.21,5783.0509,2.6399,12203.8534,2.2349,8577.1043,0.0135,77931610.854,1.127,-63704.085,1.051,N,1972.0,30-Jun-2009,AMEENAH R. FARHAN and  BALRAJ SINGH,2023-10-18,78ga
31,48,Ga,,,,,,0.0,,,3/2(-),2.848,,3,s,2.848,0.003,B-,100.0,,B-N,0.089,0.019,,,,,1.046,0.003,0.158,0.01,6978.8242,37.1467,1242.3848,3.7362,-10503.0519,1.4052,-9116.053,2.532,6915.5881,1.6003,12354.0843,2.2865,8556.0725,0.0153,78932851.582,1.296,-62548.355,1.208,N,1974.0,31-May-2016,BALRAJ SINGH,2023-10-18,79ga
31,49,Ga,,,,,,0.0,,,6(-),1.9,,1,s,1.9,0.1,B-,100.0,,B-N,0.86,0.07,,,,,0.036,0.004,0.38,0.02,10311.6397,3.5409,2232.187,37.273,-10666.963,3.0319,-7575.056,3.878,4746.6373,3.1307,13080.3438,3.6445,8508.4545,0.0361,79936420.773,3.103,-59223.675,2.891,N,1974.0,31-AUG-2014,BALRAJ SINGH,2023-10-18,80ga
31,50,Ga,,,,,,0.0,,,(5/2-),1.217,,5,s,1.217,0.005,B-,100.0,,B-N,11.9,0.7,,,,,1.746,0.005,-0.048,0.008,8663.7335,3.8508,3836.0346,3.8508,-11190.0495,3.4809,-11428.293,5.996,6475.6051,4.3552,13268.3135,4.1624,8483.3576,0.0403,80938133.841,3.503,-57627.962,3.264,N,1976.0,15-Aug-2008,CORAL M. BAGLIN,2023-10-18,81ga
31,51,Ga,,,,,,0.0,,,(2-),0.600,,2,s,0.6,0.002,B-,100.0,,B-N,22.2,2.0,,,,,,,,,12484.3497,3.296,5289.6516,3.1726,-10566.1672,13.5507,-10616.765,3.916,3374.0819,4.0614,14020.0273,5.5847,8421.0494,0.0296,81943176.531,2.604,-52930.725,2.426,N,1976.0,1-Mar-2019,J. K. TULI and  E. BROWNE,2023-10-18,82ga
31,52,Ga,,,,,,0.0,,,,308.1,,10,ms,0.3081,0.001,B-,100.0,,B-N,62.8,2.5,,,,,,,,,11719.3136,3.5592,8086.6285,3.4352,-9274.0056,105.0119,-12967.129,300.011,4397.7212,3.5592,14232.1394,4.0341,8372.5756,0.0315,82947120.3,2.804,-49257.129,2.612,N,1976.0,31-Dec-2014,E.A. MCCUTCHAN,2023-10-18,83ga
31,53,Ga,,,,,,0.0,,,(0-),95.2,,24,ms,0.0952,0.0024,B-,100.0,,B-N,46.0,5.0,B-2N,1.6,0.2,,,,,,14054.2989,29.976,8810.9878,29.9064,-9840.0,301.0,-12264.136,401.109,2908.3258,29.9221,15093.0,301.0,8307.525,0.3549,83952663.0,32.0,-44094.136,29.808,N,1991.0,09-SEP-2022,BALRAJ SINGH,2023-10-18,84ga
31,54,Ga,,,,,,0.0,,,(5/2-),92,,4,ms,0.092,0.004,B-,100.0,,B-N,35.0,,,,,,,,,,13379.3679,37.4459,10333.0583,37.3944,-10259.0,302.0,-14644.059,501.386,3721.2406,47.7158,15203.0,401.0,8253.5687,0.4384,84957333.0,40.0,-39744.059,37.26,N,1997.0,31-Dec-2013,BALRAJ SINGH AND JUN CHEN,2023-10-18,85ga
31,55,Ga,,,,,,0.0,,,,43,,+21-15,ms,0.043,0.018,B-,100.0,,B-N,60.0,10.0,B-2N,20.0,10.0,,,,,,15640.0,593.0,11292.0,400.0,-10455.0,565.0,,,2087.0,401.0,15949.0,640.0,8182.0,5.0,85963757.0,429.0,-33760.0,400.0,Y,1997.0,30-Nov-2014,ALEXANDRU NEGRET and  BALRAJ SINGH,2023-10-18,86ga
31,56,Ga,,,,,,0.0,,,,634,GT,,ns,6.34e-07,,B-,100.0,,B-N,,,B-2N,,,,,,,,14720.0,583.0,12459.0,665.0,-10904.0,707.0,,,3181.0,640.0,16097.0,707.0,8124.0,6.0,86969007.0,537.0,-28870.0,500.0,Y,2010.0,27-Jul-2015,T.D. Johnson and W.D. Kulp(a),2023-10-18,87ga
32,27,Ge,,,,,,0.0,,,,13.3,,17,ms,0.0133,0.0017,2P,0.2,,EC+B+,,,,,,,,,,,,,,,-4525.0,565.0,17390.0,434.6,16862.0,640.0,119.0,500.0,7924.0,7.0,58982426.0,429.0,-16370.0,400.0,Y,2015.0,1-Apr-2018,M. Shamsuzzoha Basunia,2023-10-18,59ge
32,28,Ge,,,,,,0.0,,,0+,110,GT,,ns,1.1e-07,,EC+B+,,,ECP,,,,,,,,,,,-21890.0,500.0,,,-4565.0,500.0,12060.0,360.5,19232.0,500.0,1059.0,345.0,8113.0,5.0,59970445.0,322.0,-27530.0,300.0,Y,2005.0,31-Dec-2012,E. BROWNE and  J. K. TULI,2023-10-18,60ge
32,29,Ge,,,,,,0.0,,,(3/2-),44,,6,ms,0.044,0.006,EC+B+,100.0,,ECP,62.0,,,,,,,,,,-16590.0,424.0,-36221.0,500.0,-3665.0,361.0,13344.662,302.396,14331.0,424.0,1489.0,361.0,8215.0,5.0,60963725.0,322.0,-33790.0,300.0,Y,1987.0,25-Jan-2015,KAZIMIERZ ZUBER and  BALRAJ SINGH,2023-10-18,61ge
32,30,Ge,,,,,,0.0,,,0+,129,,35,ms,0.129,0.035,EC+B+,100.0,,ECP,,,,,,,,,,,-17720.0,331.0,-33011.0,331.0,-2266.0,148.0,9847.022,140.001,16421.0,331.0,2294.0,145.0,8347.0,2.0,61954761.0,150.0,-42140.0,140.0,Y,1991.0,15-Apr-2012,ALAN L. NICHOLS and  BALRAJ SINGH and  JAGDISH K. TULI,2023-10-18,62ge
32,31,Ge,,,,,,0.0,,,3/2-,150,,9,ms,0.15,0.009,EC+B+,100.0,,,,,,,,,,,,,-13421.0,204.0,-30572.0,302.0,-2130.4585,37.2675,9625.879,37.283,12853.0,145.0,2223.1702,37.2652,8418.7167,0.5914,62949628.0,40.0,-46921.221,37.26,N,1991.0,28-Aug-2008,HUO JUNDE and  YANG DONG and  HUO MEIRONG and ,2023-10-18,63ge
32,32,Ge,,,,,,0.0,,,0+,63.7,,25,s,63.7,2.5,EC+B+,100.0,,ECP,,,,,,,,,,,-14783.0,203.0,-28887.0,200.0,-2565.9487,3.7661,4517.324,3.991,15465.6,37.4456,5057.3743,3.9476,8528.8243,0.0582,63941689.912,4.0,-54315.503,3.726,N,1972.0,12-Nov-2021,Balraj Singh and Jun Chen,2023-10-18,64ge
32,33,Ge,,,,,,0.0,,,3/2-,30.9,,5,s,30.9,0.5,EC+B+,100.0,,ECP,0.011,0.003,,,,,,,,,-9541.167,84.7936,-25017.0,203.0,-2554.2332,16.0459,6179.263,2.305,10234.0385,4.3091,4934.3678,2.5935,8555.0584,0.0333,64939368.136,2.323,-56478.223,2.165,N,1972.0,1-Aug-2009,E. BROWNE and  J. K. TULI,2023-10-18,65ge
32,34,Ge,,,,,,0.0,,,0+,2.26,,5,h,8136.0,180.0,EC+B+,100.0,,,,,,,,,,,,,-9581.957,6.1685,-22741.3024,84.8,-2863.8682,2.4782,2116.688,2.638,13200.1354,3.2325,6238.5253,2.5277,8625.4383,0.0364,65933862.124,2.577,-61607.041,2.401,N,1950.0,3-Mar-2009,E. BROWNE and  J. K. TULI,2023-10-18,66ge
32,35,Ge,,,,,,0.0,,,1/2-,18.9,,3,m,1134.0,18.0,EC+B+,100.0,,,,,,,,,-0.849,0.012,0.92,0.09,-6086.4858,4.3418,-18719.9524,7.1374,-2885.2049,4.5678,4205.438,4.476,9137.9954,4.9416,6238.9604,4.3473,8633.0884,0.0645,66932716.999,4.636,-62673.718,4.319,N,1950.0,1-Apr-2005,HUO JUNDE and  HUANG XIAOLONG and  J.K. TULI,2023-10-18,67ge
32,36,Ge,,,,,,0.0,,,0+,270.93,,13,d,23408352.0,11232.0,EC,100.0,,,,,,,,,1.1,0.3,,,-8084.2715,2.632,-18462.8847,1.9278,-3399.6969,1.9837,107.255,2.359,12376.3989,4.7092,7388.6139,2.2146,8688.1371,0.0276,67928095.305,2.014,-66978.799,1.876,N,1948.0,1-Mar-2012,E.A. McCutchan,2023-10-18,68ge
32,37,Ge,,,,,,0.0,,,5/2-,39.05,,10,h,140580.0,360.0,EC+B+,100.0,,,,,,,,,0.735,0.007,0.114,0.007,-3988.4927,31.9822,-16277.4648,2.2679,-3613.5655,1.4661,2227.146,1.78,8193.1934,2.2928,7303.5908,1.9346,8680.964,0.0191,68927964.467,1.414,-67100.674,1.318,N,1938.0,31-Jul-2013,C.D. NESARAJA,2023-10-18,69ge
32,38,Ge,4.0414,0.0012,20.52,0.19,,0.0,,,0+,STABLE,,,,,,,,,,,,,,,,0.64,0.1,0.03,0.06,-6228.063,1.62,-15521.1729,32.0098,-4087.7235,1.0276,-1651.886,1.454,11532.6802,1.55,8523.1877,1.4492,8721.7028,0.0117,69924248.542,0.88,-70562.036,0.82,N,1923.0,1-Jul-2016,G. G~URDAL and  E.A. MCCUTCHAN,2023-10-18,70ge
32,39,Ge,,,,,,0.0,,,1/2-,11.43,,3,d,987552.0,2592.0,EC,100.0,,,,,,,,,0.546,0.005,0.18,0.04,-2013.4,4.0825,-13644.0016,1.6175,-4451.1966,1.0276,232.47,1.15,7415.9386,0.106,8285.4778,1.4492,8703.3118,0.0115,70924952.12,0.874,-69906.657,0.815,N,1941.0,17-Jan-2023,Balraj Singh and Jun Chen,2023-10-18,71ge
32,40,Ge,4.0576,0.0013,27.45,0.15,,0.0,,,0+,STABLE,,,,,,,,,,,,,,,,1.0,0.3,,,-4356.1019,4.0825,-12763.9714,4.1637,-5003.6716,0.7821,-3997.626,0.822,10750.5714,0.8184,9735.7546,0.8145,8731.7459,0.0011,71922075.824,0.081,-72585.91,0.076,N,1923.0,1-May-2009,D. Abriola(a) and  A.A. Sonzogni,2023-10-18,72ge
32,41,Ge,4.0632,0.0014,7.76,0.08,,0.0,,,9/2+,STABLE,,,,,,,,,,,,,,,,,,-0.196,0.001,-344.7759,3.8528,-11139.0422,4.0828,-5304.542,0.7968,-1598.189,1.678,6782.9403,0.05,9998.2196,0.8202,8705.05,0.0008,72923458.954,0.061,-71297.532,0.057,N,1933.0,16-May-2019,BALRAJ SINGH and JUN CHEN,2023-10-18,73ge
32,42,Ge,4.0742,0.0012,36.52,0.12,,0.0,,,0+,STABLE,,,,,,,,,,,,,,,,0.75,0.15,-0.19,0.02,-2562.3871,1.6931,-10541.0125,3.8531,-6282.6188,1.9178,-5372.825,2.994,10196.2366,0.0555,11012.0785,1.6767,8725.2011,0.0003,73921177.76,0.013,-73422.451,0.013,N,1923.0,30-Apr-2006,BALRAJ SINGH and  AMEENAH R. FARHAN,2023-10-18,74ge
32,43,Ge,,,,,,0.0,,,1/2-,82.78,,4,m,4966.8,2.4,B-,100.0,,,,,,,,,0.509,0.005,,,1177.2301,0.8851,-9068.2271,1.6939,-6953.1026,2.6543,-3396.334,0.673,6505.84,0.05,11096.3179,2.9945,8695.6096,0.0007,74922858.37,0.055,-71856.973,0.052,N,1939.0,30-Jun-2013,ALEXANDRU NEGRET and  BALRAJ SINGH,2023-10-18,75ge
32,44,Ge,4.0811,0.0012,7.75,0.12,,0.0,,,0+,STABLE,,,,,,,,,,,,,,,,0.64,0.1,-0.19,0.06,-921.5145,0.8864,-8250.0132,0.8839,-7492.3194,2.1425,-6916.25,1.95,9427.2434,0.0543,12041.23,0.6709,8705.2364,0.0003,75921402.725,0.019,-73212.898,0.018,N,1933.0,22-Dec-1994,BALRAJ SINGH,2023-10-18,76ge
32,45,Ge,,,,,,0.0,,,7/2+,11.211,,3,h,40359.6,10.8,B-,100.0,,,,,,,,,,,,,2703.4642,1.6926,-6992.8044,0.8878,-8044.3752,1.8637,-5220.518,2.423,6071.29,0.05,12205.1931,1.9569,8671.0293,0.0007,76923549.843,0.056,-71212.87,0.053,N,1939.0,30-SEP-2020,BALRAJ SINGH,2023-10-18,77ge
32,46,Ge,,,,,,0.0,,,0+,88.0,,10,m,5280.0,60.0,B-,100.0,,,,,,,,,,,,,954.9114,10.3987,-6017.0421,3.9195,-8530.2538,4.3389,-8157.973,3.689,8720.5063,3.5359,13158.6768,4.2855,8671.6636,0.0453,77922852.911,3.795,-71862.058,3.536,N,1953.0,30-Jun-2009,AMEENAH R. FARHAN and  BALRAJ SINGH,2023-10-18,78ge
32,47,Ge,,,,,,0.0,,,(1/2)-,18.98,,3,s,18.98,0.03,B-,100.0,,,,,,,,,,,,,4108.9014,37.4361,-4781.528,38.4229,-9393.1793,37.2124,-6978.825,37.181,5736.4394,37.3287,13112.0653,37.1758,8634.5089,0.4704,78925359.506,39.893,-69527.18,37.161,N,1970.0,31-May-2016,BALRAJ SINGH,2023-10-18,79ge
32,48,Ge,,,,,,0.0,,,0+,29.5,,4,s,29.5,0.4,B-,100.0,,,,,,,,,,,,,2679.2869,3.9156,-3970.5514,5.7076,-9657.2063,2.5148,-10311.639,3.546,8079.4528,37.2175,14275.93,2.3796,8627.5707,0.0257,79925350.773,2.205,-69535.314,2.054,N,1972.0,22-Jun-2005,BALRAJ SINGH,2023-10-18,80ge
32,49,Ge,,,,,,0.0,,,(9/2+),7.6,,6,s,7.6,0.6,B-,100.0,,,,,,,,,,,,,6241.6189,3.3436,-2148.412,3.9157,-9927.408,2.8467,-8663.733,3.857,4827.6989,2.8981,14356.9916,3.5409,8580.6587,0.0254,80928832.941,2.205,-66291.695,2.055,N,1972.0,15-Aug-2008,CORAL M. BAGLIN,2023-10-18,81ge
32,50,Ge,,,,,,0.0,,,0+,4.0,,7,s,4.0,0.7,B-,100.0,,,,,,,,,,,,,4690.3523,4.3452,-953.0792,3.4609,-10356.7489,2.9624,-12484.35,3.3,7194.6981,3.0327,15076.0846,3.9531,8563.7567,0.0273,81929774.031,2.405,-65415.075,2.24,N,1972.0,1-Mar-2019,J. K. TULI and  E. BROWNE,2023-10-18,82ge
32,51,Ge,,,,,,0.0,,,(5/2)+,1.85,,6,s,1.85,0.06,B-,100.0,,B-N,,,,,,,,,,,8692.8893,3.6979,1057.6671,4.4439,-9969.0563,3.2878,-11719.313,3.566,3632.6851,3.296,15334.6878,3.4251,8504.3462,0.0292,82934539.1,2.604,-60976.442,2.427,N,1972.0,31-Dec-2014,E.A. MCCUTCHAN,2023-10-18,83ge
32,52,Ge,,,,,,0.0,,,0+,0.954,,14,s,0.954,0.014,B-,100.0,,B-N,10.2,0.9,,,,,,,,,7705.1329,4.4789,3449.5782,4.2237,-8924.7319,4.09,-14054.299,29.976,5243.3111,3.987,16180.2777,4.1028,8465.5244,0.0377,83937575.09,3.403,-58148.435,3.171,N,1972.0,30-Sep-2009,A.A. Sonzogni and  M. Fadil and  and B. Pfeiffer,2023-10-18,84ge
32,53,Ge,,,,,,0.0,,,(3/2+ 5/2+),503,,18,ms,0.503,0.018,B-,100.0,,B-N,16.5,2.3,B-2N,,,,,,,,10065.7253,4.8303,4658.8233,4.8901,-9348.6734,6.2616,-13379.368,37.446,3046.3096,4.8901,16318.2615,30.0402,8401.7689,0.0439,84942969.658,4.003,-53123.427,3.729,N,1991.0,31-Dec-2013,BALRAJ SINGH AND JUN CHEN,2023-10-18,85ge
32,54,Ge,,,,,,0.0,,,0+,226,,21,ms,0.226,0.021,B-,100.0,,B-N,45.0,15.0,,,,,,,,,9562.2229,437.8158,5717.9072,437.813,-9510.8824,437.813,-15639.927,593.018,4347.8181,437.8181,16944.8389,439.3849,8354.63,5.0907,85946967.0,470.0,-49399.927,437.802,N,1994.0,30-Nov-2014,ALEXANDRU NEGRET and  BALRAJ SINGH,2023-10-18,86ge
32,55,Ge,,,,,,0.0,,,(5/2+),0.14,AP,,s,0.14,,B-,100.0,,B-N,,,,,,,,,,,12028.0,300.0,7301.0,300.0,-9725.0,424.0,-14720.0,583.0,2262.0,531.0,17119.0,500.0,8285.0,3.0,86953204.0,322.0,-43590.0,300.0,Y,1997.0,27-Jul-2015,T.D. Johnson and W.D. Kulp(a),2023-10-18,87ge
32,56,Ge,,,,,,0.0,,,0+,300,GT,,ns,3e-07,,B-,,,B-N,,,,,,,,,,,10930.0,447.0,8027.0,400.0,-10114.0,565.0,,,4001.0,500.0,17939.0,640.0,8236.0,5.0,87957574.0,429.0,-39520.0,400.0,Y,1997.0,1-Nov-2013,E.A. McCutchan and A.A. Sonzogni,2023-10-18,88ge
32,57,Ge,,,,,,0.0,,,,,,,,,,B-,100.0,,B-N,,,B-2N,,,,,,,,13490.0,500.0,9338.0,447.0,-10365.0,640.0,,,1592.0,565.0,17939.0,640.0,8161.0,4.0,88964530.0,429.0,-33040.0,400.0,Y,1997.0,30-Nov-2021,Balraj Singh,2023-10-18,89ge
32,58,Ge,,,,,,0.0,,,0+,,,,,,,B-,100.0,,B-2N,,,B-N,,,,,,,,12520.0,640.0,9988.0,583.0,-10834.0,707.0,,,3501.0,640.0,,,8109.0,6.0,89969436.0,537.0,-28470.0,500.0,Y,2010.0,1-Mar-2020,S. K. Basu and  E.A. MCCUTCHAN,2023-10-18,90ge
33,30,As,,,,,,0.0,,,3/2-,43,LT,,ns,4.3e-08,,P,,,,,,,,,,,,,,-16650.0,539.0,,,-2165.0,263.0,13421.221,203.441,17152.0,361.0,-1351.0,244.0,8193.0,3.0,62964036.0,215.0,-33500.0,200.0,Y,,28-Aug-2008,HUO JUNDE and  YANG DONG and  HUO MEIRONG and ,2023-10-18,63as
33,31,As,,,,,,0.0,,,,69.0,,14,ms,0.069,0.0014,EC+B+,100.0,,ECP,,,,,,,,,,,-12673.0,540.0,-30754.0,540.0,-2367.0,285.0,14783.503,203.034,14103.0,285.0,-100.0,200.0,8286.0,3.0,63957560.0,218.0,-39532.0,203.0,Y,1995.0,12-Nov-2021,Balraj Singh and Jun Chen,2023-10-18,64as
33,32,As,,,,,,0.0,,,,128,,16,ms,0.128,0.016,EC+B+,100.0,,,,,,,,,,,,,-13917.0,312.0,-28149.0,507.0,-2227.3099,92.8912,9541.167,84.794,15476.0,220.0,-89.4755,84.8478,8396.2351,1.3041,64949611.0,91.0,-46937.056,84.766,N,1991.0,1-Aug-2009,E. BROWNE and  J. K. TULI,2023-10-18,65as
33,33,As,,,,,,0.0,,,[0+],95.77,,23,ms,0.09577,0.00023,EC+B+,100.0,,,,,,,,,,,,,-10365.0,200.0,-27077.0,300.0,-2462.9778,5.7177,9581.957,6.168,13159.3454,84.9562,2835.8314,6.0804,8468.4034,0.0861,65944148.778,6.1,-52025.084,5.682,N,1978.0,3-Mar-2009,E. BROWNE and  J. K. TULI,2023-10-18,66as
33,34,As,,,,,,0.0,,,(5/2-),42.5,,12,s,42.5,1.2,EC+B+,100.0,,,,,,,,,,,,,-10006.9381,67.069,-22998.0,200.0,-2465.0484,1.3772,6086.486,4.342,12633.4666,5.6993,2269.1625,2.4412,8530.5685,0.0066,66939251.11,0.475,-56587.232,0.443,N,1980.0,1-Apr-2005,HUO JUNDE and  HUANG XIAOLONG and  J.K. TULI,2023-10-18,67as
33,35,As,,,,,,0.0,,,3+,151.6,,8,s,151.6,0.8,EC+B+,100.0,,,,,,,,,,,,,-4705.0786,1.9112,-20385.5514,67.093,-2486.6167,2.3341,8084.272,2.632,10378.6133,1.8981,3509.7804,4.6971,8557.7457,0.0271,67936774.127,1.981,-58894.527,1.846,N,1971.0,1-Mar-2012,E.A. McCutchan,2023-10-18,68as
33,36,As,,,,,,0.0,,,5/2-,15.2,,2,m,912.0,12.0,EC+B+,100.0,,,,,,,,,1.622,0.002,,,-6677.4672,32.0215,-16994.0507,32.0033,-2879.6108,32.0092,3988.493,32.026,12288.9721,32.0526,3422.3537,32.0544,8611.8214,0.4638,68932246.289,34.352,-63112.181,31.999,N,1955.0,31-Jul-2013,C.D. NESARAJA,2023-10-18,69as
33,37,As,,,,,,0.0,,,4+,52.6,,3,m,3156.0,18.0,EC+B+,100.0,,,,,,,,,2.1104,0.0005,0.09,0.02,-2404.0737,2.1118,-15970.5771,2.0428,-3035.1605,1.7736,6228.063,1.62,9293.1099,32.0299,4522.2702,1.9205,8621.5541,0.02,69930934.642,1.5,-64333.973,1.397,N,1950.0,1-Jul-2016,G. G~URDAL and  E.A. MCCUTCHAN,2023-10-18,70as
33,38,As,,,,,,0.0,,,5/2-,65.30,,7,h,235080.0,252.0,EC+B+,100.0,,,,,,,,,1.673,0.002,-0.021,0.006,-4746.742,5.014,-14034.6753,4.454,-3439.0167,4.244,2013.4,4.2,11630.6016,4.3912,4620.1916,4.0839,8663.935,0.0586,70927113.594,4.469,-67893.257,4.163,N,1939.0,17-Jan-2023,Balraj Singh and Jun Chen,2023-10-18,71as
33,39,As,,,,,,0.0,,,2-,26.0,,1,h,93600.0,360.0,EC+B+,100.0,,,,,,,,,-2.161,0.0006,-0.08,0.02,-361.6194,4.5276,-13154.6115,4.9479,-3568.6697,4.3265,4356.102,4.084,8407.8695,5.8312,5612.1225,4.1637,8660.3786,0.0567,71926752.291,4.383,-68229.808,4.083,N,1939.0,1-May-2009,D. Abriola(a) and  A.A. Sonzogni,2023-10-18,72as
33,40,As,,,,,,0.0,,,3/2-,80.30,,6,d,6937920.0,5184.0,EC,100.0,,,,,,,,,5.234,0.014,0.353,0.012,-2725.3604,7.3993,-11155.8858,4.3212,-4049.8527,4.0349,344.775,3.853,10794.2664,5.6132,5655.8174,3.8525,8689.6099,0.0528,72923829.086,4.136,-70952.757,3.853,N,1948.0,16-May-2019,BALRAJ SINGH and JUN CHEN,2023-10-18,73as
33,41,As,,,,,,0.0,,,2-,17.77,,2,d,1535328.0,1728.0,EC+B+,66.0,2.0,B-,34.0,2.0,,,,,-1.596,0.003,,,1353.1467,1.6931,-10703.9857,7.6143,-4374.8295,2.0758,2562.387,1.693,7978.6253,4.2087,6851.5024,1.694,8680.002,0.0229,73923928.596,1.817,-70860.064,1.693,N,1938.0,30-Apr-2006,BALRAJ SINGH and  AMEENAH R. FARHAN,2023-10-18,74as
33,42,As,4.0968,0.002,100.0,,,0.0,,,3/2-,STABLE,,,,,,,,,,,,,,,,1.4383,0.0003,0.311,0.002,-864.7139,0.8816,-8892.3105,0.8837,-5319.9921,1.1995,-1177.23,0.88,10245.4572,1.9099,6900.7231,0.8837,8700.8748,0.0118,74921594.562,0.948,-73034.203,0.884,N,1920.0,30-Jun-2013,ALEXANDRU NEGRET and  BALRAJ SINGH,2023-10-18,75as
33,43,As,,,,,,0.0,,,2-,26.24,,9,h,94464.0,324.0,B-,100.0,,,,,,,,,-0.9023,0.001,,,2960.5756,0.8864,-8193.2126,0.8842,-6128.0157,1.2062,921.514,0.886,7328.4988,0.0671,7723.3819,0.8877,8682.8172,0.0117,75922392.011,0.951,-72291.384,0.886,N,1934.0,22-Dec-1994,BALRAJ SINGH,2023-10-18,76as
33,44,As,,,,,,0.0,,,3/2-,38.79,,5,h,139644.0,180.0,B-,100.0,,,,,,,,,1.294,0.0013,,,683.1627,1.692,-6735.693,1.6918,-6641.9066,2.382,-2703.464,1.693,9696.2686,1.9093,7992.4072,1.6918,8695.9789,0.022,76920647.555,1.816,-73916.334,1.692,N,1951.0,30-SEP-2020,BALRAJ SINGH,2023-10-18,77as
33,45,As,,,,,,0.0,,,2-,90.7,,2,m,5442.0,12.0,B-,100.0,,,,,,,,,,,,,4208.9819,9.7801,-6288.7907,9.7793,-7192.2595,10.2273,-954.912,10.399,6971.9534,9.8926,8893.0706,9.7794,8673.876,0.1254,77921827.771,10.498,-72816.97,9.779,N,1937.0,30-Jun-2009,AMEENAH R. FARHAN and  BALRAJ SINGH,2023-10-18,78as
33,46,As,,,,,,0.0,,,3/2-,9.01,,15,m,540.6,9.0,B-,100.0,,,,,,,,,,,,,2281.3849,5.3284,-4681.4474,5.3267,-7600.3576,5.3671,-4108.901,37.541,8890.4294,11.0544,9062.9938,6.3919,8676.6172,0.0674,78920948.419,5.716,-73636.081,5.325,N,1950.0,31-May-2016,BALRAJ SINGH,2023-10-18,79as
33,47,As,,,,,,0.0,,,1+,15.2,,2,s,15.2,0.2,B-,100.0,,,,,,,,,,,,,5544.8861,3.4412,-4368.4534,3.3406,-8342.869,3.865,-2679.287,3.915,6649.8383,6.2691,9976.3926,37.3098,8651.2824,0.0417,79922474.44,3.578,-72214.601,3.333,N,1954.0,22-Jun-2005,BALRAJ SINGH,2023-10-18,80as
33,48,As,,,,,,0.0,,,3/2-,33.3,,8,s,33.3,0.8,B-,100.0,,,,,,,,,,,,,3855.705,2.8072,-2845.1448,2.7966,-8965.8774,3.5855,-6241.619,3.349,8390.0309,4.2539,10286.9708,3.3435,8648.0571,0.0326,80922132.288,2.838,-72533.314,2.644,N,1960.0,15-Aug-2008,CORAL M. BAGLIN,2023-10-18,81as
33,49,As,,,,,,0.0,,,(2-),19.1,,5,s,19.1,0.5,B-,100.0,,,,,,,,,,,,,7488.4677,3.7579,-1787.7264,3.8549,-8826.2579,3.8735,-4690.352,4.35,5643.4314,4.5676,11102.7033,4.2524,8611.4153,0.0455,81924738.731,4.003,-70105.427,3.729,N,1968.0,1-Mar-2019,J. K. TULI and  E. BROWNE,2023-10-18,82as
33,50,As,,,,,,0.0,,,(5/2-),13.4,,4,s,13.4,0.4,B-,100.0,,,,,,,,,,,,,5671.2117,4.129,-146.7545,2.837,-9545.892,3.0451,-8692.889,3.705,7635.2221,4.6575,11543.2274,3.5787,8599.654,0.0337,82925206.9,3.004,-69669.331,2.799,N,1968.0,31-Dec-2014,E.A. MCCUTCHAN,2023-10-18,83as
33,51,As,,,,,,0.0,,,(3-),4.2,,5,s,4.2,0.5,B-,100.0,,B-N,0.18,0.1,,,,,,,,,10094.1624,3.7219,1415.6569,4.3898,-9054.8095,4.2859,-7705.133,4.484,4255.5547,4.2237,12166.097,3.987,8547.9385,0.0377,83929303.29,3.403,-65853.568,3.171,N,1968.0,30-Sep-2009,A.A. Sonzogni and  M. Fadil and  and B. Pfeiffer,2023-10-18,84as
33,52,As,,,,,,0.0,,,(3/2-),2.021,,12,s,2.021,0.012,B-,100.0,,B-N,62.9,2.0,,,,,,,,,9224.4929,4.0313,4687.2605,3.643,-7986.1063,4.4809,-10065.725,4.835,5406.902,4.4136,12329.6879,4.4136,8510.9851,0.0362,84932163.658,3.304,-63189.152,3.078,N,1967.0,31-Dec-2013,BALRAJ SINGH AND JUN CHEN,2023-10-18,85as
33,53,As,,,,,,0.0,,,,0.945,,8,s,0.945,0.008,B-,100.0,,B-N,35.5,0.6,B-2N,,,,,,,,11541.0256,4.2666,5380.1773,4.3222,-8456.3401,4.2124,-9562.223,437.816,3844.3157,4.6182,13127.6939,5.0756,8456.7215,0.0401,85936701.532,3.703,-58962.15,3.45,N,1973.0,30-Nov-2014,ALEXANDRU NEGRET and  BALRAJ SINGH,2023-10-18,86as
33,54,As,,,,,,0.0,,,(3/2-),484,,40,ms,0.484,0.04,B-,100.0,,B-N,15.4,2.2,,,,,,,,,10808.2192,3.726,6813.9437,3.9001,-8785.7008,3.9608,-12027.914,300.015,4727.082,4.5567,13506.9579,437.8124,8413.8521,0.0343,86940291.716,3.204,-55617.914,2.985,N,1970.0,27-Jul-2015,T.D. Johnson and W.D. Kulp(a),2023-10-18,87as
33,55,As,,,,,,0.0,,,,0.20,,+20-9,s,0.2,0.145,B-,100.0,,B-N,,,,,,,,,,,13434.0,200.0,7905.0,200.0,-8781.0,202.0,-10930.0,447.2,2903.0,200.0,14148.0,361.0,8351.0,2.0,87945840.0,215.0,-50450.0,200.0,Y,1994.0,1-Nov-2013,E.A. McCutchan and A.A. Sonzogni,2023-10-18,88as
33,56,As,,,,,,0.0,,,,,,,,,,B-,100.0,,B-N,,,B-2N,,,,,,,,12462.0,300.0,9283.0,300.0,-9211.0,302.0,-13490.0,500.0,4152.0,361.0,14299.0,500.0,8304.0,3.0,88950048.0,322.0,-46530.0,300.0,Y,1994.0,30-Nov-2021,Balraj Singh,2023-10-18,89as
33,57,As,,,,,,0.0,,,,,,,,,,B-,100.0,,B-N,,,,,,,,,,,14810.0,518.0,9931.0,400.0,-9655.0,565.0,-12520.0,640.3,2532.0,500.0,15239.0,565.0,8240.0,4.0,89955995.0,429.0,-40990.0,400.0,Y,1997.0,1-Mar-2020,S. K. Basu and  E.A. MCCUTCHAN,2023-10-18,90as
33,58,As,,,,,,0.0,,,,,,,,,,B-,100.0,,B-N,,,,,,,,,,,14080.0,589.0,11229.0,518.0,-10055.0,640.0,,,3581.0,565.0,15318.0,640.0,8189.0,4.0,90960816.0,429.0,-36500.0,400.0,Y,1997.0,1-Sep-2013,Coral M. Baglin,2023-10-18,91as
33,59,As,,,,,,0.0,,,,,,,,,,B-,100.0,,,,,,,,,,,,,16344.0,640.0,12129.0,662.0,-10414.0,707.0,,,1951.0,640.0,,,8121.0,5.0,91967386.0,537.0,-30380.0,500.0,Y,1997.0,15-Sep-2012,CORAL M. BAGLIN,2023-10-18,92as
34,29,Se,,,,,,0.0,,,,13.2,,39,ms,0.0132,0.0039,EC+B+,100.0,,ECP,89.0,11.0,2P,0.5,,,,,,,,,,,-2905.0,640.0,,,,,-281.0,583.0,7917.0,8.0,62981911.0,537.0,-16850.0,500.0,Y,2016.0,18-March-2022,Balraj Singh,2023-10-18,63se
34,30,Se,,,,,,0.0,,,0+,,,,,,,EC+B+,100.0,,ECP,,,,,,,,,,,,,,,-1754.0,583.0,12672.0,539.6,18081.0,707.0,648.0,539.0,8075.0,8.0,63971165.0,537.0,-26860.0,500.0,Y,2005.0,12-Nov-2021,Balraj Singh and Jun Chen,2023-10-18,64se
34,31,Se,,,,,,0.0,,,(3/2-),33,,4,ms,0.033,0.004,EC+B+,100.0,,ECP,100.0,,,,,,,,,,-16529.0,583.0,,,-1655.0,424.0,13917.056,311.746,14231.0,583.0,776.0,362.0,8170.0,5.0,64964552.0,322.0,-33020.0,300.0,Y,1993.0,1-Aug-2009,E. BROWNE and  J. K. TULI,2023-10-18,65se
34,32,Se,,,,,,0.0,,,0+,42,,12,ms,0.042,0.012,EC,100.0,,,,,,,,,,,,,-18091.0,447.0,-33241.0,539.0,-1945.0,244.0,10365.084,200.081,16712.0,361.0,2012.0,217.0,8300.0,3.0,65955276.0,215.0,-41660.0,200.0,Y,1993.0,3-Mar-2009,E. BROWNE and  J. K. TULI,2023-10-18,66se
34,33,Se,,,,,,0.0,,,(5/2-),133,,4,ms,0.133,0.004,EC+B+,100.0,,ECP,0.5,0.1,,,,,,,,,-14051.0,307.0,-31082.0,405.0,-2083.989,76.7226,10006.938,67.069,12991.0,211.0,1844.1815,67.3078,8369.5344,1.001,66949994.0,72.0,-46580.294,67.068,N,1991.0,18-March-2022,Balraj Singh,2023-10-18,67se
34,34,Se,,,,,,0.0,,,0+,35.5,,7,s,35.5,0.7,EC+B+,100.0,,,,,,,,,,,,,-15398.0,259.0,-29731.0,300.0,-2298.8618,3.7588,4705.078,1.911,15680.4728,67.0694,4891.1877,0.6645,8477.0482,0.0073,67941825.236,0.532,-54189.449,0.496,N,1990.0,1-Mar-2012,E.A. McCutchan,2023-10-18,68se
34,35,Se,,,,,,0.0,,,1/2-,27.4,,2,s,27.4,0.2,EC+B+,100.0,,ECP,0.052,0.008,,,,,,,,,-10175.2364,42.0293,-25715.0,259.0,-2381.4068,2.6279,6677.467,32.034,10316.5835,1.5704,4829.1579,2.3723,8503.7082,0.0216,68939414.845,1.599,-56434.714,1.49,N,1974.0,31-Jul-2013,C.D. NESARAJA,2023-10-18,69se
34,36,Se,,,,,,0.0,,,0+,41.1,,3,m,2466.0,18.0,EC+B+,100.0,,,,,,,,,,,-0.6,0.3,-10504.2727,14.9878,-23741.7399,42.0328,-2747.7748,2.876,2404.073,2.112,13566.5034,2.1744,6106.6893,32.0386,8576.0338,0.0226,69933515.521,1.7,-61929.9,1.584,N,1950.0,1-Jul-2016,G. G~URDAL and  E.A. MCCUTCHAN,2023-10-18,70se
34,37,Se,,,,,,0.0,,,(5/2-),4.74,,5,m,284.4,3.0,EC+B+,100.0,,,,,,,,,,,,,-6644.0883,6.082,-19792.2059,15.1636,-2897.7126,5.1444,4746.742,5.014,9287.9332,3.212,6101.5126,3.1243,8586.0606,0.0394,70932209.431,3.0,-63146.515,2.794,N,1957.0,17-Jan-2023,Balraj Singh and Jun Chen,2023-10-18,71se
34,38,Se,,,,,,0.0,,,0+,8.40,,8,d,725760.0,6912.0,EC,100.0,,,,,,,,,,,,,-8806.4384,2.2083,-19437.0804,5.7453,-3314.3058,2.7106,361.619,4.527,12792.9921,3.4111,7263.9031,4.5997,8644.4902,0.0272,71927140.506,2.1,-67868.189,1.956,N,1948.0,1-May-2009,D. Abriola(a) and  A.A. Sonzogni,2023-10-18,72se
34,39,Se,,,,,,0.0,,,9/2+,7.15,,9,h,25740.0,324.0,EC+B+,100.0,,,,,,,,,0.892,0.013,,,-4581.6095,10.0278,-17236.9638,7.4941,-3551.6379,7.5397,2725.361,8.364,8430.5254,7.6771,7286.559,8.4722,8641.5591,0.1017,72926754.881,7.969,-68227.396,7.424,N,1948.0,16-May-2019,BALRAJ SINGH and JUN CHEN,2023-10-18,73se
34,40,Se,4.07,0.02,0.86,0.03,,0.0,,,0+,STABLE,,,,,,,,,,,,,,,,1.7,0.3,-0.36,0.07,-6925.0492,5.8354,-16638.742,6.7413,-4076.0901,0.82,-1353.146,1.693,12057.1324,7.4237,8549.425,3.8531,8687.7155,0.0003,73922475.933,0.015,-72213.21,0.015,N,1922.0,30-Apr-2006,BALRAJ SINGH and  AMEENAH R. FARHAN,2023-10-18,74se
34,41,Se,,,,,,0.0,,,5/2+,119.78,,5,d,10348992.0,4320.0,EC,100.0,,,,,,,,,0.683,0.01,1.1,0.2,-3062.4694,4.2855,-14952.6458,5.8358,-4687.7481,0.8181,864.714,0.887,8027.5966,0.0715,8598.3963,1.6946,8678.9139,0.001,74922522.87,0.078,-72169.489,0.073,N,1947.0,30-Jun-2013,ALEXANDRU NEGRET and  BALRAJ SINGH,2023-10-18,75se
34,42,Se,4.1395,0.0016,9.23,0.07,,0.0,,,0+,STABLE,,,,,,,,,,,,,,,,0.61,0.11,,,-4962.881,9.3218,-14216.2577,4.2849,-5090.965,0.0772,-2960.575,0.886,11153.7883,0.0746,9506.7274,0.8839,8711.4781,0.0003,75919213.702,0.017,-75251.959,0.016,N,1922.0,22-Dec-1994,BALRAJ SINGH,2023-10-18,76se
34,43,Se,4.1395,0.0018,7.6,0.07,,0.0,,,1/2-,STABLE,,,,,,,,,,,,,,,,0.53356,5e-05,0.76,0.05,-1364.6792,2.8099,-12381.7367,9.322,-5726.8804,0.0843,-683.163,1.693,7418.8557,0.0603,9597.0844,0.8879,8694.6908,0.0008,76919914.15,0.067,-74599.497,0.062,N,1922.0,30-SEP-2020,BALRAJ SINGH,2023-10-18,77se
34,44,Se,4.1406,0.0017,23.69,0.22,,0.0,,,0+,STABLE,,,,,,,,,,,,,,,,0.6,0.2,-0.26,0.09,-3573.7836,3.575,-11862.4519,2.815,-6028.4165,0.1791,-4208.982,9.781,10497.7727,0.1684,10398.5884,1.6962,8717.8072,0.0023,77917309.244,0.191,-77025.952,0.179,N,1922.0,30-Jun-2009,AMEENAH R. FARHAN and  BALRAJ SINGH,2023-10-18,78se
34,45,Se,,,,,,0.0,,,7/2+,3.27E+5,,28,Y,10319114793691.584,883593927288.576,B-,100.0,,,,,,,,,-1.018,0.015,0.8,0.2,150.6016,1.0186,-10536.6159,3.5775,-6485.4088,0.2284,-2281.385,5.33,6962.8323,0.1327,10389.4673,9.781,8695.5923,0.0028,78918499.252,0.238,-75917.466,0.223,N,1950.0,31-May-2016,BALRAJ SINGH,2023-10-18,79se
34,46,Se,4.14,0.0018,49.8,0.36,,0.0,,,0+,STABLE,,,,,,2B-,,,,,,,,,,2.3,0.9,,,-1870.4623,0.3095,-9762.7379,0.3369,-6971.505,0.9469,-5544.886,3.465,9913.3395,0.9653,11412.3774,5.2406,8710.8142,0.0118,79916521.761,1.016,-77759.487,0.947,N,1922.0,22-Jun-2005,BALRAJ SINGH,2023-10-18,80se
34,47,Se,,,,,,0.0,,,1/2-,18.45,,12,m,1107.0,7.2,B-,100.0,,,,,,,,,,,,,1588.0317,1.3787,-8571.3121,0.4659,-7601.0649,0.9788,-3855.705,2.819,6700.8499,0.3486,11463.389,3.4472,8685.9998,0.0121,80917993.019,1.049,-76389.019,0.977,N,1948.0,15-Aug-2008,CORAL M. BAGLIN,2023-10-18,81se
34,48,Se,4.14,0.0019,8.82,0.15,,0.0,,,0+,9.6E+19,,10,Y,3.029464893560832e+27,3.1556925974592e+26,2B-,100.0,,,,,,,,,,,,,-95.2184,1.0767,-7688.1624,1.0826,-8156.7527,3.5661,-7488.468,3.758,9276.1941,0.9619,12349.5521,2.6632,8693.1973,0.0057,81916699.531,0.5,-77593.895,0.466,N,1922.0,1-Mar-2019,J. K. TULI and  E. BROWNE,2023-10-18,82se
34,49,Se,,,,,,0.0,,,9/2+,22.3,,2,m,1338.0,12.0,B-,100.0,,,,,,,,,,,,,3673.178,4.8392,-5913.1846,3.1874,-8238.2794,37.2843,-5671.212,4.129,5817.9662,3.0,12524.0868,4.8085,8658.556,0.0366,82919118.604,3.259,-75340.543,3.036,N,1937.0,31-Dec-2014,E.A. MCCUTCHAN,2023-10-18,83se
34,50,Se,,,,,,0.0,,,0+,3.26,,10,m,195.6,6.0,B-,100.0,,,,,,,,,,,,,1835.3638,25.7652,-5005.3275,4.2714,-8837.3322,2.8323,-10094.163,3.728,8678.5055,3.6141,13567.3702,3.4105,8658.7935,0.0233,83918466.761,2.105,-75947.731,1.961,N,1960.0,30-Sep-2009,A.A. Sonzogni and  M. Fadil and  and B. Pfeiffer,2023-10-18,84se
34,51,Se,,,,,,0.0,,,(5/2)+,32.9,,3,s,32.9,0.3,B-,100.0,,,,,,,,,,,,,6161.8335,4.0313,-2701.8687,25.8621,-8546.8657,3.317,-9224.493,4.038,4537.2325,3.2596,13849.0479,4.1028,8610.3045,0.0307,84922260.758,2.804,-72413.645,2.613,N,1960.0,31-Dec-2013,BALRAJ SINGH AND JUN CHEN,2023-10-18,85se
34,52,Se,,,,,,0.0,,,0+,14.3,,3,s,14.3,0.3,B-,100.0,,,,,,,,,,,,,5129.086,3.9717,0.9851,3.9717,-7513.016,3.365,-11541.025,4.272,6160.8484,3.6233,14602.9943,3.9717,8581.8224,0.0293,85924311.732,2.705,-70503.175,2.52,N,1973.0,31-JAN-2016,BALRAJ SINGH,2023-10-18,86se
34,53,Se,,,,,,0.0,,,(3/2+),5.50,,14,s,5.5,0.14,B-,100.0,,B-N,0.36,0.08,,,,,,,,,7465.5526,3.8766,1134.8104,3.8009,-7874.6064,3.296,-10808.219,3.733,3994.2756,3.365,14752.9542,4.1081,8529.092,0.0258,86928688.616,2.405,-66426.133,2.241,N,1968.0,27-Jul-2015,T.D. Johnson and W.D. Kulp(a),2023-10-18,87se
34,54,Se,,,,,,0.0,,,0+,1.53,,6,s,1.53,0.06,B-,100.0,,B-N,0.99,0.1,,,,,,,,,6831.764,4.6125,1936.1641,4.6125,-8160.6839,4.6125,-13434.203,200.028,5529.3885,4.0303,15555.2607,4.4867,8495.0045,0.0382,87931417.49,3.604,-63884.203,3.357,N,1970.0,1-Nov-2013,E.A. McCutchan and A.A. Sonzogni,2023-10-18,88se
34,55,Se,,,,,,0.0,,,(5/2+),0.43,,5,s,0.43,0.05,B-,100.0,,B-N,7.8,2.5,,,,,,,,,9281.873,4.951,3652.2508,4.8901,-8293.8875,5.2693,-12462.398,300.023,3179.5133,5.0128,15832.0,200.0,8435.2799,0.0419,88936669.058,4.003,-58992.398,3.729,N,1971.0,30-Nov-2021,Balraj Singh,2023-10-18,89se
34,56,Se,,,,,,0.0,,,0+,195,,+95-65,ms,0.195,0.08,B-,100.0,,B-N,,,,,,,,,,,8200.0834,329.766,4402.7306,329.7651,-8825.2118,548.0923,-14810.223,518.396,4879.1424,329.77,16559.0,446.0,8395.7672,3.6639,89940096.0,354.0,-55800.223,329.749,N,1994.0,1-Mar-2020,S. K. Basu and  E.A. MCCUTCHAN,2023-10-18,90se
34,57,Se,,,,,,0.0,,,,0.27,,5,s,0.27,0.05,B-,100.0,,B-N,21.0,10.0,,,,,,,,,10527.1716,433.1593,5348.8583,433.1578,-9415.0,527.0,-14080.13,589.58,2851.2251,544.3792,16879.0,589.0,8334.8382,4.7598,90945700.0,465.0,-50580.13,433.145,N,1975.0,1-Sep-2013,Coral M. Baglin,2023-10-18,91se
34,58,Se,,,,,,0.0,,,0+,,,,,,,B-,100.0,,,,,,,,,,,,,9509.0,400.0,6312.0,400.0,-9629.0,565.0,-16344.0,640.3,4215.0,589.0,17513.0,565.0,8290.0,4.0,91949840.0,429.0,-46724.0,400.0,Y,1997.0,15-Sep-2012,CORAL M. BAGLIN,2023-10-18,92se
34,59,Se,,,,,,0.0,,,(1/2+),,,,,,,B-,100.0,,,,,,,,,,,,,12030.0,588.0,7302.0,400.0,-10245.0,565.0,,,2208.0,565.0,17769.0,640.0,8225.0,4.0,92956135.0,429.0,-40860.0,400.0,Y,1997.0,15-Dec-2010,CORAL M. BAGLIN,2023-10-18,93se
34,60,Se,,,,,,0.0,,,0+,150,GT,,ns,1.5e-07,,B-,100.0,,,,,,,,,,,,,10846.0,539.0,8016.0,660.0,-10758.0,707.0,,,4015.0,640.0,,,8180.0,5.0,93960490.0,537.0,-36803.0,500.0,Y,1997.0,1-Jan-2006,D. Abriola(a) and  A.A. Sonzogni,2023-10-18,94se
34,61,Se,,,,,,0.0,,,,392,GT,,ns,3.92e-07,,B-,,,B-N,,,B-2N,,,,,,,,13390.0,583.0,9118.0,539.0,,,,,1728.0,707.0,,,8112.0,5.0,94967300.0,537.0,-30460.0,500.0,Y,2010.0,24-APR-2012,BALRAJ SINGH,2023-10-18,95se
35,32,Br,,,,,,0.0,,,,,,,,,,P,,,,,,,,,,,,,,-16978.0,520.0,,,-1454.0,361.0,14050.294,307.405,17031.0,500.0,-1842.0,361.0,8148.0,4.0,66965078.0,322.0,-32530.0,300.0,Y,,18-Mar-2022,Balraj Singh,2023-10-18,67br
35,33,Br,,,,,,0.0,,,,35,,5,ns,3.5e-08,5e-09,,,,,,,,,,,,,,,-13165.0,563.0,-31311.0,497.0,-1684.0,329.0,15398.449,259.0,14333.0,396.0,-500.0,250.0,8239.0,4.0,67958356.0,278.0,-38791.0,259.0,Y,1995.0,1-May-2022,E.A. McCutchan,2023-10-18,68br
35,34,Br,,,,,,0.0,,,(5/2-),24,LT,,ns,2.4e-08,,P,100.0,,,,,,,,,,,,,-14119.0,303.0,-28704.0,502.0,-1747.3374,94.6019,10175.236,42.029,15539.0,262.0,-640.9999,42.0,8344.9026,0.6087,68950338.41,45.091,-46259.478,42.003,N,1988.0,31-Mar-2015,C.D. NESARAJA,2023-10-18,69br
35,35,Br,,,,,,0.0,,,0+,79.1,,8,ms,0.0791,0.0008,EC+B+,100.0,,,,,,,,,,,,,-10325.0,201.0,-27357.0,300.0,-1825.4591,15.9503,10504.273,14.988,13237.4672,44.5687,2279.8837,14.9782,8414.7964,0.2129,69944792.321,16.0,-51425.627,14.904,N,1978.0,1-Jul-2016,G. G~URDAL and  E.A. MCCUTCHAN,2023-10-18,70br
35,36,Br,,,,,,0.0,,,(5/2)-,21.4,,6,s,21.4,0.6,EC+B+,100.0,,,,,,,,,,,,,-10175.2155,128.8452,-23473.0,200.0,-2340.1101,5.4201,6644.089,6.082,13148.1176,15.8527,1861.4979,5.6293,8481.4629,0.0761,70939342.153,5.799,-56502.426,5.402,N,1981.0,17-Jan-2023,Balraj Singh and Jun Chen,2023-10-18,71br
35,37,Br,,,,,,0.0,,,1+,78.6,,24,s,78.6,2.4,EC+B+,100.0,,,,,,,,,0.6,0.1,,,-5121.1683,8.0761,-20805.8575,128.7726,-2592.1389,2.1111,8806.439,2.208,10630.642,5.4983,3204.2067,2.9764,8511.3126,0.0142,71936594.606,1.1,-59061.75,1.025,N,1970.0,1-May-2009,D. Abriola(a) and  A.A. Sonzogni,2023-10-18,72br
35,38,Br,,,,,,0.0,,,1/2-,3.4,,2,m,204.0,12.0,EC+B+,100.0,,,,,,,,,,,,,-7094.0287,9.4187,-17776.5225,10.4699,-2958.521,32.7018,4581.609,10.028,12655.3542,6.8187,3066.5688,7.0194,8568.0803,0.0923,72931673.441,7.237,-63645.787,6.741,N,1970.0,16-May-2019,BALRAJ SINGH and JUN CHEN,2023-10-18,73br
35,39,Br,,,,,,0.0,,,(0-),25.4,,3,m,1524.0,18.0,EC+B+,100.0,,,,,,,,,1.82,0.012,,,-2956.3173,6.173,-16807.7215,8.7931,-3379.1039,6.0003,6925.049,5.835,9713.6928,8.9159,4349.7363,9.4426,8583.5615,0.0789,73929910.279,6.264,-65288.161,5.835,N,1952.0,30-Apr-2006,BALRAJ SINGH and  AMEENAH R. FARHAN,2023-10-18,74br
35,40,Br,,,,,,0.0,,,3/2-,96.7,,13,m,5802.0,78.0,EC+B+,100.0,,,,,,,,,0.76,0.18,,,-4783.388,9.1671,-14846.4936,4.7344,-3638.6787,5.9742,3062.469,4.286,11890.1764,7.2396,4182.7802,4.2849,8627.6497,0.0571,74925810.566,4.6,-69107.02,4.285,N,1948.0,30-Jun-2013,ALEXANDRU NEGRET and  BALRAJ SINGH,2023-10-18,75br
35,41,Br,,,,,,0.0,,,1-,16.2,,2,h,58320.0,720.0,EC+B+,100.0,,,,,,,,,0.5477,0.0001,0.251,0.004,-1275.3724,10.149,-14036.7647,12.352,-4484.1859,10.1769,4962.881,9.322,9253.3767,10.2595,5408.5603,9.3221,8635.883,0.1227,75924541.574,10.007,-70289.078,9.322,N,1952.0,22-Dec-1994,BALRAJ SINGH,2023-10-18,76br
35,42,Br,,,,,,0.0,,,3/2-,57.04,,12,h,205344.0,432.0,EC+B+,100.0,,,,,,,,,0.9731,0.0006,0.5,0.02,-3065.3663,3.4244,-12292.4299,4.8994,-4706.9771,4.7693,1364.679,2.812,11017.0575,9.7363,5271.8295,2.8106,8666.8073,0.0365,76921379.193,3.017,-73234.818,2.811,N,1948.0,30-SEP-2020,BALRAJ SINGH,2023-10-18,77br
35,43,Br,,,,,,0.0,,,1+,6.45,,4,m,387.0,2.4,EC+B+,99.99,,B-,0.01,,,,,,0.13,0.03,,,726.1153,3.5845,-11354.0346,4.0791,-5017.0201,3.9598,3573.784,3.584,8288.6683,4.5503,6141.6421,3.579,8661.9594,0.0459,77921145.858,3.842,-73452.168,3.58,N,1937.0,30-Jun-2009,AMEENAH R. FARHAN and  BALRAJ SINGH,2023-10-18,78br
35,44,Br,4.1629,0.0021,50.65,0.09,,0.0,,,3/2-,STABLE,,,,,,,,,,,,,,,,2.1046,0.0006,0.3087,0.0002,-1625.7778,3.3333,-9961.1022,1.0408,-5458.7803,1.3346,-150.601,1.026,10687.2175,3.715,6331.0869,1.01,8687.5956,0.0127,78918337.574,1.074,-76068.067,1.001,N,1920.0,31-May-2016,BALRAJ SINGH,2023-10-18,79br
35,45,Br,,,,,,0.0,,,1+,17.68,,2,m,1060.8,1.2,B-,91.7,0.2,EC+B+,8.3,0.2,,,,,0.5135,0.0006,0.182,0.003,2004.4299,1.1413,-9518.0534,3.336,-6022.5572,1.3301,1870.462,1.372,7892.2756,0.1337,7260.5302,1.0105,8677.6541,0.0124,79918529.784,1.065,-75889.025,0.993,N,1937.0,22-Jun-2005,BALRAJ SINGH,2023-10-18,80br
35,46,Br,4.1599,0.0021,49.35,0.09,,0.0,,,3/2-,STABLE,,,,,,,,,,,,,,,,2.2686,0.0006,0.2579,0.0002,-280.8517,0.4713,-8154.9139,1.1756,-6485.6324,1.9533,-1588.032,1.382,10159.3438,1.3901,7506.5346,1.3576,8695.9465,0.0121,80916288.197,1.049,-77977.051,0.978,N,1920.0,15-Aug-2008,CORAL M. BAGLIN,2023-10-18,81br
35,47,Br,,,,,,0.0,,,5-,35.282,,7,h,127015.2,25.2,B-,100.0,,,,,,,,,1.6256,0.0006,0.697,0.01,3093.1185,0.9714,-7873.7956,0.486,-7106.6229,9.8269,95.218,1.077,7592.9439,0.12,8398.6286,1.3741,8682.4953,0.0118,81916801.752,1.042,-77498.677,0.971,N,1937.0,1-Mar-2019,J. K. TULI and  E. BROWNE,2023-10-18,82br
35,48,Br,,,,,,0.0,,,3/2-,2.374,,4,h,8546.4,14.4,B-,100.0,,,,,,,,,,,,,976.9222,3.7947,-6493.2441,3.7947,-7802.5561,6.5301,-3673.178,4.86,9586.3626,3.917,8708.7972,3.7971,8693.3852,0.0457,82915175.285,4.073,-79013.721,3.795,N,1937.0,31-Dec-2014,E.A. MCCUTCHAN,2023-10-18,83br
35,49,Br,,,,,,0.0,,,2-,31.76,,8,m,1905.6,4.8,B-,100.0,,,,,,,,,1.9,0.7,,,4656.251,25.73,-5863.7691,25.73,-7993.4091,25.9451,-1835.363,25.805,6840.6913,26.0083,9731.5223,25.9085,8671.3294,0.3063,83916496.417,27.622,-77783.094,25.73,N,1943.0,30-Sep-2009,B. Singh,2023-10-18,84br
35,50,Br,,,,,,0.0,,,3/2-,2.90,,6,m,174.0,3.6,B-,100.0,,,,,,,,,,,,,2904.8622,3.6705,-4207.4512,3.0778,-8467.0803,4.0533,-6161.833,4.038,8863.7022,25.9132,9916.719,3.643,8673.5926,0.0362,84915645.758,3.304,-78575.478,3.078,N,1943.0,31-Dec-2013,BALRAJ SINGH AND JUN CHEN,2023-10-18,85br
35,51,Br,,,,,,0.0,,,(1-),55.1,,4,s,55.1,0.4,B-,100.0,,,,,,,,,,,,,7633.4147,3.0779,-2223.2386,3.6706,-7951.7497,4.8303,-5129.086,3.978,5128.1008,4.3472,10507.5873,4.0313,8632.3659,0.0358,85918805.432,3.304,-75632.261,3.078,N,1962.0,30-Nov-2014,ALEXANDRU NEGRET and  BALRAJ SINGH,2023-10-18,86br
35,52,Br,,,,,,0.0,,,(5/2-),55.68,,12,s,55.68,0.12,B-,100.0,,B-N,2.6,0.04,,,,,,,,,6817.8455,3.1805,1302.6725,3.171,-6647.2698,4.2237,-7465.552,3.883,6330.7422,4.4136,10677.4812,4.0442,8605.9105,0.0364,86920674.016,3.404,-73891.685,3.171,N,1943.0,27-Jul-2015,T.D. Johnson and W.D. Kulp(a),2023-10-18,87br
35,53,Br,,,,,,0.0,,,(2-),16.34,,8,s,16.34,0.08,B-,100.0,,B-N,6.58,0.18,,,,,,,,,8975.3282,4.1059,1922.2456,3.1806,-7287.315,4.4789,-6831.764,4.618,4895.5999,4.4789,11578.8056,3.8766,8563.7479,0.036,87924083.29,3.404,-70715.967,3.171,N,1948.0,1-Nov-2013,E.A. McCutchan and A.A. Sonzogni,2023-10-18,88br
35,54,Br,,,,,,0.0,,,(5/2-),4.357,,22,s,4.357,0.022,B-,100.0,,B-N,13.7,0.6,,,,,,,,,8261.5231,3.9045,3345.706,4.1782,-7510.0352,4.4809,-9281.873,4.956,5629.6222,4.5453,11679.0392,4.677,8530.7802,0.0367,88926704.558,3.504,-68274.271,3.264,N,1959.0,30-Nov-2021,Balraj Singh,2023-10-18,89br
35,55,Br,,,,,,0.0,,,,1.91,,1,s,1.91,0.01,B-,100.0,,B-N,25.3,1.5,,,,,,,,,10958.9533,3.8396,4464.1704,3.9827,-7463.0724,4.8087,-8200.083,329.766,3797.3528,4.677,12296.8788,5.0128,8478.1865,0.0373,89931292.848,3.604,-64000.306,3.357,N,1959.0,1-Mar-2020,S. K. Basu and  E.A. MCCUTCHAN,2023-10-18,90br
35,56,Br,,,,,,0.0,,,,0.543,,4,s,0.543,0.004,B-,100.0,,B-N,19.5,2.6,,,,,,,,,9866.6724,4.1898,5780.64,4.0034,-7914.3037,4.6276,-10527.171,433.159,5178.3133,4.8759,12596.0497,329.768,8441.9242,0.0389,90934398.617,3.804,-61107.301,3.543,N,1974.0,1-Sep-2013,Coral M. Baglin,2023-10-18,91br
35,57,Br,,,,,,0.0,,,,0.314,,16,s,0.314,0.016,B-,100.0,,B-N,33.1,2.5,,,,,,,,,12536.5161,7.2322,6669.8432,7.0715,-8208.0,200.0,-9508.812,400.056,3196.8292,7.5835,12941.6538,433.1967,8384.9123,0.0729,91939631.595,7.202,-56232.812,6.709,N,1974.0,15-Sep-2012,CORAL M. BAGLIN,2023-10-18,92br
35,58,Br,,,,,,0.0,,,(5/2-),102,,10,ms,0.102,0.01,B-,100.0,,B-N,68.0,7.0,,,,,,,,,11245.7673,430.8234,7807.7754,430.8245,-8785.0,525.0,-12030.235,587.88,4728.7407,430.8683,13455.0,588.0,8345.5986,4.6324,92943220.0,462.5,-52890.235,430.816,N,1981.0,15-Dec-2010,CORAL M. BAGLIN,2023-10-18,93br
35,59,Br,,,,,,0.0,,,,70,,20,ms,0.07,0.02,B-,100.0,,B-N,68.0,16.0,,,,,,,,,13698.0,201.0,8415.0,200.0,-9084.0,447.0,-10847.0,538.5,2831.0,475.0,14079.0,447.0,8287.0,2.0,93948846.0,215.0,-47650.0,200.0,Y,1981.0,1-Jan-2006,D. Abriola(a) and  A.A. Sonzogni,2023-10-18,94br
35,60,Br,,,,,,0.0,,,,150,GE,,ns,1.5e-07,,B-,100.0,,B-N,34.0,,,,,,,,,,12309.0,301.0,9426.0,300.0,-9775.0,500.0,-13390.0,583.0,4272.0,361.0,14336.0,583.0,8245.0,3.0,94952925.0,322.0,-43850.0,300.0,Y,1997.0,30-Jun-2009,S. K. Basu and  G. Mukherjee and  A. A. Sonzogni,2023-10-18,95br
35,61,Br,,,,,,0.0,,,,150,GE,,ns,1.5e-07,,B-,100.0,,B-N,27.6,,,,,,,,,,14872.0,301.0,9878.0,301.0,-10255.0,583.0,,,2431.0,424.0,15039.0,583.0,8184.0,3.0,95958980.0,322.0,-38210.0,300.0,Y,1997.0,1-Apr-2008,D. Abriola(a) and  A.A. Sonzogni,2023-10-18,96br
35,62,Br,,,,,,0.0,,,,,,,,,,B-,100.0,,B-2N,,,B-N,,,,,,,,13423.0,420.0,11010.0,400.0,,,,,3862.0,500.0,,,8140.0,4.0,96963499.0,429.0,-34000.0,400.0,Y,1997.0,30-SEP-2019,N. NICA,2023-10-18,97br
35,63,Br,,,,,,0.0,,,,,,,,,,B-,100.0,,B-2N,,,B-3N,,,,,,,,16070.0,500.0,11302.0,420.0,,,,,2121.0,565.0,,,8078.0,4.0,97969887.0,429.0,-28050.0,400.0,Y,2010.0,15-Feb-2020,Jun Chen and  Balraj Singh,2023-10-18,98br
35,66,Br,,,,,,0.0,,,,,,,,,,B-,100.0,,B-2N,,,B-3N,,,,,,,,,,,,,,,,,,,,,,,,,,,,31-JAN-2021,BALRAJ SINGH,2023-10-18,101br
36,31,Kr,,,,,,0.0,,,,7.4,,30,ms,0.0074,0.003,EC,63.0,,EC+B+,63.0,14.0,2P,37.0,14.0,,,,,,,,,,-1127.0,656.0,,,,,-729.0,583.0,7883.0,6.0,66983305.0,455.0,-15552.0,424.0,Y,2016.0,18-March-2022,Balraj Singh,2023-10-18,67kr
36,32,Kr,,,,,,0.0,,,0+,21.6,,33,ms,0.0216,0.0033,EC+B+,100.0,,ECP,89.0,11.0,,,,,,,,,,,,,-1192.0,707.0,,,18146.0,656.0,386.0,583.0,8034.0,7.0,67972489.0,537.0,-25626.0,500.0,Y,2016.0,18-March-2022,Balraj Singh,2023-10-18,68kr
36,33,Kr,,,,,,0.0,,,(5/2-),28,,1,ms,0.028,0.001,EC+B+,100.0,,B+P,99.0,,,,,,,,,,,,,,-1546.0,424.0,14119.478,302.926,14585.0,583.0,638.0,396.0,8129.0,4.0,68965496.0,322.0,-32140.0,300.0,Y,1995.0,31-Mar-2015,C.D. NESARAJA,2023-10-18,69kr
36,34,Kr,,,,,,0.0,,,0+,40,,6,ms,0.04,0.006,EC+B+,100.0,,ECP,1.3,,,,,,,,,,,,,,-1865.0,283.0,10325.627,200.555,17031.0,361.0,2130.0,205.0,8256.0,3.0,69955877.0,215.0,-41100.0,200.0,Y,1995.0,1-Jul-2016,G. G~URDAL and  E.A. MCCUTCHAN,2023-10-18,70kr
36,35,Kr,,,,,,0.0,,,(5/2)-,94.9,,4,ms,0.0949,0.0004,EC+B+,100.0,,ECP,3.06,0.27,,,,,,,,,-14037.0,420.0,,,-2171.8328,145.1875,10175.215,128.882,13298.0,238.0,2190.5551,129.6282,8327.131,1.8136,70950265.695,138.238,-46327.211,128.769,N,1981.0,17-Jan-2023,Balraj Singh and Jun Chen,2023-10-18,71kr
36,36,Kr,4.1635,0.006,,,,0.0,,,0+,17.1,,2,s,17.1,0.2,EC+B+,100.0,,ECP,1e-06,,,,,,,,,,-15611.0,500.0,-29722.0,400.0,-2176.0492,8.0262,5121.168,8.076,15684.6892,129.0175,4727.1267,9.6621,8429.3193,0.1113,71942092.406,8.6,-53940.582,8.011,N,1973.0,1-May-2009,D. Abriola(a) and  A.A. Sonzogni,2023-10-18,72kr
36,37,Kr,,,,,,0.0,,,(3/2)-,27.3,,10,s,27.3,1.0,EC+B+,100.0,,ECP,0.25,0.03,,,,,,,,,-10540.1468,41.3212,-26293.0,500.0,-2541.9595,6.7445,7094.029,9.419,10682.4939,10.3654,4778.9786,6.6571,8460.1847,0.0901,72939289.193,7.061,-56551.758,6.578,N,1972.0,16-May-2019,BALRAJ SINGH and JUN CHEN,2023-10-18,73kr
36,38,Kr,4.187,0.0041,,,,0.0,,,0+,11.50,,11,m,690.0,6.6,EC+B+,100.0,,,,,,,,,,,,,-10415.828,3.424,-24391.551,40.8439,-2826.8603,2.5616,2956.317,6.172,13851.4042,6.879,5975.0285,7.0356,8533.039,0.0272,73933084.016,2.161,-62331.844,2.013,N,1960.0,30-Apr-2006,BALRAJ SINGH and  AMEENAH R. FARHAN,2023-10-18,74kr
36,39,Kr,4.2097,0.0041,,,,0.0,,,5/2+,4.60,,7,m,276.0,4.2,EC+B+,100.0,,,,,,,,,-0.531,0.004,1.137,0.013,-7104.9299,8.1895,-20478.9337,8.6509,-3602.0327,8.5723,4783.388,9.167,10063.1057,8.3504,6324.4414,9.9863,8553.4399,0.1081,74930945.744,8.7,-64323.632,8.104,N,1960.0,30-Jun-2013,ALEXANDRU NEGRET and  BALRAJ SINGH,2023-10-18,75kr
36,40,Kr,4.202,0.0036,,,,0.0,,,0+,14.8,,1,h,53280.0,360.0,EC+B+,100.0,,,,,,,,,,,,,-8534.6172,4.1214,-19866.3222,4.1832,-3570.433,4.4646,1275.372,10.149,12761.3923,9.0433,7195.6574,5.8708,8608.8077,0.0528,75925910.743,4.308,-69013.706,4.013,N,1954.0,22-Dec-1994,BALRAJ SINGH,2023-10-18,76kr
36,41,Kr,4.2082,0.0037,,,,0.0,,,5/2+,71.25,,42,m,4275.0,25.2,EC+B+,100.0,,,,,,,,,-0.583,0.003,0.948,0.01,-5338.9516,2.351,-17761.6808,2.1693,-4366.9712,7.6771,3065.367,3.425,9227.0636,4.4646,7169.3442,9.5249,8616.837,0.0254,76924669.999,2.1,-70169.451,1.956,N,1948.0,30-SEP-2020,BALRAJ SINGH,2023-10-18,77kr
36,42,Kr,4.2038,0.0033,0.355,0.003,,0.0,,,0+,STABLE,,,,,,,,,,,,,,,,1.8,0.4,,,-7242.856,3.252,-17419.1015,1.3397,-4389.9886,0.3073,-726.115,3.593,12080.1499,1.9801,8232.4366,2.8261,8661.2385,0.0039,77920366.341,0.329,-74178.283,0.307,N,1920.0,30-Jun-2009,AMEENAH R. FARHAN and  BALRAJ SINGH,2023-10-18,78kr
36,43,Kr,4.2034,0.0032,,,,0.0,,,1/2-,35.04,,10,h,126144.0,360.0,EC+B+,100.0,,,,,,,,,0.536,0.002,,,-3639.5114,3.9423,-15578.1804,4.7534,-4697.7164,3.4812,1625.777,3.621,8335.3244,3.492,8279.0927,4.9912,8657.113,0.0441,78920082.919,3.736,-74442.29,3.48,N,1948.0,31-May-2016,BALRAJ SINGH,2023-10-18,79kr
36,44,Kr,4.197,0.0029,2.286,0.01,,0.0,,,0+,STABLE,,,,,,,,,,,,,,,,,,,,-5717.9785,1.9883,-15161.9948,2.0562,-5066.4115,0.6948,-2004.43,1.21,11522.4833,3.5257,9114.3586,1.1486,8692.9301,0.0087,79916377.94,0.745,-77893.455,0.695,N,1920.0,22-Jun-2005,BALRAJ SINGH,2023-10-18,80kr
36,45,Kr,4.1952,0.0026,,,,0.0,,,7/2+,2.29E+5,,11,Y,7226536048181.568,347126185720.512,EC,100.0,,,,,,,,,-0.907,0.002,0.644,0.004,-2239.4954,5.0188,-13592.0407,2.1502,-5521.618,1.0755,280.852,1.453,7874.0622,1.2514,9096.1452,1.4583,8682.8206,0.0133,80916589.703,1.152,-77696.199,1.074,N,1950.0,15-Aug-2008,CORAL M. BAGLIN,2023-10-18,81kr
36,46,Kr,4.1919,0.0025,11.593,0.031,,0.0,,,0+,STABLE,,,,,,,,,,,,,,,,0.8,0.13,,,-4403.9824,3.0088,-13206.4095,4.9043,-5990.7594,0.1787,-3093.118,0.971,10966.9141,1.0737,9903.7154,0.9779,8710.6754,0.0003,81913481.15368,0.00591,-80591.79509,0.00551,N,1920.0,1-Mar-2019,J. K. TULI and  E. BROWNE,2023-10-18,82kr
36,47,Kr,4.1871,0.0023,11.5,0.019,,0.0,,,9/2+,STABLE,,,,,,,,,,,,,,,,-0.97073,3e-06,0.259,0.001,-920.0039,2.3288,-11874.1487,3.0088,-6498.0934,0.2227,-976.922,3.795,7470.1663,0.0093,9780.9378,0.9714,8695.7295,0.0003,82914126.516,0.009,-79990.643,0.009,N,1920.0,31-Dec-2014,E.A. MCCUTCHAN,2023-10-18,83kr
36,48,Kr,4.1884,0.0022,56.987,0.015,,0.0,,,0+,STABLE,,,,,,,,,,,,,,,,,,,,-2680.3708,2.194,-11440.0239,2.3287,-7104.7739,0.9468,-4656.251,25.73,10520.02,0.0083,10714.5952,3.7947,8717.4473,0.0003,83911497.72708,0.0041,-82439.34527,0.00382,N,1920.0,30-Sep-2009,J.K. Tuli and  A. Luca and  S. Juutinen and  and B. Singh,2023-10-18,84kr
36,49,Kr,4.1846,0.0022,,,,0.0,,,9/2+,10.739,,14,Y,338889828.0411435,441796.963644288,B-,100.0,,,,,,,,,-1.0055,0.0004,0.443,0.003,687.0,2.0,-9792.6842,2.9688,-7516.2375,2.2261,-2904.863,3.671,7112.3134,2.0,10986.2174,25.8076,8698.5633,0.0235,84912527.26,2.147,-81480.341,2.0,N,1940.0,31-Dec-2013,BALRAJ SINGH AND JUN CHEN,2023-10-18,85kr
36,50,Kr,4.1835,0.0021,17.279,0.041,,0.0,,,0+,STABLE,,,,,,,,,,,,,,,,2.2,0.4,,,-518.6734,0.2,-9169.6533,0.0035,-8096.6968,0.4659,-7633.415,3.078,9856.6533,2.0,11979.1686,3.0778,8712.0295,0.0003,85910610.62468,0.00399,-83265.67593,0.00372,N,1920.0,30-Nov-2014,ALEXANDRU NEGRET and  BALRAJ SINGH,2023-10-18,86kr
36,51,Kr,4.1984,0.0027,,,,0.0,,,5/2+,76.3,,5,m,4578.0,30.0,B-,100.0,,,,,,,,,-1.022,0.002,-0.3,0.003,3888.2706,0.2463,-6033.8464,0.3172,-7793.9036,3.0459,-6817.846,3.181,5515.173,0.2462,12366.2407,3.0877,8675.284,0.0028,86913354.759,0.264,-80709.531,0.246,N,1940.0,27-Jul-2015,T.D. Johnson and W.D. Kulp(a),2023-10-18,87kr
36,52,Kr,4.2171,0.0043,,,,0.0,,,0+,2.825,,19,h,10170.0,68.4,B-,100.0,,,,,,,,,,,,,2917.709,2.613,-3164.812,2.6082,-6168.4808,3.2631,-8975.328,4.106,7053.0826,2.6198,13088.5812,4.1058,8656.8499,0.0296,87914447.879,2.8,-79691.295,2.608,N,1939.0,1-Nov-2013,E.A. McCutchan and A.A. Sonzogni,2023-10-18,88kr
36,53,Kr,4.2286,0.0054,,,,0.0,,,3/2(+),3.15,,4,m,189.0,2.4,B-,100.0,,,,,,,,,-0.33,0.003,0.166,0.002,5176.6042,5.8342,-1998.1081,2.1483,-6547.0654,3.3788,-8261.524,3.904,4915.8171,3.3753,13108.7983,3.827,8614.8158,0.0241,88917835.449,2.3,-76535.795,2.142,N,1940.0,30-Nov-2021,Balraj Singh,2023-10-18,89kr
36,54,Kr,4.2423,0.0069,,,,0.0,,,0+,32.32,,9,s,32.32,0.09,B-,100.0,,,,,,,,,,,,,4406.3133,6.7158,-1318.1788,5.7375,-6881.0001,3.1337,-10958.953,3.839,6494.783,2.8391,13973.9591,3.7584,8591.2599,0.0207,89919527.929,2.0,-74959.259,1.863,N,1951.0,1-Mar-2020,S. K. Basu and  E.A. MCCUTCHAN,2023-10-18,90kr
36,55,Kr,4.2543,0.0081,,,,0.0,,,5/2(+),8.57,,4,s,8.57,0.04,B-,100.0,,,,,,,,,-0.583,0.002,0.303,0.006,6771.0748,8.1153,320.281,6.8286,-6972.7569,3.1655,-9866.673,4.19,4086.0324,2.9101,14262.6387,4.0335,8541.7519,0.0246,90923806.309,2.4,-70973.974,2.236,N,1951.0,1-Sep-2013,Coral M. Baglin,2023-10-18,91kr
36,56,Kr,4.2724,0.0099,,,,0.0,,,0+,1.840,,8,s,1.84,0.008,B-,100.0,,B-N,0.0332,0.0025,,,,,,,,,6003.121,6.6924,904.4019,8.2557,-7310.0413,4.309,-12536.517,7.232,5866.6729,3.5064,14950.9983,4.4557,8512.675,0.0294,91926173.092,2.9,-68769.329,2.701,N,1951.0,15-Sep-2012,CORAL M. BAGLIN,2023-10-18,92kr
36,57,Kr,4.2794,0.0107,,,,0.0,,,1/2+,1.286,,10,s,1.286,0.01,B-,100.0,,B-N,1.95,0.11,,,,,-0.413,0.002,,,8483.8977,8.2243,2565.129,6.6194,-7568.5199,4.4982,-11245.767,430.823,3437.9919,3.6909,15192.161,7.1647,8458.1085,0.027,92931147.172,2.7,-64136.002,2.515,N,1951.0,15-Dec-2010,CORAL M. BAGLIN,2023-10-18,93kr
36,58,Kr,4.3002,0.0129,,,,0.0,,,0+,212,,5,ms,0.212,0.005,B-,100.0,,B-N,1.11,0.07,,,,,,,-0.5,0.3,7215.0114,12.2782,3200.8023,14.4205,-7972.473,329.9712,-13697.78,200.36,5283.0954,12.3678,15746.5158,430.9862,8424.3318,0.1288,93934140.452,13.0,-61347.78,12.109,N,1972.0,31-Mar-2011,D. Abriola and  A.A. Sonzogni,2023-10-18,94kr
36,59,Kr,4.3067,0.0136,,,,0.0,,,1/2(+),0.114,,3,s,0.114,0.003,B-,100.0,,B-N,2.87,0.18,,,,,-0.41,0.003,,,9731.3868,27.5124,4332.5528,18.74,-8003.7065,433.5452,-12308.92,300.57,2882.4586,22.2196,15798.0,201.0,8365.9963,0.1961,94939710.922,20.0,-56158.92,18.63,N,1994.0,30-Jun-2009,S. K. Basu and  G. Mukherjee and  A. A. Sonzogni,2023-10-18,95kr
36,60,Kr,4.3267,0.0158,,,,0.0,,,0+,80,,8,ms,0.08,0.008,B-,100.0,,B-N,3.7,0.4,,,,,,,,,8272.6693,19.5669,4737.3075,27.955,-8783.0,400.0,-14871.682,300.619,4994.0793,26.8084,16521.0,301.0,8330.8721,0.2008,95943014.473,20.695,-53081.682,19.277,N,1994.0,10-MAY-2012,BALRAJ SINGH and  BORIS PRITYCHENKO,2023-10-18,96kr
36,61,Kr,,,,,,0.0,,,(3/2+),63,,4,ms,0.063,0.004,B-,100.0,,B-N,6.7,0.6,,,,,,,,,11095.646,130.4232,5859.5343,130.4523,-8988.0,420.0,-13423.499,420.721,2413.135,131.8263,16503.0,327.0,8269.8645,1.3444,96949088.782,140.0,-47423.499,130.409,N,1997.0,19-Nov-2009,N. NICA,2023-10-18,97kr
36,62,Kr,,,,,,0.0,,,0+,43,,4,ms,0.043,0.004,B-,100.0,,B-N,7.0,1.0,B-2N,,,,,,,,10249.0,300.0,6328.0,300.0,-9742.0,583.0,-16070.0,500.0,4768.0,327.0,17409.0,500.0,8234.0,3.0,97952635.0,322.0,-44120.0,300.0,Y,1997.0,15-Feb-2020,Jun Chen and  Balraj Singh,2023-10-18,98kr
36,63,Kr,,,,,,0.0,,,,13,,+34-6,ms,0.013,0.02,B-,100.0,,B-N,11.0,7.0,,,,,,,,,12721.0,400.0,7898.0,400.0,-10365.0,640.0,,,2351.0,500.0,17639.0,565.0,8175.0,4.0,98958776.0,429.0,-38400.0,400.0,Y,1997.0,1-Jul-2017,E. BROWNE and  J. K. TULI,2023-10-18,99kr
36,64,Kr,,,,,,0.0,,,0+,7,,+11-3,ms,0.007,0.007,B-,100.0,,B-N,,,B-2N,,,,,,,,11796.0,400.0,8580.0,400.0,,,,,4141.0,565.0,,,8134.0,4.0,99962995.0,429.0,-34470.0,400.0,Y,1997.0,31-Jan-2021,Balraj Singh and Jun Chen,2023-10-18,100kr
36,65,Kr,,,,,,0.0,,,,635,GT,,ns,6.35e-07,,B-,,,B-N,,,B-2N,,,,,,,,13987.0,501.0,9614.0,500.0,,,,,2181.0,640.0,,,8075.0,5.0,100969318.0,537.0,-28580.0,500.0,Y,2010.0,15-AUG-2010,BALRAJ SINGH,2023-10-18,101kr
36,66,Kr,,,,,,0.0,,,0+,,,,,,,B-,100.0,,B-N,,,B-2N,,,,,,,,,,,,,,,,,,,,,,,,,,,,31-JAN-2021,BALRAJ SINGH,2023-10-18,102kr
37,35,Rb,,,,,,0.0,,,,103,,22,ns,1.03e-07,2.2e-08,P,,,EC+B+,,,,,,,,,,,,,,,-1964.0,563.0,15610.582,500.064,14111.0,640.0,-708.0,517.0,8202.0,7.0,71958851.0,537.0,-38330.0,500.0,Y,2017.0,11-Jun-2021,Balraj Singh,2023-10-18,72rb
37,36,Rb,,,,,,0.0,,,(3/2-),81,LT,,ns,8.1e-08,,P,,,EC+B+,,,,,,,,,,,-14061.0,403.0,,,-2177.0492,58.5527,10540.147,41.321,15753.0,502.0,-639.9999,40.0,8305.0821,0.5588,72950604.506,43.794,-46011.611,40.794,N,1996.0,16-May-2019,BALRAJ SINGH and JUN CHEN,2023-10-18,73rb
37,37,Rb,,,,,,0.0,,,0+,64.776,,30,ms,0.064776,3e-05,EC+B+,100.0,,,,,,,,,,,,,-11089.0,100.0,-28037.0,401.0,-2915.3049,15.2082,10415.828,3.635,13975.7229,40.9064,2653.2291,7.2409,8381.7123,0.0409,73944265.867,3.249,-51916.016,3.027,N,1977.0,30-Apr-2006,BALRAJ SINGH and  AMEENAH R. FARHAN,2023-10-18,74rb
37,38,Rb,,,,,,0.0,,,3/2(-),19.0,,12,s,19.0,1.2,EC+B+,100.0,,,,,,,,,0.579,0.001,0.81,0.04,-10600.0,220.0,-24463.0,100.0,-3141.1912,5.5294,7104.93,8.18,13374.0038,3.249,2175.8288,2.3338,8448.2762,0.0157,74938573.2,1.266,-57218.702,1.18,N,1975.0,30-Jun-2013,ALEXANDRU NEGRET and  BALRAJ SINGH,2023-10-18,75rb
37,39,Rb,4.2273,0.007,,,,0.0,,,1(-),36.5,,6,s,36.5,0.6,EC+B+,100.0,,ECA,3.8e-07,1e-07,,,,,-0.372552,1.1e-05,0.41,0.09,-6231.4432,34.478,-21931.7049,220.0052,-3842.2541,1.389,8534.617,4.121,11331.7049,1.5074,3444.4281,8.1581,8486.2161,0.0123,75935073.031,1.006,-60479.089,0.938,N,1969.0,22-Dec-1994,BALRAJ SINGH,2023-10-18,76rb
37,40,Rb,4.2356,0.008,,,,0.0,,,3/2-,3.78,,4,m,226.8,2.4,EC+B+,100.0,,,,,,,,,0.65434,2e-05,0.84,0.17,-7027.0566,8.0244,-18654.1724,34.4899,-3609.6291,6.8663,5338.951,2.351,12422.7292,1.6063,3105.765,4.2198,8537.3396,0.0169,76930401.599,1.4,-64830.5,1.304,N,1972.0,30-SEP-2020,BALRAJ SINGH,2023-10-18,77rb
37,41,Rb,4.2385,0.0083,,,,0.0,,,0(+),17.66,,3,m,1059.6,1.8,EC+B+,100.0,,,,,,,,,2.548,0.001,1.07,0.03,-3761.4779,8.1248,-17203.3021,8.554,-4072.1818,6.6733,7242.856,3.252,10176.2455,3.4902,4054.9469,3.7825,8558.3512,0.0415,77928141.866,3.475,-66935.427,3.237,N,1968.0,30-Jun-2009,AMEENAH R. FARHAN and  BALRAJ SINGH,2023-10-18,78rb
37,42,Rb,4.2284,0.0065,,,,0.0,,,5/2+,22.9,,5,m,1374.0,30.0,EC+B+,100.0,,,,,,,,,3.3573,0.0012,-0.12,0.04,-5323.114,7.563,-15700.1468,7.701,-4120.6745,4.7047,3639.512,3.986,11938.669,3.7756,3913.466,1.9662,8601.1401,0.0246,78923990.095,2.085,-70802.778,1.943,N,1957.0,31-May-2016,BALRAJ SINGH,2023-10-18,79rb
37,43,Rb,4.2271,0.0061,,,,0.0,,,1+,33.4,,7,s,33.4,0.7,EC+B+,100.0,,,,,,,,,-0.0833,0.0007,0.42,0.08,-1864.009,3.9331,-14767.1303,7.6516,-4311.314,9.5062,5717.979,1.988,9444.0163,2.6916,5022.1579,3.9477,8611.676,0.0233,79922516.442,2.0,-72175.476,1.863,N,1961.0,22-Jun-2005,BALRAJ SINGH,2023-10-18,80rb
37,44,Rb,4.2213,0.0051,,,,0.0,,,3/2-,4.572,,4,h,16459.2,14.4,EC+B+,100.0,,,,,,,,,2.0591,0.0014,0.48,0.1,-3928.5695,5.817,-13216.5543,6.0043,-4646.8018,5.6526,2239.495,5.02,11352.5453,5.2462,4852.2198,4.9298,8645.5139,0.0605,80918993.9,5.265,-75456.704,4.904,N,1949.0,15-Aug-2008,CORAL M. BAGLIN,2023-10-18,81rb
37,45,Rb,4.216,0.0042,,,,0.0,,,1+,1.2575,,2,m,75.45,0.012,EC+B+,100.0,,,,,,,,,0.554403,1.6e-05,0.23,0.1,-177.7503,6.7048,-12730.9966,4.3403,-5160.5606,4.6761,4403.982,3.009,8802.4271,5.7537,5780.5847,3.1946,8647.4275,0.0367,81918209.023,3.23,-76187.813,3.009,N,1949.0,1-Mar-2019,J. K. TULI and  E. BROWNE,2023-10-18,82rb
37,46,Rb,4.2058,0.0028,,,,0.0,,,5/2-,86.2,,1,d,7447680.0,8640.0,EC,100.0,,,,,,,,,1.4246,0.0008,0.24,0.05,-2273.0239,6.4245,-11131.8951,6.4284,-5427.4879,2.5348,920.004,2.329,10954.1448,3.8047,5767.8154,2.3287,8675.2193,0.0281,82915114.181,2.5,-79070.639,2.329,N,1950.0,31-Dec-2014,E.A. MCCUTCHAN,2023-10-18,83rb
37,47,Rb,4.1999,0.0023,,,,0.0,,,2-,32.82,,7,d,2835648.0,6048.0,EC+B+,96.1,2.0,B-,3.9,2.0,,,,,-1.325,0.002,-0.02,0.04,890.6058,2.3356,-11032.677,7.1771,-6294.8654,2.4082,2680.37,2.19,8759.6532,3.1995,7057.3023,2.194,8676.2244,0.0261,83914375.223,2.355,-79758.975,2.194,N,1947.0,30-Sep-2009,F.G. Kondev,2023-10-18,84rb
37,48,Rb,4.2036,0.0024,72.17,0.02,,0.0,,,5/2-,STABLE,,,,,,,,,,,,,,,,1.35306,4e-05,0.276,0.001,-1064.051,2.8132,-9589.0784,1.2432,-6615.2058,0.978,-687.0,2.0,10479.6842,2.194,7016.9664,0.0037,8697.4416,0.0003,84911789.73604,0.00537,-82167.34065,0.005,N,1921.0,31-Dec-2013,BALRAJ SINGH AND JUN CHEN,2023-10-18,85rb
37,49,Rb,4.2025,0.0023,,,,0.0,,,2-,18.642,,18,d,1610668.8,1555.2,B-,99.9948,0.0005,EC,0.0052,0.0005,,,,,-1.6974,0.0016,0.23,0.06,1776.0972,0.2001,-9715.0309,2.8203,-7673.2418,0.9918,518.673,0.2,8650.98,0.2,8555.633,2.01,8696.9014,0.0023,85911167.443,0.214,-82747.003,0.2,N,1941.0,30-Nov-2014,ALEXANDRU NEGRET and  BALRAJ SINGH,2023-10-18,86rb
37,50,Rb,4.1989,0.0021,27.83,0.02,,0.0,,,3/2-,4.97E+10,,3,Y,1.5683792209372224e+18,9467077792377600.0,B-,100.0,,,,,,,,,2.75129,8e-05,0.1335,0.0005,282.2749,0.0063,-8146.0198,0.0065,-8008.9963,3.7947,-3888.271,0.246,9922.117,0.2001,8621.0967,0.0051,8710.9843,0.0003,86909180.529,0.006,-84597.802,0.006,N,1921.0,27-Jul-2015,T.D. Johnson and W.D. Kulp(a),2023-10-18,87rb
37,51,Rb,4.217,0.0038,,,,0.0,,,2-,17.773,,18,m,1066.38,1.08,B-,100.0,,,,,,,,,0.50751,2e-05,-0.01,0.11,5312.6243,0.159,-5800.2461,0.159,-7250.826,25.7303,-2917.709,2.613,6082.521,0.1589,9188.4447,0.2931,8681.1154,0.0018,87911315.59,0.17,-82609.004,0.159,N,1939.0,1-Nov-2013,E.A. McCutchan and A.A. Sonzogni,2023-10-18,88rb
37,52,Rb,4.2391,0.0074,,,,0.0,,,3/2-,15.32,,10,m,919.2,6.0,B-,100.0,,,,,,,,,2.3831,0.0007,0.17,0.03,4496.6278,5.4265,-1862.088,5.4266,-5561.8361,6.2387,-5176.604,5.834,7174.7123,5.429,9310.0743,6.0209,8664.1895,0.061,88912278.136,5.825,-81712.399,5.427,N,1940.0,20-Oct-2012,BALRAJ SINGH,2023-10-18,89rb
37,53,Rb,4.2554,0.0102,,,,0.0,,,0-,158,,5,s,158.0,5.0,B-,100.0,,,,,,,,,1.6157,0.0006,0.25,0.07,6585.3721,6.4806,-1227.8644,6.4529,-6158.2274,7.1488,-4406.314,6.716,5724.4921,8.4309,10118.7493,6.7986,8631.5262,0.0717,89914797.557,6.926,-79365.573,6.452,N,1951.0,1-Mar-2020,S. K. Basu and  E.A. MCCUTCHAN,2023-10-18,90rb
37,54,Rb,4.2723,0.0131,,,,0.0,,,3/2(-),58.2,,3,s,58.2,0.3,B-,100.0,,,,,,,,,2.1811,0.0015,0.19,0.05,5906.901,8.8732,134.5782,7.9347,-6278.2791,8.4211,-6771.075,8.115,6450.7939,10.1238,10074.7602,8.0207,8607.5621,0.0857,90916537.261,8.375,-77745.049,7.801,N,1951.0,1-Sep-2013,Coral M. Baglin,2023-10-18,91rb
37,55,Rb,4.2903,0.0163,,,,0.0,,,0-,4.48,,3,s,4.48,0.03,B-,100.0,,B-N,0.0107,0.0005,,,,,,,,,8094.9212,6.4187,808.182,7.5845,-6481.3982,6.8955,-6003.121,6.692,5098.719,9.8192,11087.4469,6.5184,8569.4225,0.0666,91919728.477,6.573,-74772.45,6.123,N,1960.0,15-Sep-2012,CORAL M. BAGLIN,2023-10-18,92rb
37,56,Rb,4.3048,0.0187,,,,0.0,,,5/2-,5.84,,2,s,5.84,0.02,B-,100.0,,B-N,1.39,0.07,,,,,1.4092,0.0016,0.21,0.06,7465.9434,8.8761,2176.1525,8.5453,-6770.5447,8.4834,-8483.898,8.224,5918.7687,9.9344,11139.5426,8.2832,8540.9209,0.0842,92922039.334,8.406,-72619.9,7.83,N,1960.0,15-Dec-2010,CORAL M. BAGLIN,2023-10-18,93rb
37,57,Rb,4.3184,0.0211,,,,0.0,,,3(-),2.702,,5,s,2.702,0.005,B-,100.0,,B-N,10.5,0.4,,,,,1.4981,0.0018,0.2,0.07,10282.9297,2.623,3451.7343,7.8215,-6987.401,3.9205,-7215.011,12.278,4014.2091,8.088,11715.7599,3.2312,8492.7644,0.0216,93926394.819,2.177,-68562.791,2.029,N,1961.0,31-Mar-2011,A. Negret and  A.A. Sonzogni,2023-10-18,94rb
37,58,Rb,4.3391,0.0248,,,,0.0,,,5/2-,377.7,,8,ms,0.3777,0.0008,B-,100.0,,B-N,8.7,0.3,,,,,1.333,0.003,0.26,0.09,9226.9772,20.2036,4884.0956,20.3132,-7207.9217,20.5524,-9731.387,27.512,5398.834,20.3074,11831.4984,23.5902,8460.1967,0.2131,94929263.849,21.733,-65890.307,20.245,N,1967.0,30-Jun-2009,S. K. Basu and  G. Mukherjee and  A. A. Sonzogni,2023-10-18,95rb
37,59,Rb,4.3501,0.0267,,,,0.0,,,2(-),203,,3,ms,0.203,0.003,B-,100.0,,B-N,13.3,0.7,,,,,1.4655,0.0017,0.3,0.09,11563.897,9.1062,5691.6154,6.6941,-7546.4543,7.4962,-8272.669,19.566,3535.3618,20.4164,12484.4016,18.9292,8408.8963,0.0349,95934133.398,3.599,-61354.351,3.353,N,1967.0,1-Apr-2008,D. Abriola(a) and  A.A. Sonzogni,2023-10-18,96rb
37,60,Rb,4.4231,0.0395,,,,0.0,,,3/2+,169.1,,6,ms,0.1691,0.0006,B-,100.0,,B-N,25.5,0.9,B-2N,,,,1.84,0.002,0.7015,,10061.5295,3.8872,6327.7853,8.6795,-8053.8253,430.8203,-11095.646,130.423,5236.1117,3.8585,12726.434,19.372,8376.1872,0.0197,96937177.117,2.052,-58519.145,1.912,N,1969.0,30-OCT-2015,BALRAJ SINGH,2023-10-18,97rb
37,61,Rb,4.4336,0.0414,,,,0.0,,,0(-),115,,6,ms,0.115,0.006,B-,100.0,,B-N,14.3,0.9,B-2N,0.054,0.008,,1.784,0.001,,,12053.2361,16.4029,6140.2035,16.4348,-9144.0,201.0,-10249.152,300.431,3921.326,16.1958,14234.6249,131.3971,8330.7294,0.1641,97941632.317,17.265,-54369.152,16.083,N,1971.0,15-Feb-2020,Jun Chen and  Balraj Singh,2023-10-18,98rb
37,62,Rb,,,,,,0.0,,,(3/2+),54,,4,ms,0.054,0.004,B-,100.0,,B-N,19.8,2.0,B-2N,,,,,,,,11397.3767,6.2201,7229.9204,5.1629,-9696.0,300.0,-12721.15,400.02,4823.3157,16.58,14290.0,300.0,8295.301,0.0407,98945119.19,4.327,-51121.15,4.031,N,1971.0,1-Jul-2017,E. BROWNE and  J. K. TULI,2023-10-18,99rb
37,63,Rb,,,,,,0.0,,,(4-),52,,2,ms,0.052,0.002,B-,100.0,,B-N,5.6,1.2,B-2N,0.15,0.05,,,,,,13551.6204,14.8355,8181.3246,13.9528,-10481.0,300.0,-11795.884,400.215,3216.0521,13.7291,15155.0,400.0,8244.5085,0.1312,99950331.532,14.089,-46265.884,13.124,N,1978.0,31-Jan-2021,Balraj Singh and Jun Chen,2023-10-18,100rb
37,64,Rb,,,,,,0.0,,,(3/2+),32,,5,ms,0.032,0.005,B-,100.0,,B-N,28.0,4.0,,,,,,,,,12757.4969,22.1781,9178.769,21.629,-10992.0,400.0,-13987.417,500.42,4372.8514,24.3351,15386.0,400.0,8206.1753,0.2029,100954302.0,22.0,-42567.417,20.493,N,1992.0,1-Jul-2006,JEAN BLACHOT,2023-10-18,101rb
37,65,Rb,,,,,,0.0,,,,37,,5,ms,0.037,0.005,B-,100.0,,B-N,18.0,8.0,,,,,,,,,14906.9991,106.6347,10001.2842,83.3355,-11627.0,408.0,,,2756.2127,85.3982,15961.0,507.0,8152.7443,0.8128,101960008.0,89.0,-37252.312,82.903,N,1995.0,31-Dec-2008,D. DE FRENNE,2023-10-18,102rb
37,66,Rb,,,,,,0.0,,,,23,,+13-9,ms,0.023,0.011,B-,100.0,,B-N,,,B-2N,,,,,,,,14120.0,447.0,10928.0,405.0,,,,,3979.0,408.0,,,8112.0,4.0,102964401.0,429.0,-33160.0,400.0,Y,2010.0,31-MAY-2015,BALRAJ SINGH,2023-10-18,103rb
37,67,Rb,,,,,,0.0,,,,,,,,,,B-,100.0,,B-N,,,B-2N,,,,,,,,16310.0,583.0,11758.0,539.0,,,,,2361.0,640.0,,,8057.0,5.0,103970531.0,537.0,-27450.0,500.0,Y,2018.0,31-JAN-2021,BALRAJ SINGH,2023-10-18,104rb
37,68,Rb,,,,,,0.0,,,,,,,,,,B-,100.0,,B-N,,,B-2N,,,,,,,,,,,,,,,,,,,,,,,,,,,,31-JAN-2021,BALRAJ SINGH,2023-10-18,105rb
37,69,Rb,,,,,,0.0,,,,,,,,,,B-,100.0,,B-3N,,,B-2N,,,,,,,,,,,,,,,,,,,,,,,,,,,,31-JAN-2021,BALRAJ SINGH,2023-10-18,106rb
38,35,Sr,,,,,,0.0,,,,25,AP,,ms,0.025,,EC+B+,100.0,,ECP,,,,,,,,,,,,,,,-2235.0,500.0,14061.611,403.07,,,909.0,641.0,8102.0,5.0,72965700.0,430.0,-31950.0,401.0,Y,1993.0,16-May-2019,BALRAJ SINGH and JUN CHEN,2023-10-18,73sr
38,36,Sr,,,,,,0.0,,,0+,27,,8,ms,0.027,0.008,EC+B+,100.0,,ECP,,,,,,,,,,,,,,,-2152.0,224.0,11089.016,100.046,16948.0,413.0,2105.0,108.0,8221.0,1.0,73956170.0,107.0,-40827.0,100.0,Y,1995.0,10-FEB-2015,BALRAJ SINGH,2023-10-18,74sr
38,37,Sr,,,,,,0.0,,,(3/2-),88,,3,ms,0.088,0.003,EC+B+,100.0,,ECP,5.2,0.9,,,,,,,,,-14799.0,372.0,,,-2716.4067,254.9171,10600.0,220.0,13863.0,242.0,1991.6568,220.024,8296.5116,2.9334,74949952.767,236.183,-46618.702,220.003,N,1991.0,30-Jun-2013,ALEXANDRU NEGRET and  BALRAJ SINGH,2023-10-18,75sr
38,38,Sr,,,,,,0.0,,,0+,7.89,,7,s,7.89,0.07,EC+B+,100.0,,ECP,3.4e-05,8e-06,,,,,,,,,-15998.0,302.0,-30499.0,302.0,-2731.9792,35.384,6231.444,34.478,15700.2618,222.6864,4317.9148,34.4855,8393.9294,0.4535,75941762.76,37.0,-54247.645,34.465,N,1990.0,28-FEB-2011,BALRAJ SINGH AND AMEENAH FARHAN,2023-10-18,76sr
38,39,Sr,4.2569,0.0044,,,,0.0,,,5/2(+),9.0,,2,s,9.0,0.2,EC+B+,100.0,,ECP,0.08,0.03,,,,,-0.348,0.004,1.27,0.05,-11365.0,203.0,-27625.0,300.0,-3676.6012,10.2935,7027.057,8.025,11627.1158,35.3631,4613.3256,7.973,8435.9188,0.1028,76937945.454,8.5,-57803.443,7.918,N,1976.0,30-SEP-2020,BALRAJ SINGH,2023-10-18,77sr
38,40,Sr,4.2561,0.004,,,,0.0,,,0+,160,,8,s,160.0,8.0,EC+B+,100.0,,,,,,,,,,,,,-11001.0,298.0,-24807.0,203.0,-3267.0212,7.7192,3761.478,8.125,13441.8243,10.873,5632.4206,7.5652,8500.0971,0.0955,77932179.979,8.0,-63173.949,7.452,N,1982.0,30-Jun-2009,AMEENAH R. FARHAN and  BALRAJ SINGH,2023-10-18,78sr
38,41,Sr,4.2586,0.0039,,,,0.0,,,3/2(-),2.25,,10,m,135.0,6.0,EC+B+,100.0,,,,,,,,,-0.474,0.004,0.661,0.006,-7676.7291,80.4515,-21378.0,298.0,-3580.9484,10.9887,5323.114,7.671,10377.0328,10.5171,5833.2079,8.0968,8523.8558,0.0939,78929704.692,7.967,-65479.664,7.421,N,1972.0,31-May-2016,BALRAJ SINGH,2023-10-18,79sr
38,42,Sr,4.2562,0.0037,,,,0.0,,,0+,106.3,,15,m,6378.0,90.0,EC+B+,100.0,,,,,,,,,,,,,-9163.305,7.1389,-20579.8504,80.1833,-3722.6774,5.3014,1864.009,3.933,12903.1213,8.19,6797.6603,3.9715,8578.5966,0.0433,79924517.538,3.718,-70311.467,3.464,N,1961.0,22-Jun-2005,BALRAJ SINGH,2023-10-18,80sr
38,43,Sr,4.2547,0.0034,,,,0.0,,,1/2-,22.3,,4,m,1338.0,24.0,EC+B+,100.0,,,,,,,,,0.543,0.004,,,-5815.2156,6.2451,-18451.2898,6.9821,-3783.5986,3.6894,3928.57,5.81,9287.9848,4.6673,6641.6288,3.6409,8587.3545,0.0386,80923211.393,3.358,-71528.134,3.128,N,1952.0,15-Aug-2008,CORAL M. BAGLIN,2023-10-18,81sr
38,44,Sr,4.2478,0.003,,,,0.0,,,0+,25.35,,3,d,2190240.0,2592.0,EC,100.0,,,,,,,,,2.1,1.6,,,-7945.965,8.1324,-18368.4618,8.0695,-4256.695,5.9996,177.751,6.705,12553.2462,6.7592,7842.3297,7.743,8635.719,0.0731,81918399.845,6.432,-76010.062,5.992,N,1952.0,1-Mar-2019,J. K. TULI and  E. BROWNE,2023-10-18,82sr
38,45,Sr,4.2455,0.0027,,,,0.0,,,7/2+,32.41,,3,h,116676.0,108.0,EC+B+,100.0,,,,,,,,,-0.8295,0.0007,0.708,0.011,-4591.9435,19.8444,-16804.8362,8.771,-4780.2418,7.6688,2273.023,7.22,8858.8712,9.0884,7898.7739,7.4666,8638.4076,0.0823,82917554.372,7.336,-76797.616,6.834,N,1952.0,31-Dec-2014,E.A. MCCUTCHAN,2023-10-18,83sr
38,46,Sr,4.2394,0.0024,0.56,0.02,,0.0,,,0+,STABLE,,,,,,,,,,,,,,,,2.0,1.0,,,-6755.1411,4.4114,-16515.2264,18.6721,-5181.0413,1.4241,-890.605,2.522,11923.2828,6.9457,8867.9119,2.6398,8677.5132,0.0148,83913419.118,1.334,-80649.58,1.243,N,1936.0,30-Sep-2009,B. Singh and  A. Negret and  and K. Zuber,2023-10-18,84sr
38,47,Sr,4.2304,0.0021,,,,0.0,,,9/2+,64.849,,7,d,5602953.6,604.8,EC,100.0,,,,,,,,,-1.0001,0.0007,0.263,0.014,-3261.1584,19.1729,-15280.1685,5.1311,-5832.0065,3.0111,1064.051,2.813,8525.0275,3.013,8633.2862,3.5519,8675.7193,0.0331,84912932.041,3.02,-81103.29,2.813,N,1940.0,31-Dec-2013,BALRAJ SINGH AND JUN CHEN,2023-10-18,85sr
38,48,Sr,4.2307,0.002,9.86,0.2,,0.0,,,0+,STABLE,,,,,,,,,,,,,,,,0.8,0.3,,,-5240.0,14.1421,-14752.2866,18.9654,-6356.2206,0.0056,-1776.097,0.2,11491.1281,2.8132,9644.7302,0.0051,8708.4566,0.0003,85909260.72473,0.00563,-84523.09977,0.00524,N,1931.0,30-Nov-2014,ALEXANDRU NEGRET and  BALRAJ SINGH,2023-10-18,86sr
38,49,Sr,4.2249,0.0019,7.0,0.2,,0.0,,,9/2+,STABLE,,,,,,,,,,,,,,,,-1.09316,0.00011,0.305,0.002,-1861.6894,1.1278,-13668.2947,14.1421,-7314.349,0.0091,-282.274,0.008,8428.2947,0.0052,9422.0449,0.2001,8705.2363,0.0003,86908877.49454,0.0055,-84880.07643,0.00513,N,1931.0,27-Jul-2015,T.D. Johnson and W.D. Kulp(a),2023-10-18,87sr
38,50,Sr,4.224,0.0018,82.58,0.35,,0.0,,,0+,STABLE,,,,,,,,,,,,,,,,2.4,0.4,,,-3622.6,1.5,-12974.5598,1.1278,-7907.1994,0.0044,-5312.625,0.159,11112.8704,0.0055,10612.7983,0.0067,8732.5958,0.0003,87905612.253,0.006,-87921.62876,0.00561,N,1923.0,1-Nov-2013,E.A. McCutchan and A.A. Sonzogni,2023-10-18,88sr
38,51,Sr,4.2407,0.0023,,,,0.0,,,5/2+,50.563,,25,d,4368643.2,2160.0,B-,100.0,,,,,,,,,-1.148,0.002,-0.253,0.008,1502.1757,0.351,-9981.3158,1.5028,-7153.6017,2.0021,-4496.627,5.428,6358.7158,0.0919,10888.993,0.1837,8705.923,0.0011,88907450.808,0.098,-86209.026,0.092,N,1937.0,20-Oct-2012,BALRAJ SINGH,2023-10-18,89sr
38,52,Sr,4.2611,0.0037,,,,0.0,,,0+,28.91,,3,Y,912310729.9254549,946707.77923776,B-,100.0,,,,,,,,,-0.2,0.2,,,545.9674,1.406,-6311.0607,1.4096,-5110.1848,1.4488,-6585.372,6.613,7813.2364,1.4517,11527.5172,5.6167,8696.0043,0.0161,89907727.87,1.555,-85950.945,1.449,N,1948.0,1-Mar-2020,S. K. Basu and  E.A. MCCUTCHAN,2023-10-18,90sr
38,53,Sr,4.274,0.0046,,,,0.0,,,5/2+,9.65,,6,h,34740.0,216.0,B-,100.0,,,,,,,,,-0.885,0.002,0.042,0.01,2699.3714,5.2468,-5226.3554,5.4643,-5367.3346,5.4584,-5906.901,9.518,5772.3228,5.642,11575.3479,8.4478,8663.8759,0.0599,90910195.942,5.853,-83651.95,5.453,N,1943.0,1-Sep-2013,Coral M. Baglin,2023-10-18,91sr
38,54,Sr,4.2924,0.0064,,,,0.0,,,0+,2.611,,17,h,9399.6,61.2,B-,100.0,,,,,,,,,,,,,1949.1237,9.3841,-4587.3678,3.8752,-5600.9911,4.3038,-8094.921,7.015,7286.7392,6.3574,12411.2932,8.5073,8648.907,0.0372,91911038.222,3.675,-82867.371,3.423,N,1956.0,15-Sep-2012,CORAL M. BAGLIN,2023-10-18,92sr
38,55,Sr,4.3026,0.0075,,,,0.0,,,5/2+,7.43,,3,m,445.8,1.8,B-,100.0,,,,,,,,,-0.793,0.002,0.24,0.01,4141.3118,11.6972,-3340.6672,11.8477,-5974.9649,7.8521,-7465.944,10.88,5289.7909,8.2934,12602.3651,9.7221,8612.7875,0.0812,92914024.314,8.109,-80085.844,7.554,N,1959.0,15-Dec-2010,CORAL M. BAGLIN,2023-10-18,93sr
38,56,Sr,4.3191,0.0091,,,,0.0,,,0+,75.3,,2,s,75.3,0.2,B-,100.0,,,,,,,,,,,,,3505.7517,6.422,-2689.8836,10.6192,-6311.3773,2.4971,-10282.93,2.62,6831.1954,7.735,13514.7918,8.0049,8593.8344,0.0177,93915355.641,1.785,-78845.721,1.663,N,1959.0,31-Mar-2011,A.Negret and  A.A.Sonzogni,2023-10-18,94sr
38,57,Sr,4.3305,0.0102,,,,0.0,,,1/2+,23.90,,14,s,23.9,0.14,B-,100.0,,,,,,,,,-0.537,0.002,,,6090.6528,7.2395,-837.1299,8.6285,-6568.2265,6.225,-9226.977,21.062,4342.8816,6.043,13843.4642,6.1482,8549.0875,0.0612,94919358.282,6.237,-75117.284,5.81,N,1961.0,30-Jun-2009,S. K. Basu and  G. Mukherjee and  A. A. Sonzogni,2023-10-18,95sr
38,58,Sr,4.3522,0.0125,,,,0.0,,,0+,1.07,,1,s,1.07,0.01,B-,100.0,,,,,,,,,,,,,5411.738,9.7257,218.3712,10.8455,-6573.8352,8.8869,-11563.897,9.106,5872.2815,10.2674,14316.9118,21.9439,8521.2041,0.0882,95921719.045,9.089,-72918.248,8.466,N,1971.0,1-Apr-2008,D. Abriola(a) and  A.A. Sonzogni,2023-10-18,96sr
38,59,Sr,4.3625,0.0135,,,,0.0,,,1/2+,429,,5,ms,0.429,0.005,B-,100.0,,B-N,0.05,,,,,,-0.498,0.002,,,7534.7807,7.5131,1677.9938,6.954,-6869.5875,4.2167,-10061.529,3.888,3733.7442,9.1176,14515.2942,4.7643,8471.8489,0.0349,96926375.621,3.633,-68580.674,3.385,N,1978.0,19-Nov-2009,N. NICA,2023-10-18,97sr
38,60,Sr,4.4377,0.0214,,,,0.0,,,0+,0.653,,2,s,0.653,0.002,B-,100.0,,B-N,0.23,0.03,,,,,-1.0,0.8,-0.5,0.2,5866.3591,8.5504,1621.7482,7.4431,-7499.5245,12.5318,-12053.237,16.403,5913.0325,4.6757,15192.215,3.75,8445.7385,0.0329,97928692.636,3.463,-66422.389,3.226,N,1971.0,15-Feb-2020,Jun Chen and  Balraj Singh,2023-10-18,98sr
38,61,Sr,4.4495,0.0226,,,,0.0,,,3/2+,0.269,,1,s,0.269,0.001,B-,100.0,,B-N,0.1,0.019,,,,,-0.261,0.005,0.76,0.04,8125.2037,8.1353,1698.9028,9.2267,-8784.5222,19.2228,-11397.377,6.22,4167.4563,5.7313,15438.3454,16.7657,8402.5235,0.0479,98932883.604,5.085,-62518.527,4.737,N,1975.0,1-Jul-2017,E. BROWNE and  J. K. TULI,2023-10-18,99sr
38,62,Sr,4.464,0.024,,,,0.0,,,0+,200,,2,ms,0.2,0.002,B-,100.0,,B-N,1.11,0.21,,,,,,,,,7503.7365,13.1453,2754.9078,9.5704,-9160.7388,20.4811,-13551.621,14.836,5370.2959,8.3838,15985.3256,8.0064,8372.2012,0.0692,99935783.27,7.426,-59817.505,6.918,N,1978.0,31-Jan-2021,Balraj Singh and Jun Chen,2023-10-18,100sr
38,63,Sr,,,,,,0.0,,,(5/2-),118,,3,ms,0.118,0.003,B-,100.0,,B-N,2.37,0.14,,,,,,,,,9729.8721,11.0473,3925.0086,14.0311,-10326.3317,130.6846,-12757.497,22.178,3578.7279,10.9437,16348.0013,15.6253,8324.7411,0.084,100940606.264,9.103,-55324.914,8.48,N,1983.0,1-Jul-2006,JEAN BLACHOT,2023-10-18,101sr
38,64,Sr,,,,,,0.0,,,0+,69,,6,ms,0.069,0.006,B-,100.0,,B-N,5.5,1.5,,,,,,,,,9013.3301,67.1916,4824.1573,67.4403,-10464.0,307.0,-14906.999,106.635,4905.7149,67.6016,16880.8648,70.1286,8291.2213,0.6575,101944004.679,72.0,-52159.311,67.068,N,1986.0,31-Dec-2008,D. DE FRENNE,2023-10-18,102sr
38,65,Sr,,,,,,0.0,,,,53,,10,ms,0.053,0.01,B-,100.0,,B-2N,,,B-N,,,,,,,,11177.0,201.0,5821.0,200.0,-11305.0,447.0,-14120.0,447.2,3192.0,211.0,17317.0,217.0,8242.0,2.0,102949243.0,215.0,-47280.0,200.0,Y,1997.0,31-MAY-2015,BALRAJ SINGH,2023-10-18,103sr
38,66,Sr,,,,,,0.0,,,0+,53,,5,ms,0.053,0.005,B-,100.0,,B-2N,,,B-N,,,,,,,,10320.0,361.0,6626.0,300.0,-11715.0,500.0,-16310.0,583.0,4551.0,361.0,17888.0,500.0,8206.0,3.0,103953022.0,322.0,-43760.0,300.0,Y,1997.0,31-MAY-2015,BALRAJ SINGH,2023-10-18,104sr
38,67,Sr,,,,,,0.0,,,,39,,5,ms,0.039,0.005,B-,100.0,,B-N,,,B-2N,,,,,,,,12380.0,640.0,7818.0,539.0,-12035.0,707.0,,,2502.0,583.0,18029.0,707.0,8152.0,5.0,104959001.0,537.0,-38190.0,500.0,Y,1997.0,1-Apr-2019,S. LALKOVSKI and  J. TIMAR and Z. ELEKES,2023-10-18,105sr
38,68,Sr,,,,,,0.0,,,0+,20,,+8-7,ms,0.02,0.0075,B-,100.0,,B-N,,,B-2N,,,,,,,,11490.0,781.0,8198.0,721.0,,,,,4181.0,781.0,,,8114.0,6.0,105963177.0,644.0,-34300.0,600.0,Y,2010.0,31-MAY-2015,BALRAJ SINGH,2023-10-18,106sr
38,69,Sr,,,,,,0.0,,,,395,GT,,ns,3.95e-07,,B-,,,B-N,,,B-2N,,,,,,,,13720.0,860.0,9469.0,860.0,,,,,2021.0,922.0,,,8057.0,7.0,106969672.0,751.0,-28250.0,700.0,Y,2010.0,15-AUG-2010,BALRAJ SINGH,2023-10-18,107sr
38,70,Sr,,,,,,0.0,,,0+,,,,,,,B-,100.0,,B-N,,,B-2N,,,,,,,,,,,,,,,,,,,,,,,,,,,,31-JAN-2021,BALRAJ SINGH,2023-10-18,108sr
39,37,Y,,,,,,0.0,,,,200,GT,,ns,2e-07,,P,,,EC+B+,,,,,,,,,,,,,,,-2345.0,583.0,15997.645,301.973,14501.0,424.0,-1080.0,372.0,8173.0,4.0,75958937.0,322.0,-38250.0,300.0,Y,2001.0,30-NOV-2007,A.R. Farhan and  B. Singh and  A.K. Jain,2023-10-18,76y
39,38,Y,,,,,,0.0,,,(5/2+),57,,+22-12,ms,0.057,0.017,EC+B+,100.0,,ECP,,,P,,,,,,,,-14839.0,448.0,,,-2852.0,207.0,11364.443,203.154,16260.0,362.0,-520.0,200.0,8278.0,3.0,76950146.0,218.0,-46439.0,203.0,Y,1999.0,30-SEP-2020,BALRAJ SINGH,2023-10-18,77y
39,39,Y,,,,,,0.0,,,(0+),53,,8,ms,0.053,0.008,EC+B+,100.0,,ECP,,,,,,1,,,,,-11323.0,499.0,-28644.0,499.0,-2682.0,298.0,11000.949,298.093,13806.0,361.0,1659.0,298.0,8349.0,4.0,77943990.0,320.0,-52173.0,298.0,Y,1992.0,30-Jun-2009,AMEENAH R. FARHAN and  BALRAJ SINGH,2023-10-18,78y
39,40,Y,,,,,,0.0,,,(5/2+),14.8,,6,s,14.8,0.6,EC+B+,100.0,,ECP,,,,,,,,,,,-11033.0,310.0,-25025.0,408.0,-3009.1491,80.1172,7676.729,80.451,13701.0,309.0,1917.9567,80.4543,8416.7788,1.014,78937946.0,86.0,-57802.935,80.108,N,1992.0,31-May-2016,BALRAJ SINGH,2023-10-18,79y
39,41,Y,,,,,,0.0,,,(4-),30.1,,5,s,30.1,0.5,EC+B+,100.0,,ECP,,,,,,,,,,,-6388.0,300.0,-22449.0,300.0,-3093.9896,6.3122,9163.305,7.139,11416.5454,80.3513,2957.4693,9.6975,8454.2759,0.078,79934354.75,6.701,-61148.162,6.242,N,1981.0,22-Jun-2005,BALRAJ SINGH,2023-10-18,80y
39,42,Y,,,,,,0.0,,,(5/2+),70.4,,10,s,70.4,1.0,EC+B+,100.0,,,,,,,,,,,,,-8188.5003,92.3762,-19024.0,300.0,-3307.3346,5.5603,5815.215,6.245,12636.0742,8.2562,2690.4222,6.4199,8505.9031,0.0667,80929454.283,5.802,-65712.919,5.405,N,1981.0,15-Aug-2008,CORAL M. BAGLIN,2023-10-18,81y
39,43,Y,,,,,,0.0,,,1+,8.30,,20,s,8.3,0.2,EC+B+,100.0,,,,,,,,,,,,,-4450.0341,5.7221,-18610.9971,92.3817,-3553.586,6.3809,7945.965,8.133,10422.4969,7.7069,3824.9343,6.3261,8529.2762,0.0671,81926930.189,5.902,-68064.097,5.499,N,1980.0,1-Mar-2019,J. K. TULI and  E. BROWNE,2023-10-18,82y
39,44,Y,,,,,,0.0,,,9/2+,7.08,,8,m,424.8,4.8,EC+B+,100.0,,,,,,,,,2.5,0.5,,,-6294.0125,19.7074,-16662.9268,18.6979,-3827.8097,18.7317,4591.944,19.845,12212.8927,19.4236,3484.5807,19.5705,8573.6571,0.2245,82922484.026,20.0,-72205.672,18.631,N,1962.0,31-Dec-2014,E.A. MCCUTCHAN,2023-10-18,83y
39,45,Y,,,,,,0.0,,,(6+),39.5,,8,m,2370.0,48.0,EC+B+,100.0,,,,,,,,,2.31,0.03,,,-2472.7471,6.9767,-16054.0978,7.7318,-4143.8787,4.6856,6755.141,4.475,9760.0853,19.1192,4385.7948,8.0735,8587.7812,0.0512,83920671.06,4.615,-73894.439,4.299,N,1962.0,30-Sep-2009,N. Nica and M. Bostan,2023-10-18,84y
39,46,Y,,,,,,0.0,,,(1/2)-,2.68,,5,h,9648.0,180.0,EC+B+,100.0,,,,,,,,,6.2,0.5,,,-4666.9352,20.0257,-14491.7572,19.7464,-4810.3435,19.5893,3261.159,19.172,12019.0101,19.4466,4481.5221,19.0061,8628.1486,0.2231,84916433.039,20.36,-77842.131,18.965,N,1952.0,31-Dec-2013,BALRAJ SINGH AND JUN CHEN,2023-10-18,85y
39,47,Y,4.2513,0.0023,,,,0.0,,,4-,14.74,,2,h,53064.0,72.0,EC+B+,100.0,,,,,,,,,-1.06,0.06,,,-1314.0763,14.5847,-14179.2218,15.5352,-5520.203,14.4587,5240.0,14.1,9512.2866,23.6577,5468.7812,14.4192,8638.4293,0.1644,85914886.095,15.182,-79283.1,14.142,N,1951.0,30-Nov-2014,ALEXANDRU NEGRET and  BALRAJ SINGH,2023-10-18,86y
39,48,Y,4.2498,0.0022,,,,0.0,,,1/2-,79.8,,3,h,287280.0,1080.0,EC+B+,100.0,,,,,,,,,-0.19,0.02,-0.5,0.06,-3671.2405,4.2962,-13120.6817,3.7398,-6372.6635,2.5874,1861.689,1.128,11806.6053,14.187,5784.2583,1.1278,8674.8451,0.013,86910876.1,1.21,-83018.387,1.128,N,1940.0,27-Jul-2015,T.D. Johnson and W.D. Kulp(a),2023-10-18,87y
39,49,Y,4.2441,0.0021,,,,0.0,,,4-,106.626,,21,d,9212486.4,1814.4,EC+B+,100.0,,,,,,,,,-0.42,0.01,0.16,0.03,-670.1549,5.6076,-13023.2003,4.4086,-6964.9701,2.6578,3622.6,1.5,9351.9598,1.8767,6707.9234,1.5,8682.5396,0.017,87909501.274,1.61,-84299.029,1.5,N,1948.0,1-Nov-2013,E.A. McCutchan and A.A. Sonzogni,2023-10-18,88y
39,50,Y,4.243,0.0021,100.0,,,0.0,,,1/2-,STABLE,,,,,,,,,,,,,,,,-0.137298,5e-06,,,-2833.2285,2.7652,-12153.6464,5.4139,-7968.7774,0.3387,-1502.176,0.351,11483.4915,1.5378,7078.5445,0.3388,8714.011,0.0038,88905838.156,0.363,-87711.202,0.339,N,1923.0,20-Oct-2012,BALRAJ SINGH,2023-10-18,89y
39,51,Y,4.2573,0.0026,,,,0.0,,,2-,64.05,,5,h,230580.0,180.0,B-,100.0,,,,,,,,,-1.628,0.008,-0.125,0.011,2275.635,0.3726,-9690.2566,2.7671,-6174.8256,0.4063,-545.967,1.492,6857.0282,0.1017,7576.8569,0.3654,8693.3778,0.0039,89907141.749,0.379,-86496.912,0.354,N,1937.0,1-Mar-2020,S. K. Basu and  E.A. MCCUTCHAN,2023-10-18,90y
39,52,Y,,,,,,0.0,,,1/2-,58.51,,6,d,5055264.0,5184.0,B-,100.0,,,,,,,,,0.1639,0.0008,,,1544.271,1.8403,-5650.0918,1.846,-4178.4353,1.8426,-2699.371,5.756,7925.7267,1.8763,7689.3472,2.344,8684.9421,0.0203,90907298.048,1.978,-86351.321,1.843,N,1943.0,1-Sep-2013,Coral M. Baglin,2023-10-18,91y
39,53,Y,4.2887,0.005,,,,0.0,,,2-,3.54,,1,h,12744.0,36.0,B-,100.0,,,,,,,,,-0.67,0.02,0.0,0.02,3642.5294,9.1271,-4992.2205,9.1271,-4632.4058,9.1285,-1949.123,9.748,6536.4915,9.3092,8453.5159,10.6171,8661.5894,0.0992,91908945.752,9.798,-84816.494,9.127,N,1940.0,15-Sep-2012,CORAL M. BAGLIN,2023-10-18,92y
39,54,Y,4.3052,0.0065,,,,0.0,,,1/2-,10.18,,8,h,36648.0,288.0,B-,100.0,,,,,,,,,-0.139,0.001,-0.64,0.08,2894.8723,10.483,-3839.4496,10.488,-4939.6726,11.8146,-4141.311,12.925,7481.979,13.9032,8648.7557,11.0327,8648.9054,0.1128,92909578.434,11.259,-84227.155,10.488,N,1948.0,15-Dec-2010,CORAL M. BAGLIN,2023-10-18,93y
39,55,Y,4.3142,0.0074,,,,0.0,,,2-,18.7,,1,m,1122.0,6.0,B-,100.0,,,,,,,,,-0.24,0.02,-0.03,0.03,4917.8589,6.3799,-3300.763,6.3962,-5410.8157,9.0738,-3505.752,6.593,6195.6353,12.2762,9554.6001,9.8878,8622.8068,0.0679,93911592.062,6.849,-82351.473,6.38,N,1948.0,1-Jan-2006,D. Abriola(a) and  A.A. Sonzogni,2023-10-18,94y
39,56,Y,4.3284,0.0087,,,,0.0,,,1/2-,10.3,,1,m,618.0,6.0,B-,100.0,,,,,,,,,-0.16,0.03,,,4452.0031,6.7718,-2009.9237,6.7789,-5887.8045,10.3348,-6090.653,8.928,6927.7826,9.3082,9651.1874,6.9799,8604.9644,0.0714,94912819.697,7.277,-81207.937,6.779,N,1959.0,30-Jun-2009,S. K. Basu and  G. Mukherjee and  A. A. Sonzogni,2023-10-18,95y
39,57,Y,4.3402,0.0099,,,,0.0,,,0-,5.34,,5,s,5.34,0.05,B-,100.0,,,,,,,,,,,,,7108.8741,6.074,-741.3637,6.1369,-5982.4522,8.6254,-5411.738,10.42,5193.3668,9.1023,10501.6726,8.4052,8569.4269,0.0633,95915909.305,6.521,-78329.986,6.075,N,1975.0,1-Apr-2008,D. Abriola(a) and  A.A. Sonzogni,2023-10-18,96y
39,58,Y,4.358,0.0116,,,,0.0,,,(1/2-),3.75,,3,s,3.75,0.03,B-,100.0,,B-N,0.055,0.004,,,,,-0.12,0.01,-0.76,0.08,6821.2382,6.7068,1252.0872,6.7069,-5920.4705,10.3106,-7534.781,7.514,5856.7869,9.0484,10486.1779,10.8003,8541.4616,0.0692,96918286.702,7.201,-76115.455,6.708,N,1970.0,19-Nov-2009,N. NICA,2023-10-18,97y
39,59,Y,4.3711,0.0129,,,,0.0,,,0-,0.548,,2,s,0.548,0.002,B-,100.0,,B-N,0.33,0.03,,,,,2.98,0.02,1.7,0.2,8993.0098,11.5755,2576.6272,7.9177,-6150.8723,8.1744,-5866.359,8.551,4244.6109,10.3764,10997.0446,8.6114,8497.6162,0.0808,97922394.841,8.501,-72288.748,7.919,N,1970.0,15-Feb-2020,Jun Chen and  Balraj Singh,2023-10-18,98y
39,60,Y,4.4658,0.0223,,,,0.0,,,(5/2+),1.484,,7,s,1.484,0.007,B-,100.0,,B-N,1.77,0.19,,,,,3.18,0.02,1.55,0.17,6972.9398,12.4082,2566.709,10.7257,-7178.3391,21.2981,-8125.203,8.136,6426.3009,10.3165,11510.313,7.3593,8476.6938,0.0668,98924160.839,7.101,-70643.73,6.615,N,1975.0,1-Jul-2017,E. BROWNE and  J. K. TULI,2023-10-18,99y
39,61,Y,4.4705,0.0228,,,,0.0,,,(1)-,732,,5,ms,0.732,0.005,B-,100.0,,B-N,1.02,0.06,,,,,2.75,0.01,,,9051.4949,13.8293,2224.1111,15.3353,-8391.806,11.6707,-7503.736,13.146,4748.8287,12.9879,12091.6854,12.1404,8439.4151,0.1118,99927727.678,12.0,-67321.241,11.179,N,1977.0,31-Jan-2021,Balraj Singh and Jun Chen,2023-10-18,100y
39,62,Y,4.4863,0.0244,,,,0.0,,,(5/2+),0.45,,2,s,0.45,0.02,B-,100.0,,B-N,1.94,0.18,,,,,3.22,0.02,1.53,0.17,8106.2003,10.9331,3246.6313,10.7899,-8960.5579,7.334,-9729.873,11.047,5804.8636,13.2312,12526.2531,9.898,8413.3305,0.0701,100930160.817,7.601,-65054.787,7.08,N,1983.0,1-Jul-2006,JEAN BLACHOT,2023-10-18,101y
39,63,Y,4.4911,0.0249,,,X,0.0,,200.0,HIGH J,0.36,,4,s,0.36,0.04,B-,100.0,,B-N,4.9,1.2,,,,,2.34,0.05,,,10408.7856,9.6618,3917.0275,9.2779,-9228.4047,16.5923,-9013.33,67.19,4189.1728,8.1724,13136.6979,9.4109,8371.9172,0.04,101934328.471,4.381,-61172.641,4.081,N,1980.0,31-Dec-2008,D. DE FRENNE,2023-10-18,102y
39,64,Y,,,,,,0.0,,,(5/2+),0.23,,2,s,0.23,0.02,B-,100.0,,B-N,8.0,3.0,,,,,,,,,9351.96,14.513,5053.0753,14.222,-9760.7993,11.9087,-11177.034,200.314,5355.7103,11.8739,13586.6934,67.9973,8342.6336,0.1088,102937243.796,12.029,-58457.034,11.206,N,1994.0,1-Mar-2009,D. DE FRENNE,2023-10-18,103y
39,65,Y,,,,,,0.0,,,,197,,4,ms,0.197,0.004,B-,100.0,,B-N,34.0,10.0,B-2N,,,,,,,,11638.0,200.0,5658.0,200.0,-10239.0,201.0,-10320.0,360.5,3694.0,201.0,14089.0,283.0,8298.0,2.0,103941943.0,215.0,-54080.0,200.0,Y,1994.0,10-JUN-2015,BALRAJ SINGH,2023-10-18,104y
39,66,Y,,,,,,0.0,,,,107,,+6-9,ms,0.107,0.0075,B-,100.0,,B-N,82.0,,,,,,,,,,10888.0,400.0,7076.0,400.0,-10427.0,400.0,-12380.0,640.3,4561.0,447.0,14099.0,500.0,8262.0,4.0,104945711.0,429.0,-50570.0,400.0,Y,1994.0,1-Apr-2019,S. LALKOVSKI and  J. TIMAR and Z. ELEKES,2023-10-18,105y
39,67,Y,,,,,,0.0,,,,79,,+10-5,ms,0.079,0.0075,B-,100.0,,B-N,,,B-2N,,,,,,,,12959.0,539.0,7597.0,500.0,-10963.0,507.0,-11490.0,781.0,3292.0,640.0,14889.0,707.0,8215.0,5.0,105950842.0,537.0,-45790.0,500.0,Y,1997.0,10-JUN-2015,BALRAJ SINGH,2023-10-18,106y
39,68,Y,,,,,,0.0,,,,33.5,,30,ms,0.0335,0.003,B-,100.0,,B-N,,,B-2N,,,,,,,,12050.0,583.0,8708.0,539.0,-11235.0,640.0,-13720.0,860.2,4251.0,707.0,14959.0,781.0,8178.0,5.0,106954943.0,537.0,-41970.0,500.0,Y,1997.0,10-JUN-2015,BALRAJ SINGH,2023-10-18,107y
39,69,Y,,,,,,0.0,,,,30,,5,ms,0.03,0.005,B-,100.0,,B-N,,,B-2N,,,,,,,,14170.0,721.0,9169.0,671.0,-11755.0,781.0,,,2881.0,781.0,15819.0,922.0,8129.0,6.0,107960515.0,644.0,-36780.0,600.0,Y,2010.0,10-JUN-2015,BALRAJ SINGH,2023-10-18,108y
39,70,Y,,,,,,0.0,,,(5/2+),25,,5,ms,0.025,0.005,B-,100.0,,,,,,,,,,,,,13250.0,860.0,10398.0,806.0,,,,,3772.0,922.0,,,8089.0,6.0,108965131.0,751.0,-32480.0,700.0,Y,2010.0,31-May-2016,S. KUMAR(a) and  J. CHEN(b) AND F.G. KONDEV,2023-10-18,109y
39,71,Y,,,,,,0.0,,,,,,,,,,B-,100.0,,B-2N,,,B-N,,,,,,,,,,,,,,,,,,,,,,,,,,,,31-JAN-2021,BALRAJ SINGH,2023-10-18,110y
39,72,Y,,,,,,0.0,,,,,,,,,,B-,100.0,,B-N,,,B-2N,,,,,,,,,,,,,,,,,,,,,,,,,,,,31-JAN-2021,BALRAJ SINGH,2023-10-18,111y
40,37,Zr,,,,,,0.0,,,,,,,,,,EC+B+,,,ECP,,,2P,,,,,,,,,,,,-2075.0,566.0,14839.0,448.5,,,639.0,500.0,8075.0,5.0,76966076.0,429.0,-31600.0,400.0,Y,2017.0,30-SEP-2020,BALRAJ SINGH,2023-10-18,77zr
40,38,Zr,,,,,,0.0,,,0+,170,GT,,ns,1.7e-07,,EC+B+,,,,,,,,,,,,,,,,,,-2447.0,412.0,11323.0,498.8,17321.0,565.0,1700.0,448.0,8194.0,5.0,77956146.0,429.0,-40850.0,400.0,Y,2001.0,30-Jun-2009,AMEENAH R. FARHAN and  BALRAJ SINGH,2023-10-18,78zr
40,39,Zr,,,,,,0.0,,,,56,,30,ms,0.056,0.03,EC+B+,100.0,,ECP,,,,,,,,,,,-15120.0,583.0,,,-2577.0,372.0,11032.935,310.511,13992.0,500.0,1886.0,423.0,8267.0,4.0,78949790.0,322.0,-46770.0,300.0,Y,1999.0,31-May-2016,BALRAJ SINGH,2023-10-18,79zr
40,40,Zr,,,,,,0.0,,,0+,4.6,,6,s,4.6,0.6,EC+B+,100.0,,ECP,,,,,,,,,,,-16339.0,500.0,-31181.0,583.0,-2937.0,302.0,6388.162,300.065,16061.0,424.0,4246.0,310.0,8365.0,4.0,79941213.0,322.0,-54760.0,300.0,Y,1987.0,22-Jun-2005,BALRAJ SINGH,2023-10-18,80zr
40,41,Zr,,,,,,0.0,,,(3/2-),5.5,,4,s,5.5,0.4,EC+B+,100.0,,ECP,0.12,0.02,,,,,,,,,-11164.0,410.0,-27175.0,410.0,-2145.8909,92.5572,8188.501,92.376,10836.0,314.0,3665.2269,92.4289,8395.1519,1.1385,80938245.0,99.0,-57524.418,92.218,N,1997.0,15-Aug-2008,CORAL M. BAGLIN,2023-10-18,81zr
40,42,Zr,,,,,,0.0,,,0+,32,,5,s,32.0,5.0,EC+B+,100.0,,,,,,,,,,,,,-11804.0,300.0,-25325.0,400.0,-2865.0297,7.6183,4450.034,5.723,14160.963,92.2315,5190.1157,5.6324,8465.4666,0.0193,81931707.497,1.7,-63614.063,1.584,N,1982.0,1-Mar-2019,J. K. TULI and  E. BROWNE,2023-10-18,82zr
40,43,Zr,,,,,,0.0,,,(1/2-),42,,2,s,42.0,2.0,EC+B+,100.0,,ECP,,,,,,,,,,,-8298.7493,162.2075,-22173.0,300.0,-2856.9112,9.8193,6294.013,19.709,10368.9143,6.6218,5136.5332,8.4566,8488.3997,0.0775,82929240.926,6.902,-65911.659,6.43,N,1974.0,31-Dec-2014,E.A. MCCUTCHAN,2023-10-18,83zr
40,44,Zr,,,,,,0.0,,,0+,25.8,,5,m,1548.0,30.0,EC+B+,100.0,,,,,,,,,,,,,-10227.8497,5.5133,-21880.0999,162.1732,-3535.1406,6.4988,2472.747,6.98,13581.3507,8.4566,6504.9912,19.4236,8549.0301,0.0655,83923325.663,5.903,-71421.692,5.499,N,1977.0,30-Sep-2009,T. Kibedi and J. Timar,2023-10-18,84zr
40,45,Zr,,,,,,0.0,,,(7/2+),7.86,,4,m,471.6,2.4,EC+B+,100.0,,,,,,,,,,,,,-6895.512,7.625,-20052.6717,6.4423,-4071.9778,7.1504,4666.935,20.025,9824.822,8.4566,6569.7279,7.7318,8564.0394,0.0756,84921443.199,6.902,-73175.196,6.43,N,1963.0,31-Dec-2013,BALRAJ SINGH AND JUN CHEN,2023-10-18,85zr
40,46,Zr,,,,,,0.0,,,0+,16.5,,1,h,59400.0,360.0,EC+B+,100.0,,,,,,,,,,,,,-8834.9627,6.5521,-19760.6574,5.4325,-4383.877,6.9725,1314.077,14.585,12865.1454,7.351,7415.8632,19.2977,8614.0523,0.0415,85916296.814,3.827,-77969.023,3.566,N,1951.0,30-Nov-2014,ALEXANDRU NEGRET and  BALRAJ SINGH,2023-10-18,86zr
40,47,Zr,4.2789,0.003,,,,0.0,,,9/2+,1.68,,1,h,6048.0,36.0,EC+B+,100.0,,,,,,,,,-0.894,0.005,0.42,0.05,-5472.6536,7.9633,-18284.4039,6.8833,-4974.4469,7.9927,3671.24,4.29,9449.4412,5.4669,7353.0178,14.7372,8623.6545,0.0477,86914817.338,4.45,-79347.147,4.146,N,1948.0,27-Jul-2015,T.D. Johnson and W.D. Kulp(a),2023-10-18,87zr
40,48,Zr,4.2787,0.0025,,,,0.0,,,0+,83.4,,3,d,7205760.0,25920.0,EC,100.0,,,,,,,,,2.6,0.7,,,-7457.3187,57.8921,-17825.699,8.6844,-5404.2094,5.5444,670.155,5.607,12353.0453,6.8079,7899.4578,5.5197,8666.0339,0.0614,87910220.715,5.8,-83628.874,5.403,N,1951.0,1-Nov-2013,E.A. McCutchan and A.A. Sonzogni,2023-10-18,88zr
40,49,Zr,4.2706,0.001,,,,0.0,,,9/2+,78.41,,12,h,282276.0,432.0,EC+B+,100.0,,,,,,,,,-1.045,0.006,0.28,0.1,-4252.2191,23.7199,-16777.7367,57.8753,-6199.5999,3.9547,2833.228,2.801,9320.418,6.0762,7867.916,3.1584,8673.3865,0.0312,88908879.751,2.983,-84877.974,2.78,N,1948.0,20-Oct-2012,BALRAJ SINGH,2023-10-18,89zr
40,50,Zr,4.2694,0.001,51.45,0.04,,0.0,,,0+,STABLE,,,,,,,,,,,,,,,,2.5,0.6,-0.44,0.03,-6111.0165,3.3163,-16218.1107,23.6299,-6674.3634,0.1179,-2275.635,0.373,11965.8916,2.7812,8350.3161,0.3585,8709.9699,0.0013,89904698.755,0.126,-88772.547,0.118,N,1924.0,1-Mar-2020,S. K. Basu and  E.A. MCCUTCHAN,2023-10-18,90zr
40,51,Zr,4.2845,0.0013,11.22,0.05,,0.0,,,5/2+,STABLE,,,,,,,,,,,,,,,,-1.3022,0.0004,-0.176,0.003,-1257.5644,2.9243,-13305.3793,3.3183,-5440.4314,0.0947,-1544.271,1.845,7194.3628,0.1464,8687.6508,0.3661,8693.3149,0.0011,90905640.205,0.101,-87895.592,0.095,N,1934.0,1-Sep-2013,Coral M. Baglin,2023-10-18,91zr
40,52,Zr,4.3057,0.0013,17.15,0.03,,0.0,,,0+,STABLE,,,,,,,,,,,,,,,,-2.0,0.4,,,-2005.7335,1.7823,-9892.3143,2.9246,-2962.3109,0.0943,-3642.53,9.12,8634.7499,0.0391,9396.6739,1.8407,8692.6783,0.0011,91905035.336,0.101,-88459.024,0.094,N,1924.0,15-Sep-2012,CORAL M. BAGLIN,2023-10-18,92zr
40,53,Zr,,,,,,0.0,,,5/2+,1.61E+6,,5,Y,50806650819093.12,1577846298729.6,B-,100.0,,,,,,,,,,,,,90.8123,1.4838,-8740.0554,1.8181,-3337.9171,0.4649,-2894.873,10.498,6734.3219,0.4461,9594.5043,9.138,8671.6207,0.0049,92906470.661,0.489,-87122.028,0.456,N,1950.0,15-Dec-2010,CORAL M. BAGLIN,2023-10-18,93zr
40,54,Zr,4.332,0.0013,17.38,0.04,,0.0,,,0+,STABLE,,,,,,,,,,,,,,,,-3.2,1.6,,,-900.2684,1.5,-8127.8096,1.4993,-3743.3025,1.458,-4917.859,6.382,8218.6219,0.4841,10331.1472,10.4894,8666.8016,0.0018,93906312.523,0.175,-87269.332,0.164,N,1924.0,1-Jan-2006,D. Abriola(a) and  A.A. Sonzogni,2023-10-18,94zr
40,55,Zr,,,,,,0.0,,,5/2+,64.032,,6,d,5532364.8,518.4,B-,100.0,,,,,,,,,1.13,0.02,0.22,0.02,1126.3312,0.9854,-7362.1953,1.7259,-4432.9066,5.5217,-4452.003,6.834,6461.9268,0.8566,10597.4387,6.437,8643.5924,0.0092,94908040.276,0.933,-85659.94,0.869,N,1946.0,30-Jun-2009,S. K. Basu and  G. Mukherjee and  A. A. Sonzogni,2023-10-18,95zr
40,56,Zr,4.3512,0.0015,2.8,0.02,,0.0,,,0+,2.0E+19,,4,Y,6.3113851949184e+26,1.26227703898368e+26,,,,,,,,,,,0.06,0.14,,,163.9704,0.1,-6723.9065,0.5012,-4996.4051,3.4253,-7108.874,6.076,7850.2378,0.876,11519.8939,6.7793,8635.3283,0.0012,95908277.615,0.122,-85438.86,0.114,N,1934.0,1-Apr-2008,D. Abriola(a) and  A.A. Sonzogni,2023-10-18,96zr
40,57,Zr,4.3792,0.0136,,,,0.0,,,1/2+,16.749,,8,h,60296.4,28.8,B-,100.0,,,,,,,,,-0.936,0.005,,,2666.1038,4.2435,-5405.1806,0.1077,-5275.7652,7.5551,-6821.238,6.709,5569.151,0.04,11895.6781,6.0739,8603.7182,0.0013,96910963.802,0.13,-82936.693,0.121,N,1951.0,19-Nov-2009,N. NICA,2023-10-18,97zr
40,58,Zr,4.4012,0.0164,,,,0.0,,,0+,30.7,,4,s,30.7,0.4,B-,100.0,,,,,,,,,,,,,2242.8547,9.8134,-3750.2788,9.4503,-4860.9525,8.607,-8993.009,11.577,6416.3826,8.444,12455.2738,10.7834,8581.3984,0.0862,97912740.448,9.065,-81281.757,8.445,N,1967.0,15-Feb-2020,Jun Chen and  Balraj Singh,2023-10-18,98zr
40,59,Zr,4.4156,0.0181,,,,0.0,,,(1/2+),2.1,,1,s,2.1,0.1,B-,100.0,,,,,,,,,-0.929,0.004,,,4718.6736,15.9474,-2163.3761,11.6286,-4924.3017,11.9989,-6972.94,12.4,4406.2308,13.4731,12616.8936,13.1497,8539.225,0.1061,98916675.081,11.271,-77616.67,10.499,N,1970.0,1-Jul-2017,E. BROWNE and  J. K. TULI,2023-10-18,99zr
40,60,Zr,4.4891,0.0289,,,,0.0,,,0+,7.1,,4,s,7.1,0.4,B-,100.0,,,,,,,,,0.6,0.06,,,3418.5098,11.3976,-2108.7102,14.5053,-5879.4039,11.746,-9051.495,13.83,6827.3838,13.2863,13017.9766,10.4902,8522.1066,0.0814,99918010.499,8.742,-76372.736,8.143,N,1970.0,31-Jan-2021,Balraj Singh and Jun Chen,2023-10-18,100zr
40,61,Zr,4.5119,0.0318,,,,0.0,,,(3/2+),2.3,,1,s,2.3,0.1,B-,100.0,,,,,,,,,-0.272,0.008,0.81,0.06,5730.5011,9.1366,-1441.0591,11.5333,-7005.2287,8.9932,-8106.2,10.9,4859.569,11.6498,13128.7168,13.9413,8485.8439,0.0825,100921458.454,8.944,-73160.987,8.332,N,1972.0,1-Jul-2006,JEAN BLACHOT,2023-10-18,101zr
40,62,Zr,4.5292,0.034,,,,0.0,,,0+,2.9,,2,s,2.9,0.2,B-,100.0,,,,,,,,,0.44,0.1,,,4716.838,9.053,-761.2571,9.5262,-7583.9543,9.3327,-10408.786,9.662,6491.7581,12.087,13815.6114,11.2604,8466.294,0.0859,101923154.181,9.401,-71581.427,8.758,N,1970.0,31-Dec-2008,D. DE FRENNE,2023-10-18,102zr
40,63,Zr,,,,,,0.0,,,(5/2-),1.3,,1,s,1.3,0.1,B-,100.0,,,,,,,,,,,,,7219.674,10.027,417.9533,9.5566,-7715.3826,10.3675,-9351.959,14.513,4298.8847,12.7169,13925.3233,10.0853,8425.8337,0.0895,102927204.054,9.9,-67808.993,9.223,N,1987.0,1-Mar-2009,D. DE FRENNE,2023-10-18,103zr
40,64,Zr,,,,,,0.0,,,0+,1.2,,3,s,1.2,0.3,B-,100.0,,,,,,,,,,,,,6093.3367,9.4851,1239.6896,10.1127,-8325.0712,11.6026,-11637.66,200.21,5979.9844,13.1076,14549.5974,14.5724,8402.3159,0.0896,103929449.193,10.0,-65717.66,9.316,N,1990.0,30-Mar-2007,JEAN BLACHOT,2023-10-18,104zr
40,65,Zr,,,,,,0.0,,,[5/2+],0.66,,5,s,0.66,0.05,B-,100.0,,B-N,2.0,,,,,,,,,,8457.2728,12.7625,2281.4048,12.2408,-8558.2752,14.784,-10888.274,400.183,3811.9319,15.2776,14667.0,201.0,8358.598,0.1153,104934021.832,13.0,-61458.274,12.11,N,1992.0,1-Apr-2019,S. LALKOVSKI and  J. TIMAR and Z. ELEKES,2023-10-18,105zr
40,66,Zr,,,,,,0.0,,,0+,180,,9,ms,0.18,0.009,B-,100.0,,B-N,7.0,,,,,,,,,,7453.0,200.0,3095.0,200.0,-9015.0,211.0,-12959.0,538.5,5362.0,201.0,15468.0,447.0,8330.0,2.0,105936930.0,215.0,-58749.0,200.0,Y,1994.0,10-JUN-2015,BALRAJ SINGH,2023-10-18,106zr
40,67,Zr,,,,,,0.0,,,,146,,4,ms,0.146,0.004,B-,100.0,,B-N,23.0,,,,,,,,,,9704.0,300.0,4111.0,300.0,-9165.0,361.0,-12050.0,583.0,3342.0,361.0,15519.0,583.0,8284.0,3.0,106942007.0,322.0,-54020.0,300.0,Y,1994.0,10-JUN-2015,BALRAJ SINGH,2023-10-18,107zr
40,68,Zr,,,,,,0.0,,,0+,77.4,,22,ms,0.0774,0.0022,B-,100.0,,B-N,,,,,,,,,,,8595.0,400.0,4703.0,400.0,-9615.0,500.0,-14170.0,721.1,5001.0,500.0,16269.0,640.0,8253.0,4.0,107945303.0,429.0,-50950.0,400.0,Y,1997.0,10-JUN-2015,BALRAJ SINGH,2023-10-18,108zr
40,69,Zr,,,,,,0.0,,,(5/2+),56,,3,ms,0.056,0.003,B-,100.0,,,,,,,,,,,,,10960.0,660.0,5744.0,500.0,-9964.0,707.0,-13250.0,860.2,2851.0,640.0,16239.0,781.0,8204.0,5.0,108950907.0,537.0,-45730.0,500.0,Y,1997.0,31-May-2016,S. KUMAR(a) and  J. CHEN(b) AND F.G. KONDEV,2023-10-18,109zr
40,70,Zr,,,,,,0.0,,,0+,37.5,,20,ms,0.0375,0.002,B-,100.0,,B-2N,,,B-N,,,,,,,,10090.0,976.0,6399.0,660.0,-10344.0,781.0,,,4561.0,707.0,17029.0,860.0,8171.0,5.0,109954675.0,537.0,-42220.0,500.0,Y,1997.0,1-Aug-2011,G. G~URDAL and F.G. KONDEV,2023-10-18,110zr
40,71,Zr,,,,,,0.0,,,,24.0,,50,ms,0.024,0.005,B-,100.0,,B-2N,,,B-N,,,,,,,,12480.0,671.0,7758.0,1031.0,-10655.0,922.0,,,2331.0,781.0,,,8118.0,5.0,110960837.0,644.0,-36480.0,600.0,Y,2010.0,10-JUN-2015,BALRAJ SINGH,2023-10-18,111zr
40,72,Zr,,,,,,0.0,,,0+,30,,+30-10,ms,0.03,0.02,B-,100.0,,B-2N,,,B-N,,,,,,,,11650.0,761.0,8469.0,761.0,,,,,4011.0,922.0,,,8081.0,6.0,111965196.0,751.0,-32420.0,700.0,Y,2010.0,1-Aug-2014,S. LALKOVSKI and  F.G. KONDEV,2023-10-18,112zr
40,73,Zr,,,,,,0.0,,,,,,,,,,B-,100.0,,B-N,,,B-2N,,,,,,,,13870.0,500.0,9659.0,424.0,,,,,1991.0,761.0,,,8027.0,3.0,112971723.0,322.0,-26340.0,300.0,Y,2018.0,31-JAN-2021,BALRAJ SINGH,2023-10-18,113zr
40,74,Zr,,,,,,0.0,,,0+,,,,,,,B-,100.0,,B-N,,,B-2N,,,,,,,,,,,,,,,,,,,,,,,,,,,,31-JAN-2021,BALRAJ SINGH,2023-10-18,114zr
41,40,Nb,,,,,,0.0,,,,200,LT,,ns,2e-07,,EC+B+,,,,,,,,,,,,,,-14900.0,640.0,,,-2347.0,448.0,11164.418,410.493,16011.0,565.0,-1110.0,500.0,8248.0,5.0,80950230.0,429.0,-46360.0,400.0,Y,,15-Aug-2008,CORAL M. BAGLIN,2023-10-18,81nb
41,41,Nb,,,,,,0.0,,,(0+),50,,6,ms,0.05,0.006,EC+B+,100.0,,ECP,,,,,,1,,,,,-11440.0,500.0,-28421.0,583.0,-2062.0,423.0,11804.063,300.004,13521.0,500.0,1574.0,314.0,8312.0,4.0,81944380.0,322.0,-51810.0,300.0,Y,1992.0,1-Mar-2019,J. K. TULI and  E. BROWNE,2023-10-18,82nb
41,42,Nb,,,,,,0.0,,,(5/2+),3.9,,2,s,3.9,0.2,EC+B+,100.0,,,,,,,,,,,,,-11273.0,432.0,-25314.0,431.0,-2234.8911,180.7963,8298.749,162.207,13875.0,341.0,1287.8181,162.0877,8378.9889,1.9528,82938150.0,174.0,-57612.91,162.08,N,1988.0,31-Dec-2014,E.A. MCCUTCHAN,2023-10-18,83nb
41,43,Nb,,,,,,0.0,,,(1+ 2+ 3+),9.8,,9,s,9.8,0.9,EC+B+,100.0,,ECP,,,,,,,,,,,-7024.0,298.0,-22925.0,401.0,-2470.5959,6.255,10227.85,5.51,11652.2503,162.0805,2571.154,6.4422,8417.9563,0.0048,83934305.711,0.43,-61193.842,0.401,N,1977.0,30-Sep-2009,D. Abriola and M. Galan,2023-10-18,84nb
41,44,Nb,,,,,,0.0,,,(9/2+),20.5,,12,s,20.5,1.2,EC+B+,100.0,,,,,,,,,,,,,-8769.9238,16.3572,-20181.0,298.0,-2991.6814,6.7834,6895.512,7.625,13157.1597,4.1181,2146.9631,6.8581,8473.7117,0.0482,84928845.836,4.4,-66279.684,4.099,N,1988.0,31-Dec-2013,BALRAJ SINGH AND JUN CHEN,2023-10-18,85nb
41,45,Nb,,,,,,0.0,,,(6+),88,,1,s,88.0,1.0,EC+B+,100.0,,,,,,,,,,,,,-5023.1337,6.2316,-19695.6185,16.763,-3494.8792,7.7723,8834.962,6.554,10925.6947,6.8582,3247.8357,8.4566,8502.2231,0.0639,85925781.536,5.903,-69134.061,5.499,N,1974.0,30-Nov-2014,ALEXANDRU NEGRET and  BALRAJ SINGH,2023-10-18,86nb
41,46,Nb,,,,,,0.0,,,(1/2)-,3.7,,1,m,222.0,6.0,EC+B+,100.0,,,,,,,,,7.0,0.9,,,-6989.6757,7.3781,-17834.8839,7.4073,-4093.7368,19.8321,5472.654,7.966,12811.7502,8.7432,3194.4405,7.6789,8551.7579,0.0782,86920692.473,7.302,-73874.493,6.802,N,1971.0,27-Jul-2015,T.D. Johnson and W.D. Kulp(a),2023-10-18,87nb
41,47,Nb,,,,,,0.0,,,(8+),14.50,,11,m,870.0,6.6,EC+B+,100.0,,,,,,,,,,,,,-3485.0021,57.9345,-17358.056,57.8791,-4702.0317,57.9678,7457.319,58.06,10368.3802,58.2068,4113.3796,57.9566,8572.4013,0.6569,87918226.476,62.059,-76171.555,57.808,N,1964.0,1-Nov-2013,E.A. McCutchan and A.A. Sonzogni,2023-10-18,88nb
41,48,Nb,,,,,,0.0,,,(9/2+),2.03,,7,h,7308.0,252.0,EC+B+,100.0,,,,,,,,,6.216,0.005,,,-5610.8105,23.9513,-16010.5197,23.9362,-5208.5392,30.2992,4252.219,23.793,12525.5176,62.4514,4285.8519,24.2395,8616.8184,0.2655,88913444.696,25.367,-80625.755,23.63,N,1954.0,20-Oct-2012,BALRAJ SINGH,2023-10-18,89nb
41,49,Nb,4.2891,0.004,,,,0.0,,,8+,14.60,,5,h,52560.0,180.0,EC+B+,100.0,,,,,,,,,4.946,0.004,0.01,0.04,-2489.0165,3.3163,-15717.9047,5.1293,-5803.3469,14.526,6111.016,3.319,10107.0942,23.8613,5072.5281,4.3274,8633.377,0.0369,89911259.201,3.561,-82661.531,3.317,N,1951.0,1-Mar-2020,S. K. Basu and  E.A. MCCUTCHAN,2023-10-18,90nb
41,50,Nb,4.2878,0.004,,,,0.0,,,9/2+,6.8E+2,,13,Y,21458709662.72256,4102400376.69696,EC+B+,100.0,,,,,,,,,6.513,0.003,-0.25,0.03,-4429.1934,6.7439,-14536.8314,4.5331,-6044.5564,3.1356,1257.564,2.928,12047.8149,4.423,5154.4514,2.9279,8670.8983,0.0322,90906990.256,3.14,-86638.028,2.926,N,1951.0,1-Sep-2013,Coral M. Baglin,2023-10-18,91nb
41,51,Nb,4.3026,0.0043,,,,0.0,,,7+,3.47E+7,,24,Y,1095025331318342.4,75736622339020.8,EC+B+,100.0,,,,,,,,,5.13,0.004,-0.35,0.03,355.2968,1.7911,-12315.7743,6.4881,-4579.1774,2.331,2005.734,1.786,7886.5808,3.4249,5846.6694,1.7827,8662.3731,0.0194,91907188.58,1.915,-86453.29,1.784,N,1938.0,15-Sep-2012,CORAL M. BAGLIN,2023-10-18,92nb
41,52,Nb,4.324,0.0017,100.0,,,0.0,,,9/2+,STABLE,,,,,,,,,,,,,,,,6.163,0.002,-0.32,0.02,-405.7609,1.5012,-8475.5709,1.4985,-1926.5536,1.5283,-90.812,1.558,8830.8677,1.9863,6042.7872,1.4892,8664.1849,0.016,92906373.17,1.599,-87212.84,1.49,N,1932.0,15-Dec-2010,CORAL M. BAGLIN,2023-10-18,93nb
41,53,Nb,,,,,,0.0,,,6+,2.03E+4,,16,Y,640605597284.2177,50491081559.3472,B-,100.0,,,,,,,,,,,,,2045.0163,1.4937,-7633.3021,1.502,-2297.0667,1.5325,900.269,1.5,7227.5412,0.0772,6536.0065,1.4847,8648.9014,0.0159,93907279.001,1.6,-86369.063,1.491,N,1938.0,1-Jan-2006,D. Abriola(a) and  A.A. Sonzogni,2023-10-18,94nb
41,54,Nb,,,,,,0.0,,,9/2+,34.991,,6,d,3023222.4,518.4,B-,100.0,,,,,,,,,6.141,0.005,,,925.6009,0.4938,-6443.5103,0.5026,-2859.8664,1.9114,-1126.332,1.007,8488.5265,1.5728,6805.9111,0.5326,8647.2133,0.0054,94906831.11,0.545,-86786.272,0.508,N,1951.0,30-Jun-2009,S. K. Basu and  G. Mukherjee and  A. A. Sonzogni,2023-10-18,95nb
41,55,Nb,,,,,,0.0,,,6+,23.35,,5,h,84060.0,180.0,B-,100.0,,,,,,,,,4.975,0.004,,,3192.059,0.107,-5962.276,0.1168,-3211.2518,9.1283,-163.97,0.18,6887.8769,0.5072,7231.8611,0.8807,8628.8868,0.0015,95908101.586,0.157,-85602.83,0.147,N,1949.0,1-Apr-2008,D. Abriola(a) and  A.A. Sonzogni,2023-10-18,96nb
41,56,Nb,,,,,,0.0,,,9/2+,72.1,,7,m,4326.0,42.0,B-,100.0,,,,,,,,,6.153,0.005,,,1941.9038,4.2435,-4879.2254,4.2437,-3800.5572,11.3144,-2666.104,4.246,8071.2844,4.2445,7452.9078,4.2435,8623.1384,0.0438,96908101.622,4.556,-85602.797,4.244,N,1951.0,19-Nov-2009,N. NICA,2023-10-18,97nb
41,57,Nb,,,,,,0.0,,,1+,2.86,,6,s,2.86,0.06,B-,100.0,,,,,,,,,,,,,4591.3681,5.0032,-4051.2298,5.0029,-3598.0554,8.1064,-2242.855,9.815,5993.1336,6.558,7876.8903,5.0002,8596.3016,0.051,97910332.645,5.369,-83524.612,5.001,N,1960.0,15-Feb-2020,Jun Chen and  Balraj Singh,2023-10-18,98nb
41,58,Nb,4.4062,0.0125,,,,0.0,,,9/2+,15.0,,2,s,15.0,0.2,B-,100.0,,,,,,,,,5.96,0.03,-0.41,0.14,3634.7623,12.0059,-2290.6816,12.005,-3552.3225,13.7857,-4718.674,15.948,6882.0497,13.004,8342.5574,14.6767,8578.9859,0.1213,98911609.377,12.886,-82335.344,12.004,N,1950.0,1-Jul-2017,E. BROWNE and  J. K. TULI,2023-10-18,99nb
41,59,Nb,,,,,,0.0,,,1+,1.4,,2,s,1.4,0.2,B-,100.0,,,,,,,,,,,,,6401.7829,7.9817,-1892.4577,7.9786,-3886.1757,10.0246,-3418.51,11.39,5527.22,14.412,9463.5466,13.1843,8548.4683,0.0798,99914340.578,8.562,-79791.246,7.976,N,1967.0,31-Jan-2021,Balraj Singh and Jun Chen,2023-10-18,100nb
41,60,Nb,4.4861,0.0203,,,,0.0,,,(5/2+),7.1,,3,s,7.1,0.3,B-,100.0,,,,,,,,,3.186,0.002,1.05,0.07,4628.4637,3.7378,-769.7773,3.7372,-5200.949,7.6842,-5730.501,9.137,7171.5602,8.813,9807.723,8.9647,8534.8355,0.0371,100915306.508,4.024,-78891.488,3.749,N,1970.0,1-Jul-2006,JEAN BLACHOT,2023-10-18,101nb
41,61,Nb,,,,,,0.0,,,(4+),4.3,,4,s,4.3,0.4,B-,100.0,,,,,,,,,,,,,7262.6008,8.675,-849.6313,2.5295,-6434.4331,8.3052,-4716.838,9.111,5478.095,4.5117,10426.2491,8.7007,8504.8675,0.0246,101918090.447,2.695,-76298.265,2.511,N,1972.0,31-Dec-2008,D. DE FRENNE,2023-10-18,102nb
41,62,Nb,4.5097,0.0227,,,,0.0,,,(5/2+),1.5,,2,s,1.5,0.2,B-,100.0,,,,,,,,,3.133,0.004,1.08,0.09,5925.6639,10.027,460.8801,9.1886,-6809.8529,7.6966,-7219.674,10.027,6801.7207,4.6675,10736.2117,9.6009,8488.332,0.0382,102919453.416,4.224,-75028.667,3.935,N,1971.0,1-Mar-2009,D. DE FRENNE,2023-10-18,103nb
41,63,Nb,,,,,,0.0,,,(1+),4.9,,3,s,4.9,0.3,B-,100.0,,B-N,0.06,0.03,,,,,,,,,8532.7512,9.0879,1072.0168,9.3937,-6914.6714,11.3201,-6093.337,9.485,4853.6471,4.3202,11290.9741,9.3937,8453.3832,0.0172,103922907.728,1.915,-71810.997,1.784,N,1976.0,30-Mar-2007,JEAN BLACHOT,2023-10-18,104nb
41,64,Nb,,,,,,0.0,,,(5/2+),2.91,,5,s,2.91,0.05,B-,100.0,,B-N,1.7,0.9,,,,,,,,,7415.2411,9.9106,2356.8831,9.7789,-7285.6759,8.1461,-8457.273,12.762,6175.8681,4.4055,11486.8577,10.1495,8431.6925,0.0384,104924942.577,4.324,-69915.547,4.028,N,1984.0,1-Apr-2019,S. LALKOVSKI and  J. TIMAR and Z. ELEKES,2023-10-18,105nb
41,65,Nb,,,,,,0.0,,,(1-),1.02,,5,s,1.02,0.05,B-,100.0,,B-N,4.5,0.3,,,,,,,,,9925.3249,9.2388,3056.7913,9.1653,-7454.9528,4.3198,-7453.678,200.005,4358.4497,4.2647,12033.3756,12.1926,8393.2657,0.0134,105928928.505,1.52,-66202.678,1.416,N,1976.0,20-JUL-2015,BALRAJ SINGH,2023-10-18,106nb
41,66,Nb,,,,,,0.0,,,,300,,9,ms,0.3,0.009,B-,100.0,,,,,,,,,,,,,8821.1703,12.2239,4332.8805,12.1537,-7691.6869,13.7816,-9703.805,300.107,5592.4444,8.144,12263.0,200.0,8367.0898,0.075,106931589.685,8.612,-63723.805,8.023,N,1992.0,1-Mar-2008,Jean Blachot,2023-10-18,107nb
41,67,Nb,,,,,,0.0,,,(2+),198,,6,ms,0.198,0.006,B-,100.0,,B-N,6.3,0.5,B-2N,,,,,,,,11204.0998,12.3668,4928.4592,12.3668,-7890.0,200.0,-8595.198,400.085,3892.7111,11.4997,12814.0,300.0,8325.6604,0.0763,107936075.604,8.844,-59545.198,8.239,N,1994.0,20-Jul-2015,BALRAJ SINGH,2023-10-18,108nb
41,68,Nb,,,,,,0.0,,,(5/2+),108,,5,ms,0.108,0.005,B-,100.0,,B-N,15.0,,,,,,,,,,9969.4851,430.961,5988.1798,430.9147,-8545.0,588.0,-10959.8,660.0,5215.92,430.8948,13029.0,588.0,8297.1307,3.9524,108939141.0,462.5,-56689.8,430.816,N,1994.0,31-May-2016,S. KUMAR(a) and  J. CHEN(b) AND F.G. KONDEV,2023-10-18,109nb
41,69,Nb,,,,,,0.0,,,(5),82,,4,ms,0.082,0.004,B-,100.0,,B-N,40.0,8.0,,,,,,,,,12225.9002,838.6945,6278.0523,838.4192,-8944.0,976.0,-10089.914,976.126,3691.4328,942.5626,13869.0,976.0,8255.2607,7.6213,109943843.0,900.0,-52309.914,838.345,N,1994.0,1-Aug-2011,G. G~URDAL and F.G. KONDEV,2023-10-18,110nb
41,70,Nb,,,,,,0.0,,,,54,,2,ms,0.054,0.002,B-,100.0,,B-N,,,B-2N,,,,,,,,10980.0,300.0,7504.0,301.0,-9415.0,583.0,-12480.0,670.8,4722.0,890.0,14029.0,583.0,8223.0,3.0,110947439.0,322.0,-48960.0,300.0,Y,1997.0,1-Feb-2008,Jean Blachot,2023-10-18,111nb
41,71,Nb,,,,,,0.0,,,,33,,+9-6,ms,0.033,0.0075,B-,100.0,,,,,,,,,,,,,13410.0,361.0,7799.0,300.0,-9715.0,671.0,-11650.0,761.5,3181.0,424.0,14879.0,671.0,8178.0,3.0,111952689.0,322.0,-44070.0,300.0,Y,1997.0,1-Aug-2014,S. LALKOVSKI and  F.G. KONDEV,2023-10-18,112nb
41,72,Nb,,,,,,0.0,,,,32,,4,ms,0.032,0.004,B-,100.0,,B-N,,,B-2N,,,,,,,,12440.0,500.0,9199.0,447.0,-10154.0,806.0,-13870.0,500.0,4211.0,500.0,15079.0,806.0,8143.0,4.0,112956833.0,429.0,-40210.0,400.0,Y,1997.0,1-May-2009,Jean Blachot,2023-10-18,113nb
41,73,Nb,,,,,,0.0,,,,17,,5,ms,0.017,0.005,B-,100.0,,B-N,,,B-2N,,,,,,,,14720.0,583.0,9619.0,583.0,,,,,2821.0,640.0,15909.0,583.0,8097.0,4.0,113962469.0,537.0,-34960.0,500.0,Y,2010.0,20-JUL-2015,BALRAJ SINGH,2023-10-18,114nb
41,74,Nb,,,,,,0.0,,,,23,,8,ms,0.023,0.008,B-,100.0,,B-N,,,B-2N,,,,,,,,13670.0,640.0,10729.0,583.0,,,,,3991.0,707.0,,,8061.0,4.0,114966849.0,537.0,-30880.0,500.0,Y,2010.0,31-MAY-2015,BALRAJ SINGH,2023-10-18,115nb
41,75,Nb,,,,,,0.0,,,,,,,,,,B-,100.0,,B-3N,,,B-2N,,,,,,,,15980.0,583.0,11248.0,500.0,,,,,2422.0,583.0,,,8012.0,3.0,115972914.0,322.0,-25230.0,300.0,Y,2018.0,31-JAN-2021,BALRAJ SINGH,2023-10-18,116nb
41,76,Nb,,,,,,0.0,,,,,,,,,,B-,100.0,,B-N,,,B-2N,,,,,,,,,,,,,,,,,,,,,,,,,,,,31-JAN-2021,BALRAJ SINGH,2023-10-18,117nb
42,39,Mo,,,,,,0.0,,,,450,GT,,ns,4.5e-07,,ECP,,,EC+B+,,,,,,,,,,,,,,,-2285.0,640.0,14900.0,640.3,,,329.0,640.0,8054.0,6.0,80966226.0,537.0,-31460.0,500.0,Y,2013.0,31-MAR-2015,BALRAJ SINGH,2023-10-18,81mo
42,40,Mo,,,,,,0.0,,,0+,?,,,,,,EC+B+,100.0,,ECP,,,,,,,,,,,,,,,-1945.0,565.0,11440.0,500.0,16981.0,640.0,1299.0,565.0,8163.0,5.0,81956661.0,429.0,-40370.0,400.0,Y,2013.0,1-Mar-2019,J. K. TULI and  E. BROWNE,2023-10-18,82mo
42,41,Mo,,,,,,0.0,,,,6,,+30-3,ms,0.006,0.0165,EC+B+,100.0,,,,,,,,,,,,,-15020.0,641.0,,,-1995.0,500.0,11272.91,432.51,14041.0,566.0,1819.0,500.0,8234.0,5.0,82950252.0,430.0,-46340.0,401.0,Y,1999.0,31-Dec-2014,E.A. MCCUTCHAN,2023-10-18,83mo
42,42,Mo,,,,,,0.0,,,0+,2.3,,3,s,2.3,0.3,EC+B+,100.0,,ECP,,,,,,0,,,,,-16470.0,499.0,-30922.0,582.0,-1835.0,423.0,7023.842,298.0,15901.0,499.0,3846.0,339.0,8325.0,4.0,83941846.0,320.0,-54170.0,298.0,Y,1991.0,30-Sep-2009,B. Singh,2023-10-18,84mo
42,43,Mo,,,,,,0.0,,,(1/2-),3.2,,2,s,3.2,0.2,EC+B+,100.0,,ECP,0.14,0.02,,,,,,,,,-11660.0,400.0,-27881.0,400.0,-2410.2578,93.5676,8769.924,16.357,11411.0,298.0,3604.8889,15.8405,8361.332,0.1863,84938260.736,17.0,-57509.76,15.835,N,1992.0,31-Dec-2013,BALRAJ SINGH AND JUN CHEN,2023-10-18,85mo
42,44,Mo,,,,,,0.0,,,0+,19.1,,3,s,19.1,0.3,EC+B+,100.0,,,,,,,,,,,,,-12541.0,300.0,-26332.0,400.0,-2921.7797,3.3321,5023.134,6.232,14672.4849,16.1045,5120.214,5.0392,8434.7175,0.0341,85931174.092,3.147,-64110.927,2.932,N,1991.0,30-Nov-2014,ALEXANDRU NEGRET and  BALRAJ SINGH,2023-10-18,86mo
42,45,Mo,,,,,,0.0,,,(7/2+),14.1,,3,s,14.1,0.3,EC+B+,100.0,,B+P,15.0,8.0,,,,,,,,,-9194.7656,5.0729,-23386.0,300.0,-3398.0735,7.036,6989.676,7.378,10845.2082,4.0938,5039.7275,6.1968,8462.4243,0.0328,86928196.198,3.067,-66884.817,2.857,N,1977.0,27-Jul-2015,T.D. Johnson and W.D. Kulp(a),2023-10-18,87mo
42,46,Mo,,,,,,0.0,,,0+,8.0,,2,m,480.0,12.0,EC+B+,100.0,,,,,,,,,,,,,-11016.2515,5.6021,-23067.8195,5.6706,-3689.7767,6.6949,3485.002,57.934,13873.0539,4.7696,6101.0311,7.8012,8523.9087,0.0434,87921967.779,4.1,-72686.553,3.819,N,1971.0,1-Nov-2013,E.A. McCutchan and A.A. Sonzogni,2023-10-18,88mo
42,47,Mo,,,,,,0.0,,,(9/2+),2.11,,10,m,126.6,6.0,EC+B+,100.0,,,,,,,,,8.3,0.4,,,-7620.0875,5.4673,-21415.9607,5.6661,-4264.6639,7.5265,5610.811,23.952,10399.7092,5.4673,6132.3601,57.9407,8544.9851,0.044,88919468.149,4.2,-75014.944,3.912,N,1980.0,30-Nov-2021,Balraj Singh,2023-10-18,89mo
42,48,Mo,4.3265,0.0016,,,,0.0,,,0+,5.56,,9,h,20016.0,324.0,EC+B+,100.0,,,,,,,,,-1.391,0.014,0.61,0.03,-9447.8181,3.611,-20848.9757,5.1551,-4628.4067,4.9702,2489.017,4.795,13228.8882,5.2245,6835.7307,23.8819,8597.0285,0.0385,89913931.27,3.717,-80172.514,3.463,N,1953.0,1-Mar-2020,S. K. Basu and  E.A. MCCUTCHAN,2023-10-18,90mo
42,49,Mo,4.3182,0.0012,,,,0.0,,,9/2+,15.49,,1,m,929.4,0.6,EC+B+,100.0,,,,,,,,,-0.931,0.003,,,-6222.1768,6.6706,-19555.456,6.3217,-5286.6035,7.49,4429.194,6.89,10107.6379,7.1346,6836.2744,7.0652,8613.6286,0.0686,90911745.19,6.696,-82208.834,6.238,N,1948.0,1-Sep-2013,Coral M. Baglin,2023-10-18,91mo
42,50,Mo,4.3151,0.0012,14.649,0.106,,0.0,,,0+,STABLE,,,,,,,,,,,,,,,,2.3,0.3,,,-7882.8841,3.1063,-18893.2478,2.3679,-5604.6291,5.4055,-355.297,1.791,12671.071,6.2392,7459.5306,2.9299,8657.7312,0.0017,91906807.153,0.168,-86808.587,0.157,N,1930.0,15-Sep-2012,CORAL M. BAGLIN,2023-10-18,92mo
42,51,Mo,,,,,,0.0,,,5/2+,4.0E+3,,8,Y,126227703898.368,25245540779.6736,EC,100.0,,,,,,,,,9.93,0.08,,,-3200.9629,1.004,-15952.6941,3.1076,-4354.0211,2.7854,405.761,1.501,8069.81,0.09,7642.7597,1.7934,8651.4095,0.002,92906808.772,0.193,-86807.079,0.181,N,1946.0,15-Dec-2010,CORAL M. BAGLIN,2023-10-18,93mo
42,52,Mo,4.3529,0.0013,9.187,0.033,,0.0,,,0+,STABLE,,,,,,,,,,,,,,,,,,,,-4255.7476,4.0687,-12879.2813,1.022,-2066.4479,0.1838,-2045.016,1.498,9678.3184,0.2292,8490.2105,1.4929,8662.3341,0.0015,93905083.586,0.151,-88414.079,0.141,N,1930.0,1-Jan-2006,D. Abriola(a) and  A.A. Sonzogni,2023-10-18,94mo
42,53,Mo,4.3628,0.0018,15.873,0.03,,0.0,,,5/2+,STABLE,,,,,,,,,,,,,,,,-0.9132,0.0003,-0.022,0.001,-1690.5175,5.0782,-11624.8587,4.0698,-2241.1963,0.1555,-925.6,0.5,7369.1111,0.0944,8631.7804,1.4935,8648.7212,0.0013,94905837.436,0.132,-87711.872,0.123,N,1930.0,30-Jun-2009,S. K. Basu and  G. Mukherjee and  A. A. Sonzogni,2023-10-18,95mo
42,54,Mo,4.3847,0.0015,16.673,0.008,,0.0,,,0+,STABLE,,,,,,,,,,,,,,,,0.79,0.06,-0.2,0.08,-2973.2411,5.145,-10844.8526,5.0784,-2760.7814,0.1522,-3192.059,0.19,9154.335,0.0491,9297.5889,0.4961,8653.988,0.0013,95904674.77,0.128,-88794.889,0.12,N,1930.0,1-Apr-2008,D. Abriola(a) and  A.A. Sonzogni,2023-10-18,96mo
42,55,Mo,4.388,0.0015,9.582,0.015,,0.0,,,5/2+,STABLE,,,,,,,,,,,,,,,,-0.9324,0.0003,0.255,0.013,-320.264,4.1169,-9794.3703,5.1475,-2847.5887,0.4843,-1941.903,4.247,6821.1292,0.163,9230.8411,0.1897,8635.0926,0.0017,96906016.903,0.176,-87544.7,0.165,N,1930.0,19-Nov-2009,N. NICA,2023-10-18,97mo
42,56,Mo,4.4091,0.0018,24.292,0.08,,0.0,,,0+,STABLE,,,,,,,,,,,,,,,,0.97,0.06,-0.26,0.09,-1683.7664,3.3768,-8962.8619,4.1173,-3271.5647,0.2388,-4591.368,5.004,8642.5979,0.0647,9802.1547,4.244,8635.1691,0.0018,97905403.609,0.186,-88115.98,0.174,N,1930.0,15-Feb-2020,Jun Chen and  Balraj Singh,2023-10-18,98mo
42,57,Mo,,,,,,0.0,,,1/2+,65.924,,6,h,237326.4,21.6,B-,100.0,,,,,,,,,0.375,0.003,,,1357.7631,0.8905,-7609.2104,3.3771,-2735.0817,0.8985,-3634.762,12.006,5925.4439,0.1497,9734.465,5.0054,8607.7982,0.0023,98907707.299,0.245,-85970.106,0.229,N,1948.0,1-Jul-2017,E. BROWNE and  J. K. TULI,2023-10-18,99mo
42,58,Mo,4.4468,0.0025,9.744,0.065,,0.0,,,0+,7.01E+18,,+21-17,Y,2.212140510818899e+26,5.99581593517248e+24,2B-,100.0,,2B-,100.0,,,,,,0.94,0.07,-0.25,0.07,-172.0776,1.3704,-6936.4775,0.937,-3179.0846,0.3215,-6401.783,7.982,8294.2406,0.3756,11146.6559,12.0,8604.6626,0.003,99907467.982,0.322,-86193.029,0.301,N,1930.0,31-Jan-2021,Balraj Singh and Jun Chen,2023-10-18,100mo
42,59,Mo,,,,,,0.0,,,1/2+,14.61,,3,m,876.6,1.8,B-,100.0,,,,,,,,,,,,,2824.6411,24.0018,-5570.3185,1.3721,-3008.1745,0.3311,-4628.464,3.762,5398.2409,0.0681,11017.6769,7.982,8572.9159,0.0031,100910337.648,0.331,-83519.952,0.308,N,1941.0,1-Jul-2006,JEAN BLACHOT,2023-10-18,101mo
42,60,Mo,4.4914,0.0038,,,,0.0,,,0+,11.3,,2,m,678.0,12.0,B-,100.0,,,,,,,,,,,,,1012.0557,12.3682,-5287.591,25.3992,-4704.024,11.8435,-7262.601,8.676,8112.2321,8.3092,11958.3488,9.1105,8568.3994,0.0814,101910293.725,8.916,-83560.866,8.305,N,1954.0,31-Dec-2008,D. DE FRENNE,2023-10-18,102mo
42,61,Mo,4.5145,0.0046,,,,0.0,,,(3/2+),67.5,,15,s,67.5,1.5,B-,100.0,,,,,,,,,-0.27,0.02,,,3649.5889,13.4648,-4452.7281,13.0028,-5762.5771,13.9738,-5925.664,10.027,5464.7839,12.41,11945.0376,9.5566,8538.2672,0.0895,102913091.954,9.9,-80954.331,9.223,N,1963.0,1-Mar-2009,D. DE FRENNE,2023-10-18,103mo
42,62,Mo,4.5249,0.0051,,,,0.0,,,0+,60,,2,s,60.0,2.0,B-,100.0,,,,,,,,,0.54,0.04,,,2155.2212,24.1665,-3811.1455,13.2402,-6395.9277,12.0704,-8532.751,9.088,7460.7344,12.8231,12604.0513,9.7408,8527.9063,0.0857,103913747.443,9.566,-80343.748,8.911,N,1962.0,30-Mar-2007,JEAN BLACHOT,2023-10-18,104mo
42,63,Mo,4.5389,0.0057,,,,0.0,,,(5/2-),36.3,,8,s,36.3,0.8,B-,100.0,,,,,,,,,-0.55,0.02,,,4955.5157,35.0307,-2903.1367,26.4811,-6594.7166,12.3043,-7415.241,9.91,5058.358,12.703,12808.7621,9.2293,8494.863,0.0862,104916981.989,9.721,-77330.788,9.055,N,1962.0,1-Apr-2019,S. LALKOVSKI and  J. TIMAR and Z. ELEKES,2023-10-18,105mo
42,64,Mo,4.549,0.0058,,,,0.0,,,0+,8.73,,12,s,8.73,0.12,B-,100.0,,,,,,,,,0.42,0.04,,,3648.2494,15.2778,-1913.0178,36.4253,-6971.4921,12.6496,-9925.325,9.239,6868.5336,12.8574,13501.4276,9.9788,8479.5202,0.0861,105918273.231,9.801,-76128.003,9.13,N,1969.0,1-May-2007,D. DE FRENNE AND A. NEGRET,2023-10-18,106mo
42,65,Mo,,,,,,0.0,,,(5/2+),3.5,,5,s,3.5,0.5,B-,100.0,,,,,,,,,,,,,6204.9921,12.6599,-840.0404,15.3336,-7160.8972,13.0416,-8821.17,12.22,4488.2898,12.9759,13631.2677,9.3308,8442.219,0.0862,106922119.77,9.901,-72544.975,9.223,N,1972.0,1-Mar-2008,Jean Blachot,2023-10-18,107mo
42,66,Mo,4.5602,0.0067,,,,0.0,,,0+,1.09,,2,s,1.09,0.02,B-,100.0,,,,,,,,,1.0,0.6,,,5173.533,12.7262,-70.6486,12.66,-7456.5535,13.1076,-11204.099,12.367,6275.6407,13.0416,14314.464,12.2239,8422.1581,0.0854,107924047.508,9.901,-70749.297,9.223,N,1972.0,1-Jul-2008,Jean Blachot,2023-10-18,108mo
42,67,Mo,,,,,,0.0,,,(5/2+),0.61,,+3-4,s,0.61,0.035,B-,100.0,,B-N,1.3,0.6,,,,,,,,,7623.5438,14.7805,1192.2278,14.2078,-7625.9268,16.4798,-9969.485,430.961,3981.3053,14.4909,14403.0581,13.8868,8381.4163,0.1026,108928438.318,12.0,-66659.285,11.179,N,1992.0,31-May-2016,S. KUMAR(a) and  J. CHEN(b) AND F.G. KONDEV,2023-10-18,109mo
42,68,Mo,,,,,,0.0,,,0+,0.296,,17,s,0.296,0.017,B-,100.0,,B-N,2.0,0.7,,,,,,,,,6498.7491,26.0147,1675.6959,26.0781,-8211.0,202.0,-12225.9,838.6,5947.8479,26.6739,15134.986,431.4963,8359.293,0.2202,109930717.956,26.0,-64535.814,24.219,N,1992.0,1-Aug-2011,G. G~URDAL and F.G. KONDEV,2023-10-18,110mo
42,69,Mo,,,,,,0.0,,,(1/2+ 3/2+),186,,9,ms,0.186,0.009,B-,100.0,,B-N,12.0,,,,,,,,,,9084.862,6.7999,3023.432,15.3154,-8345.0,300.0,-10979.813,300.264,3475.3171,27.2906,14918.8702,838.439,8315.2932,0.1133,110935651.966,13.503,-59939.813,12.578,N,1994.0,20-JUL-2015,BALRAJ SINGH,2023-10-18,111mo
42,70,Mo,,,,,,0.0,,,0+,120,,+13-11,ms,0.12,0.012,B-,100.0,,,,,,,,,,,,,7779.0,200.0,3474.0,201.0,-8955.0,447.0,-13410.0,360.5,5611.0,201.0,15808.0,361.0,8291.0,2.0,111938293.0,215.0,-57480.0,200.0,Y,1994.0,1-Aug-2014,S. LALKOVSKI and  F.G. KONDEV,2023-10-18,112mo
42,71,Mo,,,,,,0.0,,,,80,,2,ms,0.08,0.002,B-,100.0,,B-N,,,,,,,,,,,10162.0,300.0,4538.0,300.0,-9345.0,583.0,-12440.0,500.0,3242.0,361.0,15869.0,424.0,8246.0,3.0,112943478.0,322.0,-52650.0,300.0,Y,1994.0,20-JUL-2015,BALRAJ SINGH,2023-10-18,113mo
42,72,Mo,,,,,,0.0,,,0+,58,,2,ms,0.058,0.002,B-,100.0,,B-N,,,,,,,,,,,8920.0,527.0,5060.0,300.0,-9885.0,583.0,-14720.0,583.0,5102.0,424.0,16759.0,500.0,8219.0,3.0,113946666.0,322.0,-49680.0,300.0,Y,1997.0,20-Jul-2015,BALRAJ SINGH,2023-10-18,114mo
42,73,Mo,,,,,,0.0,,,,45.5,,20,ms,0.0455,0.002,B-,100.0,,B-N,,,B-2N,,,,,,,,11247.0,445.0,5979.0,589.0,-10494.0,721.0,-13670.0,640.3,2941.0,500.0,16879.0,640.0,8173.0,3.0,114952174.0,429.0,-44550.0,400.0,Y,2010.0,20-Jul-2015,BALRAJ SINGH,2023-10-18,115mo
42,74,Mo,,,,,,0.0,,,0+,32,,4,ms,0.032,0.004,B-2N,,,B-,,,B-N,,,,,,,,10003.0,582.0,6515.0,537.0,-11215.0,860.0,-15980.0,583.0,4732.0,640.0,17619.0,707.0,8143.0,4.0,115955759.0,537.0,-41210.0,500.0,Y,2010.0,20-JUL-2015,BALRAJ SINGH,2023-10-18,116mo
42,75,Mo,,,,,,0.0,,,,22,,5,ms,0.022,0.005,B-2N,,,B-N,,,B-,,,,,,,,12450.0,640.0,7453.0,582.0,-11774.0,583.0,,,2550.0,707.0,17748.0,583.0,8096.0,4.0,116961686.0,537.0,-35689.0,500.0,Y,2010.0,20-JUL-2015,BALRAJ SINGH,2023-10-18,117mo
42,76,Mo,,,,,,0.0,,,0+,19,,+7-4,ms,0.019,0.0055,B-,100.0,,B-2N,,,B-N,,,,,,,,10920.0,640.0,7698.0,640.0,,,,,4752.0,707.0,,,8067.0,4.0,117965249.0,537.0,-32370.0,500.0,Y,2015.0,14-Jan-2022,BALRAJ SINGH,2023-10-18,118mo
42,77,Mo,,,,,,0.0,,,,,,,,,,B-,100.0,,B-N,,,B-2N,,,,,,,,13590.0,583.0,8639.0,500.0,,,,,2281.0,583.0,,,8019.0,3.0,118971465.0,322.0,-26580.0,300.0,Y,2018.0,31-JAN-2021,BALRAJ SINGH,2023-10-18,119mo
43,42,Tc,,,,,,0.0,,,,100,LT,,ns,1e-07,,P,,,,,,,,,,,,,,-15220.0,640.0,,,-1914.0,565.0,11659.76,400.31,16221.0,565.0,-1031.0,499.0,8215.0,5.0,84950778.0,429.0,-45850.0,400.0,Y,,31-Dec-2013,BALRAJ SINGH AND JUN CHEN,2023-10-18,85tc
43,43,Tc,,,,,,0.0,,,(0+),55,,7,ms,0.055,0.007,EC+B+,100.0,,ECP,,,,,,1,,,,,-11800.0,500.0,-29011.0,583.0,-2186.0,424.0,12540.927,300.014,13792.0,500.0,1350.0,300.0,8280.0,3.0,85944637.0,322.0,-51570.0,300.0,Y,1992.0,30-Nov-2014,ALEXANDRU NEGRET and  BALRAJ SINGH,2023-10-18,86tc
43,44,Tc,,,,,,0.0,,,(9/2+),2.2,,2,s,2.2,0.2,EC+B+,100.0,,,,,,,,,,,,,-11960.0,400.0,-25991.0,400.0,-2502.0572,162.1342,9194.765,5.073,14191.0,300.0,868.0955,5.1153,8347.7449,0.0482,86938067.185,4.5,-57690.052,4.192,N,1991.0,27-Jul-2015,T.D. Johnson and W.D. Kulp(a),2023-10-18,87tc
43,45,Tc,,,,,X,,,0.0,(5+ 6+ 7+),6.4,,8,s,6.4,0.8,EC+B+,100.0,,ECP,,,,,,,,,,,-7331.0,300.0,-24012.0,400.0,-2901.3749,4.1181,11016.252,5.602,12051.568,5.8625,2074.4554,4.9962,8389.8338,0.0466,87933794.211,4.4,-61670.301,4.099,N,1991.0,1-Nov-2013,E.A. McCutchan and A.A. Sonzogni,2023-10-18,88tc
43,46,Tc,,,,,,0.0,,,(9/2+),12.8,,9,s,12.8,0.9,EC+B+,100.0,,,,,,,,,,,,,-9025.4327,24.5181,-21127.0,300.0,-3540.0884,5.6021,7620.087,5.467,13795.8732,5.6021,1997.2747,5.4011,8450.5758,0.0429,88927648.649,4.1,-67394.857,3.819,N,1991.0,30-Nov-2021,Balraj Singh,2023-10-18,89tc
43,47,Tc,,,,,,0.0,,,(8+),49.2,,4,s,49.2,0.4,EC,100.0,,,,,,,,,,,,,-5840.8951,3.8685,-20426.5903,24.2405,-4015.5513,5.5935,9447.818,3.612,11401.1576,3.9542,2998.7231,4.0442,8483.36,0.0114,89924073.919,1.1,-70724.696,1.025,N,1974.0,1-Mar-2020,S. K. Basu and  E.A. MCCUTCHAN,2023-10-18,90tc
43,48,Tc,,,,,,0.0,,,(9/2)+,3.14,,2,m,188.4,1.2,EC+B+,100.0,,,,,,,,,,,,,-7746.8246,3.2422,-19174.1743,4.4157,-4537.0803,7.2008,6222.177,6.671,13333.2792,2.5754,3103.1142,4.1919,8536.6558,0.026,90918424.972,2.536,-75986.657,2.363,N,1974.0,1-Sep-2013,Coral M. Baglin,2023-10-18,91tc
43,49,Tc,,,,,,0.0,,,(8)+,4.25,,15,m,255.0,9.0,EC+B+,100.0,,,,,,,,,,,,,-4624.4922,4.1246,-18757.1883,3.8153,-5179.0638,57.8917,7882.884,3.106,11010.3637,3.8997,4005.8399,6.967,8563.544,0.0337,91915269.777,3.33,-78925.703,3.102,N,1964.0,15-Sep-2012,CORAL M. BAGLIN,2023-10-18,92tc
43,50,Tc,,,,,,0.0,,,9/2+,2.75,,5,h,9900.0,180.0,EC+B+,100.0,,,,,,,,,6.32,0.06,,,-6389.3929,2.2995,-17376.2234,2.9003,-5405.2773,23.6513,3200.963,1.028,12751.7312,3.2633,4086.5001,1.0,8608.5782,0.0109,92910245.147,1.086,-83606.116,1.012,N,1948.0,15-Dec-2010,CORAL M. BAGLIN,2023-10-18,93tc
43,51,Tc,,,,,,0.0,,,7+,293,,1,m,17580.0,60.0,EC+B+,100.0,,,,,,,,,5.12,0.05,,,-1574.7296,5.1433,-15012.9266,4.5648,-3921.7168,5.2514,4255.747,4.073,8623.5337,4.1951,4640.2238,4.0751,8608.7373,0.0433,93909652.319,4.37,-84158.332,4.071,N,1948.0,1-Jan-2006,D. Abriola(a) and  A.A. Sonzogni,2023-10-18,94tc
43,52,Tc,,,,,,0.0,,,9/2+,20.0,,1,h,72000.0,360.0,EC+B+,100.0,,,,,,,,,5.94,0.06,,,-2563.5961,10.531,-11509.0708,5.9735,-1808.2432,5.862,1690.517,5.081,9934.3412,6.5078,4896.2466,5.0791,8622.6911,0.0535,94907652.281,5.453,-86021.355,5.08,N,1947.0,30-Jun-2009,S. K. Basu and  G. Mukherjee and  A. A. Sonzogni,2023-10-18,95tc
43,53,Tc,,,,,,0.0,,,7+,4.28,,7,d,369792.0,6048.0,EC+B+,100.0,,,,,,,,,5.09,0.05,,,258.7369,5.1464,-10435.2076,10.8046,-1793.2738,5.4467,2973.241,5.147,7871.6114,7.2292,5398.7469,5.1452,8614.8673,0.0536,95907866.675,5.524,-85821.648,5.146,N,1947.0,1-Apr-2008,D. Abriola(a) and  A.A. Sonzogni,2023-10-18,96tc
43,54,Tc,,,,,,0.0,,,9/2+,4.21E+6,,16,Y,132854658353032.31,5049108155934.72,EC,100.0,,,,,,,,,5.82,0.09,,,-1103.8722,4.9563,-9215.3694,4.1185,-2436.5124,4.3784,320.264,4.121,9474.1063,6.5892,5718.5182,4.1167,8623.7254,0.0425,96906360.72,4.42,-87224.436,4.118,N,1946.0,19-Nov-2009,N. NICA,2023-10-18,97tc
43,55,Tc,,,,,,0.0,,,(6)+,4.2E+6,,3,Y,132539089093286.4,9467077792377.6,B-,100.0,,,,,,,,,,,,,1792.6575,7.1568,-8382.9677,4.3638,-2488.0667,3.6936,1683.766,3.384,7279.0955,5.3244,6176.4845,3.3769,8610.0047,0.0345,97907211.206,3.628,-86432.214,3.38,N,1955.0,15-Feb-2020,Jun Chen and  Balraj Singh,2023-10-18,98tc
43,56,Tc,,,,,,0.0,,,9/2+,2.111E+5,,12,Y,6661667073236.371,37868311169.5104,B-,100.0,,,,,,,,,5.678,0.002,-0.129,0.006,297.5156,0.9453,-7174.3159,6.5196,-2966.5136,1.0353,-1357.763,0.936,8966.9734,3.357,6500.86,0.8978,8613.6105,0.0092,98906249.681,0.974,-87327.869,0.908,N,1938.0,1-Jul-2017,E. BROWNE and  J. K. TULI,2023-10-18,99tc
43,57,Tc,,,,,,0.0,,,1+,15.65,,12,s,15.65,0.12,B-,99.9974,0.0004,EC,0.0026,0.0004,,,,,,,,,3206.4401,1.376,-6466.8844,1.3761,-2843.0366,1.3549,172.078,1.384,6764.4,1.0,7339.816,1.339,8595.1184,0.0135,99907652.715,1.45,-86020.951,1.351,N,1952.0,31-Jan-2021,Balraj Singh and Jun Chen,2023-10-18,100tc
43,58,Tc,,,,,,0.0,,,9/2+,14.22,,1,m,853.2,0.6,B-,100.0,,,,,,,,,,,,,1613.52,24.0,-5188.5195,24.0011,-3166.7118,24.3759,-2824.641,24.006,8394.9596,24.0405,7440.535,24.0017,8593.1366,0.2377,100907305.271,25.768,-86344.593,24.004,N,1941.0,1-Jul-2006,JEAN BLACHOT,2023-10-18,101tc
43,59,Tc,,,,,,0.0,,,1+,5.28,,15,s,5.28,0.15,B-,100.0,,,,,,,,,,,,,4533.5134,9.1646,-4686.1267,9.1646,-3473.225,10.4417,-1012.055,12.369,6299.6467,25.6903,8341.9408,9.1646,8570.6514,0.0899,101909207.239,9.84,-84572.921,9.166,N,1954.0,31-Dec-2008,D. DE FRENNE,2023-10-18,102tc
43,60,Tc,,,,,,0.0,,,5/2+,54.2,,8,s,54.2,0.8,B-,100.0,,,,,,,,,,,,,2663.2474,9.8086,-3568.8036,9.8088,-4693.4923,15.4992,-3649.589,13.465,8102.317,13.048,8332.0257,12.8531,8566.1045,0.0952,102909173.96,10.531,-84603.92,9.81,N,1957.0,1-Mar-2009,D. DE FRENNE,2023-10-18,103tc
43,61,Tc,,,,,,0.0,,,(3+),18.3,,3,m,1098.0,18.0,B-,100.0,,,,,,,,,,,,,5596.7945,24.937,-3303.1194,24.8889,-5132.6391,26.1329,-2155.221,26.433,5966.3668,26.6806,8833.6086,26.5399,8541.107,0.2393,103911433.718,26.716,-82498.969,24.886,N,1956.0,30-Mar-2007,JEAN BLACHOT,2023-10-18,104tc
43,62,Tc,,,,,,0.0,,,(3/2-),7.64,,6,m,458.4,3.6,B-,100.0,,,,,,,,,,,,,3648.2396,35.2787,-2261.858,35.2787,-5819.7313,35.4604,-4955.515,36.407,7858.6525,43.1423,9231.5267,36.3692,8534.6074,0.3358,104911662.024,37.856,-82286.303,35.263,N,1955.0,1-Apr-2019,S. LALKOVSKI and  J. TIMAR and Z. ELEKES,2023-10-18,105tc
43,63,Tc,,,,,,0.0,,,(1 2),35.6,,6,s,35.6,0.6,B-,100.0,,,,,,,,,,,,,6547.0,11.0,-1913.0277,12.2883,-5902.9035,12.5045,-3648.25,15.27,5561.2672,37.3008,9734.436,15.2306,8506.557,0.1156,105914356.674,13.15,-79776.253,12.25,N,1965.0,1-May-2007,D. DE FRENNE AND A. NEGRET,2023-10-18,106tc
43,64,Tc,,,,,,0.0,,,(3/2-),21.2,,2,s,21.2,0.2,B-,100.0,,,,,,,,,,,,,5112.5985,11.7243,-498.0325,9.9433,-6146.2153,9.5125,-6204.992,12.66,7045.0325,14.828,9910.9349,12.5922,8492.8979,0.0811,106915458.437,9.31,-78749.967,8.673,N,1965.0,1-Mar-2008,Jean Blachot,2023-10-18,107tc
43,65,Tc,,,,,,0.0,,,(2)+,5.17,,7,s,5.17,0.07,B-,100.0,,,,,,,,,,,,,7738.5736,11.7903,-131.5831,11.7903,-6536.7498,8.9487,-5173.534,12.726,5244.1816,11.7903,10666.8267,12.7262,8462.8172,0.0812,107918493.493,9.413,-75922.831,8.769,N,1970.0,1-Jul-2008,Jean Blachot,2023-10-18,108tc
43,66,Tc,,,,,,0.0,,,(5/2+),0.91,,3,s,0.91,0.03,B-,100.0,,B-N,0.08,0.02,,,,,,,,,6455.6267,12.6574,1307.2575,12.4699,-6792.1978,10.4646,-7623.543,14.78,6431.316,12.532,10822.5021,13.3626,8444.1796,0.0887,108920254.107,10.38,-74282.828,9.669,N,1976.0,31-May-2016,S. KUMAR(a) and  J. CHEN(b) AND F.G. KONDEV,2023-10-18,109tc
43,67,Tc,,,,,,0.0,,,(2 3+),0.900,,13,s,0.9,0.013,B-,100.0,,B-N,0.04,0.02,,,,,,,,,9038.0654,12.5086,1632.5736,12.5209,-7256.8012,9.6006,-6498.75,26.01,4823.0531,13.0423,11664.25,14.6682,8411.2603,0.0863,109923741.263,10.195,-71034.564,9.497,N,1976.0,1-Aug-2011,G. G~URDAL and F.G. KONDEV,2023-10-18,110tc
43,68,Tc,,,,,,0.0,,,(5/2+),290,,20,ms,0.29,0.02,B-,100.0,,B-N,0.85,0.2,,,,,,,,,7760.65,13.8477,2976.6355,13.3464,-7725.7868,13.2705,-9084.862,16.437,6061.43,13.723,11777.832,26.4299,8390.0906,0.0953,110925898.966,11.359,-69024.675,10.582,N,1988.0,1-Feb-2008,Jean Blachot,2023-10-18,111tc
43,69,Tc,,,,,,0.0,,,(2+),271,,15,ms,0.271,0.015,B-,100.0,,B-N,1.5,0.2,,,,,,,,,10371.9409,11.0602,3455.0753,11.1321,-8138.6503,9.9142,-7778.932,200.076,4305.5747,11.9225,12608.0896,13.7253,8353.6217,0.0492,111929941.658,5.92,-65258.932,5.515,N,1990.0,1-Aug-2014,S. LALKOVSKI and  F.G. KONDEV,2023-10-18,112tc
43,70,Tc,,,,,,0.0,,,(5/2+),152,,8,ms,0.152,0.008,B-,100.0,,B-N,2.1,0.3,,,,,,,,,9056.2674,38.4285,4748.0062,10.1685,-8546.665,430.8291,-10161.549,300.019,5623.9347,6.4543,12621.0,200.0,8329.4652,0.0297,112932569.032,3.6,-62811.549,3.353,N,1992.0,20-JUL-2015,BALRAJ SINGH,2023-10-18,113tc
43,71,Tc,,,,,X,0.0,,160.0,(GE 4),100,,20,ms,0.1,0.02,B-,100.0,,B-N,,,,,,,,,,,11620.919,433.1594,5196.2041,434.8332,-8715.2955,943.6293,-8920.294,526.891,3860.0633,433.1577,13239.0,527.0,8290.2599,3.7995,113937090.0,465.0,-58600.294,433.145,N,1994.0,1-Jan-2012,Jean Blachot,2023-10-18,114tc
43,72,Tc,,,,,,0.0,,,,78,,2,ms,0.078,0.002,B-,100.0,,B-N,,,,,,,,,,,10309.0,197.0,6353.0,196.0,-9261.0,358.0,-11246.0,445.4,5268.0,475.0,13405.0,358.0,8264.0,2.0,114940100.0,210.0,-55796.0,196.0,Y,1994.0,20-JUL-2015,BALRAJ SINGH,2023-10-18,115tc
43,73,Tc,,,,,,0.0,,,,57,,3,ms,0.057,0.003,B-,100.0,,B-2N,,,B-N,,,,,,,,12855.0,298.0,6820.0,299.0,-9569.0,423.0,-10004.0,582.0,3488.0,357.0,13953.0,499.0,8223.0,3.0,115945020.0,320.0,-51214.0,298.0,Y,1997.0,20-JUL-2015,BALRAJ SINGH,2023-10-18,116tc
43,74,Tc,,,,,,0.0,,,,44.5,,30,ms,0.0445,0.003,B-,100.0,,B-N,,,B-2N,,,,,,,,11350.0,589.0,7858.0,400.0,-10355.0,565.0,-12451.0,640.3,4997.0,499.0,14218.0,640.0,8195.0,3.0,116948320.0,429.0,-48140.0,400.0,Y,1997.0,20-JUL-2015,BALRAJ SINGH,2023-10-18,117tc
43,75,Tc,,,,,,0.0,,,,30,,4,ms,0.03,0.004,B-,100.0,,B-N,,,B-2N,,,,,,,,13710.0,447.0,8128.0,589.0,-10755.0,640.0,-10920.0,640.3,3222.0,565.0,14890.0,640.0,8153.0,3.0,117953526.0,429.0,-43290.0,400.0,Y,2010.0,14-Jan-2022,BALRAJ SINGH,2023-10-18,118tc
43,76,Tc,,,,,,0.0,,,,22,,3,ms,0.022,0.003,B-,100.0,,B-N,,,B-2N,,,,,,,,11910.0,583.0,8759.0,539.0,-11715.0,707.0,-13590.0,583.0,4951.0,640.0,15088.0,707.0,8126.0,4.0,118956876.0,537.0,-40170.0,500.0,Y,2010.0,20-JUL-2015,BALRAJ SINGH,2023-10-18,119tc
43,77,Tc,,,,,,0.0,,,,21,,5,ms,0.021,0.005,B-,100.0,,B-2N,,,B-N,,,,,,,,14720.0,640.0,9009.0,583.0,-12194.0,583.0,,,2902.0,707.0,15709.0,583.0,8083.0,4.0,119962426.0,537.0,-35000.0,500.0,Y,2010.0,30-JUN-2017,BALRAJ SINGH,2023-10-18,120tc
43,78,Tc,,,,,,0.0,,,,22,,6,ms,0.022,0.006,B-,100.0,,B-N,,,B-2N,,,,,,,,13080.0,640.0,10109.0,640.0,,,,,4612.0,707.0,,,8054.0,4.0,120966140.0,537.0,-31540.0,500.0,Y,2015.0,31-MAY-2015,BALRAJ SINGH,2023-10-18,121tc
43,79,Tc,,,,,,0.0,,,,,,,,,,B-,100.0,,B-N,,,B-2N,,,,,,,,15475.0,583.0,10244.0,500.0,,,,,2836.0,583.0,,,8011.0,2.0,121971760.0,322.0,-26305.0,300.0,Y,2018.0,31-JAN-2021,BALRAJ SINGH,2023-10-18,122tc
44,41,Ru,,,,,,0.0,,,,450,GT,,ns,4.5e-07,,P,,,ECP,,,EC+B+,,,,,,,,,,,,-1595.0,707.0,15220.0,640.3,,,219.0,640.0,8027.0,6.0,84967117.0,537.0,-30630.0,500.0,Y,2013.0,31-MAR-2015,BALRAJ SINGH,2023-10-18,85ru
44,42,Ru,,,,,,0.0,,,0+,438,GT,,ns,4.38e-07,,EC+B+,,,ECP,,,,,,,,,,,,,,,-1825.0,565.0,11800.0,500.0,17211.0,640.0,1209.0,565.0,8133.0,5.0,85957305.0,429.0,-39770.0,400.0,Y,2013.0,31-MAR-2015,BALRAJ SINGH,2023-10-18,86ru
44,43,Ru,,,,,,0.0,,,,,,,,,,,,,,,,,,,,,,,,,,,,-1815.0,566.0,11960.052,400.022,14031.0,565.0,1449.0,500.0,8201.0,5.0,86950907.0,429.0,-45730.0,400.0,Y,1995.0,27-Jul-2015,T.D. Johnson and W.D. Kulp(a),2023-10-18,87ru
44,44,Ru,,,,,,0.0,,,0+,1.2,,+3-2,s,1.2,0.25,EC+B+,100.0,,ECP,,,,,,,,,,,-17479.0,500.0,,,-2594.0,423.0,7330.301,300.028,16681.0,500.0,3939.0,300.0,8298.0,3.0,87941664.0,322.0,-54340.0,300.0,Y,1994.0,1-Nov-2013,E.A. McCutchan and A.A. Sonzogni,2023-10-18,88ru
44,45,Ru,,,,,,0.0,,,(9/2+),1.32,,3,s,1.32,0.03,EC+B+,100.0,,ECP,3.1,0.2,,,,,,,,,-12719.0,361.0,-29581.0,400.0,-3284.5795,28.9364,9025.433,24.518,12101.0,301.0,3988.0935,24.5632,8340.376,0.2721,88937337.849,26.0,-58369.424,24.219,N,1992.0,30-Nov-2021,Balraj Singh,2023-10-18,89ru
44,46,Ru,,,,,,0.0,,,0+,11.7,,9,s,11.7,0.9,EC+B+,100.0,,,,,,,,,,,,,-13250.0,200.0,-27304.0,361.0,-3197.7899,4.7446,5840.895,3.868,14585.6952,24.5045,4777.9155,5.3387,8409.7684,0.0414,89930344.378,4.004,-64883.801,3.73,N,1991.0,1-Mar-2020,S. K. Basu and  E.A. MCCUTCHAN,2023-10-18,90ru
44,47,Ru,,,,,,0.0,,,(9/2+),8.0,,4,s,8.0,0.4,EC+B+,100.0,,,,,,,,,,,,,-9670.0,298.0,-24677.0,200.0,-3779.9314,3.6188,7746.824,3.243,11427.3497,4.3414,4804.1076,2.4458,8442.9287,0.0244,90926741.53,2.384,-68239.833,2.221,N,1983.0,1-Sep-2013,Coral M. Baglin,2023-10-18,91ru
44,48,Ru,,,,,,0.0,,,0+,3.65,,5,m,219.0,3.0,EC+B+,100.0,,,,,,,,,,,,,-11302.1155,5.1531,-23803.0,298.0,-4039.5737,4.6875,4624.492,4.124,14132.6961,3.5099,5603.5245,3.6014,8504.774,0.0295,91920234.373,2.917,-74301.211,2.718,N,1971.0,15-Sep-2012,CORAL M. BAGLIN,2023-10-18,92ru
44,49,Ru,,,,,,0.0,,,(9/2)+,59.7,,6,s,59.7,0.6,EC+B+,100.0,,,,,,,,,,,,,-8204.9136,3.3425,-22288.9461,4.8405,-4626.695,4.4237,6389.393,2.3,10986.8305,3.4133,5579.9913,3.7266,8531.4627,0.0222,92917104.442,2.216,-77216.723,2.065,N,1972.0,15-Dec-2010,CORAL M. BAGLIN,2023-10-18,93ru
44,50,Ru,,,,,,0.0,,,0+,51.8,,6,m,3108.0,36.0,EC+B+,100.0,,,,,,,,,12.4,0.17,,,-9675.9789,4.615,-21643.1107,4.0974,-4836.0038,4.6763,1574.73,5.14,13438.197,3.7606,6266.4572,3.3021,8583.662,0.0334,93911342.86,3.374,-82583.602,3.143,N,1952.0,1-Jan-2006,D. Abriola(a) and  A.A. Sonzogni,2023-10-18,94ru
44,51,Ru,,,,,,0.0,,,5/2+,1.643,,13,h,5914.8,46.8,EC+B+,100.0,,,,,,,,,0.861,0.007,,,-5117.1423,10.2656,-18621.4535,10.0848,-3673.8405,11.3665,2563.596,10.775,8945.4746,10.0082,6588.3981,10.3361,8587.4706,0.1,94910404.415,10.2,-83457.759,9.502,N,1948.0,30-Jun-2009,S. K. Basu and  G. Mukherjee and  A. A. Sonzogni,2023-10-18,95ru
44,52,Ru,4.3908,0.0047,5.54,0.14,,0.0,,,0+,STABLE,,,,,,,,,,,,,,,,2.3,0.3,-0.15,0.08,-6392.6529,10.0,-15811.0867,3.8895,-1696.7139,0.2313,-258.737,5.149,10693.9444,9.5004,7348.0013,5.0798,8609.413,0.0018,95907588.91,0.182,-86080.385,0.17,N,1931.0,1-Apr-2008,D. Abriola(a) and  A.A. Sonzogni,2023-10-18,96ru
44,53,Ru,,,,,,0.0,,,5/2+,2.83,,23,d,244512.0,19872.0,EC+B+,100.0,,,,,,,,,-0.787,0.008,,,-3523.0,35.3553,-14504.1501,10.3732,-1738.4011,2.7686,1103.872,4.959,8111.4972,2.7574,7587.8871,5.8386,8604.2799,0.0285,96907545.776,2.965,-86120.564,2.763,N,1946.0,19-Nov-2009,N. NICA,2023-10-18,97ru
44,54,Ru,4.4229,0.0055,1.87,0.03,,0.0,,,0+,STABLE,,,,,,,,,,,,,,,,,,,,-5049.6529,10.0,-13698.6252,36.0471,-2235.708,6.464,-1792.657,7.293,10175.6252,7.0282,8289.406,7.6627,8620.314,0.0659,97905286.709,6.937,-88224.871,6.463,N,1944.0,15-Feb-2020,Jun Chen and  Balraj Singh,2023-10-18,98ru
44,55,Ru,4.4338,0.0042,12.76,0.14,,0.0,,,5/2+,STABLE,,,,,,,,,,,,,,,,,,0.079,0.004,-2040.8632,19.4529,-12521.4844,11.9113,-2338.4283,0.3639,-297.516,0.971,7471.8315,6.4715,8482.142,3.3929,8608.7132,0.0035,98905930.284,0.368,-87625.385,0.343,N,1931.0,1-Jul-2017,E. BROWNE and  J. K. TULI,2023-10-18,99ru
44,56,Ru,4.4531,0.0031,12.6,0.07,,0.0,,,0+,STABLE,,,,,,,,,,,,,,,,,,,,-3636.2612,18.1231,-11714.1876,19.4529,-2857.4178,0.3617,-3206.44,1.39,9673.3245,0.0257,9188.4931,0.9451,8619.3593,0.0034,99904210.46,0.367,-89227.391,0.342,N,1931.0,31-Jan-2021,Balraj Singh and Jun Chen,2023-10-18,100ru
44,57,Ru,4.4606,0.002,17.06,0.02,,0.0,,,5/2+,STABLE,,,,,,,,,,,,,,,,-0.718,0.006,0.46,0.02,-545.6846,5.8518,-10438.3007,18.1246,-2838.3281,0.4434,-1613.52,24.0,6802.0395,0.2348,9226.1326,1.3955,8601.366,0.0041,100905573.086,0.443,-87958.113,0.413,N,1931.0,1-Jul-2006,JEAN BLACHOT,2023-10-18,101ru
44,58,Ru,4.4809,0.0018,31.55,0.14,,0.0,,,0+,STABLE,,,,,,,,,,,,,,,,,,,,-2323.1187,6.396,-9765.3248,5.852,-3415.3703,0.4495,-4533.514,9.175,9219.6402,0.05,10050.8132,24.0001,8607.4275,0.0041,101904340.312,0.446,-89106.435,0.416,N,1931.0,31-Dec-2008,D. DE FRENNE,2023-10-18,102ru
44,59,Ru,,,,,,0.0,,,3/2+,39.247,,13,d,3390940.8,1123.2,B-,100.0,,,,,,,,,0.206,0.003,0.62,0.02,764.5378,2.2598,-8555.1696,6.3977,-3721.9773,0.4947,-2663.248,9.82,6232.0509,0.1478,9983.2173,9.1647,8584.3656,0.0043,102906314.846,0.473,-87267.168,0.441,N,1945.0,1-Mar-2009,D. DE FRENNE,2023-10-18,103ru
44,60,Ru,4.5098,0.002,18.62,0.27,,0.0,,,0+,STABLE,,,,,,,,,,,,,,,,,,,,-1136.4195,3.3643,-8135.3761,3.3633,-4327.6506,2.4953,-5596.794,25.011,8899.9139,2.4916,10780.8143,9.4868,8587.3998,0.024,103905425.312,2.682,-88095.763,2.498,N,1931.0,30-Mar-2007,JEAN BLACHOT,2023-10-18,104ru
44,61,Ru,,,,,,0.0,,,3/2+,4.439,,11,h,15980.4,39.6,B-,100.0,,,,,,,,,-0.32,,,,1916.7271,2.8508,-7046.517,3.365,-4839.5072,2.4972,-3648.24,35.35,5910.0975,0.1118,10724.545,24.9371,8561.9016,0.0238,104907745.478,2.683,-85934.543,2.499,N,1945.0,1-Apr-2019,S. LALKOVSKI and  J. TIMAR and Z. ELEKES,2023-10-18,105ru
44,62,Ru,,,,,,0.0,,,0+,371.8,,18,d,32123520.0,155520.0,B-,100.0,,,,,,,,,0.6,0.2,,,39.4038,0.2121,-6543.3005,5.6951,-5187.3028,9.9011,-6547.0,13.3,8460.0277,5.4773,11325.9202,35.642,8560.9406,0.0509,105907328.181,5.787,-86323.253,5.391,N,1948.0,1-May-2007,D. DE FRENNE AND A. NEGRET,2023-10-18,106ru
44,63,Ru,,,,,,0.0,,,(5/2)+,3.75,,5,m,225.0,3.0,B-,100.0,,,,,,,,,,,,,3001.1457,14.8473,-5571.2272,9.9429,-5333.1499,12.6599,-5112.598,12.265,5610.631,9.9433,11375.284,14.828,8533.3676,0.0811,106909969.837,9.31,-83862.565,8.673,N,1951.0,1-Mar-2008,Jean Blachot,2023-10-18,107ru
44,64,Ru,,,,,,0.0,,,0+,4.55,,5,m,273.0,3.0,B-,100.0,,,,,,,,,0.43,0.08,,,1369.7517,16.4699,-4869.0109,14.8516,-5742.5722,12.4256,-7738.573,12.338,7870.1566,11.7243,12200.4082,11.7243,8527.2267,0.0804,107910185.793,9.318,-83661.404,8.68,N,1955.0,1-Jul-2008,Jean Blachot,2023-10-18,108ru
44,65,Ru,,,,,,0.0,,,(5/2+),34.4,,2,s,34.4,0.2,B-,100.0,,,,,,,,,,,,,4260.7958,9.8229,-3778.6175,16.6158,-5832.5835,12.7263,-6455.627,13.178,5148.3692,11.9235,12104.5958,11.9885,8496.228,0.0821,108913323.707,9.612,-80738.455,8.954,N,1967.0,31-May-2016,S. KUMAR(a) and  J. CHEN(b) AND F.G. KONDEV,2023-10-18,109ru
44,66,Ru,,,,,,0.0,,,0+,12.04,,17,s,12.04,0.17,B-,100.0,,,,,,,,,0.84,0.12,,,2756.0638,19.4044,-3144.6961,9.7953,-6369.5417,12.7668,-9038.065,13.032,7405.4918,12.1066,13078.7716,12.6451,8486.3123,0.0811,109914038.501,9.58,-80072.629,8.924,N,1970.0,1-Aug-2011,G. G~URDAL and F.G. KONDEV,2023-10-18,110ru
44,67,Ru,,,,,,0.0,,,5/2+,2.12,,7,s,2.12,0.07,B-,100.0,,,,,,,,,,,,,5518.5456,11.8621,-2027.9507,20.225,-6665.2664,13.3718,-7760.65,14.34,4784.0145,12.6453,13039.7329,13.0423,8452.9582,0.0872,110917567.566,10.394,-76785.325,9.682,N,1971.0,1-Feb-2008,Jean Blachot,2023-10-18,111ru
44,68,Ru,,,,,,0.0,,,0+,1.75,,7,s,1.75,0.07,B-,100.0,,,,,,,,,0.9,0.2,,,4100.179,45.1185,-1398.32,11.7947,-7306.4913,13.3121,-10371.941,11.071,6916.8656,13.1076,13895.1685,13.7852,8439.2431,0.0857,111918806.922,10.305,-75630.873,9.6,N,1970.0,1-Aug-2014,S. LALKOVSKI and  F.G. KONDEV,2023-10-18,112ru
44,69,Ru,,,,,,0.0,,,(1/2+),0.80,,5,s,0.8,0.05,B-,100.0,,,,,,,,,,,,,6899.1276,38.9406,-208.0823,58.3869,-7633.4473,39.8807,-9056.267,38.429,4308.2612,39.3223,13897.8551,38.6746,8402.6857,0.3388,112922846.729,41.097,-71867.816,38.282,N,1988.0,1-May-2009,Jean Blachot,2023-10-18,113ru
44,70,Ru,,,,,,0.0,,,0+,0.54,,3,s,0.54,0.03,B-,100.0,,,,,,,,,,,,,5489.0622,71.6432,474.4127,7.8737,-8110.3143,24.4788,-11620.919,433.16,6424.7149,38.4467,14698.6353,4.8875,8385.3351,0.0312,113924614.43,3.817,-70221.213,3.556,N,1991.0,1-Jan-2012,Jean Blachot,2023-10-18,114ru
44,71,Ru,,,,,,0.0,,,(3/2+),318,,19,ms,0.318,0.019,B-,100.0,,B-N,,,,,,,,,,,8123.9327,26.1788,1533.6616,75.8513,-8590.3979,28.134,-10309.296,197.609,3955.4006,25.3854,14793.9726,433.8752,8346.814,0.2188,114929033.049,27.016,-66105.296,25.166,N,1992.0,1-Sep-2012,JEAN BLACHOT,2023-10-18,115ru
44,72,Ru,,,,,,0.0,,,0+,204,,6,ms,0.204,0.006,B-,100.0,,B-N,,,,,,,,,,,6666.8252,73.9257,2088.993,8.2128,-9014.0,200.0,-12854.917,298.023,6034.9397,25.4401,15561.0,196.0,8326.884,0.0321,115931219.191,4.0,-64068.917,3.726,N,1994.0,10-AUG-2013,B. SINGH and B. PRITYCHENKO,2023-10-18,116ru
44,73,Ru,,,,,,0.0,,,,151,,3,ms,0.151,0.003,B-,100.0,,B-N,,,,,,,,,,,9406.8875,433.2361,3174.5535,439.3922,-9265.0,527.0,-11349.871,589.588,3492.2718,433.1608,15565.0,526.0,8285.5625,3.7021,116936135.0,465.0,-59489.871,433.145,N,1994.0,31-JUL-2015,BALRAJ SINGH,2023-10-18,117ru
44,74,Ru,,,,,,0.0,,,0+,99,,3,ms,0.099,0.003,B-,100.0,,B-N,4.6,,,,,,,,,,7887.0,202.0,3825.0,200.0,-9745.0,361.0,-13710.0,447.2,5581.0,477.0,16149.0,447.0,8263.0,2.0,117938808.0,215.0,-57000.0,200.0,Y,1994.0,14-Jan-2022,BALRAJ SINGH,2023-10-18,118ru
44,75,Ru,,,,,,0.0,,,,69.5,,20,ms,0.0695,0.002,B-,100.0,,B-N,,,B-2N,,,,,,,,10743.0,300.0,4736.0,301.0,-9955.0,500.0,-11910.0,583.0,3151.0,361.0,16079.0,500.0,8220.0,3.0,118944090.0,322.0,-52080.0,300.0,Y,1997.0,20-JUL-2015,BALRAJ SINGH,2023-10-18,119ru
44,76,Ru,,,,,,0.0,,,0+,45,,2,ms,0.045,0.002,B-,100.0,,B-N,,,,,,,,,,,8899.0,447.0,5031.0,400.0,-10935.0,640.0,-14720.0,640.3,5712.0,500.0,16840.0,640.0,8199.0,3.0,119946623.0,429.0,-49720.0,400.0,Y,2010.0,30-JUN-2017,BALRAJ SINGH,2023-10-18,120ru
44,77,Ru,,,,,,0.0,,,,29,,2,ms,0.029,0.002,B-,100.0,,B-N,,,B-2N,,,,,,,,11630.0,737.0,5928.0,447.0,-11356.0,640.0,-13080.0,640.3,2971.0,565.0,16909.0,640.0,8156.0,3.0,120952098.0,429.0,-44620.0,400.0,Y,2010.0,20-JUL-2015,BALRAJ SINGH,2023-10-18,121ru
44,78,Ru,,,,,,0.0,,,0+,25,,1,ms,0.025,0.001,B-,100.0,,B-N,,,B-2N,,,,,,,,10099.0,583.0,6399.0,796.0,-11835.0,707.0,-15475.0,583.0,5231.0,640.0,17529.0,707.0,8132.0,4.0,121955147.0,537.0,-41780.0,500.0,Y,2010.0,20-JUL-2015,BALRAJ SINGH,2023-10-18,122ru
44,79,Ru,,,,,,0.0,,,,19,,2,ms,0.019,0.002,B-,100.0,,B-N,,,B-2N,,,,,,,,12640.0,640.0,7258.0,583.0,-12395.0,583.0,,,2841.0,707.0,17534.0,583.0,8089.0,4.0,122960762.0,537.0,-36550.0,500.0,Y,2010.0,15-Apr-2021,Jun Chen,2023-10-18,123ru
44,80,Ru,,,,,,0.0,,,0+,15,,3,ms,0.015,0.003,B-,100.0,,B-N,,,B-2N,,,,,,,,11120.0,721.0,7529.0,721.0,,,,,5111.0,781.0,,,8065.0,5.0,123963940.0,644.0,-33590.0,600.0,Y,2010.0,20-JUL-2015,BALRAJ SINGH,2023-10-18,124ru
44,81,Ru,,,,,,0.0,,,,,,,,,,B-,100.0,,B-2N,,,B-N,,,,,,,,13460.0,583.0,8269.0,500.0,,,,,2851.0,671.0,,,8023.0,2.0,124969544.0,322.0,-28370.0,300.0,Y,2018.0,31-JAN-2021,BALRAJ SINGH,2023-10-18,125ru
45,44,Rh,,,,,,0.0,,,,120,LT,,ns,1.2e-07,,P,,,EC+B+,,,ECP,,,,,,,,,,,,-2226.0,538.0,12718.424,361.811,16862.0,538.0,-1400.0,200.0,8189.0,4.0,88950992.0,387.0,-45651.0,361.0,Y,,30-Nov-2021,Balraj Singh,2023-10-18,89rh
45,45,Rh,,,,,,0.0,,,(0+),29,,3,ms,0.029,0.003,EC+B+,100.0,,ECP,0.7,,,,,,,,,,-11924.0,447.0,,,-2488.0,361.0,13249.801,200.035,14054.0,412.0,553.0,201.0,8254.0,2.0,89944569.0,215.0,-51634.0,200.0,Y,1994.0,1-Mar-2020,S. K. Basu and  E.A. MCCUTCHAN,2023-10-18,90rh
45,46,Rh,,,,,,0.0,,,(9/2+),1.47,,22,s,1.47,0.22,EC+B+,100.0,,B+P,1.3,0.5,,,,,,,,,-12400.0,300.0,-26931.0,499.0,-3304.0,298.0,9669.833,298.008,15007.0,359.0,975.0,298.0,8328.0,3.0,90937123.0,320.0,-58570.0,298.0,Y,1994.0,1-Sep-2013,Coral M. Baglin,2023-10-18,91rh
45,47,Rh,,,,,,0.0,,,(GE6+),4.66,,25,s,4.66,0.25,EC+B+,100.0,,B+P,1.9,,,,,,,,,,-8220.0,345.0,-24901.0,423.0,-3753.7096,5.9971,11302.116,5.153,12501.0,298.0,2048.2336,4.9091,8373.4211,0.0476,91932367.692,4.7,-62999.095,4.378,N,1994.0,15-Sep-2012,CORAL M. BAGLIN,2023-10-18,92rh
45,48,Rh,,,,,,0.0,,,(9/2+),12.2,,7,s,12.2,0.7,EC+B+,100.0,,,,,,,,,,,,,-10030.0,370.0,-22304.0324,345.0378,-4041.8688,4.6363,8204.913,3.343,14084.0324,5.1065,1999.5699,3.7811,8434.8255,0.0283,92925912.778,2.821,-69011.81,2.629,N,1994.0,15-Dec-2010,CORAL M. BAGLIN,2023-10-18,93rh
45,49,Rh,,,,,,0.0,,,(4+),70.6,,6,s,70.6,0.6,EC+B+,100.0,,ECP,1.8,0.5,,,,,,,,,-6805.3428,5.4588,-21997.1318,370.0248,-4607.843,3.5311,9675.979,4.615,11967.1318,4.2812,2979.8712,3.9601,8472.4033,0.0359,93921730.45,3.627,-72907.623,3.379,N,1979.0,1-Jan-2006,D. Abriola(a) and  A.A. Sonzogni,2023-10-18,94rh
45,50,Rh,,,,,,0.0,,,9/2+,5.02,,10,m,301.2,6.0,EC+B+,100.0,,,,,,,,,10.9,0.3,,,-8374.7035,4.9281,-20309.654,5.7861,-4778.875,4.5477,5117.143,10.266,13504.3112,5.1495,3045.9853,4.9978,8525.3707,0.0409,94915897.893,4.171,-78340.616,3.886,N,1967.0,30-Jun-2009,S. K. Basu and  G. Mukherjee and  A. A. Sonzogni,2023-10-18,95rh
45,51,Rh,,,,,,0.0,,,6+,9.90,,10,m,594.0,6.0,EC+B+,100.0,,,,,,,,,,,,,-3504.3127,10.8442,-17793.1374,10.4495,-3186.9451,10.4716,6392.653,10.002,9418.4338,10.7298,3518.9445,13.7934,8534.6735,0.1042,95914451.705,10.737,-79687.732,10.001,N,1967.0,1-Apr-2008,D. Abriola(a) and  A.A. Sonzogni,2023-10-18,96rh
45,52,Rh,,,,,,0.0,,,9/2+,30.7,,6,m,1842.0,36.0,EC+B+,100.0,,,,,,,,,,,,,-4791.7118,35.7924,-14485.4628,35.7099,-1416.364,35.4776,3523.0,35.5,10981.1501,36.8457,3806.1502,35.4627,8559.8949,0.3656,96911327.872,38.071,-82597.564,35.463,N,1955.0,19-Nov-2009,N. NICA,2023-10-18,97rh
45,53,Rh,,,,,,0.0,,,(2)+,8.72,,12,m,523.2,7.2,EC+B+,100.0,,,,,,,,,,,,,-1854.2331,12.8161,-13440.6841,12.8541,-1441.8027,12.5832,5049.652,13.547,8648.9723,37.4085,4343.6253,12.2228,8560.8038,0.1215,97910707.734,12.782,-83175.219,11.906,N,1955.0,15-Feb-2020,Jun Chen and  Balraj Singh,2023-10-18,98rh
45,54,Rh,,,,,,0.0,,,1/2-,16.1,,2,d,1391040.0,17280.0,EC+B+,100.0,,,,,,,,,5.62,0.06,,,-3401.6603,18.9153,-12334.8543,20.0203,-1988.0827,20.1023,2040.863,19.454,10480.6212,22.8055,4648.6213,20.4961,8580.1959,0.1965,98908121.241,20.881,-85584.522,19.451,N,1952.0,1-Jul-2017,E. BROWNE and  J. K. TULI,2023-10-18,99rh
45,55,Rh,,,,,,0.0,,,1-,20.5,,3,h,73800.0,1080.0,EC+B+,100.0,,,,,,,,,4.69,0.14,0.153,0.018,-378.4577,25.2879,-11479.5867,18.8309,-2194.3977,18.8416,3636.261,18.128,8077.9264,26.5862,5254.7162,18.1231,8575.1732,0.1813,99908114.147,19.458,-85591.13,18.125,N,1948.0,31-Jan-2021,Balraj Singh and Jun Chen,2023-10-18,100rh
45,56,Rh,,,,,,0.0,,,1/2-,3.3,,3,Y,104137855.7161536,9467077.7923776,EC,100.0,,,,,,,,,5.43,0.06,,,-1980.2833,3.9027,-10271.0737,18.5779,-2612.9074,7.1447,545.685,5.856,9892.6161,19.0424,5474.0078,5.8483,8588.2172,0.0578,100906158.903,6.27,-87412.428,5.841,N,1948.0,1-Jul-2006,JEAN BLACHOT,2023-10-18,101rh
45,57,Rh,,,,,,0.0,,,(1- 2-),207.3,,17,d,17910720.0,146880.0,EC+B+,78.0,5.0,B-,22.0,5.0,,,,,0.5,0.4,,,1119.647,6.3962,-9422.4894,7.881,-2776.0181,7.2441,2323.119,6.423,7442.2061,8.6692,6114.1745,6.3962,8576.9818,0.0628,101906834.282,6.88,-86783.316,6.41,N,1941.0,31-Dec-2008,D. DE FRENNE,2023-10-18,102rh
45,58,Rh,4.4945,0.0023,100.0,,,0.0,,,1/2-,STABLE,,,,,,,,,,,,,,,,-0.08829,3e-05,,,-574.7252,2.3928,-8200.0605,2.2649,-3128.7521,2.4642,-764.537,2.343,9319.7075,6.785,6214.2417,2.2644,8584.1927,0.0223,102905494.081,2.47,-88031.705,2.301,N,1934.0,1-Mar-2009,D. DE FRENNE,2023-10-18,103rh
45,59,Rh,,,,,,0.0,,,1+,42.3,,4,s,42.3,0.4,B-,99.55,0.1,EC+B+,0.45,0.1,,,,,2.0,0.06,,,2435.7789,2.6595,-7573.6818,2.3941,-3363.3087,2.6606,1136.419,3.398,6998.9566,0.0814,6981.1474,2.2612,8568.9501,0.0221,103906645.309,2.471,-86959.344,2.303,N,1939.0,30-Mar-2007,JEAN BLACHOT,2023-10-18,104rh
45,60,Rh,,,,,,0.0,,,7/2+,35.341,,19,h,127227.6,68.4,B-,100.0,,,,,,,,,4.41,0.05,,,566.6347,2.3459,-6527.4652,2.4481,-3931.5933,24.1321,-1916.727,3.536,8963.2442,3.3884,7044.4777,2.851,8572.7053,0.0238,104905687.787,2.685,-87851.27,2.502,N,1945.0,1-Apr-2019,S. LALKOVSKI and  J. TIMAR and Z. ELEKES,2023-10-18,105rh
45,61,Rh,,,,,,0.0,,,1+,30.07,,35,s,30.07,0.35,B-,100.0,,,,,,,,,2.55,0.03,,,3544.8865,5.3348,-6016.0696,5.3406,-4214.6509,10.4317,-39.403,7.623,6582.7043,5.6941,7717.0845,5.4767,8553.9317,0.0508,105907285.879,5.786,-86362.656,5.39,N,1947.0,1-May-2007,D. DE FRENNE AND A. NEGRET,2023-10-18,106rh
45,62,Rh,,,,,,0.0,,,7/2+,21.7,,4,m,1302.0,24.0,B-,100.0,,,,,,,,,,,,,1508.9427,12.1108,-5027.4864,12.1016,-4684.7068,15.5393,-3001.146,14.847,8572.3729,13.2013,7829.4297,13.2018,8554.104,0.1126,106906747.975,12.937,-86863.711,12.051,N,1951.0,1-Mar-2008,Jean Blachot,2023-10-18,107rh
45,63,Rh,,,,,,0.0,,,1+,16.8,,5,s,16.8,0.5,B-,100.0,,,,,,,,,,,,,4493.0596,14.0405,-4729.8199,14.0484,-4957.1026,28.5525,-1369.752,16.47,6238.7626,18.4699,8457.5613,16.466,8532.6657,0.1296,107908715.304,15.026,-85031.156,13.997,N,1955.0,1-Jul-2008,Jean Blachot,2023-10-18,108rh
45,64,Rh,,,,,,0.0,,,7/2+,80.8,,7,s,80.8,0.7,B-,100.0,,,,,,,,,,,,,2607.2327,4.1874,-3546.3538,4.1858,-5137.8635,35.4935,-4260.796,9.823,8039.4133,14.5507,8626.818,9.574,8528.1404,0.0371,108908749.555,4.336,-84999.251,4.04,N,1972.0,31-May-2016,S. KUMAR(a) and  J. CHEN(b) AND F.G. KONDEV,2023-10-18,109rh
45,65,Rh,,,,,,0.0,,,(1+),3.35,,12,s,3.35,0.12,B-,100.0,,,,,,,,,,,,,5502.2116,17.7967,-3293.5271,17.8385,-5477.3562,21.5959,-2756.064,19.916,5900.7599,18.2454,9379.2087,19.8873,8504.2551,0.1619,109911079.745,19.114,-82828.693,17.805,N,1963.0,1-Aug-2011,G. G~URDAL and F.G. KONDEV,2023-10-18,110rh
45,66,Rh,,,,,,0.0,,,(7/2+),11,,1,s,11.0,1.0,B-,100.0,,,,,,,,,,,,,3682.0153,6.8899,-2044.2846,6.8782,-5978.8199,11.0534,-5518.546,11.862,7546.4963,19.0773,9520.2131,11.2519,8495.6267,0.0617,110911643.164,7.356,-82303.871,6.853,N,1975.0,1-Feb-2008,Jean Blachot,2023-10-18,111rh
45,67,Rh,,,,,,0.0,,,(1+),3.6,,3,s,3.6,0.3,B-,100.0,,,,,,,,,,,,,6589.9874,43.9269,-1816.4837,44.0907,-6233.1373,44.9491,-4100.179,45.118,5498.499,44.6022,10234.6975,45.1362,8468.8666,0.3936,111914405.199,47.327,-79731.052,44.085,N,1972.0,1-Aug-2014,S. LALKOVSKI and  F.G. KONDEV,2023-10-18,112rh
45,68,Rh,,,,,,0.0,,,(7/2+),2.80,,12,s,2.8,0.12,B-,100.0,,,,,,,,,,,,,4823.5559,9.8809,-517.2225,9.6121,-6909.0311,12.0153,-6899.128,38.941,7107.2099,44.6458,10425.0419,11.9592,8456.8165,0.0631,112915440.212,7.656,-78766.944,7.132,N,1971.0,1-May-2009,Jean Blachot,2023-10-18,113rh
45,69,Rh,,,,,,0.0,,,1+,1.85,,5,s,1.85,0.05,B-,100.0,,,,,,,,,,,,,7780.0712,71.8915,-191.0936,71.8914,-7100.6275,72.1886,-5489.062,71.649,5014.6495,71.9095,11131.4302,81.1573,8426.6221,0.6277,113918721.68,76.824,-75710.275,71.561,N,1988.0,1-Jan-2012,Jean Blachot,2023-10-18,114rh
45,70,Rh,,,,,,0.0,,,(7/2+),0.99,,5,s,0.99,0.05,B-,100.0,,,,,,,,,,,,,6196.5938,15.3503,1189.8002,10.0152,-7629.4686,12.866,-8123.932,26.209,6590.2711,71.9282,11296.9863,8.0417,8410.6538,0.0636,114920311.649,7.857,-74229.228,7.319,N,1988.0,1-Sep-2012,JEAN BLACHOT,2023-10-18,115rh
45,71,Rh,,,,,,0.0,,,1+,0.68,,6,s,0.68,0.06,B-,100.0,,,,,,,,,,,,,9095.2839,74.169,1618.7616,75.0582,-7901.7262,74.0374,-6666.825,73.926,4577.8322,74.187,11919.4179,77.9965,8377.6123,0.6365,115924062.06,79.261,-70735.742,73.832,N,1970.0,1-Dec-2009,Jean Blachot,2023-10-18,116rh
45,72,Rh,,,,,,0.0,,,(7/2+),0.44,,4,s,0.44,0.04,B-,100.0,,,,,,,,,,,,,7527.1313,11.4108,2862.9499,11.3325,-8510.1255,9.5057,-9406.887,433.236,6232.334,74.3589,12116.8123,9.6434,8359.2766,0.076,116926036.291,9.548,-68896.758,8.895,N,1991.0,1-Mar-2009,JEAN BLACHOT,2023-10-18,117rh
45,73,Rh,,,,,,0.0,,,,286,,10,ms,0.286,0.01,B-,100.0,,B-N,2.1,0.9,,,,,,,,,10501.5182,24.3424,3465.732,25.2676,-8711.4614,433.8223,-7886.84,201.46,4061.3992,25.7849,12685.9397,433.8223,8322.8539,0.2054,117930341.116,26.018,-64886.84,24.236,N,1994.0,14-Jan-2022,BALRAJ SINGH,2023-10-18,118rh
45,74,Rh,,,,,,0.0,,,(7/2+),171,,18,ms,0.171,0.018,B-,100.0,,B-N,6.4,1.6,,,,,,,,,8584.4751,12.4416,4494.2377,9.643,-9451.0,196.0,-10742.802,300.145,6007.2806,25.9642,13112.0,200.0,8303.3953,0.0783,118932556.951,10.0,-62822.802,9.315,N,1994.0,1-Dec-2008,D. M. SYMOCHKO and  E. BROWNE and  J. K. TULI,2023-10-18,119rh
45,75,Rh,,,,,,0.0,,,,132,,5,ms,0.132,0.005,B-,100.0,,B-N,5.4,,B-2N,,,,,,,,11660.0,200.0,4716.0,200.0,-9831.0,359.0,-8900.0,447.2,3868.0,200.0,13829.0,361.0,8266.0,2.0,119937069.0,215.0,-58620.0,200.0,Y,1994.0,30-JUN-2017,BALRAJ SINGH,2023-10-18,120rh
45,76,Rh,,,,,,0.0,,,,151,,+67-58,ms,0.151,0.0625,B-,100.0,,B-N,,,,,,,,,,,9932.203,619.4527,5958.1518,619.4478,-10535.0,737.0,-11630.134,737.368,5702.0,651.0,13819.0,737.0,8245.2397,5.1194,120939613.0,665.0,-56250.134,619.444,N,1994.0,20-Jan-2009,S. OHYA,2023-10-18,121rh
45,77,Rh,,,,,,0.0,,,,300,GT,,ns,3e-07,,B-,,,B-N,,,B-2N,,,,,,,,12737.0,301.0,6231.0,300.0,-11014.0,500.0,-10100.0,583.0,3701.0,688.0,14548.0,500.0,8208.0,2.0,121944305.0,322.0,-51880.0,300.0,Y,1997.0,30-NOV-2013,BALRAJ SINGH,2023-10-18,122rh
45,78,Rh,,,,,,0.0,,,,42.2,,18,ms,0.0422,0.0018,B-,100.0,,B-N,24.2,1.4,B-2N,,,,,,,,11239.0,885.0,7355.0,400.0,-11446.0,640.0,-12640.0,640.3,5382.0,500.0,14699.0,640.0,8185.0,3.0,122947192.0,429.0,-49190.0,400.0,Y,2010.0,15-Apr-2021,Jun Chen,2023-10-18,123rh
45,79,Rh,,,,,,0.0,,,,30,,2,ms,0.03,0.002,B-,100.0,,B-N,,,B-2N,,,,,,,,13690.0,500.0,7649.0,885.0,-12135.0,640.0,-11120.0,721.1,3591.0,565.0,15449.0,640.0,8148.0,3.0,123952002.0,429.0,-44710.0,400.0,Y,2010.0,20-JUL-2015,BALRAJ SINGH,2023-10-18,124rh
45,80,Rh,,,,,,0.0,,,,26.5,,20,ms,0.0265,0.002,B-,100.0,,B-N,,,B-2N,,,,,,,,12130.0,640.0,8499.0,583.0,-12714.0,707.0,-13460.0,583.0,5191.0,640.0,15529.0,781.0,8124.0,4.0,124955094.0,537.0,-41830.0,500.0,Y,2010.0,20-JUL-2015,BALRAJ SINGH,2023-10-18,125rh
45,81,Rh,,,,,,0.0,,,,19,,3,ms,0.019,0.003,B-,100.0,,B-N,,,B-2N,,,,,,,,14590.0,640.0,8688.0,640.0,-13320.0,583.0,,,3442.0,707.0,16120.0,583.0,8087.0,4.0,125960064.0,537.0,-37200.0,500.0,Y,2010.0,1-Oct-2021,H. Iimura and  J. Katakura and  S. Ohya,2023-10-18,126rh
45,82,Rh,,,,,,0.0,,,,20,,+20-7,ms,0.02,0.0135,B-,100.0,,B-N,,,B-2N,,,,,,,,13490.0,781.0,9988.0,721.0,,,,,4602.0,781.0,,,8060.0,5.0,126963789.0,644.0,-33730.0,600.0,Y,2015.0,31-MAY-2015,BALRAJ SINGH,2023-10-18,127rh
45,83,Rh,,,,,,0.0,,,,,,,,,,B-,100.0,,B-N,,,B-2N,,,,,,,,17050.0,583.0,11809.0,583.0,,,,,1681.0,671.0,,,8010.0,2.0,127970649.0,322.0,-27340.0,300.0,Y,2018.0,31-JAN-2021,BALRAJ SINGH,2023-10-18,128rh
46,44,Pd,,,,,,0.0,,,0+,,,,,,,EC+B+,100.0,,2P,,,ECP,,,,,,,,,,,,-2364.0,565.0,11924.0,447.2,,,1348.0,538.0,8113.0,4.0,89957370.0,429.0,-39710.0,400.0,Y,2016.0,1-Mar-2020,S. K. Basu and  E.A. MCCUTCHAN,2023-10-18,90pd
46,45,Pd,,,,,,0.0,,,,,,,,,,EC+B+,100.0,,,,,,,,,,,,,,,,,-2865.0,582.0,12400.0,517.4,14531.0,582.0,1825.0,468.0,8183.0,5.0,90950435.0,454.0,-46170.0,423.0,Y,1995.0,1-Sep-2013,Coral M. Baglin,2023-10-18,91pd
46,46,Pd,,,,,,0.0,,,0+,1.0,,+3-2,s,1.0,0.25,EC+B+,100.0,,,,,,,,,,,,,-17249.0,528.0,,,-2864.0,457.0,8220.0,345.0,16681.0,546.0,3499.0,456.0,8275.5695,3.7503,91941192.225,370.402,-54779.095,345.028,N,1994.0,15-Sep-2012,CORAL M. BAGLIN,2023-10-18,92pd
46,47,Pd,,,,,,0.0,,,(9/2+),1.00,,9,s,1.0,0.09,EC+B+,100.0,,ECP,,,,,,,,,,,-12582.0,545.0,-29523.0,545.0,-3037.3015,370.8011,10030.0,370.0,12274.0324,505.9161,3271.6854,370.0352,8318.5637,3.9786,92936680.426,397.221,-58981.81,370.009,N,1994.0,15-Dec-2010,CORAL M. BAGLIN,2023-10-18,93pd
46,48,Pd,,,,,,0.0,,,0+,9.0,,5,s,9.0,0.5,EC+B+,100.0,,,,,,,,,,,,,-13700.0,400.0,-27774.0,401.0,-3643.3953,5.6829,6805.342,5.459,15191.789,370.0342,4379.442,5.0289,8391.6832,0.0456,93929036.286,4.602,-66102.281,4.287,N,1982.0,1-Jan-2006,D. Abriola(a) and  A.A. Sonzogni,2023-10-18,94pd
46,49,Pd,,,,,,0.0,,,(9/2+),5,,3,s,5.0,3.0,EC+B+,100.0,,,,,,,,,,,,,-10060.0,400.0,-25635.0,400.0,-4150.9961,3.7563,8374.703,4.928,11934.9504,5.2466,4347.2606,4.5394,8428.9807,0.0319,94924888.506,3.253,-69965.913,3.031,N,1980.0,30-Jun-2009,S. K. Basu and  G. Mukherjee and  A. A. Sonzogni,2023-10-18,95pd
46,50,Pd,,,,,,0.0,,,0+,122,,2,s,122.0,2.0,EC+B+,100.0,,,,,,,,,10.97,0.06,,,-11671.7741,90.1814,-24349.0,400.0,-4307.1247,4.9979,3504.312,10.845,14288.8247,5.1708,5131.7742,5.7175,8490.0207,0.0437,95918213.739,4.502,-76183.42,4.194,N,1980.0,1-Apr-2008,D. Abriola(a) and  A.A. Sonzogni,2023-10-18,96pd
46,51,Pd,,,,,,0.0,,,(5/2+),3.10,,9,m,186.0,5.4,EC+B+,100.0,,,,,,,,,,,,,-6901.8255,12.9558,-21365.5251,90.214,-3014.0451,5.2655,4791.712,35.792,9693.751,6.4073,5407.0913,11.1127,8502.4303,0.0499,96916471.985,5.2,-77805.852,4.844,N,1969.0,19-Nov-2009,N. NICA,2023-10-18,97pd
46,52,Pd,,,,,,0.0,,,0+,17.7,,4,m,1062.0,24.0,EC+B+,100.0,,,,,,,,,,,,,-8254.5607,33.0975,-18488.2765,12.9181,-1162.2991,5.6892,1854.234,12.816,11586.451,6.7786,6012.3923,35.7788,8533.8999,0.0484,97912698.335,5.09,-81320.985,4.742,N,1955.0,15-Feb-2020,Jun Chen and  Balraj Singh,2023-10-18,98pd
46,53,Pd,,,,,,0.0,,,(5/2)+,21.4,,2,m,1284.0,12.0,EC+B+,100.0,,,,,,,,,,,,,-5470.3785,8.0829,-17187.7547,33.3012,-1150.0185,10.7859,3401.661,20.11,8933.194,6.9691,6296.6139,12.9555,8537.9332,0.0516,98911773.073,5.482,-82182.861,5.107,N,1955.0,1-Jul-2017,E. BROWNE and  J. K. TULI,2023-10-18,99pd
46,54,Pd,,,,,,0.0,,,0+,3.63,,9,d,313632.0,7776.0,EC,100.0,,,,,,,,,0.6,0.3,,,-7074.703,18.3319,-16571.5075,18.7166,-1557.2031,17.637,378.458,25.29,11101.129,18.361,6917.1217,26.2557,8563.5652,0.1764,99908520.438,18.934,-85212.672,17.637,N,1948.0,31-Jan-2021,Balraj Singh and Jun Chen,2023-10-18,100pd
46,55,Pd,,,,,,0.0,,,5/2+,8.47,,6,h,30492.0,216.0,EC+B+,100.0,,,,,,,,,-0.66,0.02,,,-4097.7606,6.6679,-15365.4934,6.7861,-1736.4963,5.3532,1980.283,7.427,8290.7904,18.2233,7129.9857,18.6966,8560.8644,0.0454,100908284.824,4.925,-85432.145,4.588,N,1948.0,1-Jul-2006,JEAN BLACHOT,2023-10-18,101pd
46,56,Pd,4.4827,0.0044,1.02,0.01,,0.0,,,0+,STABLE,,,,,,,,,,,,,,,,0.82,0.06,-0.2,0.15,-5656.2615,8.1816,-14639.8969,4.8562,-2103.0075,6.4759,-1119.647,6.424,10542.1364,4.6048,7779.5061,5.8522,8580.2887,0.0041,101905632.292,0.449,-87902.963,0.419,N,1935.0,31-Dec-2008,D. DE FRENNE,2023-10-18,102pd
46,57,Pd,,,,,,0.0,,,5/2+,16.991,,19,d,1468022.4,1641.6,EC,100.0,,,,,,,,,-1.05,0.06,,,-2654.2778,4.1916,-13281.5967,8.2179,-2256.5112,0.8098,574.725,2.463,7625.3353,0.7717,7962.6352,6.4426,8571.0173,0.0085,102906111.074,0.942,-87456.98,0.878,N,1950.0,1-Mar-2009,D. DE FRENNE,2023-10-18,103pd
46,58,Pd,4.5078,0.0027,11.14,0.08,,0.0,,,0+,STABLE,,,,,,,,,,,,,,,,0.89,0.06,-0.46,0.11,-4278.6529,4.0,-12663.7386,4.311,-2592.6475,1.3762,-2435.779,2.662,10009.4607,1.5948,8652.3885,2.6583,8584.8485,0.0129,103904030.393,1.434,-89395.123,1.336,N,1935.0,30-Mar-2007,JEAN BLACHOT,2023-10-18,104pd
46,59,Pd,4.515,0.003,22.33,0.08,,0.0,,,5/2+,STABLE,,,,,,,,,,,,,,,,-0.642,0.003,0.66,0.011,-1347.0564,4.6695,-11372.7529,4.0608,-2884.708,1.2057,-566.635,2.749,7094.1,0.7,8747.5319,2.5658,8570.6509,0.0108,104905079.479,1.222,-88417.905,1.138,N,1935.0,1-Apr-2019,S. LALKOVSKI and  J. TIMAR and Z. ELEKES,2023-10-18,105pd
46,60,Pd,4.5318,0.0029,27.33,0.03,,0.0,,,0+,STABLE,,,,,,,,,,,,,,,,0.79,0.05,-0.51,0.07,-2965.1434,2.8172,-10908.0125,4.6616,-3226.024,1.1759,-3544.887,5.502,9560.9561,0.2823,9345.2439,2.3555,8579.9934,0.0104,105903480.287,1.186,-89907.543,1.106,N,1935.0,1-May-2007,D. DE FRENNE AND A. NEGRET,2023-10-18,106pd
46,61,Pd,,,,,,0.0,,,5/2+,6.5E+6,,3,Y,205120018834848.0,9467077792377.6,B-,100.0,,,,,,,,,,,,,34.0458,2.3174,-9501.5725,2.8574,-3530.4021,1.2744,-1508.943,12.111,6536.429,0.4972,9298.9686,5.3572,8560.8946,0.0112,106905128.058,1.289,-88372.654,1.201,N,1958.0,1-Mar-2008,Jean Blachot,2023-10-18,107pd
46,62,Pd,4.5563,0.0027,26.46,0.09,,0.0,,,0+,STABLE,,,,,,,,,,,,,,,,0.69,0.04,-0.58,0.04,-1917.4238,2.6323,-9188.8337,2.6268,-3853.3677,2.733,-4493.059,14.041,9222.8795,1.6342,9949.4752,12.0,8567.0241,0.0103,107903891.806,1.189,-89524.215,1.108,N,1935.0,1-Jul-2008,Jean Blachot,2023-10-18,108pd
46,63,Pd,,,,,,0.0,,,5/2+,13.59,,12,h,48924.0,432.0,B-,100.0,,,,,,,,,,,,,1112.9469,1.4024,-8071.0103,2.6349,-4096.8567,2.7363,-2607.233,4.191,6153.5865,0.1477,9864.2991,14.041,8544.8825,0.0102,108905950.576,1.195,-87606.484,1.114,N,1937.0,31-May-2016,S. KUMAR(a) and  J. CHEN(b) AND F.G. KONDEV,2023-10-18,109pd
46,64,Pd,4.5782,0.003,11.72,0.09,,0.0,,,0+,STABLE,,,,,,,,,,,,,,,,,,,,-873.5982,1.3777,-7682.7918,1.3784,-4432.5678,5.4253,-5502.211,17.816,8795.7387,1.2563,10620.6245,4.0252,8547.163,0.0056,109905172.878,0.657,-88330.904,0.612,N,1935.0,1-Aug-2011,G. G~URDAL and F.G. KONDEV,2023-10-18,110pd
46,65,Pd,,,,,,0.0,,,5/2+,23.4,,2,m,1404.0,12.0,B-,100.0,,,,,,,,,,,,,2229.5607,1.5721,-6599.8982,1.4346,-4548.2367,8.7034,-3682.015,6.892,5726.3,0.4,10446.1646,17.8012,8521.7498,0.0066,110907690.358,0.785,-85985.886,0.731,N,1937.0,1-Feb-2008,Jean Blachot,2023-10-18,111pd
46,66,Pd,,,,,,0.0,,,0+,21.04,,17,h,75744.0,612.0,B-,100.0,,,,,,,,,,,,,262.6897,6.9799,-6176.9103,6.7034,-5084.5511,10.8718,-6589.987,44.568,8406.4711,6.5791,11306.1394,9.408,8520.7205,0.0584,111907330.557,7.027,-86321.039,6.546,N,1951.0,1-Aug-2014,S. LALKOVSKI and  F.G. KONDEV,2023-10-18,112pd
46,67,Pd,,,,,,0.0,,,(5/2+),93,,5,s,93.0,5.0,B-,100.0,,,,,,,,,,,,,3436.3252,18.0341,-5078.0887,7.3574,-5276.9603,11.333,-4823.556,9.956,5340.7784,9.4757,11148.4188,44.6166,8492.5795,0.0615,112910261.912,7.458,-83590.5,6.947,N,1954.0,1-May-2009,Jean Blachot,2023-10-18,113pd
46,68,Pd,,,,,,0.0,,,0+,2.42,,6,m,145.2,3.6,B-,100.0,,,,,,,,,0.5,0.2,,,1440.4642,8.3133,-4534.8396,18.0345,-5842.6333,11.3102,-7780.071,71.898,7971.1649,9.7483,12012.3738,9.8809,8488.0056,0.061,113910369.43,7.459,-83490.346,6.948,N,1958.0,1-Jan-2012,Jean Blachot,2023-10-18,114pd
46,69,Pd,,,,,,0.0,,,(1/2)+,25,,2,s,25.0,2.0,B-,100.0,,,,,,,,,,,,,4556.7647,21.6496,-3566.3294,14.2952,-6065.4124,16.6513,-6196.594,15.398,5006.7936,15.1774,12004.5179,72.8263,8457.7342,0.1178,114913659.333,14.543,-80425.822,13.547,N,1958.0,1-Sep-2012,JEAN BLACHOT,2023-10-18,115pd
46,70,Pd,,,,,,0.0,,,0+,11.8,,4,s,11.8,0.4,B-,100.0,,,,,,,,,0.4,0.2,,,2711.6378,7.8446,-2919.7576,19.6067,-6625.0692,11.9608,-9095.284,74.176,7476.5223,15.263,12890.7692,10.1443,8449.2755,0.0615,115914297.872,7.659,-79831.026,7.135,N,1970.0,1-Dec-2009,Jean Blachot,2023-10-18,116pd
46,71,Pd,,,,,,0.0,,,(5/2+),4.3,,3,s,4.3,0.3,B-,100.0,,,,,,,,,,,,,5758.0284,14.7674,-1952.5436,7.9539,-6980.9894,38.9633,-7527.132,11.479,4664.1814,10.1002,12977.1183,74.1809,8416.9243,0.062,116917955.584,7.788,-76423.89,7.255,N,1968.0,1-Mar-2009,JEAN BLACHOT,2023-10-18,117pd
46,72,Pd,,,,,,0.0,,,0+,1.9,,1,s,1.9,0.1,B-,100.0,,,,,,,,,,,,,4165.4444,3.5419,-1277.7578,13.793,-7592.0606,4.2263,-10501.518,24.364,7035.7862,7.6073,13780.5705,9.1818,8405.2197,0.0211,117919067.273,2.677,-75388.358,2.494,N,1969.0,14-Jan-2022,BALRAJ SINGH,2023-10-18,118pd
46,73,Pd,,,,,,0.0,,,,0.92,,1,s,0.92,0.01,B-,100.0,,,,,,,,,,,,,7238.4816,16.8566,75.207,8.6227,-7726.8974,26.4525,-8584.475,12.442,4090.2374,8.5558,13809.4086,25.5685,8368.9594,0.0693,118923341.138,8.854,-71407.277,8.248,N,1991.0,1-Dec-2008,D. M. SYMOCHKO and  E. BROWNE and  J. K. TULI,2023-10-18,119pd
46,74,Pd,,,,,,0.0,,,0+,492,,33,ms,0.492,0.033,B-,100.0,,B-N,0.7,,,,,,,,,,5371.9076,5.0261,294.8364,14.8796,-8635.6029,4.3765,-11659.604,200.013,6943.6452,8.4913,14745.7732,9.5937,8357.0817,0.0191,119924551.745,2.464,-70279.604,2.296,N,1993.0,30-JUN-2017,BALRAJ SINGH,2023-10-18,120pd
46,75,Pd,,,,,,0.0,,,,285,,24,ms,0.285,0.024,B-,100.0,,B-N,0.8,,,,,,,,,,8220.4934,12.5652,1397.8564,5.589,-9117.3824,433.1577,-9932.203,619.453,3974.0512,4.064,14851.0,200.0,8320.8584,0.0277,120928950.342,3.6,-66182.337,3.353,N,1994.0,20-Jan-2009,S. OHYA,2023-10-18,121pd
46,76,Pd,,,,,,0.0,,,0+,175,,16,ms,0.175,0.016,B-,100.0,,B-N,2.5,,,,,,,,,,6489.9492,42.9094,1715.3439,23.0062,-10041.0,201.0,-12736.169,300.637,6505.1495,19.8467,15655.0055,619.7524,8305.9755,0.1603,121930631.693,21.0,-64616.169,19.561,N,1994.0,15-JAN-2014,BALRAJ SINGH,2023-10-18,122pd
46,77,Pd,,,,,,0.0,,,,109,,2,ms,0.109,0.002,B-,100.0,,B-N,1.4,0.3,,,,,,,,,9138.8323,790.1142,2605.0515,790.3645,-10775.0,845.0,-11239.748,884.996,3884.8976,789.6836,15839.0,845.0,8270.0318,6.4182,122935126.0,847.5,-60429.748,789.441,N,1994.0,15-Apr-2021,Jun Chen,2023-10-18,123pd
46,78,Pd,,,,,,0.0,,,0+,38,,+38-19,ms,0.038,0.0285,B-,100.0,,B-N,,,,,,,,,,,7830.0,391.0,3097.0,302.0,-11105.0,500.0,-13690.0,500.0,6042.0,845.0,16499.0,500.0,8252.0,2.0,123937305.0,322.0,-58400.0,300.0,Y,1997.0,15-JAN-2014,BALRAJ SINGH,2023-10-18,124pd
46,79,Pd,,,,,,0.0,,,,57,,10,ms,0.057,0.01,B-,100.0,,B-N,,,,,,,,,,,10560.0,589.0,4199.0,472.0,-11764.0,565.0,-12130.0,640.3,3631.0,500.0,16539.0,565.0,8215.0,3.0,124942072.0,429.0,-53960.0,400.0,Y,2008.0,31-JUL-2015,BALRAJ SINGH,2023-10-18,125pd
46,80,Pd,,,,,,0.0,,,0+,48.5,,7,ms,0.0485,0.0007,B-,100.0,,B-N,4.9,0.9,,,,,,,,,8930.0,447.0,4658.0,589.0,-12435.0,640.0,-14590.0,640.3,5902.0,565.0,17249.0,640.0,8197.0,3.0,125944401.0,429.0,-51790.0,400.0,Y,2008.0,1-Oct-2021,H. Iimura and  J. Katakura and  S. Ohya,2023-10-18,126pd
46,81,Pd,,,,,,0.0,,,,38,,2,ms,0.038,0.002,B-,100.0,,B-2N,,,B-N,,,,,,,,11429.0,539.0,5429.0,539.0,-13095.0,707.0,-13490.0,781.0,3501.0,640.0,17309.0,707.0,8160.0,4.0,126949307.0,537.0,-47220.0,500.0,Y,2010.0,31-JUL-2015,BALRAJ SINGH,2023-10-18,127pd
46,82,Pd,,,,,,0.0,,,0+,35,,3,ms,0.035,0.003,B-,100.0,,B-N,,,,,,,,,,,10320.0,583.0,6188.0,539.0,-13226.0,781.0,-17050.0,583.0,5241.0,707.0,17949.0,781.0,8137.0,4.0,127952345.0,537.0,-44390.0,500.0,Y,2010.0,20-MAR-2016,BALRAJ SINGH,2023-10-18,128pd
46,83,Pd,,,,,,0.0,,,,31,,7,ms,0.031,0.007,B-,100.0,,B-N,,,B-2N,,,,,,,,13990.0,721.0,8759.0,671.0,-11935.0,671.0,,,1561.0,781.0,17829.0,671.0,8086.0,5.0,128959334.0,644.0,-37880.0,600.0,Y,2015.0,31-MAY-2015,BALRAJ SINGH,2023-10-18,129pd
46,84,Pd,,,,,,0.0,,,0+,,,,,,,B-,100.0,,B-N,,,B-2N,,,,,,,,13168.0,520.0,11069.0,500.0,,,,,2921.0,671.0,,,8046.0,2.0,129964863.0,322.0,-32730.0,300.0,Y,2018.0,31-JAN-2021,BALRAJ SINGH,2023-10-18,130pd
46,85,Pd,,,,,,0.0,,,,,,,,,,B-,100.0,,B-N,,,B-2N,,,,,,,,15010.0,583.0,12086.0,520.0,,,,,1081.0,424.0,,,7993.0,2.0,130972367.0,322.0,-25740.0,300.0,Y,2018.0,31-JAN-2021,BALRAJ SINGH,2023-10-18,131pd
47,45,Ag,,,,,,0.0,,,,,,,,,,P,,,EC+B+,,,ECP,,,,,,,,,,,,-3095.0,565.0,17249.095,528.246,,,-1351.0,582.0,8080.0,4.0,91959710.0,429.0,-37530.0,400.0,Y,2016.0,31-JUL-2016,BALRAJ SINGH,2023-10-18,92ag
47,46,Ag,,,,,,0.0,,,,228,,16,ns,2.28e-07,1.6e-08,P,,,EC+B+,,,ECP,,,,,,,,,,,,-3174.0,539.0,12581.81,545.62,16941.0,566.0,-1091.0,529.0,8175.0,4.0,92950188.0,430.0,-46400.0,401.0,Y,1994.0,31-JUL-2016,BALRAJ SINGH,2023-10-18,93ag
47,47,Ag,,,,,,0.0,,,(0+),26,,+26-9,ms,0.026,0.0175,EC+B+,100.0,,ECP,,,,,,,,,,,-11962.0,640.0,,,-3193.0,447.0,13700.281,400.023,14074.0,566.0,709.0,545.0,8238.0,4.0,93943744.0,429.0,-52402.0,400.0,Y,1994.0,1-Jan-2006,D. Abriola(a) and  A.A. Sonzogni,2023-10-18,94ag
47,48,Ag,,,,,,0.0,,,(9/2+),1.75,,12,s,1.75,0.12,EC+B+,100.0,,ECP,,,,,,,,,,,-12850.0,400.0,-27537.0,640.0,-3761.0,499.0,10059.913,400.011,15575.0,566.0,1093.0,400.0,8315.0,4.0,94935688.0,429.0,-59906.0,400.0,Y,1994.0,30-Jun-2009,S. K. Basu and  G. Mukherjee and  A. A. Sonzogni,2023-10-18,95ag
47,49,Ag,,,,,X,0.0,,0.0,(8)+,4.40,,6,s,4.4,0.06,EC+B+,100.0,,ECP,8.5,1.5,,,,,,,,,-8940.0,400.0,-25527.0,573.0,-3937.4661,90.1902,11671.775,90.182,12677.0,410.0,1834.7036,90.1348,8360.2903,0.9384,95930743.903,96.708,-64511.645,90.084,N,1982.0,1-Apr-2008,D. Abriola(a) and  A.A. Sonzogni,2023-10-18,96ag
47,50,Ag,,,,,,0.0,,,(9/2+),25.5,,3,s,25.5,0.3,EC,100.0,,,,,,,,,6.13,0.12,,,-10170.0,420.0,-23404.0,410.0,-4317.1333,12.3004,6901.825,12.956,14463.6996,90.8817,2009.5785,12.7272,8423.2121,0.1239,96923881.4,12.9,-70904.027,12.016,N,1978.0,19-Nov-2009,N. NICA,2023-10-18,97ag
47,51,Ag,,,,,,0.0,,,(6+),47.5,,3,s,47.5,0.3,EC+B+,100.0,,ECP,0.0011,0.0005,,,,,4.57,0.07,,,-5430.0,40.0,-20403.7158,421.4585,-2583.7173,33.0803,8254.56,33.24,10233.7158,35.0325,2549.5433,33.2618,8441.6866,0.3358,97921559.97,35.327,-73066.425,32.907,N,1978.0,15-Feb-2020,Jun Chen and  Balraj Singh,2023-10-18,98ag
47,52,Ag,,,,,,0.0,,,(9/2)+,124,,3,s,124.0,3.0,EC+B+,100.0,,,,,,,,,5.81,0.03,,,-6781.3511,6.4622,-17147.3762,52.1741,-796.7823,7.3723,5470.378,8.083,11717.3762,33.4984,2680.4685,7.8575,8474.7744,0.0633,98917645.766,6.725,-76712.483,6.265,N,1967.0,1-Jul-2017,E. BROWNE and  J. K. TULI,2023-10-18,99ag
47,53,Ag,,,,,,0.0,,,(5)+,2.01,,10,m,120.6,6.0,EC+B+,100.0,,,,,,,,,4.37,0.03,,,-3943.374,5.2735,-16278.1556,5.2446,-875.1531,11.1816,7074.703,18.332,9496.8046,8.0156,3244.0791,7.147,8484.9947,0.05,99916115.443,5.367,-78137.969,5.0,N,1970.0,31-Jan-2021,Balraj Singh and Jun Chen,2023-10-18,100ag
47,54,Ag,4.4799,0.0088,,,,0.0,,,9/2+,11.1,,3,m,666.0,18.0,EC+B+,100.0,,,,,,,,,5.619,0.011,0.35,0.05,-5497.9186,5.0625,-15211.1068,5.1205,-1161.7358,35.7916,4097.761,6.668,11267.7328,6.9575,3410.6828,18.2885,8512.5465,0.0479,100912683.951,5.193,-81334.384,4.838,N,1966.0,1-Jul-2006,JEAN BLACHOT,2023-10-18,101ag
47,55,Ag,,,,,,0.0,,,5(+),12.9,,3,m,774.0,18.0,EC+B+,100.0,,,,,,,,,4.6,0.7,,,-2587.0,8.0,-14481.554,8.3057,-1496.3989,14.4405,5656.261,8.182,8983.6355,9.4959,4103.5279,9.3708,8517.165,0.0801,101911704.538,8.771,-82246.702,8.171,N,1960.0,31-Dec-2008,D. DE FRENNE,2023-10-18,102ag
47,56,Ag,4.5036,0.0065,,,,0.0,,,7/2+,65.7,,7,m,3942.0,42.0,EC+B+,100.0,,,,,,,,,4.426,0.002,0.84,0.09,-4151.0761,4.4806,-13214.3189,4.4229,-1643.0966,19.8777,2654.278,4.192,10627.3189,9.1412,4188.7104,4.1199,8537.652,0.0398,102908960.558,4.4,-84802.702,4.099,N,1954.0,1-Mar-2009,D. DE FRENNE,2023-10-18,103ag
47,57,Ag,4.5119,0.0058,,,,0.0,,,5+,69.2,,10,m,4152.0,60.0,EC+B+,100.0,,,,,,,,,3.914,0.003,1.06,0.11,-1148.0787,4.537,-12536.1617,4.5896,-1950.2558,18.6092,4278.653,4.424,8385.0857,5.8809,4948.4608,4.3062,8536.185,0.0406,103908623.715,4.527,-85116.47,4.217,N,1955.0,30-Mar-2007,JEAN BLACHOT,2023-10-18,104ag
47,58,Ag,4.5269,0.0045,,,,0.0,,,1/2-,41.29,,7,d,3567456.0,6048.0,EC+B+,100.0,,,,,,,,,0.1013,0.001,0.85,0.11,-2736.9989,4.3618,-11173.7752,4.8417,-2083.3363,7.3998,1347.057,4.684,10025.6965,6.1883,4964.6966,4.7217,8550.3708,0.0433,104906525.604,4.877,-87070.848,4.544,N,1939.0,1-Apr-2019,S. LALKOVSKI and  J. TIMAR and Z. ELEKES,2023-10-18,105ag
47,59,Ag,,,,,,0.0,,,1+,23.96,,4,m,1437.6,2.4,EC+B+,99.5,0.5,B-,1.0,,,,,,2.8,0.2,1.11,0.11,189.7534,2.819,-10679.868,3.3189,-2583.9992,7.0827,2965.144,3.212,7942.8691,5.4354,5813.4657,2.8278,8544.6397,0.0285,105906663.499,3.237,-86942.399,3.016,N,1937.0,1-May-2007,D. DE FRENNE AND A. NEGRET,2023-10-18,106ag
47,60,Ag,4.5454,0.0031,51.839,0.008,,0.0,,,1/2-,STABLE,,,,,,,,,,,,,,,,-0.11352,5e-05,0.98,0.11,-1416.3741,2.5654,-9345.8648,2.3282,-2799.91,3.3105,-34.046,2.668,9535.6183,3.5558,5788.1278,2.3272,8553.9012,0.0223,106905091.509,2.556,-88406.7,2.382,N,1924.0,1-Mar-2008,Jean Blachot,2023-10-18,107ag
47,61,Ag,,,,,,0.0,,,1+,2.382,,11,m,142.92,0.66,B-,97.15,0.2,EC+B+,2.85,0.2,,,,,2.6838,0.0016,1.32,0.07,1645.6311,2.6386,-8687.7841,2.5711,-3072.3634,3.3159,1917.423,2.633,7271.41,0.17,6523.1087,2.3236,8542.0262,0.0221,107905950.245,2.563,-87606.792,2.388,N,1937.0,1-Jul-2008,Jean Blachot,2023-10-18,108ag
47,62,Ag,4.5638,0.0025,48.161,0.008,,0.0,,,1/2-,STABLE,,,,,,,,,,,,,,,,0.13051,5e-05,1.02,0.12,-215.1002,1.7795,-7538.3261,1.4835,-3293.0765,2.8131,-1112.947,1.702,9183.9572,2.7124,6484.1864,1.4022,8547.9155,0.0118,108904755.778,1.381,-88719.431,1.287,N,1924.0,31-May-2016,S. KUMAR(a) and  J. CHEN(b) AND F.G. KONDEV,2023-10-18,109ag
47,63,Ag,,,,,,0.0,,,1+,24.56,,11,s,24.56,0.11,B-,99.7,0.06,EC,0.3,0.06,,,,,2.7225,0.0014,0.24,0.12,2890.6633,1.2771,-7024.2938,1.78,-3519.5657,5.5409,873.598,1.424,6809.1936,0.0999,7139.7935,1.403,8532.1089,0.0117,109906110.724,1.38,-87457.306,1.286,N,1937.0,1-Aug-2011,G. G~URDAL and F.G. KONDEV,2023-10-18,110ag
47,64,Ag,,,,,,0.0,,,1/2-,7.45,,1,d,643680.0,864.0,B-,100.0,,,,,,,,,-0.146,0.002,,,1036.8,1.4142,-5938.7956,1.4239,-3776.6517,12.1373,-2229.561,1.632,8829.4589,1.9079,7173.5137,1.5204,8534.7878,0.0131,110905296.827,1.565,-88215.447,1.459,N,1937.0,1-Feb-2008,Jean Blachot,2023-10-18,111ag
47,65,Ag,,,,,,0.0,,,2(-),3.130,,8,h,11268.0,28.8,B-,100.0,,,,,,,,,0.0547,0.0005,,,3991.1283,2.4348,-5402.8,2.4481,-3977.4892,14.2049,-262.69,6.98,6439.6,2.8272,7886.8138,2.5299,8516.0807,0.0216,111907048.548,2.6,-86583.729,2.422,N,1938.0,1-Aug-2014,S. LALKOVSKI and  F.G. KONDEV,2023-10-18,112ag
47,66,Ag,,,,,,0.0,,,1/2-,5.37,,5,h,19332.0,180.0,B-,100.0,,,,,,,,,0.159,0.002,,,2016.4615,16.641,-4523.2856,16.6424,-4452.4897,17.1249,-3436.325,18.035,8514.4139,16.8181,7994.7566,17.8834,8516.066,0.1473,112906572.865,17.866,-87026.825,16.643,N,1949.0,1-May-2009,Jean Blachot,2023-10-18,113ag
47,67,Ag,,,,,,0.0,,,1+,4.6,,1,s,4.6,0.1,B-,100.0,,,,,,,,,,,,,5084.1233,4.5727,-3958.8423,4.5709,-4527.0337,18.3804,-1440.465,8.313,5975.3039,17.2573,8629.2821,8.3125,8493.7786,0.04,113908823.029,4.9,-84930.811,4.564,N,1958.0,1-Jan-2012,Jean Blachot,2023-10-18,114ag
47,68,Ag,,,,,,0.0,,,1/2-,20.0,,5,m,1200.0,30.0,B-,100.0,,,,,,,,,,,,,3101.893,18.2744,-3038.9708,18.2689,-5103.6316,19.506,-4556.765,22.743,8123.0941,18.8293,8781.2113,19.5395,8490.5553,0.1589,114908767.445,19.611,-84982.587,18.268,N,1949.0,1-Sep-2012,JEAN BLACHOT,2023-10-18,115ag
47,69,Ag,,,,,,0.0,,,(0-),230,,5,s,230.0,5.0,B-,100.0,,,,,,,,,,,,,6169.8248,3.2642,-2529.5024,3.3247,-5236.528,44.2058,-2711.638,7.844,5631.3954,18.5564,9405.8131,13.9337,8465.9073,0.0281,115911386.809,3.5,-82542.664,3.26,N,1958.0,1-Dec-2009,Jean Blachot,2023-10-18,116ag
47,70,Ag,,,,,,0.0,,,(1/2-),72.8,,+20-7,s,72.8,1.35,B-,100.0,,,,,,,,,,,,,4236.479,13.6099,-1540.7471,13.5731,-5839.8901,15.3234,-5758.028,15.389,7710.572,13.9583,9639.8627,15.3245,8459.4515,0.116,116911774.086,14.57,-82181.918,13.572,N,1958.0,1-Mar-2009,JEAN BLACHOT,2023-10-18,117ag
47,71,Ag,,,,,,0.0,,,1(-),3.76,,15,s,3.76,0.15,B-,100.0,,,,,,,,,,,,,7147.8469,20.1582,-1206.7232,2.7113,-6268.4428,71.6054,-4165.444,3.542,5443.2022,13.8032,10418.8836,7.6786,8433.89,0.0213,117914595.484,2.7,-79553.802,2.515,N,1967.0,1-Feb-1993,K. KITAO,2023-10-18,118ag
47,72,Ag,,,,,X,0.0,,20.0,(7/2+),2.1,,1,s,2.1,0.1,B-,100.0,,,,,,,,,,,,,5331.1799,35.9259,-15.4277,24.8232,-6841.4463,16.4222,-7238.482,16.858,7163.2746,14.9161,10546.372,14.9116,8423.2126,0.1236,118915570.309,15.783,-78645.759,14.703,N,1975.0,1-Dec-2008,D. M. SYMOCHKO and  E. BROWNE and  J. K. TULI,2023-10-18,119ag
47,73,Ag,,,,,,0.0,,,3(+),1.23,,4,s,1.23,0.04,B-,100.0,,B-N,0.003,,,,,,,,,,8305.8535,5.8202,254.1087,37.9597,-7340.6853,73.967,-5371.908,5.026,5077.0712,15.3674,11533.2058,9.3818,8395.3281,0.0373,119918784.765,4.8,-75651.512,4.471,N,1971.0,1-Dec-2001,K. KITAO and  Y. TENDOW AND A. HASHIZUME,2023-10-18,120ag
47,74,Ag,,,,,,0.0,,,(7/2+),0.78,,2,s,0.78,0.02,B-,100.0,,B-N,0.08,0.013,,,,,,,,,6671.0057,12.2642,1483.2164,12.6697,-7930.9884,15.025,-8220.494,12.565,6822.6371,12.9085,11412.1977,12.3251,8382.3306,0.1001,120920125.279,13.0,-74402.831,12.109,N,1982.0,20-Jan-2009,S. OHYA,2023-10-18,121ag
47,75,Ag,,,,,,0.0,,,(3+),0.529,,13,s,0.529,0.013,B-,99.8,,B-N,0.186,0.01,,,,,,,,,9506.2662,38.2604,1896.4005,38.2406,-8644.1944,45.2321,-6489.949,42.909,4774.6053,40.0651,12212.7517,38.3382,8352.7591,0.313,121923664.446,41.0,-71106.118,38.191,N,1978.0,30-Sep-2006,T. TAMURA,2023-10-18,122ag
47,76,Ag,,,,,,0.0,,,(7/2+),0.299,,7,s,0.299,0.007,B-,100.0,,B-N,0.62,0.09,,,,,,,,,7845.6026,32.7136,2972.4855,32.6832,-9170.6945,33.9069,-9138.833,790.114,6533.7807,50.2144,12241.3829,38.0205,8337.9707,0.2651,122925315.06,35.0,-69568.581,32.602,N,1976.0,15-Apr-2021,Jun Chen,2023-10-18,123ag
47,77,Ag,,,,,X,0.0,,0.0,(3+),191,,28,ms,0.191,0.028,B-,100.0,,B-N,1.3,0.9,,,,,,,,,10469.4858,251.5169,3112.9146,251.5179,-10035.0,322.0,-7829.951,391.476,4732.688,253.6077,13089.1733,828.5357,8308.8958,2.0283,123928899.227,270.0,-66229.951,251.503,N,1984.0,20-AUG-2015,BALRAJ SINGH,2023-10-18,124ag
47,78,Ag,,,,,,0.0,,,(9/2+),159,,8,ms,0.159,0.008,B-,100.0,,B-N,,,,,,,,,,,8828.1511,433.1544,4108.1793,433.1526,-10694.7205,755.8603,-10559.939,589.588,6361.3064,500.8676,13409.0,527.0,8293.3151,3.4652,124930735.0,465.0,-64519.939,433.145,N,1994.0,20-AUG-2015,BALRAJ SINGH,2023-10-18,125ag
47,79,Ag,,,,,X,0.0,,0.0,(3+),52,,10,ms,0.052,0.01,B-,100.0,,B-N,,,,,,,,,,,11535.0,200.0,4556.0,200.0,-11266.0,361.0,-8930.0,447.2,4272.0,477.0,14050.0,447.0,8261.0,2.0,125934814.0,215.0,-60720.0,200.0,Y,1994.0,1-Oct-2021,H. Iimura and  J. Katakura and  S. Ohya,2023-10-18,126ag
47,80,Ag,,,,,,0.0,,,,109,,25,ms,0.109,0.025,B-,100.0,,,,,,,,,,,,,10092.0,200.0,5535.0,200.0,-11884.0,447.0,-11430.0,538.5,6001.0,283.0,14148.0,447.0,8244.0,2.0,126937037.0,215.0,-58650.0,200.0,Y,1995.0,1-Oct-2009,A. HASHIZUME,2023-10-18,127ag
47,81,Ag,,,,,,0.0,,,,58,,5,ms,0.058,0.005,B-,100.0,,B-N,,,,,,,,,,,12528.0,300.0,5960.0,300.0,-12425.0,500.0,-10320.0,583.0,4132.0,361.0,14779.0,583.0,8211.0,2.0,127941266.0,322.0,-54710.0,300.0,Y,2000.0,28-Feb-2015,ZOLTAN ELEKES AND JANOS TIMAR,2023-10-18,128ag
47,82,Ag,,,,,,0.0,,,(9/2+),46,,+5-9,ms,0.046,0.007,B-,100.0,,B-N,0.0,,,,,,,,,,11252.0,400.0,7297.0,400.0,-12465.0,640.0,-13990.0,721.1,5231.0,500.0,14769.0,640.0,8188.0,3.0,128944315.0,429.0,-51870.0,400.0,Y,2000.0,31-May-2014,JANOS TIMAR AND ZOLTAN ELEKES and  BALRAJ SINGH,2023-10-18,129ag
47,83,Ag,,,,,,0.0,,,,42,,5,ms,0.042,0.005,B-,100.0,,B-2N,,,B-N,,,,,,,,15220.0,425.0,9153.0,424.0,-11123.0,656.0,-13168.0,519.4,2099.0,583.0,15307.0,735.0,8142.0,3.0,129950727.0,455.0,-45898.0,424.0,Y,2000.0,15-AUG-2015,BALRAJ SINGH,2023-10-18,130ag
47,84,Ag,,,,,,0.0,,,,35,,8,ms,0.035,0.008,B-,100.0,,B-N,,,B-2N,,,,,,,,14462.0,501.0,12296.0,501.0,-9445.0,781.0,-15010.0,583.0,2924.0,656.0,15309.0,583.0,8102.0,4.0,130956253.0,537.0,-40750.0,500.0,Y,2013.0,15-AUG-2015,BALRAJ SINGH,2023-10-18,131ag
47,85,Ag,,,,,,0.0,,,,28,,+15-12,ms,0.028,0.0135,B-,100.0,,B-N,,,B-2N,,,,,,,,16065.0,504.0,12740.0,501.0,-9485.0,583.0,,,1721.0,707.0,15949.0,583.0,8053.0,4.0,131963070.0,537.0,-34400.0,500.0,Y,2015.0,28-FEB-2018,BALRAJ SINGH,2023-10-18,132ag
48,46,Cd,,,,,,0.0,,,0+,760,GT,,ns,7.6e-07,,ECP,,,EC+B+,,,,,,,,,,,,,,,-3155.0,640.0,11962.0,640.3,,,1329.0,641.0,8102.0,5.0,93956586.0,537.0,-40440.0,500.0,Y,2016.0,31-JUL-2016,BALRAJ SINGH,2023-10-18,94cd
48,47,Cd,,,,,,0.0,,,,32,,3,ms,0.032,0.003,B+,100.0,,B+P,4.5,,,,,,,,,,,,,,-3311.0,706.0,12850.0,693.0,14687.0,755.0,1943.0,693.0,8171.0,6.0,94949483.0,607.0,-47056.0,566.0,Y,2011.0,31-JAN-2021,BALRAJ SINGH,2023-10-18,95cd
48,48,Cd,,,,,,0.0,,,0+,1.03,,+24-21,s,1.03,0.225,EC+B+,100.0,,,,,,,,,,,,,-17482.0,647.0,,,-3217.0,536.0,8939.645,419.78,16587.0,699.0,2955.0,573.0,8259.0,4.0,95940341.0,440.0,-55572.0,410.0,Y,2008.0,15-FEB-2010,BALRAJ SINGH,2023-10-18,96cd
48,49,Cd,,,,,,0.0,,,(9/2+),2.8,,6,s,2.8,0.6,EC,100.0,,ECP,,,,,,,,,,,-13344.0,580.0,-30716.0,653.0,-4177.1333,559.8672,10170.0,420.3,13234.0,587.0,3511.3526,429.7202,8310.3013,4.3317,96934799.343,451.073,-60734.027,420.172,N,1978.0,19-Nov-2009,N. NICA,2023-10-18,97cd
48,50,Cd,,,,,,0.0,,,0+,9.3,,1,s,9.3,0.1,EC+B+,100.0,,ECP,0.029,,,,,1,,,,,-13730.0,300.0,-28318.0,404.0,-3959.0601,51.9737,5430.0,61.3,14973.7158,423.3524,4021.3688,53.1722,8378.2953,0.5285,97927389.315,55.605,-67636.425,51.797,N,1978.0,15-Feb-2020,Jun Chen and  Balraj Singh,2023-10-18,98cd
48,51,Cd,,,,,,0.0,,,(5/2+),16,,3,s,16.0,3.0,EC+B+,100.0,,B+P,0.17,,B+A,0.0001,,,,,,,-8555.0,298.0,-24096.0,304.0,-2390.1348,3.4198,6781.351,6.462,10366.0252,51.8208,4153.6782,32.9453,8398.3734,0.016,98924925.845,1.7,-69931.132,1.584,N,1978.0,1-Jul-2017,E. BROWNE and  J. K. TULI,2023-10-18,99cd
48,52,Cd,,,,,,0.0,,,0+,49.1,,5,s,49.1,0.5,EC+B+,100.0,,,,,,,,,9.9,0.5,,,-10016.4492,2.7945,-20890.0,298.0,-436.0917,4.5169,3943.374,5.274,12334.7816,2.3063,4771.0836,6.4856,8437.7375,0.0168,99920348.829,1.8,-74194.595,1.677,N,1970.0,31-Jan-2021,Balraj Singh and Jun Chen,2023-10-18,100cd
48,53,Cd,,,,,,0.0,,,(5/2+),1.36,,5,m,81.6,3.0,EC+B+,100.0,,,,,,,,,-0.897,0.0004,-0.177,0.007,-7291.5642,11.7569,-19729.6375,2.6868,-455.529,5.0679,5497.918,5.062,9713.1882,2.2433,4987.4673,5.2172,8450.3657,0.0148,100918586.209,1.6,-75836.466,1.49,N,1969.0,1-Jul-2006,JEAN BLACHOT,2023-10-18,101cd
48,54,Cd,4.481,0.0122,,,,0.0,,,0+,5.5,,5,m,330.0,30.0,EC+B+,100.0,,,,,,,,,10.3,0.2,,,-8964.8059,4.8654,-19186.1182,11.7799,-763.632,5.0251,2587.0,8.3,11894.554,2.2327,5614.2885,5.1158,8484.1322,0.0163,101914481.797,1.784,-79659.702,1.662,N,1969.0,31-Dec-2008,D. DE FRENNE,2023-10-18,102cd
48,55,Cd,4.4951,0.0105,,,,0.0,,,(5/2)+,7.3,,1,m,438.0,6.0,EC+B+,100.0,,,,,,,,,-0.8486,0.0004,-0.007,0.003,-6019.2293,9.1242,-18028.0487,4.9179,-893.6808,5.4179,4151.076,4.481,9063.2428,2.4578,5693.8958,8.369,8489.7547,0.0176,102913416.922,1.943,-80651.626,1.811,N,1960.0,1-Mar-2009,D. DE FRENNE,2023-10-18,103cd
48,56,Cd,4.5122,0.0083,,,,0.0,,,0+,57.7,,10,m,3462.0,60.0,EC+B+,100.0,,,,,,,,,,,,,-7785.7166,6.0127,-17407.3123,9.1349,-1180.6348,17.716,1148.079,4.537,11388.083,2.4649,6454.66,4.4268,8517.6232,0.0161,103909856.228,1.795,-83968.391,1.673,N,1955.0,30-Mar-2007,JEAN BLACHOT,2023-10-18,104cd
48,57,Cd,4.5216,0.007,,,,0.0,,,5/2+,55.5,,4,m,3330.0,24.0,EC+B+,100.0,,,,,,,,,-0.7382,0.0004,0.377,0.015,-4693.2673,10.3405,-16222.4929,5.9406,-1326.6206,4.7948,2736.999,4.752,8436.7762,2.1762,6506.3505,4.4398,8516.8532,0.0133,104909463.893,1.494,-84333.849,1.392,N,1950.0,1-Apr-2019,S. LALKOVSKI and  J. TIMAR and Z. ELEKES,2023-10-18,105cd
48,58,Cd,4.5383,0.0036,1.245,0.022,,0.0,,,0+,STABLE,,,,,,2B+,,,,,,,,,,0.9,0.2,-0.28,0.08,-6524.0031,12.1765,-15562.8888,10.3057,-1654.1057,1.175,-189.754,3.212,10869.6215,1.773,7350.2755,4.6612,8539.0492,0.0104,105906459.791,1.184,-87132.153,1.104,N,1935.0,1-May-2007,D. DE FRENNE AND A. NEGRET,2023-10-18,106cd
48,59,Cd,4.5466,0.0039,,,,0.0,,,5/2+,6.50,,2,h,23400.0,72.0,EC+B+,100.0,,,,,,,,,-0.6141,0.0003,0.6,0.02,-3423.6586,9.58,-14453.4938,12.3289,-1958.2611,1.8777,1416.375,2.903,7929.4907,1.9326,7336.8971,3.3919,8533.3524,0.0155,106906612.049,1.782,-86990.325,1.66,N,1946.0,1-Mar-2008,Jean Blachot,2023-10-18,107cd
48,60,Cd,4.5577,0.0031,0.888,0.011,,0.0,,,0+,STABLE,,,,,,,,,,,,,,,,-2.5,0.8,,,-5132.5944,8.5845,-13757.0738,9.7188,-2282.2156,1.7455,-1645.631,2.639,10333.4152,2.0042,8134.6941,2.6331,8550.0196,0.0104,107904183.588,1.205,-89252.423,1.123,N,1935.0,1-Jul-2008,Jean Blachot,2023-10-18,108cd
48,61,Cd,4.5601,0.0035,,,,0.0,,,5/2+,461.9,,4,d,39908160.0,34560.0,EC,100.0,,,,,,,,,-0.8266,0.0004,0.6,0.03,-2014.8047,4.0662,-12455.8203,8.7636,-2511.3416,1.9121,215.101,2.004,7323.2259,1.8337,8186.51,2.8393,8538.7646,0.0141,108904986.697,1.649,-88504.33,1.536,N,1950.0,31-May-2016,S. KUMAR(a) and  J. CHEN(b) AND F.G. KONDEV,2023-10-18,109cd
48,62,Cd,4.5765,0.0026,12.47,0.061,,0.0,,,0+,STABLE,,,,,,,,,,,,,,,,0.81,0.06,-0.4,0.04,-3878.0,11.547,-11929.7618,3.9907,-2865.3425,1.1689,-2890.663,1.341,9914.9571,1.5698,8917.5099,1.2778,8551.2755,0.0035,109903007.47,0.407,-90347.969,0.38,N,1925.0,1-Aug-2011,G. G~URDAL and F.G. KONDEV,2023-10-18,110cd
48,63,Cd,4.5845,0.0058,12.795,0.012,,0.0,,,1/2+,STABLE,,,,,,,,,,,,,,,,-0.594,0.0003,0.64,0.03,-860.1972,3.417,-10853.5956,11.5482,-3304.5091,1.2534,-1036.8,1.5,6975.5956,0.1655,9083.9119,1.2806,8537.0801,0.0032,110904183.776,0.383,-89252.247,0.357,N,1925.0,1-Feb-2008,Jean Blachot,2023-10-18,111cd
48,64,Cd,4.5944,0.0024,24.109,0.007,,0.0,,,0+,STABLE,,,,,,,,,,,,,,,,0.72,0.05,-0.37,0.04,-2584.7306,4.2434,-10254.1256,3.4264,-3475.5579,1.1279,-3991.128,2.435,9393.9283,0.283,9648.3813,1.4422,8544.7306,0.0022,111902763.896,0.268,-90574.857,0.25,N,1925.0,1-Aug-2014,S. LALKOVSKI and  F.G. KONDEV,2023-10-18,112cd
48,65,Cd,4.6012,0.0028,12.227,0.007,,0.0,,,1/2+,8.04E15,,5,Y,2.5371768483571968e+23,1.5778462987296e+21,B-,100.0,,,,,,,,,-0.6213,0.0003,,,323.837,0.2653,-9124.4777,4.2489,-3861.7185,1.1357,-2016.461,16.645,6539.7471,0.2166,9748.5284,2.4342,8526.9874,0.0022,112904408.105,0.262,-89043.286,0.245,N,1925.0,1-May-2009,Jean Blachot,2023-10-18,113cd
48,66,Cd,4.6087,0.0023,28.754,0.081,,0.0,,,0+,STABLE,,,,,,2B-,100.0,,,,,,,,,0.65,0.04,-0.348,0.012,-1445.1268,0.3817,-8719.1286,0.2957,-4108.9454,0.6343,-5084.123,4.572,9042.9656,0.1366,10277.0801,16.6416,8531.5135,0.0024,113903364.998,0.296,-90014.934,0.276,N,1925.0,1-Jan-2012,Jean Blachot,2023-10-18,114cd
48,67,Cd,4.6114,0.0046,,,,0.0,,,1/2+,53.46,,5,h,192456.0,180.0,B-,100.0,,,,,,,,,-0.6483,0.0002,,,1451.8768,0.6514,-7585.9907,0.7027,-4523.5093,0.9541,-3101.893,18.28,6140.8639,0.5899,10442.6401,4.6106,8510.7252,0.0057,114905437.426,0.699,-88084.48,0.651,N,1939.0,1-Sep-2012,JEAN BLACHOT,2023-10-18,115cd
48,68,Cd,4.6203,0.0059,7.512,0.054,,0.0,,,0+,3.3E+19,,4,Y,1.041378557161536e+27,1.26227703898368e+26,2B-,,,,,,,,,,0.59,0.05,-0.42,0.04,-462.7305,0.272,-7247.4504,0.1599,-4816.3654,6.548,-6169.825,3.264,8699.3272,0.6679,11018.8732,18.2684,8512.3511,0.0014,115904763.23,0.172,-88712.489,0.16,N,1925.0,1-Dec-2009,Jean Blachot,2023-10-18,116cd
48,69,Cd,4.6136,0.0025,,,,0.0,,,1/2+,2.49,,4,h,8964.0,144.0,B-,100.0,,,,,,,,,-0.7425,0.0004,-0.32,0.013,2524.6381,4.9829,-6239.9566,1.0363,-5252.8132,7.0206,-4236.479,13.61,5777.2262,1.0,11164.704,3.4139,8488.974,0.0087,116907226.039,1.087,-86418.397,1.013,N,1939.0,1-Mar-2009,JEAN BLACHOT,2023-10-18,117cd
48,70,Cd,4.6246,0.006,,,,0.0,,,0+,50.3,,2,m,3018.0,12.0,B-,100.0,,,,,,,,,,,,,526.5277,21.4501,-5829.9319,20.5871,-5636.2184,21.1731,-7147.847,20.159,8354.5701,20.025,11808.7021,24.1708,8487.835,0.1695,117906921.956,21.471,-86701.649,20.001,N,1961.0,1-Feb-1993,K. KITAO,2023-10-18,118cd
48,71,Cd,,,,,,0.0,,,1/2+,2.69,,2,m,161.4,1.2,B-,100.0,,,,,,,,,-0.9188,0.0004,-0.135,0.006,3721.7197,38.088,-4820.08,38.3596,-5976.0325,40.0516,-5331.18,40.46,5346.6077,42.6728,11712.1075,37.7792,8461.4381,0.3168,118909847.052,40.467,-83976.939,37.695,N,1961.0,1-Dec-2008,D. M. SYMOCHKO and  E. BROWNE and  J. K. TULI,2023-10-18,119cd
48,72,Cd,4.63,0.0069,,,,0.0,,,0+,50.80,,21,s,50.8,0.21,B-,100.0,,,,,,,,,,,,,1770.3754,40.1837,-4330.025,8.2047,-6551.2549,8.0493,-8305.853,5.82,8051.7448,37.8791,12600.5777,15.1673,8458.024,0.0311,119909868.065,4.0,-83957.365,3.726,N,1973.0,1-Dec-2001,K. KITAO and  Y. TENDOW AND A. HASHIZUME,2023-10-18,120cd
48,73,Cd,,,,,,0.0,,,(3/2+),13.5,,3,s,13.5,0.3,B-,100.0,,,,,,,,,0.626,0.0007,,,4760.7564,27.4876,-3417.4139,40.0577,-7074.8628,7.5105,-6671.006,12.264,5187.7893,4.2018,12711.2958,4.8748,8430.9972,0.0161,120912963.66,2.085,-81073.837,1.942,N,1965.0,20-Jan-2009,S. OHYA,2023-10-18,121cd
48,74,Cd,,,,,,0.0,,,0+,5.24,,3,s,5.24,0.03,B-,100.0,,,,,,,,,,,,,2958.9765,50.1126,-2849.1093,27.5151,-7648.9424,3.3918,-9506.266,38.26,7609.8657,3.0095,13498.5245,12.3257,8424.2667,0.0188,121913459.05,2.468,-80612.384,2.299,N,1973.0,30-Sep-2006,T. TAMURA,2023-10-18,122cd
48,75,Cd,,,,,,0.0,,,3/2(+),2.10,,3,s,2.1,0.03,B-,100.0,,,,,,,,,0.7885,0.0007,0.135,0.007,6014.8503,19.898,-1914.1406,50.1321,-8431.8221,8.677,-7845.602,32.713,4873.1171,3.543,13597.0363,38.2863,8395.3955,0.0219,122916892.46,2.894,-77414.183,2.696,N,1983.0,15-Apr-2021,Jun Chen,2023-10-18,123cd
48,76,Cd,,,,,,0.0,,,0+,1.25,,2,s,1.25,0.02,B-,100.0,,,,,,,,,,,,,4168.342,30.5355,-1341.7208,20.0031,-8844.7481,3.4749,-10469.485,251.517,7356.5712,3.7514,14419.8268,32.7065,8387.0179,0.021,123917659.772,2.8,-76699.436,2.609,N,1974.0,1-Apr-2008,J. KATAKURA and  Z.D. WU,2023-10-18,124cd
48,77,Cd,,,,,,0.0,,,(3/2+),0.68,,4,s,0.68,0.04,B-,100.0,,,,,,,,,0.8591,0.0007,0.209,0.01,7064.2177,3.3869,-551.6298,30.6967,-9590.6686,4.4253,-8828.151,433.155,4719.9718,3.8915,14407.1105,251.52,8357.6815,0.0231,124921257.59,3.1,-73348.09,2.888,N,1986.0,1-Jan-2010,J. KATAKURA,2023-10-18,125cd
48,78,Cd,,,,,,0.0,,,0+,0.514,,8,s,0.514,0.008,B-,100.0,,,,,,,,,,,,,5553.65,4.7831,85.2627,2.9051,-10064.474,19.6966,-11535.727,200.013,6978.955,3.694,15024.7591,433.1509,8346.7393,0.0183,125922430.29,2.473,-72255.727,2.304,N,1978.0,1-Oct-2021,H. Iimura and  J.Katakura and  S. Ohya,2023-10-18,126cd
48,79,Cd,,,,,,0.0,,,(3/2+),0.37,,7,s,0.37,0.07,B-,100.0,,,,,,,,,0.8771,0.0008,0.239,0.011,8138.6978,11.7675,996.8599,7.4844,-10736.3665,789.4656,-10091.199,200.096,4556.7901,6.6146,15310.0,200.0,8316.8971,0.0488,126926203.291,6.656,-68741.199,6.2,N,1986.0,1-Oct-2009,A. HASHIZUME,2023-10-18,127cd
48,80,Cd,,,,,,0.0,,,0+,0.28,,4,s,0.28,0.04,B-,100.0,,,,,,,,,,,,,6951.8716,6.5665,1570.3337,11.8911,-11263.0,300.0,-12528.245,300.069,6568.3641,8.934,15878.0,200.0,8303.2367,0.0503,127927816.778,6.905,-67238.245,6.432,N,1986.0,28-Feb-2015,ZOLTAN ELEKES AND JANOS TIMAR,2023-10-18,128cd
48,81,Cd,,,,,,0.0,,,11/2-,154,,2,ms,0.154,0.002,B-,100.0,,B-N,0.0,,,,,,-0.7052,0.0006,0.132,0.009,9712.7471,5.6637,2996.6569,5.4717,-11587.0,400.0,-11252.142,400.035,3955.2147,8.3404,15701.0,300.0,8269.5311,0.0412,128932235.597,5.7,-63122.142,5.31,N,2003.0,31-JUL-2015,BALRAJ SINGH,2023-10-18,129cd
48,82,Cd,,,,,,0.0,,,0+,162,,7,ms,0.162,0.007,B-,100.0,,B-N,3.5,1.0,,,,,,,,,8788.9322,22.4274,3645.9732,22.4426,-11752.0,400.0,-15219.597,424.589,6066.7739,22.9777,16536.0,400.0,8252.5868,0.172,129934387.563,24.0,-61117.597,22.356,N,1986.0,31-MAY-2008,BALRAJ SINGH,2023-10-18,130cd
48,83,Cd,,,,,,0.0,,,(7/2-),68,,3,ms,0.068,0.003,B-,100.0,,B-N,3.5,1.0,,,,,,,,,12812.6089,19.3644,6623.4513,19.3215,-10416.0,501.0,-14461.76,500.37,2165.4809,29.4941,16603.0,425.0,8206.1204,0.1469,130940727.74,20.653,-55211.76,19.238,N,2000.0,17-Jul-2006,YU. KHAZOV and  I. MITROPOLSKY and  A. RODIONOV,2023-10-18,131cd
48,84,Cd,,,,,,0.0,,,0+,84,,5,ms,0.084,0.005,B-,100.0,,B-N,60.0,15.0,B-2N,,,,,,,,11946.1243,84.9236,9487.6219,60.108,-8500.0,504.0,-16065.429,503.595,3324.987,63.0732,17004.0,504.0,8169.1421,0.4551,131945823.136,64.485,-50465.429,60.068,N,2000.0,28-FEB-2018,BALRAJ SINGH,2023-10-18,132cd
48,85,Cd,,,,,,0.0,,,(7/2-),57,,10,ms,0.057,0.01,B-,100.0,,B-N,,,B-2N,,,,,,,,13550.0,283.0,10200.0,209.0,-8685.0,632.0,,,1746.0,209.0,17029.0,539.0,8121.0,2.0,132952614.0,215.0,-44140.0,200.0,Y,2010.0,31-Oct-2010,YU. KHAZOV AND A. RODIONOV and  F.G. KONDEV,2023-10-18,133cd
48,86,Cd,,,,,,0.0,,,0+,65,,15,ms,0.065,0.015,B-,100.0,,B-N,,,B-2N,,,,,,,,12510.0,361.0,10159.0,361.0,-9155.0,424.0,,,3391.0,361.0,17669.0,583.0,8086.0,2.0,133957638.0,322.0,-39460.0,300.0,Y,2015.0,31-MAY-2015,BALRAJ SINGH,2023-10-18,134cd
49,47,In,,,,,,0.0,,,,,,,,,,P,,,EC+B+,,,ECP,,,,,,,,,,,,-2985.0,640.0,17482.0,646.6,,,-1677.0,755.0,8069.0,5.0,95959109.0,537.0,-38090.0,500.0,Y,2016.0,31-JUL-2016,BALRAJ SINGH,2023-10-18,96in
49,48,In,,,,,,0.0,,,(9/2+),36,,6,ms,0.036,0.006,B+,100.0,,B+P,1.7,,,,,,,,,,,,,,-3415.0,566.0,13344.027,580.815,17371.0,641.0,-893.0,573.0,8165.0,4.0,96949125.0,430.0,-47390.0,401.0,Y,2011.0,04-DEC-2019,BALRAJ SINGH,2023-10-18,97in
49,49,In,,,,,,0.0,,,(0+),30,,1,ms,0.03,0.001,EC+B+,100.0,,ECP,0.13,,,,,1,,,,,,,,,-3929.0,503.0,13730.425,308.381,14588.0,503.0,461.0,519.0,8230.0,3.0,97942129.0,327.0,-53906.0,304.0,Y,1994.0,15-Feb-2020,Jun Chen and  Balraj Singh,2023-10-18,98in
49,50,In,,,,,,0.0,,,,3.1,,2,s,3.1,0.2,B+P,0.9,0.4,,,,,,,,,,,,-13400.0,500.0,,,-3895.0,499.0,8555.132,298.004,15541.0,426.0,1029.0,303.0,8304.0,3.0,98934110.0,320.0,-61376.0,298.0,Y,1994.0,1-Jul-2017,E. BROWNE and  J. K. TULI,2023-10-18,99in
49,51,In,,,,,,0.0,,,(6+),5.65,,6,s,5.65,0.06,EC+B+,100.0,,ECP,1.66,0.03,,,,,,,,,-7030.0,240.0,-24273.0,582.0,-2091.4166,90.1116,10016.449,2.795,10873.0,298.0,1535.9854,2.7396,8329.7495,0.0224,99931101.929,2.4,-64178.146,2.236,N,1982.0,31-Jan-2021,Balraj Singh and Jun Chen,2023-10-18,100in
49,52,In,,,,,,0.0,,,(9/2+),15.1,,3,s,15.1,0.3,EC+B+,100.0,,B+P,,,,,,,,,,,-8239.277,300.2313,-19468.0733,240.2936,-65.7903,16.7449,7291.565,11.757,12438.0733,11.8744,1639.277,11.7819,8370.426,0.1155,100926414.025,12.519,-68544.901,11.662,N,1988.0,1-Jul-2006,JEAN BLACHOT,2023-10-18,101in
49,53,In,,,,,,0.0,,,(6+),23.3,,1,s,23.3,0.1,EC+B+,100.0,,B+P,0.0093,0.0013,,,,,,,,,-5760.0,100.0,-18460.5893,300.0395,-53.3868,33.2235,8964.806,4.866,10221.3123,12.5265,2147.4011,4.8096,8388.5719,0.0448,101924105.911,4.909,-70694.896,4.573,N,1981.0,31-Dec-2008,D. DE FRENNE,2023-10-18,102in
49,54,In,,,,,,0.0,,,(9/2)+,65,,7,s,65.0,7.0,EC+B+,100.0,,,,,,,,,,,,,-7540.0,100.0,-17768.8195,100.5065,-344.83,10.9499,6019.229,9.161,12008.8195,10.0776,2261.6666,9.133,8423.7199,0.0872,102919878.83,9.64,-74632.397,8.98,N,1978.0,1-Mar-2009,D. DE FRENNE,2023-10-18,103in
49,55,In,4.5184,0.0117,,,,0.0,,,(6+),1.80,,3,m,108.0,1.8,EC+B+,100.0,,,,,,,,,4.43,0.02,0.63,0.1,-4555.6174,8.1461,-17162.0,101.0,-469.6211,7.6389,7785.716,6.012,9621.5957,10.6772,2820.0194,6.0524,8435.238,0.0555,103918214.538,6.2,-76182.675,5.775,N,1977.0,30-Mar-2007,JEAN BLACHOT,2023-10-18,104in
49,56,In,4.5311,0.0103,,,,0.0,,,9/2+,5.07,,7,m,304.2,4.2,EC+B+,100.0,,,,,,,,,5.667,0.005,0.79,0.05,-6302.5807,10.9891,-16084.843,11.7471,-731.1138,11.3313,4693.267,10.34,11529.2255,11.7619,2961.1619,10.3821,8464.7045,0.0976,104914502.322,11.0,-79640.582,10.246,N,1975.0,1-Apr-2019,S. LALKOVSKI and  J. TIMAR and Z. ELEKES,2023-10-18,105in
49,57,In,4.5375,0.0095,,,,0.0,,,7+,6.2,,1,m,372.0,6.0,EC+B+,100.0,,,,,,,,,4.908,0.007,0.92,0.06,-3254.4521,13.2439,-15341.4664,12.8551,-786.364,14.7054,6524.003,12.276,9038.8857,15.9522,3563.2713,12.3049,8470.1213,0.1153,105913463.596,13.125,-80608.15,12.226,N,1962.0,1-May-2007,D. DE FRENNE AND A. NEGRET,2023-10-18,106in
49,58,In,4.5494,0.0082,,,,0.0,,,9/2+,32.4,,3,m,1944.0,18.0,EC+B+,100.0,,,,,,,,,5.577,0.008,0.77,0.05,-5054.4281,11.0175,-14284.2874,10.9138,-1188.8804,10.4877,3423.658,9.796,11029.8353,15.5723,3723.4852,9.7072,8494.0439,0.0902,106910287.497,10.363,-83566.667,9.654,N,1949.0,1-Mar-2008,Jean Blachot,2023-10-18,107in
49,59,In,4.5571,0.0071,,,,0.0,,,7+,58.0,,12,m,3480.0,72.0,EC+B+,100.0,,,,,,,,,4.554,0.003,0.957,0.007,-2049.8794,9.8365,-13678.9075,10.142,-1428.2741,9.6154,5132.595,8.714,8624.4794,12.9562,4418.4738,8.7992,8495.2516,0.08,107909693.654,9.276,-84119.828,8.641,N,1949.0,1-Jul-2008,Jean Blachot,2023-10-18,108in
49,60,In,4.5685,0.0061,,,,0.0,,,9/2+,4.159,,10,h,14972.4,36.0,EC+B+,100.0,,,,,,,,,5.53,0.004,0.8,0.03,-3859.3453,8.8866,-12490.895,6.6821,-1843.5933,6.0331,2014.804,4.256,10441.0156,9.4231,4526.0742,3.8959,8513.1027,0.0364,108907149.679,4.261,-86489.526,3.969,N,1948.0,31-May-2016,S. KUMAR(a) and  J. CHEN(b) AND F.G. KONDEV,2023-10-18,109in
49,61,In,4.5742,0.0056,,,,0.0,,,7+,4.92,,8,h,17712.0,288.0,EC+B+,100.0,,,,,,,,,4.706,0.008,0.32,0.02,-627.9769,17.9802,-11911.1071,14.0208,-1952.4859,11.9404,3878.0,11.5,8051.7618,12.2172,5254.6101,11.6532,8508.9087,0.105,109907170.674,12.402,-86469.969,11.553,N,1939.0,1-Aug-2011,G. G~URDAL and F.G. KONDEV,2023-10-18,110in
49,62,In,4.5856,0.0044,,,,0.0,,,9/2+,2.8047,,4,d,242326.08,34.56,EC,100.0,,,,,,,,,,,0.76,0.02,-2453.4692,6.3368,-10621.3753,14.1962,-2410.2661,4.1708,860.197,3.443,9993.3984,12.041,5333.0514,3.4134,8522.2824,0.0308,110905107.236,3.675,-88392.05,3.424,N,1947.0,1-Feb-2008,Jean Blachot,2023-10-18,111in
49,63,In,4.5907,0.0041,,,,0.0,,,1+,14.88,,15,m,892.8,9.0,EC+B+,62.0,4.0,B-,38.0,4.0,,,,,2.82,0.03,0.082,0.005,664.9224,4.2434,-10122.8642,6.8115,-2808.2511,4.8755,2584.73,4.25,7669.395,5.454,6026.8508,4.2528,8514.6674,0.038,111905538.718,4.563,-87990.127,4.251,N,1947.0,1-Aug-2014,S. LALKOVSKI and  F.G. KONDEV,2023-10-18,112in
49,64,In,4.601,0.0031,4.281,0.052,,0.0,,,9/2+,STABLE,,,,,,,,,,,,,,,,5.5208,0.0004,0.761,0.005,-1038.9941,1.5733,-8783.3923,0.2848,-3072.6086,1.2925,-323.837,0.309,9448.3147,4.25,6081.2372,0.2387,8522.9297,0.0017,112904060.451,0.202,-89367.123,0.188,N,1934.0,1-May-2009,Jean Blachot,2023-10-18,113in
49,65,In,4.6056,0.0029,,,,0.0,,,1+,71.9,,1,s,71.9,0.1,B-,99.5,0.15,EC+B+,0.5,0.15,,,,,2.813,0.014,0.705,0.011,1989.9281,0.3018,-8312.9959,1.5923,-3537.4168,1.3141,1445.127,0.408,7274.0018,0.2534,6815.4918,0.3588,8511.9742,0.0027,113904916.405,0.323,-88569.807,0.301,N,1937.0,1-Jan-2012,Jean Blachot,2023-10-18,114in
49,66,In,4.6156,0.0026,95.719,0.052,,0.0,,,9/2+,4.41E+14,,25,Y,1.3916604354795072e+22,7.889231493648e+20,B-,100.0,,,,,,,,,5.5326,0.0004,0.772,0.005,497.4892,0.0097,-7047.9393,0.0268,-3745.8253,1.4587,-1451.877,0.651,9037.8675,0.301,6810.3937,0.2762,8516.5472,0.0003,114903878.772,0.012,-89536.357,0.012,N,1924.0,1-Sep-2012,JEAN BLACHOT,2023-10-18,115in
49,67,In,4.6211,0.0027,,,,0.0,,,1+,14.10,,3,s,14.1,0.03,B-,99.977,0.006,EC,0.023,0.006,,,,,2.7826,0.0008,0.11,0.01,3276.2204,0.2397,-6287.2308,0.2202,-4090.9453,2.4319,462.731,0.272,6784.72,0.22,7454.2498,0.6875,8501.6177,0.0019,115905259.992,0.236,-88249.758,0.22,N,1937.0,1-Dec-2009,Jean Blachot,2023-10-18,116in
49,68,In,4.6292,0.0032,,,,0.0,,,9/2+,43.2,,3,m,2592.0,18.0,B-,100.0,,,,,,,,,5.511,0.004,0.79,0.01,1454.7073,4.8567,-5488.3743,4.8798,-4341.1261,17.3436,-2524.638,4.985,8764.5947,4.8856,7519.5173,4.8815,8503.8653,0.0417,116904515.729,5.239,-88943.035,4.881,N,1937.0,1-Mar-2009,JEAN BLACHOT,2023-10-18,117in
49,69,In,4.6335,0.0033,,,,0.0,,,1+,5.0,,5,s,5.0,0.5,B-,100.0,,,,,,,,,3.316,0.011,,,4424.6664,7.7396,-4901.7523,7.7385,-4722.2819,8.9962,-526.528,21.451,6356.4596,6.0247,8098.7507,7.8171,8485.667,0.0657,117906356.705,8.322,-87228.177,7.752,N,1949.0,1-Feb-1993,K. KITAO,2023-10-18,118in
49,70,In,4.6407,0.004,,,,0.0,,,9/2+,2.4,,1,m,144.0,6.0,B-,100.0,,,,,,,,,5.507,0.01,0.814,0.007,2366.3263,7.3381,-4117.1334,7.3245,-5140.9875,19.6708,-3721.719,38.397,8541.7997,8.3842,8285.9804,21.2945,8486.1387,0.0614,118905851.622,7.847,-87698.658,7.31,N,1949.0,1-Dec-2008,D. M. SYMOCHKO and  E. BROWNE and  J. K. TULI,2023-10-18,119in
49,71,In,4.6443,0.0042,,,,0.0,,,1+,3.08,,8,s,3.08,0.08,B-,100.0,,,,,,,,,3.687,0.004,,,5370.0,40.0,-3734.0742,40.0154,-5609.9926,40.1432,-1770.376,40.184,6100.4005,40.6522,9039.7732,54.9674,8466.2575,0.3334,119907967.489,42.953,-85727.741,40.011,N,1958.0,1-Dec-2001,K. KITAO and  Y. TENDOW AND A. HASHIZUME,2023-10-18,120in
49,72,In,4.6505,0.0047,,,,0.0,,,9/2+,23.1,,6,s,23.1,0.6,B-,100.0,,,,,,,,,5.494,0.005,0.776,0.01,3362.0331,27.4098,-2808.1703,27.4103,-6077.5908,30.5905,-4760.756,27.488,8178.1703,48.4904,9166.1987,27.6709,8463.8767,0.2266,120907852.778,29.435,-85834.593,27.419,N,1960.0,20-Jan-2009,S. OHYA,2023-10-18,121in
49,73,In,4.6534,0.0051,,,,0.0,,,1+,1.5,,3,s,1.5,0.3,B-,100.0,,,,,,,,,,,,,6368.5921,50.0,-2446.0528,50.0549,-6442.4745,50.123,-2958.977,50.113,5808.0859,56.972,9786.4953,50.0976,8442.1079,0.4103,121910282.458,53.741,-83571.361,50.06,N,1963.0,30-Sep-2006,T. TAMURA,2023-10-18,122in
49,74,In,4.6594,0.0056,,,,0.0,,,9/2+,6.15,,27,s,6.15,0.27,B-,100.0,,,,,,,,,5.483,0.007,0.722,0.009,4385.6489,19.8392,-1560.3988,19.8527,-7208.1908,24.6873,-6014.851,20.014,7928.9909,53.7971,10105.6205,19.9651,8437.9362,0.1612,122910435.252,21.29,-83429.034,19.832,N,1960.0,15-Apr-2021,Jun Chen,2023-10-18,123in
49,75,In,4.6625,0.006,,,,0.0,,,(1)+,3.12,,9,s,3.12,0.09,B-,100.0,,,,,,,,,3.882,0.009,0.58,0.07,7363.697,30.5668,-1124.4139,30.6475,-7641.1824,30.8859,-4168.342,30.672,5510.0628,36.4222,10742.5662,30.6792,8414.3243,0.2465,123913184.873,32.808,-80867.778,30.561,N,1964.0,1-Apr-2008,J. KATAKURA and  Z.D. WU,2023-10-18,124in
49,76,In,4.667,0.0064,,,,0.0,,,9/2+,2.36,,4,s,2.36,0.04,B-,100.0,,,,,,,,,5.494,0.009,0.68,0.03,5481.3495,2.2131,-252.1504,2.204,-8434.3928,12.2381,-7064.218,3.387,7615.8474,30.6118,11001.8424,3.1524,8407.9365,0.0142,124913673.841,1.9,-80412.308,1.77,N,1967.0,1-Jan-2010,J. KATAKURA,2023-10-18,125in
49,77,In,4.6702,0.0068,,,,0.0,,,3(+),1.53,,1,s,1.53,0.01,B-,100.0,,,,,,,,,4.055,0.004,0.47,0.05,8205.7585,11.4802,12.9622,4.3973,-9128.1749,38.4206,-5553.65,4.78,5468.3873,4.55,11750.258,5.0901,8384.6067,0.0333,125916468.202,4.5,-77809.377,4.192,N,1974.0,1-Oct-2021,H. Iimura and  J.Katakura and  S. Ohya,2023-10-18,126in
49,78,In,4.6733,0.0071,,,,0.0,,,(9/2+),1.09,,1,s,1.09,0.01,B-,100.0,,B-N,0.03,,,,,,5.514,0.008,0.56,0.03,6589.681,12.026,1063.9206,14.6335,-9736.232,34.1019,-8138.698,11.767,7141.8378,10.8443,11913.1408,10.2633,8374.8212,0.0788,126917466.04,10.736,-76879.897,10.001,N,1975.0,1-Oct-2009,A. HASHIZUME,2023-10-18,127in
49,79,In,,,,,,0.0,,,(3)+,0.84,,6,s,0.84,0.06,B-,100.0,,B-N,0.046,,,,,,,,,,9171.3131,17.7194,1208.1431,9.3191,-10385.0819,251.5069,-6951.872,6.566,5381.5379,10.0883,12737.8887,6.3398,8351.4361,0.0103,127920353.637,1.419,-74190.117,1.322,N,1975.0,28-Feb-2015,ZOLTAN ELEKES AND JANOS TIMAR,2023-10-18,128in
49,80,In,,,,,,0.0,,,(9/2+),611,,5,ms,0.611,0.005,B-,100.0,,B-N,0.23,0.07,,,,,,,,,7755.7081,17.2376,2455.2229,17.7915,-10739.8656,433.1492,-9712.747,5.664,6716.0902,2.3737,12885.6148,6.7273,8338.759,0.0153,128921808.534,2.116,-72834.889,1.971,N,1975.0,31-May-2014,JANOS TIMAR AND ZOLTAN ELEKES and  BALRAJ SINGH,2023-10-18,129in
49,81,In,,,,,,0.0,,,1(-),0.29,,2,s,0.29,0.02,B-,100.0,,B-N,0.93,0.13,,,,,,,,,10225.687,2.5905,2612.7491,17.3625,-11611.0,200.0,-8788.933,22.428,5142.959,2.6625,14073.3591,5.603,8314.176,0.0138,129924952.257,1.921,-69906.53,1.79,N,1973.0,31-MAY-2008,BALRAJ SINGH,2023-10-18,130in
49,82,In,,,,,,0.0,,,(9/2+),0.28,,3,s,0.28,0.03,B-,100.0,,B-N,2.0,0.3,,,,,,,,,9240.2095,4.2397,4036.5294,2.8934,-11800.0,200.0,-12812.609,19.364,6189.1576,2.8402,14195.7428,22.4644,8297.9544,0.0168,130926972.839,2.367,-68024.369,2.205,N,1976.0,17-Jul-2006,YU. KHAZOV and  I. MITROPOLSKY and  A. RODIONOV,2023-10-18,131in
49,83,In,,,,,,0.0,,,(7-),0.200,,2,s,0.2,0.002,B-,100.0,,B-N,7.4,1.4,B-2N,,,,,,,,14135.0,60.0,6781.7072,60.1416,-10126.0,306.0,-11946.125,84.924,2458.5024,60.073,14488.7642,63.0398,8253.7162,0.4548,131932998.444,64.447,-62411.554,60.033,N,1973.0,28-FEB-2018,BALRAJ SINGH,2023-10-18,132in
49,84,In,,,,,,0.0,,,(9/2+),165,,3,ms,0.165,0.003,B-,100.0,,B-N,85.0,10.0,,,,,,,,,13184.0,200.0,10785.0,200.0,-8245.0,447.0,-13550.0,282.8,3350.0,209.0,14514.0,209.0,8217.0,2.0,132938067.0,215.0,-57690.0,200.0,Y,1996.0,31-Oct-2010,YU. KHAZOV AND A. RODIONOV and  F.G. KONDEV,2023-10-18,133in
49,85,In,,,,,,0.0,,,(4- TO 7-),140,,4,ms,0.14,0.004,B-,100.0,,B-N,65.0,,,,,,,,,,14464.0,200.0,10833.0,200.0,-8497.0,469.0,-12510.0,360.5,2351.0,283.0,15119.0,283.0,8173.0,1.0,133944208.0,215.0,-51970.0,200.0,Y,1996.0,31-Jul-2004,A.A. Sonzogni,2023-10-18,134in
49,86,In,,,,,,0.0,,,,101,,5,ms,0.101,0.005,B-,100.0,,B-N,0.0,,B-2N,,,,,,,,13522.0,300.0,11252.0,300.0,-8785.0,583.0,,,3212.0,361.0,14939.0,424.0,8136.0,2.0,134949425.0,322.0,-47110.0,300.0,Y,2002.0,31-DEC-2016,BALRAJ SINGH,2023-10-18,135in
49,87,In,,,,,,0.0,,,,85,,+10-8,ms,0.085,0.009,B-,100.0,,B-N,,,B-2N,,,,,,,,15200.0,361.0,11591.0,300.0,-8995.0,583.0,,,1931.0,424.0,15439.0,500.0,8091.0,2.0,135956017.0,322.0,-40970.0,300.0,Y,2015.0,1-Apr-2018,E.A. MCCUTCHAN,2023-10-18,136in
49,88,In,,,,,,0.0,,,,65,,+40-30,ms,0.065,0.035,B-,100.0,,B-2N,,,B-N,,,,,,,,14320.0,500.0,12269.0,447.0,-9175.0,640.0,,,2931.0,500.0,,,8053.0,3.0,136961535.0,429.0,-35830.0,400.0,Y,2015.0,31-MAY-2015,BALRAJ SINGH,2023-10-18,137in
50,49,Sn,,,,,,0.0,,,,760,GT,,ns,7.6e-07,,EC+B+,,,ECP,,,,,,,,,,,,,,,-3345.0,812.0,13400.0,653.8,,,1359.0,657.0,8161.0,6.0,98948495.0,625.0,-47976.0,582.0,Y,2011.0,1-Jul-2017,E. BROWNE and  J. K. TULI,2023-10-18,99sn
50,50,Sn,,,,,,0.0,,,0+,1.18,,8,s,1.18,0.08,EC+B+,100.0,,ECP,17.0,,,,,,,,,,,,,,-4001.0,475.0,7030.0,240.0,17243.0,630.0,3061.0,383.0,8251.626,2.4001,99938648.944,257.661,-57148.146,240.01,N,1994.0,31-Jan-2021,Balraj Singh and Jun Chen,2023-10-18,100sn
50,51,Sn,,,,,,0.0,,,(5/2+),1.7,,3,s,1.7,0.3,EC+B+,100.0,,ECP,26.0,,,,,,,,,,,,,,-1996.5133,516.2821,8239.277,300.232,11228.7963,384.1976,3416.4493,300.013,8281.103,2.9703,100935259.252,322.068,-60305.624,300.005,N,1994.0,15-OCT-2007,BALRAJ SINGH,2023-10-18,101sn
50,52,Sn,,,,,,0.0,,,0+,3.8,,2,s,3.8,0.2,EC+B+,100.0,,,,,,,,,,,,,-13835.0,412.0,,,276.6132,112.7111,5760.0,100.2,12700.5893,316.2653,3678.9653,100.7815,8324.4313,0.9814,101930289.525,107.466,-64934.896,100.105,N,1994.0,31-Dec-2008,D. DE FRENNE,2023-10-18,102sn
50,53,Sn,,,,,,0.0,,,(5/2+),7.0,,2,s,7.0,0.2,EC+B+,100.0,,ECP,1.2,0.1,,,,,,,,,-10422.0,316.0,-24064.0,412.0,414.0,100.0,7540.397,100.402,10229.0,142.0,3686.0,101.0,8343.0,1.0,102927973.0,108.0,-67092.0,100.0,Y,1981.0,1-Mar-2009,D. DE FRENNE,2023-10-18,103sn
50,54,Sn,,,,,,0.0,,,0+,20.8,,5,s,20.8,0.5,EC+B+,100.0,,,,,,,,,,,,,-12332.0,102.0,-23028.0,300.0,142.6223,5.9847,4555.618,8.146,12606.0,101.0,4283.6312,10.6608,8383.9114,0.0552,103923105.195,6.167,-71627.057,5.745,N,1985.0,30-Mar-2007,JEAN BLACHOT,2023-10-18,104sn
50,55,Sn,,,,,,0.0,,,(5/2+),32.7,,5,s,32.7,0.5,EC+B+,100.0,,B+P,0.011,0.004,,,,,,,,,-9322.5103,22.1849,-22115.0,102.0,73.5483,4.2416,6302.581,10.989,9782.2623,6.9839,4444.2978,7.0088,8397.229,0.0378,104921268.421,4.263,-73338.001,3.971,N,1981.0,1-Apr-2019,S. LALKOVSKI and  J. TIMAR and Z. ELEKES,2023-10-18,105sn
50,56,Sn,,,,,,0.0,,,0+,115,,5,s,115.0,5.0,EC+B+,100.0,,,,,,,,,,,,,-10880.3964,9.0249,-21409.5245,22.4125,-118.9119,5.3555,3254.452,13.244,12087.0142,6.4566,5002.0865,11.4415,8432.0383,0.048,105916957.394,5.465,-77353.698,5.091,N,1975.0,1-May-2007,D. DE FRENNE AND A. NEGRET,2023-10-18,106sn
50,57,Sn,,,,,,0.0,,,(5/2+),2.90,,5,m,174.0,3.0,EC+B+,100.0,,,,,,,,,,,,,-7858.9903,6.7377,-20110.2557,9.15,-285.5283,5.6097,5054.428,11.018,9229.8593,7.3559,5193.0601,13.3295,8439.4946,0.0496,106915713.649,5.7,-78512.239,5.31,N,1976.0,1-Mar-2008,Jean Blachot,2023-10-18,107sn
50,58,Sn,4.5605,0.0029,,,,0.0,,,0+,10.30,,8,m,618.0,4.8,EC+B+,100.0,,,,,,,,,-0.24,0.12,,,-9624.6079,7.6925,-19488.0184,6.7952,-526.4734,5.6364,2049.879,10.18,11629.0281,7.5605,5792.253,11.0528,8469.0273,0.0498,107911894.29,5.778,-82069.949,5.382,N,1968.0,1-Jul-2008,Jean Blachot,2023-10-18,108sn
50,59,Sn,4.5679,0.0027,,,,0.0,,,5/2+,18.1,,2,m,1086.0,12.0,EC+B+,100.0,,,,,,,,,-1.078,0.006,0.33,0.11,-6379.194,8.8074,-18256.1576,9.6639,-721.2469,8.07,3859.346,8.885,8631.5497,9.5998,5799.3233,11.7408,8470.5183,0.0729,108911292.857,8.533,-82630.18,7.949,N,1966.0,31-May-2016,S. KUMAR(a) and  J. CHEN(b) AND F.G. KONDEV,2023-10-18,109sn
50,60,Sn,4.5785,0.0025,,,,0.0,,,0+,4.154,,4,h,14954.4,14.4,EC,100.0,,,,,,,,,0.07,0.03,0.3,0.04,-8392.248,15.0117,-17662.3241,14.7489,-1134.7556,13.8213,627.976,17.98,11283.1301,15.9059,6641.4378,14.3375,8496.0875,0.1252,109907844.835,14.79,-85841.993,13.777,N,1965.0,1-Aug-2011,G. G~URDAL and F.G. KONDEV,2023-10-18,110sn
50,61,Sn,4.5836,0.0024,,,,0.0,,,7/2+,35.3,,6,m,2118.0,36.0,EC+B+,100.0,,,,,,,,,0.607,0.004,0.2,0.1,-5101.834,10.3337,-16560.1542,8.0011,-1373.171,5.5887,2453.469,6.34,8167.9061,14.7745,6757.5822,12.722,8493.131,0.0481,110907741.143,5.728,-85938.581,5.336,N,1949.0,1-Feb-2008,Jean Blachot,2023-10-18,111sn
50,62,Sn,4.5948,0.0022,0.97,0.01,,0.0,,,0+,STABLE,,,,,,,,,,,,,,,,0.3,0.08,0.04,0.09,-7056.076,17.8317,-15889.6206,8.8541,-1827.5424,1.1545,-664.922,4.261,10787.7866,5.3283,7551.9704,3.4299,8513.6189,0.0026,111904824.894,0.315,-88655.049,0.294,N,1927.0,1-Aug-2014,S. LALKOVSKI and  F.G. KONDEV,2023-10-18,112sn
50,63,Sn,4.6015,0.0021,,,,0.0,,,1/2+,115.09,,3,d,9943776.0,2592.0,EC+B+,100.0,,,,,,,,,-0.8777,0.0008,-0.41,0.04,-3911.1637,17.1206,-14800.4742,17.8987,-2248.7147,2.1976,1038.994,1.586,7744.3982,1.5617,7626.9736,4.5208,8506.8117,0.0139,112905175.857,1.69,-88328.129,1.575,N,1939.0,1-May-2009,Jean Blachot,2023-10-18,113sn
50,64,Sn,4.6099,0.002,0.66,0.01,,0.0,,,0+,STABLE,,,,,,,,,,,,,,,,0.22,0.05,0.09,0.08,-6063.1189,19.7724,-14214.0878,17.1929,-2636.6816,0.3805,-1989.928,0.302,10302.924,1.5749,8481.5829,0.1898,8522.5671,0.0004,113902780.13,0.031,-90559.735,0.029,N,1927.0,1-Jan-2012,Jean Blachot,2023-10-18,114sn
50,65,Sn,4.6148,0.0019,0.34,0.01,,0.0,,,1/2+,STABLE,,,,,,,,,,,,,,,,-0.9174,0.0004,-0.26,0.03,-3030.4336,16.0253,-13608.5475,19.7724,-3206.5145,0.3575,-497.489,0.019,7545.4285,0.025,8753.0096,0.3011,8514.0702,0.0003,114903344.695,0.016,-90033.846,0.015,N,1927.0,1-Sep-2012,JEAN BLACHOT,2023-10-18,115sn
50,66,Sn,4.625,0.0019,14.54,0.09,,0.0,,,0+,STABLE,,,,,,,,,,,,,,,,0.01,0.04,0.17,0.08,-4703.9591,5.154,-12593.8847,16.0256,-3376.0374,0.2664,-3276.221,0.24,9563.4512,0.0948,9278.5934,0.0953,8523.1166,0.0009,115901742.825,0.103,-91525.979,0.096,N,1922.0,1-Dec-2009,Jean Blachot,2023-10-18,116sn
50,67,Sn,4.6302,0.0019,7.68,0.07,,0.0,,,1/2+,STABLE,,,,,,,,,,,,,,,,-0.9995,0.0005,-0.42,0.05,-1758.1788,8.4449,-11647.0407,5.1764,-3779.3719,0.5399,-1454.707,4.905,6943.0816,0.4743,9436.955,0.5309,8509.612,0.0041,116902954.036,0.518,-90397.742,0.483,N,1923.0,1-Mar-2009,JEAN BLACHOT,2023-10-18,117sn
50,68,Sn,4.6393,0.0019,24.22,0.09,,0.0,,,0+,STABLE,,,,,,,,,,,,,,,,,,,,-3656.6393,2.9745,-11084.5975,8.4458,-4062.825,0.5688,-4424.666,7.768,9326.4187,0.1299,9998.779,4.8582,8516.5341,0.0042,117901606.63,0.536,-91652.843,0.499,N,1924.0,1-Feb-1993,K. KITAO,2023-10-18,118sn
50,69,Sn,4.6438,0.002,8.59,0.04,,0.0,,,1/2+,STABLE,,,,,,,,,,,,,,,,-1.0459,0.0005,-0.132,0.001,-589.4452,6.9937,-10140.0989,3.0241,-4405.4207,0.9735,-2366.327,7.346,6483.4596,0.5455,10125.779,7.7203,8499.4494,0.0061,118903311.266,0.778,-90064.985,0.725,N,1925.0,1-Dec-2008,D. M. SYMOCHKO and  E. BROWNE and  J. K. TULI,2023-10-18,119sn
50,70,Sn,4.6519,0.0021,32.58,0.09,,0.0,,,0+,STABLE,,,,,,,,,,,,,,,,,,,,-2680.6076,7.1399,-9693.5194,7.0529,-4810.1677,0.9324,-5370.0,40.0,9104.0742,1.1098,10688.0535,7.2528,8504.488,0.0077,119902202.557,0.987,-91097.741,0.92,N,1926.0,1-Dec-2001,K. KITAO and  Y. TENDOW AND A. HASHIZUME,2023-10-18,120sn
50,71,Sn,4.6566,0.0021,,,,0.0,,,3/2+,27.03,,4,h,97308.0,144.0,B-,100.0,,,,,,,,,0.6969,0.0011,-0.02,0.02,402.5306,2.5239,-8850.811,7.148,-5203.1449,1.4071,-3362.033,27.436,6170.2034,0.3394,10757.8564,40.0014,8485.1964,0.0081,120904243.488,1.05,-89196.626,0.978,N,1948.0,20-Jan-2009,S. OHYA,2023-10-18,121sn
50,72,Sn,4.6634,0.0022,4.63,0.03,,0.0,,,0+,STABLE,,,,,,,,,,,,,,,,-0.09,0.04,-0.08,0.09,-1605.7483,3.2135,-8412.1142,3.216,-5663.2197,20.1498,-6368.592,50.12,8814.6449,2.3436,11394.331,27.3094,8487.8968,0.0201,121903445.494,2.627,-89939.953,2.448,N,1928.0,30-Sep-2006,T. TAMURA,2023-10-18,122sn
50,73,Sn,4.6665,0.0023,,,,0.0,,,11/2-,129.2,,5,d,11162880.0,43200.0,B-,100.0,,,,,,,,,-1.3682,0.0011,0.03,0.04,1408.2079,2.4203,-7551.796,3.2113,-6262.6598,37.7732,-4385.649,19.986,5946.0478,1.155,11532.2929,50.0133,8467.2313,0.0202,122905727.065,2.661,-87814.683,2.479,N,1948.0,15-Apr-2021,Jun Chen,2023-10-18,123sn
50,74,Sn,4.6735,0.0023,5.79,0.05,,0.0,,,0+,STABLE,,,,,,,,,,,,,,,,-0.19,0.02,-0.08,0.09,-612.4067,0.4101,-7079.903,0.4053,-6699.026,3.9507,-7363.697,30.589,8488.1109,2.3979,12091.4128,19.8311,8467.3997,0.0106,123905279.619,1.41,-88231.475,1.314,N,1922.0,1-Apr-2008,J. KATAKURA and  Z.D. WU,2023-10-18,124sn
50,75,Sn,4.6765,0.0026,,,,0.0,,,11/2-,9.64,,3,d,832896.0,2592.0,B-,100.0,,,,,,,,,-1.346,0.002,0.2,0.2,2361.4366,2.1661,-6345.9066,0.4563,-7244.7366,2.3532,-5481.349,2.213,5733.5,0.2,12314.85,30.5675,8445.5285,0.0106,124907789.37,1.426,-85893.657,1.329,N,1939.0,1-Jan-2010,J. KATAKURA,2023-10-18,125sn
50,76,Sn,4.6833,0.0043,,,,0.0,,,0+,2.18E+5,,10,Y,6879409862461.056,315569259745.92,B-,100.0,,,,,,,,,-0.24,0.06,0.0,0.2,378.0,30.0,-5831.3597,10.8237,-7827.6671,10.9321,-8205.758,11.481,8192.7963,10.6085,12891.7988,10.8332,8443.5227,0.0848,125907658.958,11.473,-86015.135,10.688,N,1962.0,1-Oct-2021,H. Iimura and  J.Katakura and  S. Ohya,2023-10-18,126sn
50,77,Sn,4.6867,0.0048,,,,0.0,,,11/2-,2.10,,4,h,7560.0,144.0,B-,100.0,,,,,,,,,-1.327,0.007,0.32,0.14,3228.716,10.1668,-5147.7604,33.149,-8480.3104,9.6113,-6589.681,13.607,5525.7604,14.1016,12949.1719,10.1332,8420.5482,0.0726,126910391.726,9.904,-83469.578,9.226,N,1951.0,1-Oct-2009,A. HASHIZUME,2023-10-18,127sn
50,78,Sn,4.6921,0.0054,,,,0.0,,,0+,59.07,,14,m,3544.2,8.4,B-,100.0,,,,,,,,,-0.46,0.12,,,1268.4219,13.3175,-4734.454,18.3969,-9086.9092,17.8733,-9171.313,17.731,7963.17,19.9438,13770.504,20.3145,8416.9749,0.1381,127910507.828,18.982,-83361.43,17.682,N,1956.0,28-Feb-2015,ZOLTAN ELEKES AND JANOS TIMAR,2023-10-18,128sn
50,79,Sn,4.6934,0.0058,,,,0.0,,,3/2+,2.23,,4,m,133.8,2.4,B-,100.0,,,,,,,,,0.753,0.003,0.05,0.12,4038.7874,27.3634,-4032.0632,25.5191,-9667.4226,17.5097,-7755.708,17.382,5300.4851,24.7164,13689.4512,17.3205,8392.8161,0.1339,128913482.44,18.54,-80590.597,17.27,N,1962.0,31-May-2014,JANOS TIMAR AND ZOLTAN ELEKES and  BALRAJ SINGH,2023-10-18,129sn
50,80,Sn,4.7019,0.0066,,,,0.0,,,0+,3.72,,7,m,223.2,4.2,B-,100.0,,,,,,,,,,,,,2153.4702,14.1129,-3574.1506,21.3076,-10301.4055,2.969,-10225.687,2.591,7612.9379,17.3712,14586.299,2.7192,8386.817,0.0144,129913974.531,2.01,-80132.217,1.873,N,1972.0,11-May-2001,BALRAJ SINGH,2023-10-18,130sn
50,81,Sn,4.7078,0.0073,,,,0.0,,,(3/2+),56.0,,5,s,56.0,0.5,B-,100.0,,,,,,,,,0.746,0.004,-0.04,0.09,4716.8328,3.9621,-3050.21,14.6664,-10948.2956,7.1803,-9240.21,4.24,5203.6802,4.0767,14647.0202,4.0391,8362.5183,0.0276,130917053.067,3.887,-77264.579,3.621,N,1963.0,17-Jul-2006,YU. KHAZOV and  I. MITROPOLSKY and  A. RODIONOV,2023-10-18,131sn
50,82,Sn,4.7093,0.0076,,,,0.0,,,0+,39.7,,8,s,39.7,0.8,B-,100.0,,,,,,,,,,,,,3088.728,3.1606,-2636.46,2.8715,-11733.2244,6.7286,-14135.0,60.0,7353.2928,4.1249,15811.1554,2.961,8354.8726,0.015,131917823.898,2.121,-76546.554,1.976,N,1963.0,28-FEB-2018,BALRAJ SINGH,2023-10-18,132sn
50,83,Sn,,,,,,0.0,,,7/2-,1.46,,3,s,1.46,0.03,B-,100.0,,B-N,0.0294,0.0024,,,,,,,,,8049.6228,3.6617,690.0732,3.1162,-10176.6645,5.6406,-13183.89,200.0,2398.6548,2.7438,15751.3079,60.0627,8310.089,0.0143,132923913.753,2.043,-70873.89,1.904,N,1973.0,31-Oct-2010,YU. KHAZOV AND A. RODIONOV and  F.G. KONDEV and  F.G. Kondev,2023-10-18,133sn
50,84,Sn,,,,,,0.0,,,0+,1.050,,11,s,1.05,0.011,B-,100.0,,B-N,17.0,13.0,,,,,,,,,7585.2453,4.4136,4418.4363,4.4513,-7741.077,22.5791,-14463.759,200.025,3631.1864,3.6953,16033.0,200.0,8275.1719,0.0236,133928680.43,3.4,-66433.759,3.167,N,1974.0,31-Jul-2004,A.A. Sonzogni,2023-10-18,134sn
50,85,Sn,,,,,,0.0,,,(7/2-),515,,5,ms,0.515,0.005,B-,100.0,,B-N,21.0,3.0,B-2N,,,,,,,,9058.08,4.0522,5315.4337,4.3472,-7845.4077,19.4825,-13522.252,300.016,2269.8116,4.4136,15951.0,200.0,8230.6877,0.0228,134934908.603,3.3,-60632.252,3.074,N,1994.0,31-DEC-2016,BALRAJ SINGH,2023-10-18,135sn
50,86,Sn,,,,,,0.0,,,0+,345,,15,ms,0.345,0.015,B-,100.0,,B-N,27.0,4.0,,,,,,,,,8337.0,200.0,5449.0,200.0,-8130.0,209.0,-15200.0,360.5,3609.0,200.0,16349.0,361.0,8197.0,1.0,135939699.0,215.0,-56170.0,200.0,Y,1994.0,1-Apr-2018,E.A. MCCUTCHAN,2023-10-18,136sn
50,87,Sn,,,,,,0.0,,,,190,,60,ms,0.19,0.06,B-,100.0,,B-N,58.0,15.0,,,,,,,,,9911.0,304.0,6286.0,300.0,-8435.0,361.0,-14320.0,500.0,2051.0,361.0,16469.0,424.0,8152.0,2.0,136946162.0,322.0,-50150.0,300.0,Y,1994.0,1-Oct-2006,E. BROWNE and  J. K. TULI,2023-10-18,137sn
50,88,Sn,,,,,,0.0,,,0+,140,,+30-20,ms,0.14,0.025,B-,100.0,,B-N,36.0,12.0,B-2N,,,,,,,,9140.0,500.0,6479.0,403.0,-8475.0,500.0,,,3432.0,500.0,16969.0,565.0,8118.0,3.0,137951143.0,429.0,-45510.0,400.0,Y,2010.0,30-Sep-2017,JUN CHEN,2023-10-18,138sn
50,89,Sn,,,,,,0.0,,,,130,,60,ms,0.13,0.06,B-,100.0,,B-N,,,B-3N,,,,,,,,10740.0,565.0,7269.0,500.0,-8915.0,565.0,,,1871.0,565.0,,,8073.0,3.0,138957799.0,429.0,-39310.0,400.0,Y,2015.0,15-Oct-2016,P.K. JOSHI and  B. SINGH and  S. SINGH and  A.K. JAIN,2023-10-18,139sn
50,90,Sn,,,,,,0.0,,,0+,,,,,,,B-,100.0,,B-N,,,B-2N,,,,,,,,9900.0,671.0,7488.0,500.0,,,,,3252.0,500.0,,,8038.0,2.0,139962973.0,322.0,-34490.0,300.0,Y,2018.0,31-JAN-2021,BALRAJ SINGH,2023-10-18,140sn
51,52,Sb,,,,,,0.0,,,,49,LT,,ns,4.9e-08,,P,,,,,,,,,,,,,,,,,,2281.0,423.0,10422.0,316.2,13642.0,500.0,-976.0,316.0,8234.0,3.0,102939162.0,322.0,-56670.0,300.0,Y,2010.0,31-MAR-2015,BALRAJ SINGH,2023-10-18,103sb
51,53,Sb,,,,,,0.0,,,,0.44,,+15-11,s,0.44,0.13,EC+B+,100.0,,ECP,7.0,,P,1.0,,,,,,,-9668.0,333.0,,,2458.0,101.0,12332.057,101.163,10696.0,317.0,-508.687,14.5426,8258.0,1.0,103936344.0,109.0,-59295.0,101.0,Y,1995.0,30-Mar-2007,JEAN BLACHOT,2023-10-18,104sb
51,54,Sb,,,,,,0.0,,,(5/2+),1.22,,11,s,1.22,0.11,EC+B+,100.0,,P,,,,,,,,,,,-11203.9825,300.8126,-22459.9786,318.3586,2104.4944,24.7468,9322.51,22.18,12792.0,104.0,-322.595,22.4711,8300.9923,0.2079,104931276.547,23.431,-64015.491,21.827,N,1994.0,1-Apr-2019,S. LALKOVSKI and  J. TIMAR and Z. ELEKES,2023-10-18,105sb
51,55,Sb,,,,,,0.0,,,(2+),0.6,,2,s,0.6,0.2,EC+B+,,,,,,,,,,,,,,-8253.5423,100.8163,-21733.1107,300.1122,1796.6786,8.7432,10880.397,9.025,10529.1282,23.0637,424.2708,8.444,8322.0124,0.0703,105928637.979,8.0,-66473.301,7.452,N,1981.0,1-May-2007,D. DE FRENNE AND A. NEGRET,2023-10-18,106sb
51,56,Sb,,,,,,0.0,,,(5/2+),4.0,,2,s,4.0,0.2,EC+B+,100.0,,,,,,,,,,,,,-9996.0,101.0,-20504.8076,100.6261,1554.2327,9.8921,7858.991,6.738,12251.2653,8.5286,588.5219,6.5668,8358.7344,0.0388,106924150.621,4.452,-70653.248,4.148,N,1994.0,1-Mar-2008,Jean Blachot,2023-10-18,107sb
51,57,Sb,,,,,,0.0,,,(4+),7.4,,3,s,7.4,0.3,EC+B+,100.0,,,,,,,,,,,,,-6663.6646,7.7125,-19860.0,101.0,1312.4179,7.9723,9624.608,7.692,9863.4105,6.8854,1222.0732,7.6417,8372.6666,0.0509,107922226.731,5.9,-72445.341,5.496,N,1976.0,1-Jul-2008,Jean Blachot,2023-10-18,108sb
51,58,Sb,,,,,,0.0,,,(5/2+),17.2,,5,s,17.2,0.5,EC+B+,100.0,,,,,,,,,,,,,-8535.5871,6.8502,-18540.6282,7.5497,964.6798,11.52,6379.194,9.535,11876.9636,7.6108,1470.0087,7.5293,8404.8161,0.0483,108918141.203,5.652,-76250.986,5.265,N,1976.0,31-May-2016,S. KUMAR(a) and  J. CHEN(b) AND F.G. KONDEV,2023-10-18,109sb
51,59,Sb,,,,,,0.0,,,(3+),23.6,,3,s,23.6,0.3,EC+B+,100.0,,,,,,,,,,,,,-5219.924,8.8753,-17805.6632,7.399,733.4893,13.6024,8392.248,15.012,9270.0761,7.9536,2108.5351,9.9362,8412.6821,0.0542,109916854.283,6.4,-77449.745,5.962,N,1972.0,1-Aug-2011,G. G~URDAL and F.G. KONDEV,2023-10-18,110sb
51,60,Sb,,,,,,0.0,,,(5/2+),75,,1,s,75.0,1.0,EC+B+,100.0,,,,,,,,,,,,,-7249.2597,10.937,-16678.2442,11.0245,305.0044,13.0959,5101.834,10.333,11458.3202,10.67,2283.7251,16.3743,8440.1203,0.0797,110913218.187,9.5,-80836.747,8.849,N,1972.0,1-Feb-2008,Jean Blachot,2023-10-18,111sb
51,61,Sb,,,,,,0.0,,,(3+),53.5,,6,s,53.5,0.6,EC+B+,100.0,,,,,,,,,,,1.06,0.02,-4031.455,19.7019,-16082.8043,18.9524,95.9392,19.813,7056.076,17.831,8833.5446,19.9046,2949.3636,18.6108,8443.633,0.1592,111912399.903,19.14,-81598.973,17.829,N,1959.0,1-Aug-2014,S. LALKOVSKI and  F.G. KONDEV,2023-10-18,112sb
51,62,Sb,,,,,,0.0,,,5/2+,6.67,,7,m,400.2,4.2,EC+B+,100.0,,,,,,,,,,,,,-6069.9281,32.8102,-14920.7655,19.1279,-352.3556,17.6457,3911.163,17.265,10889.3105,24.7685,3050.8874,17.1917,8465.2762,0.1521,112909374.664,18.457,-84416.966,17.193,N,1958.0,1-May-2009,Jean Blachot,2023-10-18,113sb
51,63,Sb,,,,,,0.0,,,3+,3.49,,3,m,209.4,1.8,EC+B+,100.0,,,,,,,,,1.72,0.08,,,-2606.9398,31.4275,-14220.8969,34.2325,-451.5627,22.9004,6063.119,19.772,8150.9688,26.202,3457.4581,19.835,8462.5191,0.1734,113909289.155,21.226,-84496.616,19.772,N,1959.0,1-Jan-2012,Jean Blachot,2023-10-18,114sb
51,64,Sb,,,,,,0.0,,,5/2+,32.1,,3,m,1926.0,18.0,EC+B+,100.0,,,,,,,,,3.46,0.01,0.79,0.04,-4940.6447,32.2137,-13185.0537,29.2155,-1036.2782,16.387,3030.434,16.025,10578.1139,25.4511,3732.648,16.0253,8480.9156,0.1394,114906598.0,17.203,-87003.412,16.025,N,1958.0,1-Sep-2012,JEAN BLACHOT,2023-10-18,115sb
51,65,Sb,,,,,,0.0,,,3+,15.8,,8,m,948.0,48.0,EC+B+,100.0,,,,,,,,,2.715,0.009,2.5,0.6,-1558.2272,24.7485,-12830.5704,28.4162,-1256.8089,6.6813,4703.959,5.155,7889.9257,16.8338,4077.1451,5.1544,8475.8208,0.0444,115906792.732,5.533,-86822.02,5.154,N,1949.0,1-Dec-2009,Jean Blachot,2023-10-18,116sb
51,66,Sb,,,,,,0.0,,,5/2+,2.80,,1,h,10080.0,36.0,EC+B+,100.0,,B+,1.7,0.3,,,,,3.43,0.06,0.2,1.2,-3544.0634,13.0785,-11447.0892,25.634,-1697.3561,8.4388,1758.178,8.451,9888.8619,9.8861,4402.5559,8.4363,8487.8981,0.0721,116904841.519,9.057,-88639.564,8.437,N,1947.0,1-Mar-2009,JEAN BLACHOT,2023-10-18,117sb
51,67,Sb,,,,,,0.0,,,1+,3.6,,1,m,216.0,6.0,EC+B+,100.0,,,,,,,,,2.46,0.07,0.9,0.2,-305.4459,18.5521,-10972.0215,13.7871,-1851.3124,3.031,3656.639,3.057,7427.9581,8.9543,4887.4324,2.9774,8478.9156,0.0256,117905532.194,3.237,-87996.204,3.016,N,1947.0,1-Feb-1993,K. KITAO,2023-10-18,118sb
51,68,Sb,,,,,,0.0,,,5/2+,38.19,,22,h,137484.0,792.0,EC,100.0,,,,,,,,,3.45,0.01,,,-2293.0,2.0,-9856.0996,19.5972,-2364.0987,6.9982,589.446,7.035,9550.6538,7.5939,5111.6674,6.9871,8487.9218,0.0588,118903944.062,7.512,-89475.539,6.998,N,1947.0,1-Dec-2008,D. M. SYMOCHKO and  E. BROWNE and  J. K. TULI,2023-10-18,119sb
51,69,Sb,,,,,,0.0,,,1+,15.89,,4,m,953.4,2.4,EC+B+,100.0,,,,,,,,,2.3,0.2,0.63,0.02,945.0271,7.353,-9305.9118,10.2333,-2592.2906,7.2023,2680.608,7.258,7012.9118,10.036,5641.1197,7.2256,8475.63,0.06,119905080.308,7.728,-88417.133,7.199,N,1937.0,1-Dec-2001,K. KITAO and  Y. TENDOW AND A. HASHIZUME,2023-10-18,120sb
51,70,Sb,4.6802,0.0026,57.21,0.05,,0.0,,,5/2+,STABLE,,,,,,,,,,,,,,,,3.358,0.0016,-0.543,0.011,-1056.0462,25.7587,-8308.3145,2.4003,-3081.0375,5.4839,-402.531,2.69,9253.3416,7.5665,5790.387,2.5046,8482.0574,0.0207,120903811.353,2.69,-89599.157,2.506,N,1922.0,20-Jan-2009,S. OHYA,2023-10-18,121sb
51,71,Sb,,,,,,0.0,,,2-,2.7238,,2,d,235336.32,17.28,B-,97.59,0.12,EC+B+,2.41,0.12,,,,,-1.9,0.02,1.28,0.08,1979.0772,2.1265,-7862.4121,25.7589,-3530.9438,8.1422,1605.748,3.501,6806.3659,0.1342,6426.5496,2.5206,8468.3222,0.0205,121905169.335,2.687,-88334.205,2.503,N,1939.0,30-Sep-2006,T. TAMURA,2023-10-18,122sb
51,72,Sb,4.6879,0.0025,42.79,0.05,,0.0,,,7/2+,STABLE,,,,,,,,,,,,,,,,2.5457,0.0012,-0.692,0.014,-51.9128,0.0661,-6980.9267,0.1034,-3949.148,7.3794,-1408.207,2.826,8960.004,2.1275,6571.9087,2.4248,8472.3196,0.011,122904215.292,1.456,-89222.89,1.356,N,1922.0,15-Apr-2021,Jun Chen,2023-10-18,123sb
51,73,Sb,,,,,,0.0,,,3-,60.20,,3,d,5201280.0,2592.0,B-,100.0,,,,,,,,,1.2,0.02,2.8,0.2,2905.073,0.1317,-6519.4091,0.0914,-4316.2439,40.0233,612.406,1.89,6467.4963,0.0631,7093.3572,2.4211,8456.1517,0.011,123905937.065,1.457,-87619.069,1.358,N,1939.0,1-Apr-2008,J. KATAKURA and  Z.D. WU,2023-10-18,124sb
51,74,Sb,,,,,,0.0,,,7/2+,2.75856,,25,Y,87051673.71647051,7889.231493648,B-,100.0,,,,,,,,,2.63,0.04,,,766.7,2.1213,-5802.2703,2.1215,-4845.4168,27.4986,-2361.437,2.845,8707.3432,2.1256,7312.5896,2.1568,8458.1612,0.0201,124905254.264,2.7,-88255.094,2.515,N,1951.0,1-Jan-2010,J. KATAKURA,2023-10-18,125sb
51,75,Sb,,,,,,0.0,,,(8-),12.35,,6,d,1067040.0,5184.0,B-,100.0,,,,,,,,,1.28,0.07,,,3671.0321,31.8223,-5442.6597,31.8222,-5246.6906,59.315,-378.0,33.5,6209.3597,31.8928,7788.4493,31.8204,8440.3136,0.2528,125907253.158,34.189,-86393.135,31.847,N,1956.0,1-Oct-2021,H. Iimura and  J.Katakura and  S. Ohya,2023-10-18,126sb
51,76,Sb,,,,,,0.0,,,7/2+,3.85,,5,d,332640.0,4320.0,B-,100.0,,,,,,,,,2.7,0.04,,,1582.203,4.9102,-4705.4443,4.9132,-5694.1761,20.4319,-3228.716,10.534,8376.4764,32.1992,7972.1294,11.6956,8439.811,0.04,126906925.557,5.457,-86698.294,5.083,N,1939.0,1-Oct-2009,A. HASHIZUME,2023-10-18,127sb
51,77,Sb,,,,,,0.0,,,8-,9.05,,4,h,32580.0,144.0,B-,100.0,,,,,,,,,1.3,0.2,,,4363.9419,18.7862,-4420.6729,18.8355,-6186.9891,35.8734,-1268.422,25.8,6002.8758,19.4616,8449.2449,20.9302,8420.7724,0.1468,127909146.121,20.169,-84629.852,18.788,N,1956.0,28-Feb-2015,ZOLTAN ELEKES AND JANOS TIMAR,2023-10-18,128sb
51,78,Sb,,,,,,0.0,,,7/2+,4.366,,26,h,15717.6,93.6,B-,100.0,,,,,,,,,2.79,0.04,,,2375.5,21.2132,-3706.9087,21.2134,-6641.9923,21.2988,-4038.787,27.363,8070.8506,28.336,8556.9255,27.6176,8418.0598,0.1645,128909146.623,22.786,-84629.384,21.225,N,1939.0,31-May-2014,JANOS TIMAR AND ZOLTAN ELEKES and  BALRAJ SINGH,2023-10-18,129sb
51,79,Sb,,,,,,0.0,,,(8-),39.5,,8,m,2370.0,48.0,B-,100.0,,,,,,,,,,,,,5067.2728,14.2124,-3352.1207,14.2302,-6901.2257,14.8177,-2153.47,14.33,5727.6207,25.544,8984.0611,22.3662,8397.3641,0.1093,129911662.686,15.257,-82285.687,14.212,N,1962.0,11-May-2001,BALRAJ SINGH,2023-10-18,130sb
51,80,Sb,,,,,,0.0,,,(7/2+),23.03,,4,m,1381.8,2.4,B-,100.0,,,,,,,,,2.89,0.04,,,3229.6099,2.0845,-2699.77,2.0837,-7526.4307,10.2162,-4716.833,4.178,7767.0428,14.3643,9138.166,2.8017,8392.5525,0.0159,130911989.339,2.236,-81981.412,2.084,N,1956.0,17-Jul-2006,YU. KHAZOV and  I. MITROPOLSKY and  A. RODIONOV,2023-10-18,131sb
51,81,Sb,,,,,,0.0,,,(4)+,2.79,,7,m,167.4,4.2,B-,100.0,,,,,,,,,,,,,5552.9155,4.2708,-2495.5781,2.4677,-7870.0808,2.799,-3088.728,3.161,5725.188,3.2291,9659.6738,4.3815,8372.3452,0.0187,131914508.013,2.648,-79635.282,2.467,N,1956.0,28-FEB-2018,BALRAJ SINGH,2023-10-18,132sb
51,82,Sb,,,,,,0.0,,,(7/2+),2.34,,5,m,140.4,3.0,B-,100.0,,,,,,,,,3.0,0.04,,,4013.6198,3.5179,-1806.6341,4.6837,-8513.5402,3.6972,-8049.623,3.662,7359.5496,3.9836,9665.9306,3.6996,8364.7302,0.0235,132915272.128,3.357,-78923.513,3.128,N,1966.0,31-Oct-2010,YU. KHAZOV AND A. RODIONOV and  F.G. KONDEV,2023-10-18,133sb
51,83,Sb,,,,,,0.0,,,(0-),0.78,,6,s,0.78,0.06,B-,100.0,,,,,,,,,,,,,8514.7483,4.1221,846.8108,3.7037,-6537.3901,3.5569,-7585.245,4.414,3166.8089,4.3855,10434.0847,3.6158,8325.9398,0.0229,133920537.334,3.3,-74019.004,3.074,N,1967.0,31-Jan-2011,K. Abu Saleem and  Z. Wu and  S. Chaudhury and  D and  Bernard and  E. Browne,2023-10-18,134sb
51,84,Sb,,,,,,0.0,,,(7/2+),1.679,,15,s,1.679,0.015,B-,100.0,,B-N,22.0,3.0,,,,,,,,,8038.4581,3.1524,4772.102,3.8097,-4090.8788,3.4402,-9058.08,4.05,3742.6463,4.0522,10545.5446,4.1233,8291.9894,0.0196,134925184.354,2.834,-69690.332,2.64,N,1964.0,31-DEC-2016,BALRAJ SINGH,2023-10-18,135sb
51,85,Sb,,,,,,0.0,,,(1-),0.923,,14,s,0.923,0.014,B-,100.0,,B-N,18.5,1.8,B-2N,1.0,,,,,,,9918.3897,6.2599,5150.5827,6.0786,-4520.2518,60.3149,-8336.89,200.08,2887.8754,6.3996,11163.6083,6.5903,8252.2533,0.0429,135930749.009,6.258,-64506.89,5.83,N,1976.0,1-Apr-2018,E.A. MCCUTCHAN,2023-10-18,136sb
51,86,Sb,,,,,,0.0,,,(7/2+),450,,50,ms,0.45,0.05,B-,100.0,,B-N,49.0,10.0,,,,,,,,,9243.3698,52.2059,6293.5687,52.2135,-4795.0,207.0,-9910.392,304.501,3624.8209,52.4884,11179.0,207.0,8218.4764,0.3808,136935522.519,56.0,-60060.392,52.164,N,1994.0,1-Oct-2006,E. BROWNE and  J. K. TULI,2023-10-18,137sb
51,87,Sb,,,,,,0.0,,,(3-),348,,15,ms,0.348,0.015,B-N,72.0,8.0,B-,,,B-2N,,,,,,,,11046.0,300.0,6583.0,300.0,-5105.0,361.0,-9140.0,500.0,2661.0,304.0,11789.0,424.0,8178.0,2.0,137941331.0,322.0,-54650.0,300.0,Y,1994.0,30-Sep-2017,JUN CHEN,2023-10-18,138sb
51,88,Sb,,,,,,0.0,,,(7/2+),93,,13,ms,0.093,0.013,B-,100.0,,B-N,90.0,10.0,B-2N,,,,,,,,10155.0,400.0,7575.0,400.0,-5365.0,500.0,-10740.0,565.6,3472.0,500.0,11829.0,565.0,8144.0,3.0,138946269.0,429.0,-50050.0,400.0,Y,1994.0,15-Oct-2016,P.K. JOSHI and  B. SINGH and  S. SINGH and  A.K. JAIN,2023-10-18,139sb
51,89,Sb,,,,,,0.0,,,(3- 4-),173,,12,ms,0.173,0.012,B-,100.0,,B-N,23.0,4.0,B-2N,7.6,2.5,,,,,,11977.0,600.0,7743.0,600.0,-5845.0,671.0,-9900.0,670.8,2412.0,721.0,12369.0,721.0,8103.0,4.0,139952345.0,644.0,-44390.0,600.0,Y,2010.0,20-Nov-2018,N. NICA,2023-10-18,140sb
51,90,Sb,,,,,,0.0,,,,103,,29,ms,0.103,0.029,B-,100.0,,B-2N,,,B-N,,,,,,,,11129.0,640.0,8756.0,500.0,-6135.0,640.0,,,3221.0,781.0,12339.0,583.0,8069.0,4.0,140957552.0,537.0,-39540.0,500.0,Y,2018.0,12-Oct-2022,N. NICA,2023-10-18,141sb
51,91,Sb,,,,,,0.0,,,,53,,+69-31,ms,0.053,0.05,B-,100.0,,B-2N,,,B-N,,,,,,,,12939.0,583.0,8988.0,500.0,,,,,2141.0,583.0,,,8027.0,2.0,141963918.0,322.0,-33610.0,300.0,Y,2018.0,31-JAN-2021,BALRAJ SINGH,2023-10-18,142sb
52,52,Te,,,,,,0.0,,,0+,18,LT,,ns,1.8e-08,,A,100.0,,2P,,,,,,,,,,,,,,,5096.3997,208.0163,9668.169,333.281,,,246.0,437.0,8157.3256,3.0539,103946723.408,340.967,-49626.831,317.609,N,2018.0,31-JAN-2021,BALRAJ SINGH,2023-10-18,104te
52,53,Te,,,,,,0.0,,,[5/2+],0.62,,7,us,6.2e-07,7e-08,A,100.0,,,,,,,,,,,,,,,,,5069.1999,3.0,11203.982,300.813,11255.9961,436.9069,806.0,317.0,8186.8368,2.8573,104943304.516,322.084,-52811.509,300.02,N,2006.0,1-Apr-2019,S. LALKOVSKI and  J. TIMAR and Z. ELEKES,2023-10-18,105te
52,54,Te,,,,,,0.0,,,0+,70,,17,us,7e-05,1.7e-05,A,100.0,,,,,,,,,,,,,-14920.0,412.0,,,4290.2208,9.3537,8253.542,100.817,13479.5684,316.4178,1493.2389,102.8825,8236.7682,0.9485,105937498.521,107.934,-58219.759,100.541,N,1981.0,1-May-2007,D. DE FRENNE AND A. NEGRET,2023-10-18,106te
52,55,Te,,,,,,0.0,,,,3.1,,1,ms,0.0031,0.0001,A,70.0,30.0,EC+B+,30.0,30.0,,,,,,,,,-11227.0,316.0,-25429.0,412.0,4010.3533,4.6097,9996.248,101.085,10509.0,142.0,1473.0,101.0,8258.0,1.0,106934882.0,108.0,-60657.0,101.0,Y,1979.0,1-Mar-2008,Jean Blachot,2023-10-18,107te
52,56,Te,,,,,,0.0,,,0+,2.1,,1,s,2.1,0.1,EC+B+,51.0,4.0,A,49.0,4.0,B+P,2.4,1.0,,,,,,-13011.0,101.0,-24423.0,300.0,3420.465,7.6044,6663.665,7.713,13196.0,101.0,2417.3989,6.8178,8303.7221,0.0501,107929380.469,5.808,-65781.676,5.411,N,1974.0,1-Jul-2008,Jean Blachot,2023-10-18,108te
52,57,Te,,,,,,0.0,,,(5/2+),4.4,,2,s,4.4,0.2,EC+B+,96.1,1.3,B+P,9.4,3.1,A,3.9,1.3,,,,,,-10042.8941,8.0301,-23016.0,101.0,3197.6861,5.7,8535.587,6.85,10005.0412,6.963,2559.0296,7.0291,8319.3305,0.0402,108927304.532,4.704,-67715.399,4.382,N,1967.0,31-May-2016,S. KUMAR(a) and  J. CHEN(b) AND F.G. KONDEV,2023-10-18,109te
52,58,Te,,,,,,0.0,,,0+,18.6,,8,s,18.6,0.8,EC+B+,100.0,,A,0.00067,,,,,,,,,,-11761.9766,62.2875,-22628.6333,9.4079,2698.9612,7.7506,5219.924,8.876,12585.7392,7.9016,3267.8051,8.4233,8358.116,0.0598,109922458.102,7.058,-72229.821,6.575,N,1977.0,1-Aug-2011,G. G~URDAL and F.G. KONDEV,2023-10-18,110te
52,59,Te,,,,,,0.0,,,(5/2)+,19.3,,4,s,19.3,0.4,EC+B+,100.0,,B+P,,,,,,,,,,,-8633.6922,7.9943,-21190.9611,62.2721,2499.836,8.3367,7249.26,10.93,9428.9845,9.1946,3426.7135,8.7664,8367.7635,0.0579,110921000.587,6.9,-73587.487,6.427,N,1967.0,1-Feb-2008,Jean Blachot,2023-10-18,111te
52,60,Te,,,,,,0.0,,,0+,2.0,,2,m,120.0,12.0,EC+B+,100.0,,,,,,,,,,,,,-10504.1795,13.239,-20685.0414,9.6375,2077.5148,9.9626,4031.455,19.701,12051.3493,10.5637,4019.7426,12.1898,8400.6527,0.0749,111916727.848,9.0,-77567.518,8.383,N,1976.0,1-Aug-2014,S. LALKOVSKI and  F.G. KONDEV,2023-10-18,112te
52,61,Te,,,,,,0.0,,,(7/2+),1.7,,2,m,102.0,12.0,EC+B+,100.0,,,,,,,,,,,,,-7227.521,29.0704,-19355.0169,29.7641,1858.2272,29.0534,6069.929,32.81,8850.8374,29.1753,4037.0354,33.1481,8404.6366,0.2473,112915891.0,30.0,-78347.037,27.945,N,1974.0,1-May-2009,Jean Blachot,2023-10-18,113te
52,62,Te,,,,,,0.0,,,0+,15.2,,7,m,912.0,42.0,EC+B+,100.0,,,,,,,,,,,,,-9250.7417,31.5883,-18841.4781,25.7082,1527.4002,28.0454,2606.94,31.42,11613.9571,37.1167,4761.682,29.8719,8432.7885,0.2143,113912087.82,26.224,-81889.676,24.428,N,1968.0,1-Jan-2012,Jean Blachot,2023-10-18,114te
52,63,Te,,,,,,0.0,,,7/2+,5.8,,2,m,348.0,12.0,EC+B+,100.0,,,,,,,,,,,,,-5724.9628,40.184,-17495.1507,34.3802,1450.8973,28.4498,4940.645,32.214,8244.409,37.1167,4855.1222,34.2325,8431.1504,0.243,114911902.0,30.0,-82062.767,27.945,N,1961.0,1-Sep-2012,JEAN BLACHOT,2023-10-18,115te
52,64,Te,4.6847,0.0128,,,,0.0,,,0+,2.49,,4,h,8964.0,144.0,EC+B+,100.0,,,,,,,,,,,,,-7843.1388,75.323,-16997.3059,37.6797,966.3408,24.2076,1558.227,24.749,11272.3432,36.9707,5549.3514,29.0298,8455.6435,0.2087,115908465.558,25.986,-85263.793,24.206,N,1958.0,1-Dec-2009,Jean Blachot,2023-10-18,116te
52,65,Te,,,,,,0.0,,,1/2+,62,,2,m,3720.0,120.0,EC+B+,100.0,,B+,25.0,1.0,,,,,-0.787,0.012,,,-4656.9321,28.1284,-15746.1646,76.2341,807.7132,13.547,3544.064,15.881,7903.0258,27.6941,5562.4516,14.4084,8450.9203,0.115,116908646.227,14.444,-85095.5,13.455,N,1958.0,1-Mar-2009,JEAN BLACHOT,2023-10-18,117te
52,66,Te,4.6956,0.0105,,,,0.0,,,0+,6.00,,2,d,518400.0,1728.0,EC,100.0,,,,,,,,,,,,,-6719.7015,26.9364,-15323.5078,31.4374,444.0616,18.3062,305.446,18.553,10666.5756,22.719,6340.1653,20.1566,8469.697,0.1551,117905860.104,19.652,-87690.758,18.306,N,1948.0,1-Feb-1993,K. KITAO,2023-10-18,118te
52,67,Te,,,,,,0.0,,,1/2+,16.05,,5,h,57780.0,180.0,EC+B+,100.0,,B+,2.06,0.05,,,,,0.25,0.05,,,-3404.808,22.8941,-14282.8011,21.0578,426.3905,7.2784,2293.0,10.0,7563.0996,19.699,6475.3068,7.8529,8462.0785,0.0612,118906405.699,7.813,-87182.539,7.278,N,1948.0,1-Dec-2008,D. M. SYMOCHKO and  E. BROWNE and  J. K. TULI,2023-10-18,119te
52,68,Te,4.7038,0.0088,0.09,0.01,,0.0,,,0+,STABLE,,,,,,,,,,,,,,,,0.58,0.11,-0.41,0.03,-5615.0,15.0,-13655.7469,21.7769,-261.0973,1.7537,-945.027,7.409,10250.9389,7.4836,7175.5919,7.2114,8476.9857,0.0146,119904065.779,1.88,-89362.16,1.751,N,1936.0,1-Dec-2001,K. KITAO and  Y. TENDOW AND A. HASHIZUME,2023-10-18,120te
52,69,Te,,,,,,0.0,,,1/2+,19.17,,4,d,1656288.0,3456.0,EC+B+,100.0,,,,,,,,,0.738,0.01,,,-2297.4615,25.9856,-12867.2683,29.8537,-570.284,25.8386,1056.046,25.956,7252.2683,25.8117,7414.9485,26.8032,8466.8641,0.2135,120904945.065,27.734,-88543.111,25.835,N,1939.0,20-Jan-2009,S. OHYA,2023-10-18,121te
52,70,Te,4.7095,0.0031,2.55,0.12,,0.0,,,0+,STABLE,,,,,,,,,,,,,,,,0.7,0.03,-0.57,0.05,-4234.0,5.0,-12138.9508,4.5236,-1085.3546,1.4351,-1979.077,2.847,9841.4893,25.8004,8003.0962,2.1304,8478.1315,0.0111,121903044.708,1.456,-90313.282,1.357,N,1932.0,30-Sep-2006,T. TAMURA,2023-10-18,122te
52,71,Te,4.7117,0.0035,0.89,0.03,,0.0,,,1/2+,9.2E+16,GT,,Y,2.903237189662464e+24,,EC,100.0,,,,,,,,,-0.7358,0.0003,,,-1228.3898,3.4448,-11163.0139,5.0006,-1530.909,1.5142,51.912,1.917,6929.0139,0.0795,8125.7441,2.1271,8465.537,0.011,122904271.022,1.454,-89170.978,1.355,N,1932.0,15-Apr-2021,Jun Chen,2023-10-18,123te
52,72,Te,4.7183,0.0029,4.74,0.14,,0.0,,,0+,STABLE,,,,,,,,,,,,,,,,0.66,0.04,-0.45,0.05,-3159.587,1.8593,-10652.8719,3.4461,-1851.3168,1.3595,-2905.073,1.916,9424.4821,0.0949,8590.2223,0.1156,8473.2705,0.0109,123902818.341,1.451,-90524.142,1.352,N,1932.0,1-Apr-2008,J. KATAKURA and  Z.D. WU,2023-10-18,124te
52,73,Te,4.7204,0.003,7.07,0.15,,0.0,,,1/2+,STABLE,,,,,,,,,,,,,,,,-0.887,0.0005,-0.31,0.02,-185.77,0.06,-9728.5572,1.8596,-2250.0837,1.3946,-766.7,2.8,6568.9703,0.03,8691.6962,0.1351,8458.0361,0.0108,124904431.178,1.451,-89021.794,1.352,N,1931.0,1-Jan-2010,J. KATAKURA,2023-10-18,125te
52,74,Te,4.7266,0.0032,18.84,0.25,,0.0,,,0+,STABLE,,,,,,,,,,,,,,,,,,,,-2153.6712,3.6717,-9299.4618,0.1,-2549.1306,2.424,-3671.033,31.876,9113.6918,0.08,9098.0448,2.1228,8463.2397,0.0107,125903312.144,1.453,-90064.168,1.354,N,1924.0,1-Oct-2021,H. Iimura and  J.Katakura and  S. Ohya,2023-10-18,126te
52,75,Te,,,,,,0.0,,,3/2+,9.35,,7,h,33660.0,252.0,B-,100.0,,,,,,,,,0.635,0.004,,,702.7199,3.5652,-8441.3184,3.6744,-2890.7301,2.4261,-1582.203,5.263,6287.6472,0.1788,9176.3324,31.8228,8446.109,0.0108,126905226.993,1.465,-88280.497,1.365,N,1938.0,1-Oct-2009,A. HASHIZUME,2023-10-18,127te
52,76,Te,4.7346,0.0029,31.74,0.08,,0.0,,,0+,7.7E+24,,4,Y,2.429883300043584e+32,1.26227703898368e+31,2B-,100.0,,,,,,,,,0.64,0.03,-0.22,0.05,-1255.7634,3.6807,-8081.8949,3.6805,-3187.234,1.4587,-4363.942,18.801,8784.6148,1.5027,9584.4707,5.1223,8448.7536,0.0055,127904461.237,0.758,-88993.794,0.706,N,1924.0,28-Feb-2015,ZOLTAN ELEKES AND JANOS TIMAR,2023-10-18,128te
52,77,Te,,,,,,0.0,,,3/2+,69.6,,3,m,4176.0,18.0,B-,100.0,,,,,,,,,0.702,0.004,0.055,0.013,1502.2919,3.1358,-7338.1721,3.6816,-3536.1428,1.4745,-2375.5,21.2,6082.4087,0.0813,9664.0036,18.7864,8430.4098,0.0055,128906596.419,0.763,-87004.884,0.711,N,1939.0,31-May-2014,JANOS TIMAR AND ZOLTAN ELEKES and  BALRAJ SINGH,2023-10-18,129te
52,78,Te,4.7423,0.0025,34.08,0.62,,0.0,,,0+,0.79E+21,GT,,Y,2.492997151992768e+28,,2B-,100.0,,,,,,,,,0.7,0.04,-0.12,0.05,-416.7716,3.1537,-6917.1016,3.1534,-3762.74,10.6876,-5067.273,14.212,8419.3935,0.7109,10012.5465,21.2251,8430.3251,0.0003,129906222.745,0.011,-87352.96,0.011,N,1924.0,11-May-2001,BALRAJ SINGH,2023-10-18,130te
52,79,Te,,,,,,0.0,,,3/2+,25.0,,1,m,1500.0,6.0,B-,100.0,,,,,,,,,0.696,0.009,0.25,0.14,2231.7057,0.6077,-6346.1516,3.1542,-4166.3596,9.2257,-3229.61,2.08,5929.38,0.06,10214.3058,14.2125,8411.2339,0.0005,130908522.21,0.065,-85211.022,0.061,N,1939.0,17-Jul-2006,YU. KHAZOV and  I. MITROPOLSKY and  A. RODIONOV,2023-10-18,131te
52,80,Te,4.75,0.0031,,,,0.0,,,0+,3.204,,13,d,276825.6,1123.2,B-,100.0,,,,,,,,,4.7,0.5,,,515.3046,3.483,-5816.7879,3.5383,-4251.6832,18.0223,-5552.915,4.271,8048.4936,3.4868,10495.7565,4.0615,8408.4859,0.0264,131908546.713,3.742,-85188.197,3.486,N,1948.0,10-Feb-2005,YU. KHAZOV and  A.A. RODIONOV AND S. SAKHAROV and  BALRAJ SINGH,2023-10-18,132te
52,81,Te,,,,,,0.0,,,(3/2+),12.5,,3,m,750.0,18.0,B-,100.0,,,,,,,,,0.85,0.02,0.23,0.09,2920.169,6.2531,-5304.9493,4.5603,-4771.4519,17.3931,-4013.62,3.74,5820.2539,4.0525,10590.8223,3.2178,8389.0255,0.0155,132910963.33,2.218,-82937.133,2.066,N,1940.0,31-Oct-2010,YU. KHAZOV AND A. RODIONOV and  F.G. KONDEV,2023-10-18,133te
52,82,Te,4.7569,0.0041,,,,0.0,,,0+,41.8,,8,m,2508.0,48.0,B-,100.0,,,,,,,,,5.08,0.15,,,1509.6875,4.9335,-4747.7685,6.5096,-4826.4515,3.3242,-8514.748,4.122,7667.9375,3.4368,10899.2103,4.1624,8383.6442,0.0205,133911396.376,2.948,-82533.752,2.746,N,1948.0,31-Jul-2004,A.A. Sonzogni,2023-10-18,134te
52,83,Te,,,,,,0.0,,,(7/2-),19.0,,2,s,19.0,0.2,B-,100.0,,,,,,,,,-0.69,0.05,0.29,0.09,6050.3894,2.685,-1756.6685,5.1531,-2889.1273,4.0097,-8038.458,3.152,3266.356,3.2417,10998.7574,3.5235,8345.7384,0.0128,134916554.715,1.848,-77728.79,1.722,N,1969.0,22-Jan-2008,BALRAJ SINGH and  ALEXANDER A. RODIONOV and YURI L. KHAZOV,2023-10-18,135te
52,84,Te,4.7815,0.0089,,,,0.0,,,0+,17.63,,9,s,17.63,0.09,B-,100.0,,B-N,1.31,0.05,,,,,0.68,,,,5119.9455,14.188,1282.5824,3.0734,-303.6415,3.0177,-9918.389,6.26,4767.807,2.8582,12023.918,3.4891,8319.4301,0.0168,135920101.18,2.448,-74425.279,2.281,N,1974.0,1-Apr-2018,E.A. MCCUTCHAN,2023-10-18,136te
52,85,Te,,,,,,0.0,,,(7/2-),2.49,,5,s,2.49,0.05,B-,100.0,,B-N,2.99,0.16,,,,,,,,,7052.5063,8.6426,2170.1444,14.3427,-854.7877,2.835,-9243.37,52.2,2949.801,3.1008,12085.8437,6.1964,8280.2357,0.0153,136925599.354,2.254,-69303.762,2.1,N,1975.0,1-Oct-2006,E. BROWNE and  J. K. TULI,2023-10-18,137te
52,86,Te,,,,,,0.0,,,0+,1.4,,4,s,1.4,0.4,B-,100.0,,B-N,6.3,2.1,,,,,,,,,6283.9149,7.0625,2588.9557,9.199,-1687.1519,4.9366,-11045.995,300.024,4463.5506,4.3303,12924.5734,52.3009,8252.5786,0.0274,137929472.452,4.065,-65695.995,3.787,N,1975.0,30-Sep-2017,JUN CHEN,2023-10-18,138te
52,87,Te,,,,,,0.0,,,(7/2-),1.6,,3,s,1.6,0.3,B-,100.0,,B-N,,,,,,,,,,,8265.8835,5.3454,3703.5113,6.9332,-1997.7438,4.6881,-10155.08,400.01,2580.4036,5.1835,12844.0,300.0,8211.7716,0.0255,138935367.191,3.8,-60205.08,3.54,N,1994.0,15-Oct-2016,P.K. JOSHI and  B. SINGH and  S. SINGH and  A.K. JAIN,2023-10-18,139te
52,88,Te,,,,,,0.0,,,0+,348,,5,ms,0.348,0.005,B-,100.0,,B-N,,,,,,,,,,,7238.7734,18.7976,4032.1965,14.925,-2622.0,201.0,-11977.449,600.172,4233.687,14.8068,13606.0,400.0,8183.3567,0.1027,139939487.057,15.434,-56367.449,14.377,N,1994.0,20-Nov-2018,N. NICA,2023-10-18,140te
52,89,Te,,,,,,0.0,,,,193,,16,ms,0.193,0.016,B-,100.0,,B-N,,,,,,,,,,,9257.0,400.0,4865.0,400.0,-2945.0,500.0,-11130.0,640.3,2373.0,400.0,13568.0,721.0,8142.0,3.0,140945604.0,429.0,-50670.0,400.0,Y,1994.0,12-Oct-2022,N. NICA,2023-10-18,141te
52,90,Te,,,,,,0.0,,,0+,,,,,,,,,,,,,,,,,,,,,8253.0,500.0,5306.0,500.0,-3464.0,640.0,-12940.0,583.0,3951.0,640.0,14298.0,707.0,8113.0,4.0,141950027.0,537.0,-46550.0,500.0,Y,1994.0,1-Jun-2010,T.D. Johnson and  D. Symochko(a) and  M. Fadil(b) and  and J.K. Tuli,2023-10-18,142te
52,91,Te,,,,,,0.0,,,,408,GT,,ns,4.08e-07,,B-,,,B-N,,,B-2N,,,,,,,,10259.0,539.0,6201.0,500.0,-3645.0,640.0,,,2052.0,707.0,14209.0,583.0,8070.0,3.0,142956489.0,537.0,-40530.0,500.0,Y,2010.0,31-May-2011,E. BROWNE and  J. K. TULI,2023-10-18,143te
52,92,Te,,,,,,0.0,,,0+,,,,,,,B-,100.0,,B-2N,,,B-N,,,,,,,,9110.0,500.0,6498.0,361.0,-4155.0,424.0,,,3761.0,583.0,,,8040.0,2.0,143961116.0,322.0,-36220.0,300.0,Y,2015.0,31-JAN-2018,BALRAJ SINGH,2023-10-18,144te
52,93,Te,,,,,,0.0,,,,,,,,,,B-,100.0,,B-2N,,,B-N,,,,,,,,11120.0,583.0,7249.0,500.0,,,,,1861.0,424.0,,,7998.0,2.0,144967783.0,322.0,-30010.0,300.0,Y,2018.0,31-JAN-2021,BALRAJ SINGH,2023-10-18,145te
53,55,I,,,,,,0.0,,,(1),36,,6,ms,0.036,0.006,A,91.0,15.0,EC+B+,9.0,,P,1.0,,,,,,,-10139.0,393.0,,,4098.6662,4.6084,13010.676,101.145,11413.0,317.0,-596.9999,13.0,8176.0,1.0,107943348.0,109.0,-52771.0,101.0,Y,1991.0,1-Jul-2008,Jean Blachot,2023-10-18,108i
53,56,I,,,,,,0.0,,,(1/2+ 3/2+),92.8,,8,us,9.28e-05,8e-07,P,99.986,0.004,A,0.014,0.004,,,,,,,,,-11502.9589,300.1831,-23111.4668,379.5568,3918.0699,20.7635,10042.894,8.03,12973.0,102.0,-820.1999,4.0,8220.0164,0.0617,108938086.022,7.223,-57672.505,6.729,N,1984.0,31-May-2016,S. KUMAR(a) and  J. CHEN(b) AND F.G. KONDEV,2023-10-18,109i
53,57,I,,,,,,0.0,,,(1+),0.664,,24,s,0.664,0.024,EC+B+,83.0,4.0,A,17.0,4.0,ECP,11.0,3.0,,,,,,-8545.2075,118.47,-22369.6156,306.4329,3580.5414,61.4896,11761.977,62.288,10866.6567,62.304,41.4156,62.0944,8244.0767,0.5631,109935085.102,66.494,-60467.844,61.94,N,1977.0,1-Aug-2011,G. G~URDAL and F.G. KONDEV,2023-10-18,110i
53,58,I,,,,,,0.0,,,(5/2+),2.5,,2,s,2.5,0.2,EC+B+,99.9,,A,0.1,,,,,,,,,,-10434.0,116.0,-21102.4764,101.1001,3274.5378,5.1866,8633.692,7.994,12557.2689,62.1217,12.9453,8.1136,8282.9343,0.0428,110930269.236,5.103,-64953.795,4.754,N,1977.0,1-Feb-2008,Jean Blachot,2023-10-18,111i
53,59,I,,,,,,0.0,,,(1+),3.34,,8,s,3.34,0.08,EC+B+,100.0,,ECP,0.88,0.1,ECA,0.104,0.012,,,,,,-7036.991,13.1754,-20615.0,116.0,2957.0864,11.6273,10504.179,13.238,10180.8619,11.2955,764.8227,12.0954,8299.8801,0.0915,111928004.548,11.0,-67063.339,10.246,N,1977.0,1-Aug-2014,S. LALKOVSKI and  F.G. KONDEV,2023-10-18,112i
53,60,I,,,,,,0.0,,,5/2+,6.6,,2,s,6.6,0.2,EC+B+,100.0,,A,3.31e-07,,,,,,,,,,-8915.8902,10.5334,-19164.487,11.5228,2706.5541,9.5861,7227.52,29.07,12127.496,13.0063,840.9694,11.5955,8333.7528,0.0709,112923650.062,8.6,-71119.517,8.011,N,1977.0,1-May-2009,Jean Blachot,2023-10-18,113i
53,61,I,,,,,,0.0,,,1+,2.1,,2,s,2.1,0.2,EC+B+,100.0,,B+P,,,,,,,,,,,-5553.036,22.9354,-18506.6265,21.1628,2385.8939,20.8956,9250.741,31.588,9590.7363,21.5699,1580.8684,34.3802,8344.779,0.1757,113922018.9,21.5,-72638.935,20.027,N,1977.0,1-Jan-2012,Jean Blachot,2023-10-18,114i
53,62,I,,,,,,0.0,,,(5/2+),1.3,,2,m,78.0,12.0,EC+B+,100.0,,,,,,,,,,,,,-7681.0475,31.3126,-17323.224,30.9643,2074.0261,30.2018,5724.962,40.184,11770.188,35.1415,1737.0992,37.823,8374.5651,0.2511,114918048.0,31.0,-76337.805,28.876,N,1969.0,1-Sep-2012,JEAN BLACHOT,2023-10-18,115i
53,63,I,,,,,,0.0,,,1+,2.91,,15,s,2.91,0.15,EC+B+,100.0,,,,,,,,,,,,,-4373.7764,75.8444,-16835.2146,76.0081,1753.4036,77.1264,7843.139,78.845,9154.1671,80.4017,2646.8573,80.0719,8381.2858,0.6469,115916885.513,80.555,-77420.654,75.037,N,1976.0,1-Dec-2009,Jean Blachot,2023-10-18,116i
53,64,I,,,,,,0.0,,,(5/2)+,2.22,,4,m,133.2,2.4,EC+B+,100.0,,B+,77.0,,,,,,3.1,0.2,,,-6253.2213,27.5845,-15463.0089,28.6817,1553.4816,30.8024,4656.932,28.883,11089.2325,79.2704,2463.7467,35.2011,8404.4307,0.2184,116913645.649,27.437,-80438.568,25.558,N,1969.0,1-Mar-2009,JEAN BLACHOT,2023-10-18,117i
53,65,I,,,,,,0.0,,,2-,13.7,,5,m,822.0,30.0,EC+B+,100.0,,,,,,,,,2.0,0.2,,,-2891.9893,22.3197,-14857.0276,22.3197,1100.6441,27.9536,6719.702,26.936,8603.8063,32.3056,3164.5272,23.906,8406.1203,0.1675,117913074.0,21.213,-80971.056,19.76,N,1957.0,1-Feb-1993,K. KITAO,2023-10-18,118i
53,66,I,,,,,,0.0,,,5/2+,19.1,,4,m,1146.0,24.0,EC+B+,100.0,,B+,51.0,4.0,EC,49.0,4.0,,2.9,0.1,,,-4983.2433,24.0598,-13769.9824,24.0598,800.7649,26.981,3404.808,22.894,10877.9931,29.3534,3375.9446,28.395,8426.8924,0.1824,118910060.91,23.302,-83777.731,21.706,N,1954.0,1-Dec-2008,D. M. SYMOCHKO and  E. BROWNE and  J. K. TULI,2023-10-18,119i
53,67,I,,,,,,0.0,,,2-,81.6,,2,m,4896.0,12.0,EC+B+,100.0,,,,,,,,,1.23,0.03,,,-1574.726,19.176,-13023.9902,18.3243,649.9436,15.9346,5615.0,15.2,8040.7469,26.443,3853.5919,16.7632,8423.6745,0.1258,119910093.729,16.212,-83747.16,15.102,N,1957.0,1-Dec-2001,K. KITAO and  Y. TENDOW AND A. HASHIZUME,2023-10-18,120i
53,68,I,,,,,,0.0,,,5/2+,2.12,,1,h,7632.0,36.0,EC+B+,100.0,,,,,,,,,2.3,0.1,,,-3764.6525,11.279,-12144.5328,12.7262,-31.0013,9.6683,2297.462,26.263,10569.8068,15.6285,4172.4598,4.3875,8441.4111,0.039,120907411.492,5.07,-86245.649,4.723,N,1950.0,20-Jan-2009,S. OHYA,2023-10-18,121i
53,69,I,,,,,,0.0,,,1+,3.63,,6,m,217.8,3.6,EC+B+,100.0,,,,,,,,,0.94,0.03,,,-724.2937,12.2596,-11669.6033,11.4784,-507.994,5.9923,4234.0,5.3,7904.9508,6.7426,4825.1423,26.2805,8437.0139,0.0425,121907590.094,5.561,-86079.282,5.181,N,1950.0,30-Sep-2006,T. TAMURA,2023-10-18,122i
53,70,I,,,,,,0.0,,,5/2+,13.2230,,19,h,47602.8,6.84,EC+B+,100.0,,,,,,,,,2.818,0.007,,,-2694.3302,9.6829,-10658.9178,11.7065,-891.9643,7.9072,1228.39,3.92,9934.6241,6.0713,4918.2771,3.444,8449.1896,0.03,122905589.753,3.956,-87942.588,3.686,N,1949.0,15-Apr-2021,Jun Chen,2023-10-18,123i
53,71,I,,,,,,0.0,,,2-,4.1760,,3,d,360806.4,25.92,EC+B+,100.0,,,,,,,,,1.446,0.004,,,302.8501,1.8639,-10187.6151,9.7356,-1372.3374,7.5022,3159.587,2.667,7493.2849,3.9157,5482.5481,1.8618,8441.4807,0.0185,123906210.297,2.467,-87364.555,2.299,N,1938.0,1-Apr-2008,J. KATAKURA and  Z.D. WU,2023-10-18,124i
53,72,I,,,,,,0.0,,,5/2+,59.407,,10,d,5132764.8,864.0,EC,100.0,,,,,,,,,2.821,0.005,-0.752,0.017,-1636.6632,0.4259,-9239.9371,0.1466,-1661.783,2.134,185.77,1.91,9542.7872,1.8605,5600.8533,0.0671,8450.2911,0.0108,124904630.61,1.452,-88836.024,1.353,N,1947.0,1-Jan-2010,J. KATAKURA,2023-10-18,125i
53,73,I,,,,,,0.0,,,2-,12.93,,5,d,1117152.0,4320.0,EC+B+,52.7,0.5,B-,47.3,0.5,,,,,1.438,0.004,,,1235.8904,3.7779,-8782.4538,3.6961,-2001.2077,4.2415,2153.672,4.013,7145.7906,3.6726,6177.6736,3.6721,8439.9379,0.03,125905624.205,4.055,-87910.496,3.778,N,1938.0,1-Oct-2021,H. Iimura and  J.Katakura and  S. Ohya,2023-10-18,126i
53,74,I,4.75,0.0081,100.0,,,0.0,,,5/2+,STABLE,,,,,,,,,,,,,,,,2.8087,0.0014,-0.688,0.01,-662.3336,2.0442,-7908.1479,3.6209,-2185.2421,3.5651,-702.72,3.87,9144.0384,2.7399,6208.0202,3.563,8445.482,0.0285,126904472.592,3.887,-88983.217,3.621,N,1920.0,1-Oct-2009,A. HASHIZUME,2023-10-18,127i
53,75,I,,,,,,0.0,,,1+,24.99,,2,m,1499.4,1.2,B-,93.1,0.8,EC+B+,6.9,0.8,,,,,-0.72,0.03,,,2122.5041,3.6211,-7488.465,2.0448,-2543.8773,3.5659,1255.764,3.689,6826.1315,0.0471,6746.5044,3.5654,8432.8309,0.0283,127905809.355,3.887,-87738.03,3.621,N,1934.0,28-Feb-2015,ZOLTAN ELEKES AND JANOS TIMAR,2023-10-18,128i
53,76,I,,,,,,0.0,,,7/2+,1.57E+7,,4,Y,495443737801094.4,12622770389836.8,B-,100.0,,,,,,,,,2.6165,0.0014,-0.483,0.008,188.8936,3.1534,-6717.9599,3.1534,-2676.9981,4.026,-1502.292,3.232,8840.464,4.7977,6802.3536,3.136,8435.9908,0.0244,128904983.643,3.385,-88507.176,3.153,N,1951.0,31-May-2014,JANOS TIMAR AND ZOLTAN ELEKES and  BALRAJ SINGH,2023-10-18,129i
53,77,I,,,,,,0.0,,,5+,12.36,,1,h,44496.0,36.0,B-,100.0,,,,,,,,,3.349,0.007,,,2944.2864,3.1537,-6311.4363,3.1537,-2967.9684,32.0018,416.772,3.154,6500.33,0.04,7220.2749,3.136,8421.1011,0.0243,129906670.168,3.385,-86936.188,3.154,N,1938.0,11-May-2001,BALRAJ SINGH,2023-10-18,130i
53,78,I,,,,,,0.0,,,7/2+,8.0252,,6,d,693377.28,51.84,B-,100.0,,,,,,,,,2.738,0.001,-0.34,0.02,970.8477,0.6046,-5633.571,0.6047,-3169.3493,5.1191,-2231.705,0.608,8577.8573,3.2111,7378.7387,0.6047,8422.2977,0.0046,130906126.375,0.649,-87442.727,0.605,N,1939.0,17-Jul-2006,YU. KHAZOV and  I. MITROPOLSKY and  A. RODIONOV,2023-10-18,131i
53,79,I,,,,,,0.0,,,4+,2.295,,13,h,8262.0,46.8,B-,100.0,,,,,,,,,3.088,0.007,0.08,0.01,3575.4729,4.0654,-5361.2448,4.0654,-3498.5658,19.2223,-515.305,5.355,6332.0924,4.1101,7781.4511,4.0659,8406.4628,0.0308,131907993.511,4.364,-85703.502,4.065,N,1948.0,10-Feb-2005,YU. KHAZOV and  A.A. RODIONOV AND S. SAKHAROV and  BALRAJ SINGH,2023-10-18,132i
53,80,I,,,,,,0.0,,,7/2+,20.83,,8,h,74988.0,288.0,B-,100.0,,,,,,,,,2.856,0.005,-0.23,0.01,1786.2812,6.3712,-4649.6454,5.9019,-3652.8335,22.0304,-2920.169,6.253,8225.1183,7.1666,7958.0758,6.8547,8405.0993,0.0444,132907828.4,6.335,-85857.302,5.902,N,1940.0,31-Oct-2010,YU. KHAZOV AND A. RODIONOV and  F.G. KONDEV,2023-10-18,133i
53,81,I,,,,,,0.0,,,(4)+,52.5,,2,m,3150.0,12.0,B-,100.0,,,,,,,,,,,,,4082.3946,4.8567,-4471.1748,5.4174,-4182.6688,15.0193,-1509.688,5.58,6257.456,7.6433,8395.278,5.2779,8389.0722,0.0362,133909775.66,5.213,-84043.44,4.857,N,1948.0,31-Jul-2004,A.A. Sonzogni,2023-10-18,134i
53,82,I,,,,,,0.0,,,7/2+,6.58,,3,h,23688.0,108.0,B-,100.0,,,,,,,,,2.94,0.002,,,2634.1851,3.8284,-3724.6633,2.0599,-4222.6839,2.93,-6050.39,2.68,7807.0579,5.2755,8534.3984,3.433,8384.7609,0.0153,134910059.355,2.211,-83779.18,2.06,N,1940.0,22-Jan-2008,BALRAJ SINGH and  ALEXANDER A. RODIONOV and YURI L. KHAZOV,2023-10-18,135i
53,83,I,,,,,,0.0,,,(1-),83.4,,4,s,83.4,0.4,B-,100.0,,,,,,,,,,,,,6883.9455,14.188,-1203.1779,14.6546,-2334.8589,14.4009,-5119.946,14.37,3837.363,14.3368,9105.4055,14.2922,8351.3242,0.1043,135914604.693,15.231,-79545.225,14.188,N,1949.0,1-Apr-2018,E.A. MCCUTCHAN,2023-10-18,136i
53,84,I,,,,,,0.0,,,(7/2+),24.5,,2,s,24.5,0.2,B-,100.0,,B-N,7.14,0.23,,,,,,,,,6027.1455,8.3841,2001.5836,8.3834,142.3287,8.9479,-7052.506,8.642,4882.3619,16.4798,9219.9604,8.6882,8326.0033,0.0612,136918028.178,9.0,-76356.268,8.383,N,1943.0,1-Oct-2006,E. BROWNE and  J. K. TULI,2023-10-18,137i
53,85,I,,,,,,0.0,,,(1-),6.26,,3,s,6.26,0.03,B-,100.0,,B-N,5.44,0.2,,,,,,,,,7992.3346,6.5881,2332.1864,5.9625,-385.8215,6.7074,-6283.915,7.063,3694.9592,10.287,9965.1185,6.3208,8292.445,0.0432,137922726.392,6.4,-71979.91,5.962,N,1949.0,30-Sep-2017,JUN CHEN,2023-10-18,138i
53,86,I,,,,,,0.0,,,(7/2+),2.280,,11,s,2.28,0.011,B-,100.0,,B-N,10.0,0.3,,,,,,,,,7173.6224,4.5424,3429.9624,4.8893,-1205.5474,4.7974,-8265.884,5.345,4562.3722,7.1822,10063.9401,5.5121,8265.61,0.0288,138926493.4,4.3,-68470.964,4.005,N,1949.0,15-Oct-2016,P.K. JOSHI and  B. SINGH and  S. SINGH and  A.K. JAIN,2023-10-18,139i
53,87,I,,,,,,0.0,,,(4-),0.86,,4,s,0.86,0.04,B-,100.0,,B-N,7.6,0.28,,,,,,,,,9380.2388,12.3313,3967.0454,12.2975,-1524.249,13.4396,-7238.774,18.797,3206.5769,12.7547,10690.1135,12.6162,8229.474,0.0865,139931715.914,13.0,-63606.223,12.109,N,1972.0,20-Nov-2018,N. NICA,2023-10-18,140i
53,88,I,,,,,,0.0,,,,0.418,,8,s,0.418,0.008,B-,100.0,,B-N,21.2,3.0,,,,,,,,,8270.643,16.0965,4988.4776,16.0057,-2291.1892,54.5143,-9256.666,400.313,4391.7612,19.9348,10848.1876,21.3886,8202.2562,0.1123,140935666.081,17.0,-59926.666,15.835,N,1974.0,12-Oct-2022,N. NICA,2023-10-18,141i
53,89,I,,,,,,0.0,,,,222,,12,ms,0.222,0.012,,,,,,,,,,,,,,,10426.6792,5.6276,5323.0214,5.7194,-2578.0,300.0,-8252.969,500.024,2947.6216,16.5871,11422.0,400.0,8165.2517,0.0348,141941166.595,5.3,-54802.969,4.937,N,1975.0,1-Jun-2010,T.D. Johnson and  D. Symochko(a) and  M. Fadil(b) and  and J.K. Tuli,2023-10-18,142i
53,90,I,,,,,,0.0,,,,130,,45,ms,0.13,0.045,B-,,,,,,,,,,,,,,9413.0,200.0,6369.0,200.0,-3165.0,447.0,-10260.0,538.5,4058.0,200.0,11529.0,539.0,8137.0,1.0,142945475.0,215.0,-50790.0,200.0,Y,1994.0,31-May-2011,E. BROWNE and  J. K. TULI,2023-10-18,143i
53,91,I,,,,,X,,,,,300,GE,,ns,3e-07,,,,,,,,,,,,,,,,11542.0,400.0,6801.0,400.0,-3365.0,721.0,-9110.0,500.0,2612.0,447.0,12089.0,640.0,8098.0,3.0,143951336.0,429.0,-45330.0,400.0,Y,1994.0,1-Dec-2000,A.A. Sonzogni,2023-10-18,144i
53,92,I,,,,,,0.0,,,,407,GT,,ns,4.07e-07,,B-N,,,B-,,,,,,,,,,,10363.0,500.0,7671.0,500.0,-4015.0,707.0,-11120.0,583.0,3871.0,640.0,12199.0,583.0,8069.0,3.0,144955845.0,537.0,-41130.0,500.0,Y,2010.0,15-AUG-2010,BALRAJ SINGH,2023-10-18,145i
53,93,I,,,,,,0.0,,,,94,,26,ms,0.094,0.026,B-,100.0,,B-2N,,,B-N,,,,,,,,12415.0,301.0,7882.0,300.0,-4355.0,424.0,,,2481.0,583.0,12819.0,424.0,8031.0,2.0,145961846.0,322.0,-35540.0,300.0,Y,2018.0,31-JAN-2021,BALRAJ SINGH,2023-10-18,146i
53,94,I,,,,,,0.0,,,,,,,,,,B-,100.0,,B-N,,,B-2N,,,,,,,,11199.0,361.0,8683.0,301.0,,,,,3731.0,424.0,,,8001.0,2.0,146966505.0,322.0,-31200.0,300.0,Y,2018.0,9-Mar-2022,N. Nica and B. Singh,2023-10-18,147i
54,54,Xe,,,,,,0.0,,,0+,54,,+57-21,us,5.4e-05,3.9e-05,A,100.0,,2P,,,,,,,,,,,,,,,4569.5582,207.7072,10138.643,392.707,,,492.0,484.0,8074.8886,3.5139,107954232.285,407.406,-42632.357,379.497,N,2018.0,31-JAN-2021,BALRAJ SINGH,2023-10-18,108xe
54,55,Xe,,,,,,0.0,,,(7/2+),13,,2,ms,0.013,0.002,A,100.0,,,,,,,,,,,,,,,,,4217.0463,7.2672,11502.959,300.183,11608.5079,483.8209,687.0,317.0,8107.3071,2.7533,108950434.955,322.178,-46169.546,300.108,N,2006.0,31-May-2016,S. KUMAR(a) and  J. CHEN(b) AND F.G. KONDEV,2023-10-18,109xe
54,56,Xe,,,,,,0.0,,,0+,93,,3,ms,0.093,0.003,A,64.0,35.0,EC+B+,36.0,35.0,ECP,,,,,,,,,,,,3872.2066,9.499,8545.208,118.47,13824.4081,316.6437,1539.1022,101.2122,8159.2808,0.9181,109944258.759,108.415,-51922.636,100.988,N,1981.0,1-Aug-2011,G. G~URDAL and F.G. KONDEV,2023-10-18,110xe
54,57,Xe,,,,,,0.0,,,,0.74,,20,s,0.74,0.2,A,8.0,,EC+B+,,,,,,,,,,,-11620.0,231.0,,,3712.1503,56.8926,10433.795,115.098,10669.0,153.0,1341.0,131.0,8182.0,1.0,110941470.0,124.0,-54520.0,115.0,Y,1979.0,1-Feb-2008,Jean Blachot,2023-10-18,111xe
54,58,Xe,,,,,,0.0,,,0+,2.7,,8,s,2.7,0.8,EC+B+,98.8,0.8,A,1.2,0.8,,,,,,,,,-13612.0,116.0,-25198.0,200.0,3330.4128,6.2709,7036.991,13.175,13578.0,116.0,2361.5239,9.5499,8230.0646,0.074,111935559.068,8.891,-60026.348,8.283,N,1978.0,1-Aug-2014,S. LALKOVSKI and  F.G. KONDEV,2023-10-18,112xe
54,59,Xe,,,,,,0.0,,,(5/2+),2.74,,8,s,2.74,0.08,EC+B+,100.0,,ECP,7.0,4.0,A,0.011,,,,,,,-10439.0876,10.9702,-23860.0,116.0,3086.8573,7.6593,8915.891,10.534,10248.5967,10.7415,2429.2587,12.3194,8247.9277,0.0605,112933221.663,7.342,-62203.626,6.84,N,1973.0,1-May-2009,Jean Blachot,2023-10-18,113xe
54,60,Xe,,,,,,0.0,,,0+,10.0,,4,s,10.0,0.4,EC+B+,100.0,,,,,,,,,,,,,-12399.9706,85.7989,-23392.6781,14.0895,2719.006,12.9683,5553.036,22.935,12953.5905,13.1044,3255.3533,13.7521,8289.2054,0.0981,113927980.329,12.0,-67085.899,11.178,N,1977.0,1-Jan-2012,Jean Blachot,2023-10-18,114xe
54,61,Xe,,,,,,0.0,,,(5/2+),18,,4,s,18.0,4.0,EC+B+,100.0,,B+P,0.34,0.06,A,0.0003,0.0001,,,,,,-8957.0,103.0,-22042.1471,85.9252,2505.8139,13.7094,7681.048,31.312,9642.1765,16.4798,3306.7935,23.4035,8300.9704,0.1053,114926293.943,13.0,-68656.757,12.109,N,1969.0,1-Sep-2012,JEAN BLACHOT,2023-10-18,115xe
54,62,Xe,4.7211,0.0096,,,,0.0,,,0+,59,,2,s,59.0,2.0,EC+B+,100.0,,,,,,,,,,,,,-11004.0,101.0,-21419.0,103.0,2095.725,15.4832,4373.777,76.158,12461.4382,17.7788,3998.0437,31.6747,8336.8365,0.1122,115921580.955,13.974,-73046.877,13.017,N,1969.0,1-Dec-2009,Jean Blachot,2023-10-18,116xe
54,63,Xe,,,,,,0.0,,,5/2(+),61,,2,s,61.0,2.0,EC+B+,100.0,,B+P,0.0029,0.0006,,,,,-0.5938,0.0015,1.14,0.04,-7692.2462,63.2672,-20214.0,101.0,1736.7748,29.8098,6253.221,27.585,9209.7876,16.6481,4053.6642,75.7516,8344.2976,0.0887,116920358.758,11.141,-74185.347,10.378,N,1969.0,1-Mar-2009,JEAN BLACHOT,2023-10-18,117xe
54,64,Xe,4.7387,0.007,,,,0.0,,,0+,3.8,,9,m,228.0,54.0,EC+B+,100.0,,,,,,,,,,,,,-9669.6905,16.4423,-19657.2845,63.2672,1385.6935,26.5414,2891.989,22.32,11965.0383,14.6773,4929.47,27.5845,8374.9819,0.088,117916178.678,11.141,-78079.067,10.378,N,1965.0,1-Feb-1993,K. KITAO,2023-10-18,118xe
54,65,Xe,,,,,,0.0,,,(5/2+),5.8,,3,m,348.0,18.0,EC+B+,100.0,,,,,,,,,-0.6542,0.0015,1.29,0.05,-6489.4269,17.379,-18456.4296,16.4423,843.3634,29.8098,4983.243,24.059,8786.7391,14.6773,5112.4029,22.3197,8378.442,0.0872,118915410.641,11.141,-78794.488,10.378,N,1965.0,1-Dec-2008,D. M. SYMOCHKO and  E. BROWNE and  J. K. TULI,2023-10-18,119xe
54,66,Xe,4.7509,0.0063,,,,0.0,,,0+,40,,1,m,2400.0,60.0,EC+B+,100.0,,,,,,,,,,,,,-8283.7857,15.4611,-17938.6911,18.2749,666.4424,26.9365,1574.726,19.176,11449.2642,15.7278,5683.6739,24.7147,8404.0322,0.0985,119911784.267,12.686,-82172.434,11.817,N,1965.0,1-Dec-2001,K. KITAO and  Y. TENDOW AND A. HASHIZUME,2023-10-18,120xe
54,67,Xe,,,,,,0.0,,,5/2(+),40.1,,20,m,2406.0,120.0,EC+B+,100.0,,,,,,,,,-0.701,0.003,1.31,0.05,-5378.6549,13.9791,-16663.666,14.2936,189.5879,16.9102,3764.652,11.279,8379.8803,15.6386,6022.8073,18.2478,8403.8326,0.0847,120911453.012,10.995,-82480.997,10.243,N,1952.0,20-Jan-2009,S. OHYA,2023-10-18,121xe
54,68,Xe,4.759,0.0059,,,,0.0,,,0+,20.1,,1,h,72360.0,360.0,EC,100.0,,,,,,,,,,,,,-7210.2195,35.472,-16323.9645,18.1013,-89.1461,21.4143,724.294,12.26,10945.3096,15.1119,6398.3101,12.0731,8424.6644,0.0911,121908367.655,11.928,-85354.988,11.111,N,1952.0,30-Sep-2006,T. TAMURA,2023-10-18,122xe
54,69,Xe,,,,,,0.0,,,1/2(+),2.050,,14,h,7380.0,50.4,EC+B+,100.0,,,,,,,,,-0.15,0.003,1.4,0.3,-4204.6012,15.4121,-15174.8072,35.01,-490.6342,11.9939,2694.33,10.22,7964.5877,14.6407,6457.947,10.7856,8420.9239,0.0775,122908482.235,10.234,-85248.258,9.534,N,1952.0,15-Apr-2021,Jun Chen,2023-10-18,123xe
54,70,Xe,4.7661,0.0055,0.095,0.005,,0.0,,,0+,1.6E+14,GE,,Y,5.04910815593472e+21,,2B+,,,,,,,,,,,,,,-5926.3445,9.2512,-14695.0664,12.1853,-730.1604,1.1218,-302.85,2.67,10490.4652,9.5573,7013.7881,3.4485,8437.6138,0.011,123905885.174,1.457,-87667.405,1.358,N,1922.0,1-Apr-2008,J. KATAKURA and  Z.D. WU,2023-10-18,124xe
54,71,Xe,,,,,,0.0,,,1/2(+),16.9,,2,h,60840.0,720.0,EC+B+,100.0,,,,,,,,,-0.269,0.003,,,-3109.6184,7.7879,-13529.6184,9.2597,-1081.166,25.8041,1636.663,1.958,7603.2739,0.3999,7123.777,1.9063,8430.939,0.0113,124906387.64,1.518,-87199.361,1.415,N,1950.0,1-Jan-2010,J. KATAKURA,2023-10-18,125xe
54,72,Xe,4.7722,0.0052,0.089,0.003,,0.0,,,0+,STABLE,,,,,,,,,,,,,,,,0.54,0.08,,,-4795.7039,10.3587,-13127.9627,7.7359,-1258.0209,1.3571,-1235.891,3.778,10018.3442,1.4148,7599.3341,1.3532,8443.5375,0.0003,125904297.422,0.006,-89146.38687,0.00562,N,1922.0,1-Oct-2021,H. Iimura and  J.Katakura and  S. Ohya,2023-10-18,126xe
54,73,Xe,4.7747,0.0038,,,,0.0,,,1/2+,36.346,,3,d,3140294.4,259.2,EC,100.0,,,,,,,,,-0.5033,0.0011,,,-2080.8562,6.4115,-12041.5183,11.1362,-1574.8214,4.0444,662.334,5.461,7245.8143,4.0881,7699.3578,3.398,8434.1066,0.0322,126905183.636,4.388,-88320.883,4.088,N,1950.0,1-Oct-2009,A. HASHIZUME,2023-10-18,127xe
54,74,Xe,4.7774,0.005,1.91,0.013,,0.0,,,0+,STABLE,,,,,,,,,,,,,,,,0.68,0.07,,,-3928.7617,5.3762,-11691.8254,5.5775,-1761.3085,1.3517,-2122.504,3.621,9610.9692,4.0881,8166.2886,3.6209,8443.3008,0.0003,127903530.75341,0.00558,-89860.53427,0.0052,N,1922.0,28-Feb-2015,ZOLTAN ELEKES AND JANOS TIMAR,2023-10-18,128xe
54,75,Xe,4.7775,0.005,26.401,0.138,,0.0,,,1/2+,STABLE,,,,,,,,,,,,,,,,-0.777961,1.6e-05,-0.393,0.01,-1197.0197,4.5532,-10835.6152,5.3762,-2099.1917,1.3519,-188.894,3.153,6906.8535,0.0015,8247.0107,3.6211,8431.3904,0.0003,128904780.85742,0.00542,-88696.06975,0.00505,N,1920.0,31-May-2014,JANOS TIMAR AND ZOLTAN ELEKES and  BALRAJ SINGH,2023-10-18,129xe
54,76,Xe,4.7818,0.0049,4.071,0.022,,0.0,,,0+,STABLE,,,,,,,,,,,,,,,,0.9,0.2,-0.38,0.16,-2980.7199,8.3567,-10452.7424,4.5532,-2241.2226,1.3536,-2944.286,3.154,9255.7227,0.008,8662.2693,3.1534,8437.7314,0.0003,129903509.346,0.01,-89880.474,0.009,N,1922.0,11-May-2001,BALRAJ SINGH,2023-10-18,130xe
54,77,Xe,4.7808,0.0049,21.232,0.051,,0.0,,,3/2+,STABLE,,,,,,,,,,,,,,,,0.691845,7e-06,-0.114,0.001,-358.0009,0.1771,-9585.1385,8.3567,-2557.994,1.365,-970.848,0.605,6604.4186,0.008,8766.358,3.1537,8423.7367,0.0003,130905084.12808,0.00549,-88413.57492,0.00512,N,1920.0,17-Jul-2006,YU. KHAZOV and  I. MITROPOLSKY and  A. RODIONOV,2023-10-18,131xe
54,78,Xe,4.7859,0.0048,26.909,0.055,,0.0,,,0+,STABLE,,,,,,,,,,,,,,,,0.2,0.4,,,-2126.2813,1.0359,-9294.7185,0.1771,-2710.0969,0.7064,-3575.473,4.065,8936.7176,0.0016,9125.2183,0.6046,8427.6229,0.0003,131904155.08346,0.00544,-89278.97451,0.00507,N,1920.0,10-Feb-2005,YU. KHAZOV and  A.A. RODIONOV AND S. SAKHAROV and  BALRAJ SINGH,2023-10-18,132xe
54,79,Xe,4.7831,0.0048,,,,0.0,,,3/2+,5.2475,,5,d,453384.0,43.2,B-,100.0,,,,,,,,,0.81335,7e-05,0.14,0.005,427.36,2.4,-8562.2079,2.614,-3063.6147,2.5031,-1786.281,6.371,6435.9266,2.4,9229.0525,4.721,8412.6477,0.018,132905910.748,2.576,-87643.583,2.4,N,1940.0,31-Oct-2010,YU. KHAZOV AND A. RODIONOV and  F.G. KONDEV,2023-10-18,133xe
54,80,Xe,4.7899,0.0047,10.436,0.035,,0.0,,,0+,5.8E+22,GT,,Y,1.830301706526336e+30,,2B-,0.0,,,,,,,,,,,,,-1234.6691,0.016,-8126.2095,0.0071,-3197.7907,0.0104,-4082.394,4.857,8553.5695,2.4,9557.5037,5.9019,8413.6994,0.0003,133905393.03,0.006,-88125.83443,0.00577,N,1920.0,31-Jul-2004,A.A. Sonzogni,2023-10-18,134xe
54,81,Xe,,,,,,0.0,,,3/2+,9.14,,2,h,32904.0,72.0,B-,100.0,,,,,,,,,0.9032,0.0007,0.21,0.007,1168.5917,3.6623,-7593.5175,3.6685,-3627.2591,3.669,-2634.185,4.207,6358.8484,3.6685,9658.8961,6.0865,8398.4783,0.0272,134907231.441,3.938,-86413.365,3.668,N,1940.0,22-Jan-2008,BALRAJ SINGH and  ALEXANDER A. RODIONOV and YURI L. KHAZOV,2023-10-18,135xe
54,82,Xe,4.7964,0.0047,8.857,0.072,,0.0,,,0+,2.165E21,,61,Y,6.832074473499168e+28,1.924972484450112e+27,2B-,100.0,,,,,,,,,3.2,0.6,,,-90.3151,1.873,-6918.5317,0.3635,-3665.8889,3.4863,-6883.945,14.188,8087.1234,3.6685,9938.9615,2.0599,8396.1889,0.0003,135907214.474,0.007,-86429.17,0.007,N,1920.0,1-Apr-2018,E.A. MCCUTCHAN,2023-10-18,136xe
54,83,Xe,4.8094,0.0049,,,,0.0,,,7/2-,3.818,,13,m,229.08,0.78,B-,100.0,,,,,,,,,-0.9704,0.001,-0.47,0.02,4162.3582,0.3193,-4115.8771,1.8759,-1871.197,2.0687,-6027.146,8.384,4025.562,0.1033,10127.1604,14.1884,8364.2865,0.0008,136911557.771,0.111,-82383.414,0.104,N,1943.0,1-Oct-2006,E. BROWNE and  J. K. TULI,2023-10-18,137xe
54,84,Xe,4.8279,0.0079,,,,0.0,,,0+,14.14,,7,m,848.4,4.2,B-,100.0,,,,,,,,,,,,,2914.7839,9.578,-1497.79,2.8202,136.5922,3.9249,-7992.334,6.588,5660.1482,2.8059,10904.9468,8.8399,8344.6913,0.0203,137914146.268,3.01,-79972.244,2.804,N,1943.0,30-Sep-2017,JUN CHEN,2023-10-18,138xe
54,85,Xe,4.8409,0.01,,,,0.0,,,3/2-,39.68,,14,s,39.68,0.14,B-,100.0,,,,,,,,,-0.304,0.0016,0.39,0.02,5056.5023,3.796,-828.8761,9.4057,-340.7117,2.7489,-7173.622,4.542,3743.66,3.5288,10953.6476,6.3349,8311.5904,0.0154,138918792.2,2.3,-75644.586,2.142,N,1951.0,15-Oct-2016,P.K. JOSHI and  B. SINGH and  S. SINGH and  A.K. JAIN,2023-10-18,139xe
54,86,Xe,4.8566,0.0125,,,,0.0,,,0+,13.60,,10,s,13.6,0.1,B-,100.0,,,,,,,,,1.1,0.4,,,4063.2768,8.5232,-356.6911,3.9042,-986.0981,3.2597,-9380.238,12.331,5413.1933,3.1643,11804.4687,4.6332,8290.8875,0.0166,139921645.814,2.5,-72986.461,2.329,N,1951.0,20-Nov-2018,N. NICA,2023-10-18,140xe
54,87,Xe,4.8694,0.0147,,,,0.0,,,5/2(-),1.73,,1,s,1.73,0.01,B-,100.0,,B-N,0.044,0.005,,,,,0.01,0.003,-0.57,0.02,6280.0423,9.6378,781.1114,8.6925,-1318.4624,3.5708,-8270.643,16.096,3282.1654,3.7096,11880.0572,12.449,8255.3647,0.0205,140926787.181,3.1,-68197.309,2.888,N,1951.0,12-Oct-2022,N. NICA,2023-10-18,141xe
54,88,Xe,4.8841,0.0169,,,,0.0,,,0+,1.23,,2,s,1.23,0.02,B-,100.0,,B-N,0.21,0.06,,,,,,,,,5284.9078,7.5655,1176.3845,9.5836,-1958.5697,4.6515,-10426.679,5.628,5103.6578,3.9542,12591.9538,16.0642,8233.1695,0.019,141929973.095,2.9,-65229.648,2.701,N,1960.0,1-Jun-2010,T.D. Johnson and  D. Symochko(a) and  M. Fadil(b) and  and J.K. Tuli,2023-10-18,142xe
54,89,Xe,4.8942,0.0187,,,,0.0,,,5/2-,0.511,,6,s,0.511,0.006,B-,100.0,,B-N,0.0,,,,,,-0.46,0.002,0.91,0.03,7472.6365,8.8908,2240.356,8.4635,-2422.7178,5.8499,-9412.882,200.054,3044.5518,5.3842,12688.884,6.7871,8196.8855,0.0326,142935369.55,5.0,-60202.882,4.657,N,1951.0,31-May-2011,E. BROWNE and  J. K. TULI,2023-10-18,143xe
54,90,Xe,4.9082,0.0208,,,,0.0,,,0+,1.15,,20,s,1.15,0.2,B-,100.0,,,,,,,,,,,,,6399.0606,20.8203,2731.8992,9.2491,-2929.768,15.3266,-11542.301,400.035,4740.7372,7.0628,13372.0,200.0,8172.8845,0.0369,143938945.076,5.7,-56872.301,5.31,N,2003.0,1-Dec-2000,A.A. Sonzogni,2023-10-18,144xe
54,91,Xe,,,,,,0.0,,,,188,,4,ms,0.188,0.004,B-,100.0,,B-N,5.0,0.6,,,,,,,,,8561.0867,14.3929,3706.7067,23.0269,-3249.0,400.0,-10363.337,500.125,2692.3538,12.3749,13452.0,400.0,8135.0877,0.0771,144944719.631,12.0,-51493.337,11.178,N,2003.0,1-Oct-2008,E. BROWNE and  J. K. TULI,2023-10-18,145xe
54,92,Xe,4.9315,0.0245,,,,0.0,,,0+,146,,6,ms,0.146,0.006,B-,100.0,,B-N,6.9,1.5,,,,,,,,,7355.4298,24.3911,4028.1553,25.8604,-3830.0,501.0,-12414.95,300.97,4532.9314,26.6739,14114.0,501.0,8110.4154,0.1659,145948518.245,26.0,-47954.95,24.219,N,1989.0,14-Jul-2016,Yu. KHAZOV and  A. RODIONOV AND G. SHULYAK,2023-10-18,146xe
54,93,Xe,,,,,,0.0,,,,88,,14,ms,0.088,0.014,B-,100.0,,B-N,8.0,,,,,,,,,,9520.0,200.0,4839.0,200.0,-4294.0,539.0,-11200.0,360.5,2516.0,202.0,14148.0,361.0,8072.0,1.0,146954482.0,215.0,-42400.0,200.0,Y,1994.0,9-Mar-2022,N. Nica and B. Singh,2023-10-18,147xe
54,94,Xe,,,,,,0.0,,,0+,0.4,GT,,us,4e-07,,B-N,,,B-,,,,,,,,,,,8261.0,300.0,5199.0,300.0,-4854.0,424.0,,,4321.0,361.0,14738.0,424.0,8047.0,2.0,147958508.0,322.0,-38650.0,300.0,Y,2010.0,1-Oct-2013,N. NICA,2023-10-18,148xe
54,95,Xe,,,,,,0.0,,,,,,,,,,B-,100.0,,B-N,,,B-2N,,,,,,,,10300.0,500.0,5840.0,300.0,-5415.0,424.0,,,2422.0,424.0,,,8009.0,2.0,148964573.0,322.0,-33000.0,300.0,Y,2018.0,23-Aug-2022,Balraj Singh and Jun Chen,2023-10-18,149xe
54,96,Xe,,,,,,0.0,,,0+,,,,,,,B-,100.0,,B-2N,,,B-N,,,,,,,,9180.0,500.0,6238.0,500.0,,,,,4061.0,424.0,,,7983.0,2.0,149968878.0,322.0,-28990.0,300.0,Y,2018.0,31-JAN-2021,BALRAJ SINGH,2023-10-18,150xe
55,57,Cs,,,,,,0.0,,,(1+),0.49,,3,ms,0.00049,3e-05,P,100.0,,A,0.26,,,,,,,,,,,,,,3931.4368,58.5006,13611.348,116.295,11586.0,231.0,-816.2864,4.0687,8102.0,1.0,111950172.0,124.0,-46415.0,116.0,Y,1994.0,1-Aug-2014,S. LALKOVSKI and  F.G. KONDEV,2023-10-18,112cs
55,58,Cs,,,,,,0.0,,,(3/2+),17.7,,4,us,1.77e-05,4e-07,P,100.0,,,,,,,,,,,,,-12055.0,300.0,,,3483.0508,7.7646,10439.087,10.97,13421.0,116.0,-972.8379,2.2283,8148.623,0.0759,112944428.484,9.207,-51764.539,8.577,N,1984.0,21-JAN-2015,BALRAJ SINGH,2023-10-18,113cs
55,59,Cs,,,,,,0.0,,,(1+),0.57,,2,s,0.57,0.02,EC+B+,99.982,0.006,ECP,8.7,1.3,ECA,0.19,0.03,,,,,,-8780.4915,133.3375,-23048.0,312.0,3356.9999,58.3095,12399.971,85.799,10992.7075,85.499,-228.7271,85.3422,8173.5711,0.7462,113941292.244,91.323,-54685.928,85.068,N,1978.0,1-Jan-2012,Jean Blachot,2023-10-18,114cs
55,60,Cs,,,,,,0.0,,,,1.4,,8,s,1.4,0.8,EC+B+,100.0,,B+P,0.07,,,,,,,,,,-10779.0,225.0,-21865.0,145.0,2829.0,103.0,8957.757,102.716,13085.0,133.0,-97.0,103.0,8216.0,1.0,114935910.0,110.0,-59699.0,102.0,Y,1978.0,1-Sep-2012,JEAN BLACHOT,2023-10-18,115cs
55,61,Cs,,,,,,0.0,,,(1+),0.70,,4,s,0.7,0.04,EC+B+,100.0,,ECP,2.8,0.7,ECA,0.049,0.025,,,,,,-7663.0,224.0,-21194.0,224.0,2596.0,101.0,11003.877,100.844,10414.0,143.0,675.0,101.0,8235.0,1.0,115933395.0,108.0,-62043.0,100.0,Y,1975.0,1-Dec-2009,Jean Blachot,2023-10-18,116cs
55,62,Cs,,,,,,0.0,,,(9/2+),8.4,,6,s,8.4,0.6,EC+B+,100.0,,,,,,,,,,,,,-9035.1943,258.0009,-20185.0,210.0,2201.5,62.9221,7692.246,63.267,12522.0,118.0,735.1944,63.7532,8271.8652,0.5334,116928616.723,67.0,-66493.101,62.41,N,1972.0,1-Mar-2009,JEAN BLACHOT,2023-10-18,117cs
55,63,Cs,4.7832,0.0092,,,,0.0,,,2(-),14,,2,s,14.0,2.0,EC+B+,100.0,,ECP,0.042,0.006,ECA,0.0024,0.0004,,3.87,0.005,1.31,0.17,-6210.0,201.0,-19022.7883,250.6633,1804.6423,23.7429,9669.69,16.44,9987.594,63.6998,1513.0009,16.4423,8286.4053,0.1081,117926559.517,13.69,-68409.377,12.753,N,1969.0,07-Jan-2022,Balraj Singh,2023-10-18,118cs
55,64,Cs,4.7896,0.0089,,,,0.0,,,9/2+,43.0,,2,s,43.0,0.2,EC+B+,100.0,,,,,,,,,5.45,0.03,2.65,0.17,-7714.9651,200.7537,-18177.0,201.0,1607.8276,32.0649,6489.427,17.379,11967.0027,18.8933,1514.9652,17.379,8317.3347,0.1171,118922377.327,14.965,-72305.061,13.94,N,1978.0,1-Dec-2008,D. M. SYMOCHKO and  E. BROWNE and  J. K. TULI,2023-10-18,119cs
55,65,Cs,4.7915,0.0075,,,,0.0,,,2(+),61.3,,11,s,61.3,1.1,EC+B+,100.0,,B+A,2e-05,4e-06,B+P,7e-06,3e-06,,3.86,0.02,1.36,0.07,-5000.0,300.0,-17369.8705,200.5171,1107.0893,75.6967,8283.785,15.461,9654.9054,17.138,2383.1315,14.3912,8328.4811,0.0831,119920677.277,10.702,-73888.649,9.97,N,1969.0,1-Dec-2001,K. KITAO and  Y. TENDOW AND A. HASHIZUME,2023-10-18,120cs
55,66,Cs,4.7769,0.0078,,,,0.0,,,3/2(+),155,,4,s,155.0,4.0,EC+B+,100.0,,,,,,,,,0.769,0.004,0.79,0.04,-6357.4948,141.1765,-16285.0112,300.5056,911.3106,29.2813,5378.655,17.582,11285.0112,17.424,2218.8785,18.5433,8352.9152,0.1181,120917227.235,15.34,-77102.342,14.29,N,1969.0,20-Jan-2009,S. OHYA,2023-10-18,121cs
55,67,Cs,4.7773,0.007,,,,0.0,,,1+,21.18,,19,s,21.18,0.19,EC+B+,100.0,,,,,,,,,0.133,0.002,-0.179,0.01,-3535.817,43.769,-15471.2398,145.8417,401.3719,39.0546,7210.219,35.472,9113.745,36.5925,2952.7431,35.2097,8359.1515,0.2761,121916108.144,36.164,-78144.769,33.687,N,1969.0,30-Sep-2006,T. TAMURA,2023-10-18,122cs
55,68,Cs,4.782,0.007,,,,0.0,,,1/2(+),5.86,,10,m,351.6,6.0,EC+B+,100.0,,,,,,,,,1.375,0.007,,,-5388.6934,17.1253,-14506.023,30.4557,309.159,24.8556,4204.601,15.412,10970.206,35.7973,2977.6395,16.4345,8380.3796,0.0985,122912996.06,13.0,-81043.657,12.109,N,1954.0,15-Apr-2021,Jun Chen,2023-10-18,123cs
55,69,Cs,4.7828,0.0062,,,,0.0,,,1+,30.9,,4,s,30.9,0.4,EC+B+,100.0,,,,,,,,,0.672,0.003,-0.69,0.04,-2651.2748,15.4894,-14157.4153,15.1782,-418.816,17.6581,5926.345,9.251,8768.7219,15.1782,3781.7738,13.2149,8383.5114,0.0738,123912247.366,9.823,-81741.06,9.151,N,1969.0,1-Apr-2008,J. KATAKURA and  Z.D. WU,2023-10-18,124cs
55,70,Cs,4.788,0.0062,,,,0.0,,,1/2(+),46.7,,1,m,2802.0,6.0,EC+B+,100.0,,,,,,,,,1.407,0.007,,,-4420.7663,13.4415,-13071.2747,14.6978,-269.0091,9.0032,3109.619,7.864,10419.9999,11.9826,3711.3085,7.7838,8399.8033,0.0619,124909725.953,8.304,-84089.742,7.736,N,1954.0,1-Jan-2010,J. KATAKURA,2023-10-18,125cs
55,71,Cs,4.7872,0.0056,,,,0.0,,,1+,1.643,,17,m,98.58,1.02,EC+B+,100.0,,,,,,,,,0.776,0.004,-0.64,0.03,-1680.7697,16.2322,-12753.0251,15.104,-696.317,11.582,4795.704,10.359,8332.2587,12.9285,4440.2933,10.4548,8399.2673,0.0822,125909445.821,11.12,-84350.683,10.359,N,1954.0,1-Oct-2021,H. Iimura and  J.Katakura and  S. Ohya,2023-10-18,126cs
55,72,Cs,4.7936,0.0055,,,,0.0,,,1/2+,6.25,,10,h,22500.0,360.0,EC+B+,100.0,,,,,,,,,1.457,0.007,,,-3422.0719,12.6525,-11641.4317,13.6854,-722.3549,6.6534,2080.856,6.916,9960.662,11.7648,4382.6111,5.5775,8411.5617,0.0439,126907417.527,5.987,-86240.027,5.578,N,1950.0,1-Oct-2009,A. HASHIZUME,2023-10-18,127cs
55,73,Cs,4.7921,0.0052,,,,0.0,,,1+,3.640,,14,m,218.4,0.84,EC+B+,100.0,,,,,,,,,0.972,0.005,-0.54,0.03,-562.6171,5.6122,-11185.1357,12.5651,-992.1338,5.8471,3928.761,5.376,7763.0638,7.7468,4899.8605,6.754,8406.4953,0.042,127907748.452,5.771,-85931.773,5.376,N,1951.0,28-Feb-2015,ZOLTAN ELEKES AND JANOS TIMAR,2023-10-18,128cs
55,74,Cs,4.7981,0.005,,,,0.0,,,1/2+,32.06,,6,h,115416.0,216.0,EC+B+,100.0,,,,,,,,,1.489,0.008,,,-2438.1843,10.5627,-10201.2125,4.8281,-1087.942,4.75,1197.02,4.55,9638.5955,7.0452,4927.4868,4.5532,8416.0465,0.0353,128906065.91,4.888,-87499.05,4.553,N,1950.0,31-May-2014,JANOS TIMAR AND ZOLTAN ELEKES and  BALRAJ SINGH,2023-10-18,129cs
55,75,Cs,4.7992,0.0049,,,,0.0,,,1+,29.21,,4,m,1752.6,2.4,EC+B+,98.4,,B-,1.6,,,,,,1.458,0.007,-0.056,0.006,357.0219,8.3617,-9910.2069,13.4224,-1414.1739,9.171,2980.72,8.35,7472.0226,9.5166,5492.6558,8.3567,8408.7848,0.0643,129906709.281,8.971,-86899.754,8.357,N,1952.0,11-May-2001,BALRAJ SINGH,2023-10-18,130cs
55,76,Cs,4.8026,0.0047,,,,0.0,,,5/2+,9.689,,16,d,837129.6,1382.4,EC,100.0,,,,,,,,,3.536,0.003,0.59,0.02,-1376.6158,0.4515,-8870.1158,0.3374,-1497.2732,3.6252,358.001,0.177,9227.1376,8.3586,5464.0708,0.1773,8415.0317,0.0014,130905468.457,0.19,-88055.574,0.177,N,1947.0,17-Jul-2006,YU. KHAZOV and  I. MITROPOLSKY and  A. RODIONOV,2023-10-18,131cs
55,77,Cs,4.8002,0.0046,,,,0.0,,,2+,6.480,,6,d,559872.0,518.4,EC+B+,98.13,0.09,B-,1.87,0.09,,,,,2.219,0.007,0.48,0.02,1282.2099,1.4773,-8545.053,1.116,-1839.5789,3.7664,2126.282,1.036,7168.4372,1.0509,6028.0893,1.0359,8405.5878,0.0079,131906437.74,1.112,-87152.693,1.036,N,1953.0,10-Feb-2005,YU. KHAZOV and  A.A. RODIONOV AND S. SAKHAROV and  BALRAJ SINGH,2023-10-18,132cs
55,78,Cs,4.8041,0.0046,100.0,,,0.0,,,7/2+,STABLE,,,,,,,,,,,,,,,,2.5778,0.0014,-0.00343,0.0001,-517.431,0.992,-7707.358,1.0532,-1988.6828,3.1534,-427.36,2.4,8989.5679,1.0359,6080.9396,0.0066,8409.9786,0.0003,132905451.958,0.008,-88070.943,0.008,N,1921.0,31-Oct-2010,YU. KHAZOV AND A. RODIONOV and  F.G. KONDEV,2023-10-18,133cs
55,79,Cs,4.8031,0.0046,,,,0.0,,,4+,2.0652,,4,Y,65171363.5227274,12622.7703898368,B-,99.9997,0.0001,EC,0.0003,0.0001,,,,,2.9893,0.0014,0.37,0.02,2058.8368,0.2508,-7408.9714,0.9921,-2379.8932,3.1537,1234.669,0.017,6891.5403,0.0144,6536.5533,2.4,8398.647,0.0003,133906718.501,0.017,-86891.165,0.016,N,1940.0,31-Jul-2004,A.A. Sonzogni,2023-10-18,134cs
55,80,Cs,4.8067,0.0047,,,,0.0,,,7/2+,2.3E+6,,3,Y,72580929741561.6,9467077792377.6,B-,100.0,,,,,,,,,2.7283,0.0013,0.048,0.003,268.6983,0.2862,-6703.2724,0.3021,-2564.1451,0.7055,-1168.591,3.686,8762.1093,0.3636,6745.0931,0.3635,8401.3393,0.0027,134905976.907,0.39,-87581.956,0.364,N,1949.0,22-Jan-2008,BALRAJ SINGH and  ALEXANDER A. RODIONOV and YURI L. KHAZOV,2023-10-18,135cs
55,81,Cs,4.8059,0.0052,,,,0.0,,,5+,13.01,,5,d,1124064.0,4320.0,B-,100.0,,,,,,,,,3.705,0.015,0.213,0.015,2548.2241,1.857,-6559.5183,1.8574,-3060.2693,4.4761,90.315,1.873,6828.2166,1.8792,7214.4613,4.1101,8389.7723,0.0138,135907311.431,2.01,-86338.855,1.873,N,1951.0,1-Apr-2018,E.A. MCCUTCHAN,2023-10-18,136cs
55,82,Cs,4.8128,0.005,,,,0.0,,,7/2+,30.08,,9,Y,949232333.3157274,2840123.33771328,B-,100.0,,,,,,,,,2.8374,0.0014,0.048,0.002,1175.6285,0.1723,-5730.0112,0.1854,-3113.3863,5.9096,-4162.358,0.319,8278.2353,1.8662,7405.5732,0.3022,8388.9581,0.0022,136907089.296,0.324,-86545.772,0.302,N,1951.0,1-Oct-2006,E. BROWNE and  J. K. TULI,2023-10-18,137cs
55,83,Cs,4.8255,0.005,,,,0.0,,,3-,32.5,,2,m,1950.0,12.0,B-,100.0,,,,,,,,,0.699,0.004,0.112,0.017,5374.7776,9.1584,-3236.9453,9.1584,-1268.5042,10.3665,-2914.784,9.578,4412.5739,9.16,7792.5851,9.159,8360.1437,0.0664,137911017.119,9.831,-82887.028,9.158,N,1943.0,30-Sep-2017,JUN CHEN,2023-10-18,138cs
55,84,Cs,4.8422,0.0069,,,,0.0,,,7/2+,9.27,,5,m,556.2,3.0,B-,100.0,,,,,,,,,2.688,0.004,-0.063,0.014,4212.8293,3.1235,-510.6007,3.1237,653.1754,3.749,-5056.502,3.796,5885.3783,9.6764,8017.8152,4.205,8342.3397,0.0225,138913363.822,3.364,-80701.088,3.134,N,1939.0,15-Oct-2016,P.K. JOSHI and  B. SINGH and  S. SINGH and  A.K. JAIN,2023-10-18,139cs
55,85,Cs,4.8554,0.0088,,,,0.0,,,1-,63.7,,3,s,63.7,0.3,B-,100.0,,,,,,,,,0.134,0.001,-0.094,0.015,6218.1669,9.8671,-207.1386,8.2027,70.5706,16.3866,-4063.277,8.523,4419.9679,8.7773,8694.1231,8.4742,8314.3227,0.0586,139917283.707,8.801,-77049.738,8.199,N,1950.0,20-Nov-2018,N. NICA,2023-10-18,140cs
55,86,Cs,4.8689,0.0108,,,,0.0,,,7/2+,24.84,,16,s,24.84,0.16,B-,100.0,,B-N,0.035,0.003,,,,,2.431,0.01,-0.42,0.07,5255.141,9.6174,719.236,11.6318,-545.9984,12.4431,-6280.042,9.638,5498.9309,12.1966,8779.8607,9.4853,8294.3554,0.0652,140920045.279,9.871,-74477.351,9.195,N,1962.0,1-Jan-2012,N. NICA,2023-10-18,141cs
55,87,Cs,4.8825,0.0132,,,,0.0,,,0-,1.684,,14,s,1.684,0.014,B-,100.0,,B-N,0.09,0.004,,,,,,,,,7327.7007,8.3627,1146.6177,8.8444,-959.5625,9.2455,-5284.908,7.566,4108.5233,11.5969,9606.2186,7.634,8264.8777,0.0498,141924299.514,7.586,-70514.556,7.067,N,1962.0,1-Jun-2010,T.D. Johnson and  D. Symochko(a) and  M. Fadil(b) and  and J.K. Tuli,2023-10-18,142cs
55,88,Cs,4.8965,0.0151,,,,0.0,,,3/2+,1.791,,7,s,1.791,0.007,B-,100.0,,B-N,1.64,0.07,,,,,0.869,0.004,0.44,0.03,6261.6865,9.7303,2095.4203,9.6127,-1629.4708,8.5673,-7472.637,8.89,5232.2804,10.3583,9734.8412,8.0406,8243.6707,0.053,142927347.346,8.13,-67675.519,7.573,N,1962.0,31-May-2011,E. BROWNE and  J. K. TULI,2023-10-18,143cs
55,89,Cs,4.9055,0.0161,,,,0.0,,,1(-),0.994,,6,s,0.994,0.006,B-,100.0,,B-N,3.03,0.13,,,,,-0.545,0.003,0.29,0.02,8495.7679,20.4163,2594.5252,21.2353,-2090.0552,23.4932,-6399.061,20.821,3667.1613,21.5092,10357.4508,20.6636,8211.8894,0.1398,143932075.402,21.612,-63271.362,20.132,N,1967.0,30-APR-2010,BALRAJ SINGH,2023-10-18,144cs
55,90,Cs,4.9188,0.0191,,,,0.0,,,3/2+,0.587,,5,s,0.587,0.005,B-,100.0,,B-N,14.7,0.9,,,,,0.783,0.004,0.58,0.06,7461.7591,12.4121,3641.3878,11.4927,-2552.674,18.2474,-8561.087,14.393,4854.38,21.5837,10471.0936,10.5071,8188.7342,0.0625,144935528.927,9.733,-60054.424,9.067,N,1971.0,1-Oct-2008,E. BROWNE and  J. K. TULI,2023-10-18,145cs
55,91,Cs,4.9281,0.0193,,,,0.0,,,1-,0.3220,,13,s,0.322,0.0013,B-,100.0,,B-N,14.2,0.5,,,,,-0.514,0.002,0.21,0.03,9555.8882,3.3918,4134.4846,8.9568,-2932.3269,5.7223,-7355.43,24.39,3327.2745,9.5174,11106.0142,11.5463,8155.4365,0.0198,145940621.867,3.106,-55310.38,2.893,N,1971.0,14-Jul-2016,Yu. KHAZOV and  A. RODIONOV AND G. SHULYAK,2023-10-18,146cs
55,92,Cs,,,,,,0.0,,,(3/2+),0.2295,,10,s,0.2295,0.001,B-,100.0,,B-N,28.5,2.0,,,,,,,,,8343.9631,21.4535,4874.8779,8.5682,-3555.0,200.0,-9520.073,200.176,4681.0103,8.8687,11254.0931,25.6288,8131.801,0.057,146944261.512,9.0,-51920.073,8.383,N,1978.0,9-Mar-2022,N. Nica and B. Singh,2023-10-18,147cs
55,93,Cs,,,,,,0.0,,,,146,,6,ms,0.146,0.006,B-,100.0,,B-N,25.1,2.5,,,,,,,,,10633.9614,13.1258,5281.7677,23.6651,-4006.0,400.0,-8260.95,300.28,3062.1954,15.5032,11800.0,201.0,8097.5469,0.0881,147949639.026,14.0,-46910.95,13.041,N,1978.0,1-Oct-2013,N. NICA,2023-10-18,148cs
55,94,Cs,,,,,,0.0,,,,107,,6,ms,0.107,0.006,B-,100.0,,B-N,25.0,4.0,,,,,,,,,9531.0,400.0,6174.0,400.0,-4594.0,640.0,-10300.0,500.0,4460.0,400.0,11939.0,500.0,8073.0,3.0,148953516.0,429.0,-43300.0,400.0,Y,1979.0,23-Aug-2022,Balraj Singh and Jun Chen,2023-10-18,149cs
55,95,Cs,,,,,,0.0,,,,84,,8,ms,0.084,0.008,B-,100.0,,B-N,20.0,10.0,,,,,,,,,11720.0,400.0,6589.0,400.0,-5055.0,500.0,-9180.0,500.0,2942.0,565.0,12459.0,500.0,8039.0,3.0,149959023.0,429.0,-38170.0,400.0,Y,1979.0,1-Apr-2013,S. K. Basu and  A. A. Sonzogni,2023-10-18,150cs
55,96,Cs,,,,,,0.0,,,,69,,26,ms,0.069,0.026,B-,100.0,,B-N,,,,,,,,,,,10660.0,640.0,7539.0,500.0,-5504.0,583.0,,,4181.0,640.0,12579.0,583.0,8013.0,3.0,150963199.0,537.0,-34280.0,500.0,Y,1979.0,20-Feb-2017,F.G. KONDEV,2023-10-18,151cs
55,97,Cs,,,,,,0.0,,,,50,GT,,ms,0.05,,B-,100.0,,B-N,,,B-2N,,,,,,,,12480.0,640.0,7739.0,640.0,,,,,2921.0,707.0,,,7980.0,3.0,151968728.0,537.0,-29130.0,500.0,Y,1987.0,31-JAN-2018,BALRAJ SINGH,2023-10-18,152cs
56,58,Ba,,,,,,0.0,,,0+,0.43,,+30-15,s,0.43,0.225,EC+B+,99.1,0.3,ECP,20.0,10.0,A,0.9,0.3,,,,,,,,,,3592.284,18.5403,8780.491,133.338,14267.0,317.0,1429.869,103.0337,8089.6865,0.9007,113950718.489,110.227,-45905.437,102.676,N,1995.0,1-Jan-2012,Jean Blachot,2023-10-18,114ba
56,59,Ba,,,,,,0.0,,,(5/2+),0.45,,5,s,0.45,0.05,EC+B+,100.0,,B+P,15.0,,,,,,,,,,,,,,3175.0,231.0,10779.0,224.5,11086.0,225.0,1523.0,218.0,8116.0,2.0,114947482.0,215.0,-48920.0,200.0,Y,1997.0,1-Sep-2012,JEAN BLACHOT,2023-10-18,115ba
56,60,Ba,,,,,,0.0,,,0+,1.3,,2,s,1.3,0.2,EC+B+,100.0,,B+P,3.0,1.0,,,,,,,,,-14330.0,379.0,,,3222.0,200.0,7663.0,223.6,13531.0,283.0,1969.0,225.0,8162.0,2.0,115941621.0,215.0,-54380.0,200.0,Y,1997.0,1-Dec-2009,Jean Blachot,2023-10-18,116ba
56,61,Ba,,,,,,0.0,,,(3/2),1.75,,7,s,1.75,0.07,EC+B+,100.0,,B+P,0.0,,B+A,0.0,,,,,,,-11187.0,321.0,-25479.0,407.0,2320.8041,250.4321,9035.195,258.001,11150.0,321.0,2704.0,270.0,8187.9546,2.1396,116938316.403,268.749,-57457.906,250.339,N,1977.0,1-Mar-2009,JEAN BLACHOT,2023-10-18,117ba
56,62,Ba,,,,,,0.0,,,0+,5.5,,2,s,5.5,0.2,EC+B+,100.0,,ECP,,,,,,,,,,,-12580.0,361.0,-24000.0,283.0,2461.0,201.0,6209.377,200.406,12813.0,321.0,2995.0,210.0,8227.0,2.0,117933226.0,215.0,-62200.0,200.0,Y,1997.0,07-Jan-2022,Balraj Singh,2023-10-18,118ba
56,63,Ba,,,,,,0.0,,,(5/2+),5.4,,3,s,5.4,0.3,EC+B+,100.0,,ECP,25.0,,,,,,,,,,-9570.0,361.0,-23042.0,361.0,1641.7452,200.6349,7714.965,200.754,10462.0,283.0,3469.6905,200.6747,8245.9287,1.6829,118930659.683,214.997,-64590.096,200.269,N,1974.0,1-Dec-2008,D. M. SYMOCHKO and  E. BROWNE and  J. K. TULI,2023-10-18,119ba
56,64,Ba,4.8092,0.0058,,,,0.0,,,0+,24,,2,s,24.0,2.0,EC+B+,100.0,,,,,,,,,,,,,-11319.0,424.0,-21940.0,424.0,1733.3129,300.4477,5000.0,300.3,12369.8705,360.8422,3872.5584,300.4891,8280.2949,2.5014,119926044.997,322.241,-68888.649,300.166,N,1974.0,1-Dec-2001,K. KITAO and  Y. TENDOW AND A. HASHIZUME,2023-10-18,120ba
56,65,Ba,4.8176,0.0052,,,,0.0,,,5/2(+),29.7,,15,s,29.7,1.5,EC+B+,100.0,,,,,,,,,0.66,0.001,1.89,0.13,-8555.0,332.0,-21246.0,332.0,1015.5841,142.2769,6357.495,142.616,9927.5164,332.0156,4145.1694,142.2476,8293.9083,1.1727,120924052.286,152.333,-70744.847,141.898,N,1975.0,20-Jan-2009,S. OHYA,2023-10-18,121ba
56,66,Ba,4.8153,0.0054,,,,0.0,,,0+,1.95,,15,m,117.0,9.0,EC+B+,100.0,,,,,,,,,,,,,-10066.0,299.0,-20490.0,301.0,1045.1996,29.8098,3535.817,43.769,11935.4228,144.6233,4795.581,31.3865,8323.7567,0.2291,121919904.0,30.0,-74608.952,27.945,N,1974.0,30-Sep-2006,T. TAMURA,2023-10-18,122ba
56,67,Ba,4.8135,0.0055,,,,0.0,,,5/2(+),2.4,,4,m,144.0,24.0,EC+B+,100.0,,,,,,,,,,,1.57,0.13,-7004.0,196.0,-19183.0,298.0,714.6091,15.9484,5388.694,17.125,9117.3296,30.4557,4799.1656,35.7973,8330.2086,0.0985,122918781.06,13.0,-75654.963,12.109,N,1962.0,15-Apr-2021,Jun Chen,2023-10-18,123ba
56,68,Ba,4.8185,0.0052,,,,0.0,,,0+,11.0,,5,m,660.0,30.0,EC+B+,100.0,,,,,,,,,,,,,-8831.1685,58.0305,-18510.0,196.0,657.7328,17.1999,2651.274,15.489,11506.1405,17.4017,5335.1002,17.4017,8355.8209,0.1008,123915093.627,13.416,-79089.786,12.497,N,1967.0,1-Apr-2008,J. KATAKURA and  Z.D. WU,2023-10-18,124ba
56,69,Ba,4.8177,0.0052,,,,0.0,,,1/2(+),3.3,,3,m,198.0,18.0,EC+B+,100.0,,,,,,,,,0.177,0.012,,,-5909.4836,27.6308,-17481.6769,57.7251,387.1047,15.0247,4420.766,13.441,8650.5084,16.6437,5216.8866,14.3028,8358.1784,0.0879,124914471.84,11.8,-79668.976,10.992,N,1968.0,1-Jan-2010,J. KATAKURA,2023-10-18,125ba
56,70,Ba,4.8221,0.005,,,,0.0,,,0+,100,,2,m,6000.0,120.0,EC+B+,100.0,,,,,,,,,,,,,-7696.4376,91.3663,-16981.7389,28.845,260.159,16.7224,1680.77,16.23,11072.2554,16.6437,5869.1421,14.6978,8379.7187,0.0992,125911250.202,13.416,-82669.913,12.497,N,1954.0,1-Oct-2021,H. Iimura and  J.Katakura and  S. Ohya,2023-10-18,126ba
56,71,Ba,4.8204,0.0051,,,,0.0,,,1/2+,12.7,,4,m,762.0,24.0,EC+B+,100.0,,,,,,,,,0.0834,0.001,1.71,0.14,-4921.8386,27.7403,-15915.7974,91.2174,5.3868,14.8281,3422.072,12.653,8219.3598,16.8867,5756.2431,15.3714,8378.456,0.0894,126911091.272,12.192,-82817.955,11.357,N,1952.0,1-Oct-2009,A. HASHIZUME,2023-10-18,127ba
56,72,Ba,4.8255,0.0048,,,,0.0,,,0+,2.43,,5,d,209952.0,4320.0,EC,100.0,,,,,,,,,,,,,-6743.7167,54.4716,-15544.3572,26.0499,-126.6665,2.1064,562.617,5.612,10622.5186,11.4705,6418.0997,5.8053,8395.9878,0.0126,127908352.446,1.728,-85369.156,1.61,N,1950.0,28-Feb-2015,ZOLTAN ELEKES AND JANOS TIMAR,2023-10-18,128ba
56,73,Ba,4.8248,0.0049,,,,0.0,,,1/2+,2.23,,11,h,8028.0,396.0,EC+B+,100.0,,,,,,,,,-0.398,0.016,,,-3737.3247,21.628,-14506.7449,55.4517,-286.4209,10.5985,2438.184,11.448,7763.0282,10.6189,6418.0641,11.7996,8391.0811,0.0814,128908683.409,11.276,-85060.866,10.504,N,1950.0,31-May-2014,JANOS TIMAR AND ZOLTAN ELEKES and  BALRAJ SINGH,2023-10-18,129ba
56,74,Ba,4.8283,0.0047,0.11,0.01,,0.0,,,0+,STABLE,,,,,,,,,,,,,,,,,,,,-5629.4021,25.9477,-14004.5534,21.3445,-535.3054,0.2872,-357.022,8.362,10267.2287,10.5037,7046.6974,4.5615,8405.513,0.0022,129906326.002,0.308,-87256.776,0.287,N,1936.0,11-May-2001,BALRAJ SINGH,2023-10-18,130ba
56,75,Ba,4.8276,0.0048,,,,0.0,,,1/2+,11.50,,6,d,993600.0,5184.0,EC+B+,100.0,,,,,,,,,0.7083,0.0002,,,-2909.6936,27.9479,-13122.9021,25.9494,-782.991,4.1092,1376.616,0.451,7493.5,0.3,7068.1748,8.367,8398.5511,0.0032,130906946.315,0.445,-86678.958,0.415,N,1947.0,17-Jul-2006,YU. KHAZOV and  I. MITROPOLSKY and  A. RODIONOV,2023-10-18,131ba
56,76,Ba,4.8303,0.0047,0.1,0.01,,0.0,,,0+,3.0E+21,GT,,Y,9.4670777923776e+28,,2B+,,,,,,,,,,-1.59,0.05,,,-4711.3256,36.3537,-12736.9565,27.9647,-999.2847,1.0533,-1282.21,1.47,9827.2629,1.1304,7668.3001,1.068,8409.3747,0.008,131905061.231,1.13,-88434.903,1.053,N,1936.0,10-Feb-2005,YU. KHAZOV and  A.A. RODIONOV AND S. SAKHAROV and  BALRAJ SINGH,2023-10-18,132ba
56,77,Ba,4.8286,0.0047,,,,0.0,,,1/2+,10.551,,11,Y,332957125.9579202,347126.185720512,EC,100.0,,,,,,,,,0.7719,0.0002,0.92,0.06,-2059.1203,27.9624,-11901.2525,36.3543,-1282.3581,0.992,517.431,0.992,7189.927,0.3596,7689.7899,1.4343,8400.2059,0.0075,132906007.443,1.065,-87553.512,0.992,N,1941.0,31-Oct-2010,YU. KHAZOV AND A. RODIONOV and  F.G. KONDEV,2023-10-18,133ba
56,78,Ba,4.8322,0.0047,2.42,0.15,,0.0,,,0+,STABLE,,,,,,,,,,,,,,,,,,,,-3731.3434,19.9312,-11526.9285,27.9459,-1494.4436,0.2508,-2058.837,0.252,9467.8082,1.0232,8168.0302,0.2507,8408.1731,0.0019,133904508.249,0.269,-88950.002,0.251,N,1936.0,31-Jul-2004,A.A. Sonzogni,2023-10-18,134ba
56,79,Ba,4.8294,0.0047,6.59,0.1,,0.0,,,3/2+,STABLE,,,,,,,,,,,,,,,,0.8381,0.0002,0.153,0.002,-1207.1973,9.4299,-10703.3141,19.9311,-1861.9957,0.2454,-268.699,0.439,6971.9707,0.0999,8248.4605,0.2455,8397.5345,0.0018,134905688.447,0.263,-87850.655,0.245,N,1932.0,22-Jan-2008,BALRAJ SINGH and  ALEXANDER A. RODIONOV and YURI L. KHAZOV,2023-10-18,135ba
56,80,Ba,4.8334,0.0046,7.85,0.24,,0.0,,,0+,STABLE,,,,,,,,,,,,,,,,-1.9,0.2,-0.19,0.06,-2849.5915,53.1715,-10314.9397,9.43,-2033.0205,0.2448,-2548.224,1.889,9107.7424,0.039,8594.0937,0.2886,8402.7566,0.0018,135904575.8,0.262,-88887.079,0.245,N,1932.0,1-Apr-2018,E.A. MCCUTCHAN,2023-10-18,136ba
56,81,Ba,4.8314,0.0047,11.23,0.23,,0.0,,,3/2+,STABLE,,,,,,,,,,,,,,,,0.9375,0.0002,0.236,0.003,-580.5356,1.6231,-9755.2312,53.1715,-2502.7336,2.4128,-1175.629,0.391,6905.6397,0.0687,8671.5169,1.8582,8391.8288,0.0018,136905827.207,0.266,-87721.401,0.248,N,1932.0,1-Oct-2006,E. BROWNE and  J. K. TULI,2023-10-18,137ba
56,82,Ba,4.8378,0.0046,71.7,0.29,,0.0,,,0+,STABLE,,,,,,,,,,,,,,,,5.9,1.2,,,-1748.3977,0.3384,-9192.2586,1.6235,-2560.8872,0.2494,-5374.778,9.161,8611.723,0.0399,9005.0045,0.1768,8393.4222,0.0018,137905247.059,0.267,-88261.806,0.249,N,1925.0,30-Sep-2017,JUN CHEN,2023-10-18,138ba
56,83,Ba,4.8513,0.0049,,,,0.0,,,7/2-,82.93,,9,m,4975.8,5.4,B-,100.0,,,,,,,,,-0.973,0.005,-0.552,0.013,2308.4632,0.6571,-6471.8276,0.3408,-925.4687,3.6675,-4212.83,3.14,4723.43,0.04,9315.8606,9.1585,8367.0194,0.0018,138908841.164,0.271,-84913.918,0.253,N,1937.0,15-Oct-2016,P.K. JOSHI and  B. SINGH and  S. SINGH and  A.K. JAIN,2023-10-18,139ba
56,84,Ba,4.8684,0.0059,,,,0.0,,,0+,12.751,,4,d,1101686.4,345.6,B-,100.0,,,,,,,,,,,-0.5,0.3,1044.1542,7.9051,-4116.8423,7.9051,736.3492,7.8995,-6218.167,11.386,6425.3055,7.9036,9855.7878,8.4984,8353.15,0.0564,139910608.231,8.48,-83267.905,7.9,N,1939.0,20-Nov-2018,N. NICA,2023-10-18,140ba
56,85,Ba,4.8807,0.0069,,,,0.0,,,3/2-,18.27,,7,m,1096.2,4.2,B-,100.0,,,,,,,,,-0.337,0.005,0.437,0.01,3197.3515,6.551,-3491.7508,5.3507,226.0061,5.3195,-5255.141,10.622,4535.905,9.4488,9971.7249,9.7541,8326.0774,0.0377,140914403.653,5.709,-79732.492,5.318,N,1945.0,12-Oct-2022,N. NICA,2023-10-18,141ba
56,86,Ba,4.8953,0.0083,,,,0.0,,,0+,10.6,,2,m,636.0,12.0,B-,100.0,,,,,,,,,0.85,0.1,,,2181.6932,8.3754,-2983.7314,7.2112,-294.9286,6.5507,-7327.701,9.219,6181.083,7.958,10653.877,10.936,8310.9718,0.0417,141916432.904,6.355,-77842.257,5.92,N,1959.0,1-Jun-2010,T.D. Johnson and  D. Symochko(a) and  M. Fadil(b) and  and J.K. Tuli,2023-10-18,142ba
56,87,Ba,4.9087,0.0096,,,,0.0,,,5/2-,14.5,,3,s,14.5,0.3,B-,100.0,,,,,,,,,0.443,0.011,-0.85,0.02,4234.2623,9.9682,-1984.5731,9.2282,-717.5349,7.0878,-6261.686,10.149,4166.2663,8.9831,10711.62,9.7768,8281.9878,0.0472,142920625.149,7.253,-73937.205,6.756,N,1962.0,31-May-2011,E. BROWNE and  J. K. TULI,2023-10-18,143ba
56,88,Ba,4.9236,0.0112,,,,0.0,,,0+,11.5,,2,s,11.5,0.2,B-,100.0,,,,,,,,,0.68,0.1,,,3082.53,14.7744,-1666.9804,10.2296,-1205.5842,7.5067,-8495.768,21.359,5901.2426,9.8272,11380.5822,10.4058,8265.4549,0.0496,143922954.821,7.661,-71767.13,7.136,N,1967.0,1-Dec-2000,A.A. Sonzogni,2023-10-18,144ba
56,89,Ba,4.9345,0.0123,,,,0.0,,,5/2-,4.31,,16,s,4.31,0.16,B-,100.0,,,,,,,,,-0.285,0.007,1.18,0.02,5319.1425,14.9122,-737.8413,15.4664,-1743.7901,8.955,-7461.759,12.412,3820.3713,11.0806,11533.7921,21.8437,8234.7991,0.0585,144927518.4,9.1,-67516.183,8.477,N,1974.0,1-Oct-2008,E. BROWNE and  J. K. TULI,2023-10-18,145ba
56,90,Ba,4.9479,0.0138,,,,0.0,,,0+,2.21,,6,s,2.21,0.06,B-,100.0,,,,,,,,,,,,,4354.9052,2.4366,-102.2611,12.3957,-2061.5359,3.2295,-9555.889,3.392,5421.4036,8.6594,12100.8157,9.238,8215.5293,0.0121,145930363.2,1.9,-64866.269,1.77,N,1970.0,14-Jul-2016,Yu. KHAZOV and  A. RODIONOV AND G. SHULYAK,2023-10-18,146ba
56,91,Ba,,,,,,0.0,,,(5/2-),0.894,,7,s,0.894,0.007,B-,100.0,,B-N,0.06,0.05,,,,,,,,,6414.3615,22.466,885.8201,19.8186,-2486.0693,20.2895,-8343.963,21.454,3469.0852,19.8268,12242.6264,19.9585,8183.2405,0.1343,146935303.9,21.2,-60264.036,19.748,N,1978.0,9-Mar-2022,N. Nica and B. Singh,2023-10-18,147ba
56,92,Ba,4.9731,0.0167,,,,0.0,,,0+,0.612,,17,s,0.612,0.017,B-,100.0,,B-N,0.4,0.3,,,,,,,,,5163.8307,19.5252,1062.1679,10.8154,-3097.5257,5.5147,-10633.961,13.126,5352.1936,19.8038,12913.8097,8.5149,8164.1118,0.0101,147938223.0,1.6,-57544.911,1.49,N,1979.0,1-Oct-2013,N. NICA,2023-10-18,148ba
56,93,Ba,,,,,,0.0,,,(5/2- 3/2-),352,,6,ms,0.352,0.006,B-,100.0,,B-N,2.2,1.7,,,,,,,,,7389.301,200.2781,1806.8043,19.63,-3762.1983,11.4574,-9530.62,400.0,3357.0264,2.9235,13208.6408,13.2812,8131.8495,0.0169,148943284.0,2.7,-52830.62,2.515,N,1993.0,23-Aug-2022,Balraj Singh and Jun Chen,2023-10-18,149ba
56,94,Ba,,,,,,0.0,,,0+,0.259,,5,s,0.259,0.005,B-,100.0,,B-N,,,,,,,,,,,6421.3477,6.2138,2258.803,200.3429,-4359.7649,24.8765,-11719.799,400.04,5130.498,6.2138,13879.0,400.0,8111.8405,0.0379,149946441.1,6.1,-49889.799,5.682,N,1994.0,1-Apr-2013,S. K. Basu and  A. A. Sonzogni,2023-10-18,150ba
56,95,Ba,,,,,,0.0,,,,0.167,,5,s,0.167,0.005,B-,100.0,,B-N,,,,,,,,,,,8370.0,591.0,3300.0,400.0,-4965.0,447.0,-10660.0,640.3,3121.0,400.0,14059.0,565.0,8079.0,3.0,150951755.0,429.0,-44940.0,400.0,Y,1994.0,20-Feb-2017,F.G. KONDEV,2023-10-18,151ba
56,96,Ba,,,,,,0.0,,,0+,0.139,,8,s,0.139,0.008,B-,100.0,,B-N,,,,,,,,,,,7680.0,500.0,3629.0,591.0,-5385.0,500.0,-12480.0,640.3,4741.0,565.0,14619.0,640.0,8057.0,3.0,151955330.0,429.0,-41610.0,400.0,Y,2010.0,20-Feb-2017,F.G. KONDEV,2023-10-18,152ba
56,97,Ba,,,,,,0.0,,,,0.116,,52,s,0.116,0.052,B-,100.0,,B-N,,,,,,,,,,,9590.0,500.0,4749.0,500.0,-5895.0,500.0,,,2931.0,565.0,14629.0,640.0,8023.0,3.0,152960848.0,429.0,-36470.0,400.0,Y,2016.0,16-Aug-2020,N. NICA,2023-10-18,153ba
56,98,Ba,,,,,,0.0,,,0+,53,,48,ms,0.053,0.048,B-,100.0,,B-N,,,,,,,,,,,8610.0,583.0,5068.0,583.0,-6355.0,583.0,,,4521.0,640.0,,,8001.0,3.0,153964659.0,537.0,-32920.0,500.0,Y,2017.0,20-Feb-2017,F.G. KONDEV,2023-10-18,154ba
57,60,La,,,,,,0.0,,,(3/2+ 3/2-),23.5,,26,ms,0.0235,0.0026,P,93.9,0.7,EC+B+,6.1,0.7,,,,,,,,,,,,,3069.0,200.0,11186.906,320.421,14292.0,379.0,-820.0999,3.0,8086.0,2.0,116950326.0,215.0,-46271.0,200.0,Y,2001.0,1-Mar-2009,JEAN BLACHOT,2023-10-18,117la
57,63,La,,,,,X,0.0,,,,2.8,,2,s,2.8,0.2,EC+B+,100.0,,ECP,0.0,,,,,,,,,,-7840.0,583.0,-21821.0,583.0,2048.0,316.0,11318.649,424.381,10622.0,424.0,269.0,361.0,8179.0,2.0,119938196.0,322.0,-57570.0,300.0,Y,1984.0,1-Dec-2001,K. KITAO and  Y. TENDOW AND A. HASHIZUME,2023-10-18,120la
57,64,La,,,,,,0.0,,,,5.3,,2,s,5.3,0.2,EC+B+,100.0,,,,,,,,,,,,,-9500.0,500.0,-20532.0,583.0,1878.0,306.0,8554.847,331.866,12692.0,424.0,591.0,424.0,8217.0,2.0,120933236.0,322.0,-62190.0,300.0,Y,1988.0,20-Jan-2009,S. OHYA,2023-10-18,121la
57,65,La,,,,,,0.0,,,,8.6,,5,s,8.6,0.5,EC+B+,100.0,,ECP,,,,,,,,,,,-6669.0,499.0,-19925.0,499.0,1441.0,298.0,10065.952,299.307,10424.0,423.0,1087.0,330.0,8235.0,2.0,121930710.0,320.0,-64543.0,298.0,Y,1984.0,30-Sep-2006,T. TAMURA,2023-10-18,122la
57,66,La,,,,,,0.0,,,,16.3,,3,s,16.3,0.3,EC+B+,100.0,,,,,,,,,,,,,-8365.0,357.0,-18849.0,446.0,1229.0,196.0,7003.963,196.374,12179.0,357.0,1331.0,198.0,8267.0,2.0,122926300.0,210.0,-68651.0,196.0,Y,1978.0,15-Apr-2021,Jun Chen,2023-10-18,123la
57,67,La,,,,,V,0.0,,100.0,,21,,4,s,21.0,4.0,EC+B+,100.0,,,,,,,,,,,,,-5343.0,303.0,-18044.0,303.0,1205.1156,57.5391,8831.169,58.031,9679.0,204.0,1892.625,57.9482,8278.2926,0.457,123924574.275,60.836,-70258.617,56.669,N,1978.0,1-Apr-2008,J. KATAKURA and  Z.D. WU,2023-10-18,124la
57,68,La,,,,,,0.0,,,(3/2+),64.8,,12,s,64.8,1.2,EC+B+,100.0,,,,,,,,,,,,,-7102.0,197.0,-16915.0,299.0,917.9334,29.6657,5909.484,28.225,11572.1933,62.3474,1958.6778,28.845,8304.6438,0.208,124920815.931,27.909,-73759.492,25.997,N,1973.0,1-Jan-2010,J. KATAKURA,2023-10-18,125la
57,69,La,,,,,V,0.0,,,(4 5),54,,2,s,54.0,2.0,EC+B+,0.0,,,,,,,,,,,,,-4152.9106,94.7235,-16387.0,216.0,746.3771,96.5735,7696.437,91.367,9285.3014,94.1673,2593.4708,91.1727,8312.4268,0.7183,125919512.667,97.163,-74973.476,90.508,N,1961.0,1-Oct-2021,H. Iimura and  J.Katakura and  S. Ohya,2023-10-18,126la
57,70,La,,,,,,0.0,,,(11/2-),5.1,,1,m,306.0,6.0,EC+B+,100.0,,,,,,,,,,,,,-5916.7727,38.8567,-15146.8694,38.1696,722.6242,28.6817,4921.839,28.372,10993.9588,94.1681,2515.1743,28.8476,8333.5412,0.2047,126916375.083,27.912,-77896.116,26.0,N,1963.0,1-Oct-2009,A. HASHIZUME,2023-10-18,127la
57,71,La,,,,,,0.0,,,(5+),5.18,,14,m,310.8,8.4,EC,100.0,,,,,,,,,,,,,-3091.5136,61.2003,-14717.4132,61.6312,690.7057,55.2114,6743.717,54.472,8800.6405,60.3371,3096.4549,55.6196,8337.1904,0.4254,127915592.123,58.452,-78625.439,54.448,N,1961.0,28-Feb-2015,ZOLTAN ELEKES AND JANOS TIMAR,2023-10-18,128la
57,72,La,,,,,,0.0,,,(3/2+),11.6,,2,m,696.0,12.0,EC+B+,100.0,,,,,,,,,,,,,-5036.037,35.1633,-13860.9338,35.1633,341.2854,22.7021,3737.325,23.788,10769.4202,58.4816,3243.3565,21.4024,8356.0449,0.1655,128912695.592,22.913,-81323.541,21.343,N,1963.0,31-May-2014,JANOS TIMAR AND ZOLTAN ELEKES and  BALRAJ SINGH,2023-10-18,129la
57,73,La,,,,,,0.0,,,3(+),8.7,,1,m,522.0,6.0,EC+B+,100.0,,,,,,,,,2.9,0.2,,,-2204.4611,38.1328,-13411.1883,38.1328,298.3928,27.9375,5629.402,25.948,8375.1513,33.5968,3855.4796,27.9916,8356.1919,0.1996,129912369.413,27.854,-81627.374,25.946,N,1961.0,11-May-2001,BALRAJ SINGH,2023-10-18,130la
57,74,La,,,,,,0.0,,,3/2+,59,,2,m,3540.0,120.0,EC+B+,100.0,,,,,,,,,11.2,0.04,,,-4060.8167,43.0918,-12417.6695,39.5199,45.8464,28.496,2909.693,27.948,10213.2084,38.1328,3801.4593,27.9463,8370.3676,0.2133,130910070.0,30.0,-83769.265,27.945,N,1951.0,17-Jul-2006,YU. KHAZOV and  I. MITROPOLSKY and  A. RODIONOV,2023-10-18,131la
57,75,La,,,,,,0.0,,,2-,4.8,,2,h,17280.0,720.0,EC+B+,100.0,,,,,,,,,,,,,-1254.8898,41.7025,-12086.4476,48.9687,-216.7208,36.7539,4711.325,36.374,8025.6309,45.8569,4333.5903,36.3609,8367.7559,0.2754,131910119.047,39.032,-83723.578,36.359,N,1951.0,10-Feb-2005,YU. KHAZOV and  A.A. RODIONOV AND S. SAKHAROV and  BALRAJ SINGH,2023-10-18,132la
57,76,La,,,,,,0.0,,,5/2+,3.912,,8,h,14083.2,28.8,EC+B+,100.0,,,,,,,,,7.5,0.5,1.7,0.3,-3076.1685,32.3786,-11097.0221,34.6029,-420.2576,28.3133,2059.12,27.96,9842.1323,45.8569,4348.4597,27.9647,8378.8415,0.2101,132908218.0,30.0,-85494.392,27.945,N,1950.0,31-Oct-2010,YU. KHAZOV AND A. RODIONOV and  F.G. KONDEV,2023-10-18,133la
57,77,La,,,,,,0.0,,,1+,6.45,,16,m,387.0,9.6,EC+B+,100.0,,,,,,,,,,,,,-385.7605,28.5098,-10871.7536,25.7808,-743.8201,21.6108,3731.343,19.932,7795.5851,34.3235,4954.1178,19.9543,8374.4888,0.1487,133908514.011,21.395,-85218.659,19.93,N,1951.0,31-Jul-2004,A.A. Sonzogni,2023-10-18,134la
57,78,La,4.8488,0.006,,,,0.0,,,5/2+,19.5,,2,h,70200.0,720.0,EC+B+,100.0,,,,,,,,,3.7,0.09,-0.4,0.4,-2027.1499,4.6101,-9881.8773,22.4631,-1012.7993,9.434,1207.197,9.435,9496.1168,22.049,4982.4264,9.4304,8382.7972,0.0699,134906984.427,10.126,-86643.458,9.432,N,1948.0,22-Jan-2008,BALRAJ SINGH and  ALEXANDER A. RODIONOV and YURI L. KHAZOV,2023-10-18,135la
57,79,La,,,,,,0.0,,,1+,9.87,,3,m,592.2,1.8,EC+B+,100.0,,,,,,,,,,,,,471.0621,53.172,-9492.4982,54.153,-1309.7104,53.1811,2849.591,53.172,7465.3482,54.0011,5475.804,53.1715,8376.0512,0.391,135907634.962,57.081,-86037.488,53.171,N,1950.0,1-Apr-2018,E.A. MCCUTCHAN,2023-10-18,136la
57,80,La,4.8496,0.0053,,,,0.0,,,7/2+,6E+4,,2,Y,1893415558475.52,631138519491.84,EC,100.0,,,,,,,,,2.696,0.006,0.21,0.04,-1222.1,1.6,-8703.6335,1.6076,-1494.8381,1.64,580.536,1.659,9174.6956,53.1963,5542.7571,1.6216,8381.8807,0.012,136906450.438,1.76,-87140.865,1.64,N,1948.0,1-Oct-2006,E. BROWNE and  J. K. TULI,2023-10-18,137la
57,81,La,4.8473,0.0051,0.08881,0.00071,,0.0,,,5+,1.03E+11,,1,Y,3.250363375382976e+18,3.1556925974592e+16,EC+B+,65.5,0.4,B-,34.5,0.4,,,,,3.7084,0.0002,0.39,0.03,1052.4585,0.4018,-8665.9609,0.4361,-2047.1586,0.416,1748.398,0.485,7443.8609,1.6584,6080.9783,0.3407,8375.0835,0.003,137907124.041,0.446,-86513.408,0.416,N,1947.0,30-Sep-2017,JUN CHEN,2023-10-18,138la
57,82,La,4.855,0.0049,99.91119,0.00071,,0.0,,,7/2+,STABLE,,,,,,,,,,,,,,,,2.7791,0.0002,0.206,0.004,-264.6396,1.9989,-7727.8323,0.7857,-2065.3402,0.7072,-2308.463,0.658,8780.2909,0.7355,6249.5462,0.6558,8377.9987,0.0044,138906362.927,0.651,-87222.381,0.607,N,1924.0,15-Oct-2016,P.K. JOSHI and  B. SINGH and  S. SINGH and  A.K. JAIN,2023-10-18,139la
57,83,La,,,,,,0.0,,,3-,1.67858,,21,d,145029.312,18.144,B-,100.0,,,,,,,,,0.73,0.015,0.087,0.013,3762.1676,1.3364,-5425.6361,1.999,-398.1202,1.9689,-1044.154,7.923,5160.9966,0.0194,6687.1128,0.6573,8355.0201,0.0043,139909487.285,0.651,-84312.059,0.607,N,1935.0,20-Nov-2018,N. NICA,2023-10-18,140la
57,84,La,,,,,,0.0,,,7/2(+),3.92,,3,h,14112.0,108.0,B-,100.0,,,,,,,,,,,,,2501.2141,3.9279,-2926.9347,3.9292,1191.0128,4.1382,-3197.352,6.732,6689.1023,4.1361,6950.9095,8.9031,8343.205,0.0293,140910971.155,4.43,-82929.844,4.127,N,1951.0,12-Oct-2022,N. NICA,2023-10-18,141la
57,85,La,,,,,,0.0,,,2-,91.1,,5,m,5466.0,30.0,B-,100.0,,,,,,,,,,,,,4508.9455,5.8446,-2664.2105,6.303,438.1621,11.1081,-2181.693,8.635,5165.4246,7.4221,7580.4291,8.2277,8320.8263,0.0443,141914090.76,6.748,-80023.95,6.286,N,1953.0,1-Jun-2010,T.D. Johnson and  D. Symochko(a) and  M. Fadil(b) and  and J.K. Tuli,2023-10-18,142la
57,86,La,,,,,,0.0,,,(7/2)+,14.2,,1,m,852.0,6.0,B-,100.0,,,,,,,,,,,,,3434.9108,7.5812,-1709.8899,7.5816,104.705,7.9711,-4234.262,9.968,6218.8354,9.5466,7618.1816,9.4155,8306.1271,0.0513,142916079.482,7.868,-78171.467,7.329,N,1951.0,31-May-2011,E. BROWNE and  J. K. TULI,2023-10-18,143la
57,87,La,,,,,,0.0,,,(3-),40.8,,4,s,40.8,0.4,B-,100.0,,,,,,,,,,,,,5582.2823,13.2432,-1314.5995,13.1651,-224.8374,15.3159,-3082.53,14.77,4749.5103,14.8686,8201.4256,14.5946,8281.4283,0.0898,143919645.589,13.888,-74849.66,12.937,N,1967.0,1-Dec-2000,A.A. Sonzogni,2023-10-18,144la
57,88,La,,,,,,0.0,,,(5/2+),24.8,,20,s,24.8,2.0,B-,100.0,,,,,,,,,,,,,4231.7331,35.2977,-474.7015,12.5896,-782.8903,15.3319,-5319.142,14.913,6056.9838,17.8291,8357.1668,14.1932,8266.0873,0.0846,144921808.065,13.17,-72835.325,12.269,N,1974.0,1-Oct-2008,E. BROWNE and  J. K. TULI,2023-10-18,145la
57,89,La,,,,,,0.0,,,(2-),6.1,,3,s,6.1,0.3,B-,100.0,,B-N,0.007,,,,,,,,,,6404.6947,14.7146,-225.4332,33.9418,-1131.5333,7.2625,-4354.905,2.437,4457.1663,12.3824,8993.9619,8.6404,8239.9988,0.0115,145925688.017,1.797,-69221.174,1.675,N,1970.0,14-Jul-2016,Yu. KHAZOV and  A. RODIONOV AND G. SHULYAK,2023-10-18,146la
57,90,La,,,,,,0.0,,,(5/2+),4.06,,4,s,4.06,0.04,B-,100.0,,B-N,0.041,0.004,,,,,,,,,5335.5046,13.7248,876.1533,18.1606,-1427.7944,13.1189,-6414.361,22.466,5528.5415,10.8423,9101.0997,10.8574,8221.5536,0.0729,146928417.8,11.5,-66678.397,10.712,N,1979.0,9-Mar-2022,N. Nica and B. Singh,2023-10-18,147la
57,91,La,,,,,,0.0,,,(2-),1.26,,8,s,1.26,0.08,B-,100.0,,B-N,0.15,0.03,,,,,,,,,7689.6824,22.4573,1233.8418,21.2752,-1862.2958,28.0055,-5163.831,19.525,4101.6628,22.2208,9733.6773,27.7305,8193.7165,0.1315,147932679.4,20.9,-62708.742,19.468,N,1969.0,1-Oct-2013,N. NICA,2023-10-18,148la
57,92,La,,,,,,0.0,,,(3/2),1.091,,34,s,1.091,0.034,B-,100.0,,B-N,1.41,0.34,,,,,,,,,6450.0,200.0,2107.1856,200.5749,-2590.4126,200.4674,-7389.301,200.278,5582.4967,201.2064,9963.9804,200.2678,8176.1915,1.344,148935351.259,214.99,-60219.921,200.262,N,1979.0,23-Aug-2022,Balraj Singh and Jun Chen,2023-10-18,149la
57,93,La,,,,,,0.0,,,(3+),0.59,,11,s,0.59,0.11,B-,100.0,,B-N,2.7,0.3,,,,,,,,,8535.7155,11.9641,2287.4553,10.5506,-3425.6828,3.8337,-6421.348,6.214,4162.5447,200.2781,10769.4988,3.5568,8149.4339,0.0168,149939547.5,2.7,-56311.147,2.515,N,1993.0,1-Apr-2013,S. K. Basu and  A. A. Sonzogni,2023-10-18,150la
57,94,La,,,,,,0.0,,,(1/2+),0.457,,+30-18,s,0.457,0.024,B-,100.0,,B-N,,,,,,,,,,,7914.7191,435.833,3465.2057,435.6306,-3815.1823,435.5542,-8370.339,591.301,5070.5098,435.4808,10709.5106,435.5106,8129.0436,2.8839,150942769.0,467.5,-53310.339,435.473,N,1994.0,20-Feb-2017,F.G. KONDEV,2023-10-18,151la
57,95,La,,,,,,0.0,,,(2-),0.298,,+6-23,s,0.298,0.0145,B-,100.0,,B-N,,,,,,,,,,,9690.0,361.0,3864.0,300.0,-4804.0,300.0,-7680.0,500.0,4051.0,529.0,11639.0,500.0,8102.0,2.0,151947085.0,322.0,-49290.0,300.0,Y,1994.0,20-Feb-2017,FILIP G. KONDEV,2023-10-18,152la
57,96,La,,,,,,0.0,,,,0.245,,18,s,0.245,0.018,B-,100.0,,B-N,,,,,,,,,,,8850.0,361.0,4849.0,361.0,-5185.0,500.0,-9590.0,500.0,4841.0,424.0,11739.0,500.0,8081.0,2.0,152950553.0,322.0,-46060.0,300.0,Y,1994.0,16-Aug-2020,N. NICA,2023-10-18,153la
57,97,La,,,,,,0.0,,,(2-),0.161,,15,s,0.161,0.015,B-,100.0,,B-N,,,,,,,,,,,10690.0,361.0,5309.0,361.0,-5785.0,500.0,-8610.0,583.0,3541.0,424.0,12349.0,500.0,8051.0,2.0,153955416.0,322.0,-41530.0,300.0,Y,2017.0,20-Feb-2017,FILIP G. KONDEV,2023-10-18,154la
57,98,La,,,,,,0.0,,,,101,,28,ms,0.101,0.028,B-,100.0,,B-N,,,,,,,,,,,9850.0,500.0,6218.0,447.0,-6075.0,640.0,,,4472.0,500.0,12299.0,640.0,8028.0,3.0,154959280.0,429.0,-37930.0,400.0,Y,2016.0,21-Oct-2019,N. NICA,2023-10-18,155la
57,99,La,,,,,,0.0,,,(4+),84,,78,ms,0.084,0.078,B-,100.0,,B-N,,,,,,,,,,,11769.0,500.0,6658.0,500.0,-6346.0,640.0,,,3191.0,565.0,,,7997.0,3.0,155964519.0,429.0,-33050.0,400.0,Y,2017.0,20-Feb-2017,FILIP G. KONDEV,2023-10-18,156la
57,100,La,,,,,,0.0,,,,,,,,,,B-,100.0,,B-N,,,B-2N,,,,,,,,10860.0,500.0,7678.0,424.0,,,,,4091.0,500.0,,,7972.0,2.0,156968792.0,322.0,-29070.0,300.0,Y,2018.0,31-JAN-2021,BALRAJ SINGH,2023-10-18,157la
58,63,Ce,,,,,,0.0,,,(5/2),1.1,,1,s,1.1,0.1,EC+B+,100.0,,ECP,1.0,,,,,,,,,,-11139.0,641.0,,,2343.0,472.0,9500.0,500.8,11032.0,641.0,2409.0,500.0,8132.0,3.0,120943435.0,430.0,-52690.0,401.0,Y,1997.0,20-Jan-2009,S. OHYA,2023-10-18,121ce
58,64,Ce,,,,,,0.0,,,0+,,,,,,,EC+B+,,,ECP,,,,,,,,,,,-13094.0,641.0,-24394.0,641.0,1901.0,448.0,6669.0,499.6,13255.0,566.0,2972.0,500.0,8174.0,3.0,121937870.0,430.0,-57874.0,401.0,Y,2005.0,30-Sep-2006,T. TAMURA,2023-10-18,122ce
58,65,Ce,,,,,,0.0,,,(5/2),3.8,,2,s,3.8,0.2,EC+B+,100.0,,ECP,0.0,,,,,,,,,,-10056.0,499.0,-23578.0,582.0,1879.0,359.0,8365.0,356.6,10484.0,499.0,3032.0,422.0,8193.0,2.0,122935280.0,320.0,-60286.0,298.0,Y,1984.0,15-Apr-2021,Jun Chen,2023-10-18,123ce
58,66,Ce,,,,,,0.0,,,0+,6,,2,s,6.0,2.0,EC+B+,100.0,,,,,,,,,,,,,-11765.0,499.0,-22757.0,499.0,1548.0,423.0,5342.617,303.34,12701.0,422.0,3554.0,357.0,8229.0,2.0,123930310.0,320.0,-64916.0,298.0,Y,1978.0,1-Apr-2008,J. KATAKURA and  Z.D. WU,2023-10-18,124ce
58,67,Ce,,,,,,0.0,,,(7/2-),9.7,,3,s,9.7,0.3,EC+B+,100.0,,B+P,,,,,,,,,,,-8587.0,358.0,-21578.0,446.0,1662.0,242.0,7101.492,197.717,9813.0,357.0,3688.0,204.0,8242.0,2.0,124928440.0,210.0,-66658.0,196.0,Y,1978.0,1-Jan-2010,J. KATAKURA,2023-10-18,125ce
58,68,Ce,,,,,,0.0,,,0+,51.0,,4,s,51.0,0.4,EC+B+,100.0,,,,,,,,,7.0,3.0,,,-10497.0,198.0,-20822.0,301.0,1363.4706,39.5199,4152.911,94.724,12234.0,198.0,4350.0438,38.1676,8273.2581,0.2218,125923971.0,30.0,-70820.565,27.945,N,1978.0,1-Oct-2021,H. Iimura and  J.Katakura and  S. Ohya,2023-10-18,126ce
58,69,Ce,,,,,,0.0,,,(1/2+),34,,2,s,34.0,2.0,EC+B+,100.0,,,,,,,,,,,,,-7436.0,198.0,-19727.0,198.0,1250.7035,31.3126,5916.772,38.856,9230.0967,40.184,4294.8392,95.0025,8280.7922,0.2274,126922727.0,31.0,-71979.344,28.876,N,1978.0,1-Oct-2009,A. HASHIZUME,2023-10-18,127ce
58,70,Ce,,,,,,0.0,,,0+,3.93,,2,m,235.8,1.2,EC+B+,100.0,,,,,,,,,,,,,-9203.1617,40.8585,-19062.0,198.0,1130.9445,30.612,3091.514,61.201,11625.8996,40.184,4926.7799,38.1696,8306.9259,0.2183,127918911.0,30.0,-75533.925,27.945,N,1968.0,28-Feb-2015,ZOLTAN ELEKES AND JANOS TIMAR,2023-10-18,128ce
58,71,Ce,,,,,,0.0,,,(5/2+),3.5,,3,m,210.0,18.0,EC+B+,100.0,,,,,,,,,-0.65,0.04,1.32,0.13,-6513.9383,40.8585,-18028.0585,40.8585,956.556,30.029,5036.037,35.163,8824.8968,39.5199,4951.0362,61.2003,8310.9411,0.2166,128918102.0,30.0,-76287.504,27.945,N,1977.0,31-May-2014,JANOS TIMAR AND ZOLTAN ELEKES and  BALRAJ SINGH,2023-10-18,129ce
58,72,Ce,,,,,,0.0,,,0+,22.9,,5,m,1374.0,30.0,EC+B+,100.0,,,,,,,,,,,,,-8247.4488,70.0853,-17720.6655,40.8585,822.0842,30.612,2204.461,38.133,11206.7272,39.5199,5388.3432,35.1633,8333.2164,0.215,129914736.0,30.0,-79422.913,27.945,N,1965.0,11-May-2001,BALRAJ SINGH,2023-10-18,130ce
58,73,Ce,,,,,,0.0,,,7/2+,10.3,,3,m,618.0,18.0,EC+B+,100.0,,B+,11.0,3.0,,,,,,,,,-5407.7842,55.4462,-16604.3017,72.1597,684.5912,34.7127,4060.817,43.092,8356.8529,43.0918,5370.0448,41.8234,8333.3969,0.2504,130914429.465,35.214,-79708.448,32.802,N,1966.0,17-Jul-2006,YU. KHAZOV and  I. MITROPOLSKY and  A. RODIONOV,2023-10-18,131ce
58,74,Ce,,,,,,0.0,,,0+,3.51,,11,h,12636.0,396.0,EC+B+,100.0,,,,,,,,,,,,,-7241.224,35.3594,-16239.342,51.2346,475.552,20.4363,1254.89,41.69,10831.5578,38.6321,5988.3941,34.6029,8352.3223,0.1546,131911466.226,21.907,-82468.688,20.407,N,1960.0,10-Feb-2005,YU. KHAZOV and  A.A. RODIONOV AND S. SAKHAROV and  BALRAJ SINGH,2023-10-18,132ce
58,75,Ce,,,,,,0.0,,,1/2+,97,,4,m,5820.0,240.0,EC+B+,100.0,,,,,,,,,,,,,-4480.6319,20.5826,-15262.0775,33.1859,217.7266,19.4368,3076.169,32.379,8020.8536,26.1517,5983.6167,39.8674,8349.8301,0.123,132911520.402,17.557,-82418.223,16.354,N,1951.0,31-Oct-2010,YU. KHAZOV AND A. RODIONOV and  F.G. KONDEV,2023-10-18,133ce
58,76,Ce,,,,,,0.0,,,0+,3.16,,4,d,273024.0,3456.0,EC,100.0,,,,,,,,,,,,,-6304.8987,28.7814,-14966.625,23.9124,-1.0377,20.3888,385.761,28.51,10485.9931,26.1358,6627.4776,34.591,8365.7716,0.1521,133908928.142,21.886,-84832.898,20.387,N,1951.0,31-Jul-2004,A.A. Sonzogni,2023-10-18,134ce
58,77,Ce,,,,,,0.0,,,1/2(+),17.7,,3,h,63720.0,1080.0,EC+B+,100.0,,,,,,,,,,,,,-3680.4357,15.654,-14159.6261,22.7628,-362.2652,10.2746,2027.15,13.94,7854.7274,22.8258,6686.6199,22.4184,8361.9861,0.076,134909160.662,11.021,-84616.308,10.266,N,1948.0,22-Jan-2008,BALRAJ SINGH and  ALEXANDER A. RODIONOV and YURI L. KHAZOV,2023-10-18,135ce
58,78,Ce,4.8739,0.0018,0.186,0.002,,0.0,,,0+,STABLE,,,,,,2EC,,,,,,,,,,,,,,-5168.129,11.4561,-13643.996,11.8219,-498.5626,1.102,-471.062,53.172,9963.5603,10.2663,7154.0633,9.4324,8373.7624,0.0024,135907129.256,0.348,-86508.55,0.324,N,1936.0,1-Apr-2018,E.A. MCCUTCHAN,2023-10-18,136ce
58,79,Ce,,,,,,0.0,,,3/2+,9.0,,3,h,32400.0,1080.0,EC+B+,100.0,,,,,,,,,0.96,0.04,,,-2716.9515,8.1328,-12649.6625,11.4572,-790.1691,1.0553,1222.1,1.6,7481.5335,0.1564,7170.2486,53.1722,8367.2497,0.0026,136907762.416,0.386,-85918.765,0.36,N,1948.0,1-Oct-2006,E. BROWNE and  J. K. TULI,2023-10-18,137ce
58,80,Ce,4.8737,0.0018,0.251,0.002,,0.0,,,0+,4.4E+16,GT,,Y,1.388504742882048e+24,,2EC,100.0,,,,,,,,,,,,,-4437.0,10.0,-12435.371,8.1464,-1040.7803,0.4615,-1052.459,0.65,9718.4194,0.5217,7713.9724,1.6829,8377.0408,0.0036,137905994.18,0.536,-87565.867,0.499,N,1936.0,30-Sep-2017,JUN CHEN,2023-10-18,138ce
58,81,Ce,,,,,,0.0,,,3/2+,137.63,,3,d,11891232.0,2592.0,EC,100.0,,,,,,,,,1.06,0.04,,,-2129.089,2.9962,-11900.1928,10.228,-1532.0024,2.1031,264.64,2.17,7463.1928,2.1476,7733.3043,2.1297,8370.4664,0.015,138906647.029,2.242,-86957.741,2.089,N,1948.0,15-Oct-2016,P.K. JOSHI and  B. SINGH and  S. SINGH and  A.K. JAIN,2023-10-18,139ce
58,82,Ce,4.8771,0.0018,88.449,0.051,,0.0,,,0+,STABLE,,,,,,,,,,,,,,,,4.06,0.15,0.35,0.07,-3388.0,6.0,-11316.8927,3.8389,-1612.0637,1.3354,-3762.168,1.447,9187.8037,2.4044,8140.8172,1.3364,8376.3045,0.0094,139905448.433,1.409,-88074.227,1.313,N,1925.0,20-Nov-2018,N. NICA,2023-10-18,140ce
58,83,Ce,,,,,,0.0,,,7/2-,32.504,,13,d,2808345.6,1123.2,B-,100.0,,,,,,,,,1.09,0.04,,,583.4758,1.1784,-8816.1487,6.0009,-134.5727,1.338,-2501.214,4.331,5428.1487,0.1028,8407.9694,1.3385,8355.3956,0.0093,140908285.991,1.411,-85431.058,1.315,N,1948.0,12-Oct-2022,N. NICA,2023-10-18,141ce
58,84,Ce,4.9063,0.002,11.114,0.051,,0.0,,,0+,5E+16,GT,,Y,1.5778462987296e+24,,,,,,,,,,,,,,,,-746.5288,2.4868,-6589.6802,2.4869,1303.9942,2.456,-4508.946,6.744,7173.1561,2.4703,8892.0231,4.633,8347.07,0.0172,141909250.208,2.623,-84532.896,2.443,N,1925.0,1-Jun-2010,T.D. Johnson and  D. Symochko(a) and  M. Fadil(b) and  and J.K. Tuli,2023-10-18,142ce
58,85,Ce,,,,,,0.0,,,3/2-,33.039,,6,h,118940.4,21.6,B-,100.0,,,,,,,,,0.43,0.01,,,1461.8214,1.8649,-5891.3295,2.4858,882.6235,2.4553,-3434.911,7.725,5144.8007,0.0937,8871.3992,5.8453,8324.6765,0.0171,142912391.953,2.621,-81606.378,2.442,N,1948.0,31-May-2011,E. BROWNE and  J. K. TULI,2023-10-18,143ce
58,86,Ce,4.9303,0.0024,,,,0.0,,,0+,284.91,,5,d,24616224.0,4320.0,B-,100.0,,,,,,,,,,,,,318.6462,0.8321,-5435.0605,2.8852,411.0472,8.3897,-5582.282,13.244,6896.8818,3.3586,9549.4456,7.8258,8314.7612,0.0197,143913652.763,3.041,-80431.942,2.833,N,1945.0,1-Dec-2000,A.A. Sonzogni,2023-10-18,144ce
58,87,Ce,,,,,,0.0,,,(5/2-),3.01,,6,m,180.6,3.6,B-,100.0,,,,,,,,,,,,,2558.9318,33.6347,-4387.7885,33.9776,240.5176,34.3143,-4231.734,36.052,4706.4346,33.9878,9506.3699,36.2849,8289.8762,0.2338,144917265.113,36.393,-77067.059,33.9,N,1954.0,1-Oct-2008,E. BROWNE and  J. K. TULI,2023-10-18,145ce
58,88,Ce,4.959,0.0028,,,,0.0,,,0+,13.49,,16,m,809.4,9.6,B-,100.0,,,,,,,,,0.9,0.2,,,1047.6178,32.4842,-4071.1962,16.311,-208.5274,15.8146,-6404.694,14.76,6630.128,36.9354,10079.514,19.12,8278.5081,0.1004,145918812.294,15.743,-75625.868,14.665,N,1953.0,14-Jul-2016,Yu. KHAZOV and  A. RODIONOV AND G. SHULYAK,2023-10-18,146ce
58,89,Ce,,,,,,0.0,,,(5/2-),56.4,,10,s,56.4,1.0,B-,100.0,,,,,,,,,,,,,3430.1913,15.5317,-3411.7335,35.4105,-501.6125,10.9209,-5335.505,13.725,4459.3514,16.9902,10081.6991,8.7421,8252.5274,0.0584,146922689.9,9.211,-72013.902,8.58,N,1964.0,9-Mar-2022,N. Nica and B. Singh,2023-10-18,147ce
58,90,Ce,4.9893,0.0035,,,,0.0,,,0+,56.8,,3,s,56.8,0.3,B-,100.0,,,,,,,,,0.74,0.12,,,2137.0282,12.5663,-3025.6492,19.403,-1056.2104,13.2758,-7689.682,22.457,6455.8405,14.1033,11008.9982,15.4942,8240.3876,0.0756,147924424.186,12.017,-70398.424,11.195,N,1964.0,1-Oct-2013,N. NICA,2023-10-18,148ce
58,91,Ce,,,,,,0.0,,,(3/2-),5.12,,25,s,5.12,0.25,B-,100.0,,,,,,,,,,,,,4369.4525,14.2296,-2205.7862,18.1998,-1578.6535,13.2982,-6450.0,200.5,4342.8144,15.1759,11250.1497,22.0,8214.2294,0.0688,148928426.9,11.0,-66669.921,10.246,N,1974.0,23-Aug-2022,Balraj Singh and Jun Chen,2023-10-18,149ce
58,92,Ce,,,,,,0.0,,,0+,4.0,,6,s,4.0,0.6,B-,100.0,,,,,,,,,3.2,1.6,,,3453.6462,14.2913,-1878.8077,15.3071,-2405.5101,11.8299,-8535.716,11.964,6248.2602,15.55,11915.9132,200.6036,8201.123,0.078,149930384.032,12.556,-64846.863,11.697,N,1970.0,1-Apr-2013,S. K. Basu and  A. A. Sonzogni,2023-10-18,150ce
58,93,Ce,,,,,,0.0,,,(5/2+),1.76,,6,s,1.76,0.06,B-,100.0,,,,,,,,,,,,,5554.6233,21.1885,-995.8672,19.862,-3385.9383,26.518,-7914.719,435.832,4449.5134,21.2143,12202.8819,17.8762,8176.2779,0.1172,150934272.2,19.0,-61225.058,17.698,N,1997.0,20-Nov-2008,BALRAJ SINGH,2023-10-18,151ce
58,94,Ce,,,,,,0.0,,,0+,1.4,,2,s,1.4,0.2,B-,100.0,,,,,,,,,,,,,4778.0,201.0,-272.0,201.0,-3860.0,200.0,-9690.0,360.5,5827.0,201.0,12959.0,479.0,8161.0,1.0,151936682.0,215.0,-58980.0,200.0,Y,1990.0,31-Aug-2013,M. J. MARTIN,2023-10-18,152ce
58,95,Ce,,,,,,0.0,,,,0.865,,25,s,0.865,0.025,B-,100.0,,B-N,,,,,,,,,,,6659.0,201.0,777.0,201.0,-4504.0,200.0,-8850.0,360.5,4001.0,283.0,12909.0,361.0,8134.0,1.0,152941052.0,215.0,-54910.0,200.0,Y,1994.0,16-Aug-2020,N. NICA,2023-10-18,153ce
58,96,Ce,,,,,,0.0,,,0+,0.722,,14,s,0.722,0.014,B-,100.0,,B-N,,,,,,,,,,,5640.0,224.0,1278.0,201.0,-4755.0,200.0,-10690.0,360.5,5381.0,283.0,13449.0,361.0,8116.0,1.0,153943940.0,215.0,-52220.0,200.0,Y,1994.0,20-Feb-2017,F.G. KONDEV,2023-10-18,154ce
58,97,Ce,,,,,,0.0,,,,313,,7,ms,0.313,0.007,B-,100.0,,B-N,,,,,,,,,,,7635.0,300.0,2008.0,316.0,-5265.0,500.0,-9850.0,500.0,3632.0,361.0,13539.0,424.0,8087.0,2.0,154948706.0,322.0,-47780.0,300.0,Y,1994.0,21-Oct-2019,N. NICA,2023-10-18,155ce
58,98,Ce,,,,,,0.0,,,0+,0.233,,9,s,0.233,0.009,B-,100.0,,B-N,,,,,,,,,,,6630.0,300.0,2524.0,300.0,-5635.0,500.0,-11770.0,500.0,5111.0,424.0,14178.0,500.0,8068.0,2.0,155951884.0,322.0,-44820.0,300.0,Y,2017.0,20-Feb-2017,F.G. KONDEV,2023-10-18,156ce
58,99,Ce,,,,,,0.0,,,(7/2+),0.18,,4,s,0.18,0.04,B-,100.0,,B-N,,,,,,,,,,,8504.0,400.0,3448.0,400.0,-5885.0,565.0,-10860.0,500.0,3182.0,500.0,14169.0,565.0,8037.0,3.0,156957133.0,429.0,-39930.0,400.0,Y,2017.0,20-Feb-2017,F.G. KONDEV,2023-10-18,157ce
58,100,Ce,,,,,,0.0,,,0+,99,,93,ms,0.099,0.093,B-,100.0,,B-N,,,,,,,,,,,7610.0,500.0,3824.0,400.0,-6045.0,640.0,,,4681.0,565.0,14759.0,500.0,8015.0,3.0,157960773.0,429.0,-36540.0,400.0,Y,2016.0,20-Feb-2017,F.G. KONDEV,2023-10-18,158ce
59,62,Pr,,,,,,0.0,,,(3/2),10,,+6-3,ms,0.01,0.0045,P,100.0,,,,,,,,,,,,,,,,,2295.0,539.0,11139.0,640.9,,,-889.5999,10.0,8033.0,4.0,120955393.0,537.0,-41551.0,500.0,Y,2005.0,20-Jan-2009,S. OHYA,2023-10-18,121pr
59,65,Pr,,,,,,0.0,,,,1.2,,2,s,1.2,0.2,EC+B+,100.0,,ECP,0.0,,,,,,,,,,-8321.0,641.0,,,1994.0,500.0,11765.0,499.6,10992.0,566.0,154.0,499.0,8128.0,3.0,123942940.0,430.0,-53151.0,401.0,Y,1986.0,1-Apr-2008,J. KATAKURA and  Z.D. WU,2023-10-18,124pr
59,66,Pr,,,,,,0.0,,,,3.3,,7,s,3.3,0.7,EC+B+,100.0,,B+P,,,,,,,,,,,-10001.0,500.0,-21312.0,583.0,1695.0,424.0,8588.0,358.3,12991.0,500.0,443.0,423.0,8167.0,2.0,124937659.0,322.0,-58070.0,300.0,Y,2002.0,1-Jan-2010,J. KATAKURA,2023-10-18,125pr
59,67,Pr,,,,,,0.0,,,GE 4,3.14,,22,s,3.14,0.22,EC+B+,100.0,,ECP,,,,,,,,,,,-6943.0,358.0,-20325.0,445.0,1795.0,357.0,10496.565,197.982,10325.0,358.0,955.0,277.0,8184.0,2.0,125935240.0,210.0,-60324.0,196.0,Y,1983.0,1-Oct-2021,H. Iimura and  J.Katakura and  S. Ohya,2023-10-18,126pr
59,68,Pr,,,,,,0.0,,,,4.2,,3,s,4.2,0.3,EC+B+,100.0,,,,,,,,,,,,,-8633.0,358.0,-19234.0,358.0,1683.0,277.0,7436.344,198.116,12291.0,277.0,1012.0,198.0,8216.0,2.0,126930710.0,210.0,-64543.0,196.0,Y,1995.0,1-Oct-2009,A. HASHIZUME,2023-10-18,127pr
59,69,Pr,,,,,,0.0,,,4 5 6,2.84,,9,s,2.84,0.09,EC+B+,100.0,,,,,,,,,,,,,-5800.0,202.0,-18492.0,301.0,1502.9377,64.0301,9203.161,40.859,9859.0,198.0,1640.3908,41.5012,8228.9141,0.2329,127928791.0,32.0,-66330.764,29.808,N,1985.0,28-Feb-2015,ZOLTAN ELEKES AND JANOS TIMAR,2023-10-18,128pr
59,70,Pr,,,,,,0.0,,,(3/2+),30,,4,s,30.0,4.0,EC+B+,100.0,,,,,,,,,,,,,-7399.0,204.0,-17315.0,202.0,1561.0107,39.5519,6513.938,40.859,11514.1203,42.1546,1528.6115,40.8585,8254.3808,0.2311,128925095.0,32.0,-69773.566,29.808,N,1977.0,31-May-2014,JANOS TIMAR AND ZOLTAN ELEKES and  BALRAJ SINGH,2023-10-18,129pr
59,71,Pr,,,,,X,0.0,,0.0,(5+),40.0,,4,s,40.0,0.4,EC+B+,100.0,,,,,,,,,,,,,-4579.225,70.0853,-16872.0,212.0,1373.0954,111.0075,8247.449,70.085,9473.2167,70.8487,2176.9314,70.0853,8263.7565,0.4944,129923590.0,69.0,-71175.464,64.273,N,1977.0,11-May-2001,BALRAJ SINGH,2023-10-18,130pr
59,72,Pr,,,,,,0.0,,,(3/2+),1.51,,2,m,90.6,1.2,EC+B+,100.0,,,,,,,,,,,,,-6532.6235,53.0809,-15775.7424,54.6759,1170.5368,53.7079,5407.784,57.311,11196.5174,79.6214,2166.7216,54.6759,8286.1439,0.3587,130920234.96,50.451,-74300.664,46.995,N,1977.0,17-Jul-2006,YU. KHAZOV and  I. MITROPOLSKY and  A. RODIONOV,2023-10-18,131pr
59,73,Pr,,,,,,0.0,,,(2)+,1.6,,3,m,96.0,18.0,EC+B+,100.0,,,,,,,,,,,,,-3801.6487,37.6795,-15530.7415,39.8879,973.0593,61.6312,7241.224,35.359,8998.118,55.1578,2807.9868,43.7016,8291.5377,0.2188,131919240.0,31.0,-75227.464,28.876,N,1974.0,10-Feb-2005,YU. KHAZOV and  A.A. RODIONOV AND S. SAKHAROV and  BALRAJ SINGH,2023-10-18,132pr
59,74,Pr,,,,,,0.0,,,(3/2+),6.5,,3,m,390.0,18.0,EC+B+,100.0,,,,,,,,,,,,,-5605.2112,48.2223,-14583.0943,27.2412,961.0339,24.7331,4480.632,20.582,10781.4456,31.4647,2757.8747,23.9297,8310.2588,0.094,132916330.558,13.416,-77937.591,12.497,N,1970.0,31-Oct-2010,YU. KHAZOV AND A. RODIONOV and  F.G. KONDEV,2023-10-18,133pr
59,75,Pr,,,,,X,0.0,,0.0,2-,17,,2,m,1020.0,120.0,EC+B+,100.0,,,,,,,,,,,,,-2881.5569,23.5032,-14266.9375,50.8129,674.4589,32.9538,6304.898,28.781,8661.7263,23.8523,3398.7474,26.0808,8312.8817,0.1516,133915696.729,21.81,-78528.0,20.316,N,1967.0,31-Jul-2004,A.A. Sonzogni,2023-10-18,134pr
59,76,Pr,,,,,,0.0,,,3/2(+),24,,1,m,1440.0,60.0,EC+B+,100.0,,,,,,,,,,,,,-4722.2522,22.4837,-13360.7473,16.7124,408.4769,30.3408,3680.436,15.654,10479.1904,23.5032,3391.9447,23.5642,8328.9284,0.0875,134913111.772,12.686,-80935.872,11.817,N,1954.0,22-Jan-2008,BALRAJ SINGH and  ALEXANDER A. RODIONOV and YURI L. KHAZOV,2023-10-18,135pr
59,77,Pr,,,,,,0.0,,,2+,13.1,,1,m,786.0,6.0,EC+B+,100.0,,,,,,,,,3.42,0.11,,,-2141.1234,16.4578,-13198.1192,22.2951,-41.7592,38.1202,5168.129,11.46,8475.867,16.4578,4013.0843,15.3808,8330.0089,0.0842,135912677.47,12.296,-81340.421,11.455,N,1968.0,1-Apr-2018,E.A. MCCUTCHAN,2023-10-18,136pr
59,78,Pr,,,,,,0.0,,,5/2+,1.28,,3,h,4608.0,108.0,EC+B+,100.0,,,,,,,,,,,,,-3617.8447,14.2706,-12073.8344,14.347,-132.3378,29.1049,2716.951,8.143,9932.711,14.048,3982.235,8.1333,8341.7074,0.0594,136910679.183,8.733,-83201.814,8.135,N,1958.0,1-Oct-2006,E. BROWNE and  J. K. TULI,2023-10-18,137pr
59,79,Pr,,,,,,0.0,,,1+,1.45,,5,m,87.0,3.0,EC+B+,100.0,,,,,,,,,,,,,-1111.6847,15.3256,-11616.2156,15.418,-335.1237,22.3033,4437.0,10.0,7998.371,12.8982,4499.0724,10.0136,8339.2195,0.0726,137910757.495,10.748,-83128.867,10.012,N,1951.0,30-Sep-2017,JUN CHEN,2023-10-18,138pr
59,80,Pr,,,,,,0.0,,,5/2+,4.41,,4,h,15876.0,144.0,EC+B+,100.0,,,,,,,,,,,,,-2811.7226,27.6166,-10882.7885,12.1632,-610.1106,10.1137,2129.089,4.205,9771.1038,10.6568,4551.7568,3.6834,8349.5208,0.0263,138908932.7,3.917,-84828.652,3.649,N,1951.0,15-Oct-2016,P.K. JOSHI and  B. SINGH and  S. SINGH and  A.K. JAIN,2023-10-18,139pr
59,81,Pr,,,,,,0.0,,,1+,3.39,,1,m,203.4,0.6,EC+B+,100.0,,,,,,,,,,,,,-428.9806,6.9536,-10740.6153,28.1965,-1073.6551,53.5245,3388.0,6.2,7928.8927,7.123,5017.4567,6.4638,8346.5163,0.0439,139909085.6,6.593,-84686.227,6.142,N,1938.0,20-Nov-2018,N. NICA,2023-10-18,140pr
59,82,Pr,4.8919,0.005,100.0,,,0.0,,,5/2+,STABLE,,,,,,,,,,,,,,,,4.266,0.003,-0.077,0.006,-1823.0137,2.809,-9828.6052,3.5877,-1298.5841,2.2209,-583.475,1.993,9399.6246,6.1151,5229.2776,1.181,8353.9852,0.0106,140907659.604,1.607,-86014.533,1.498,N,1924.0,12-Oct-2022,N. NICA,2023-10-18,141pr
59,83,Pr,,,,,,0.0,,,2-,19.12,,4,h,68832.0,144.0,B-,99.9836,0.0008,EC,0.0164,0.0008,,,,,0.234,0.001,0.039,0.017,2163.6885,1.3656,-7666.1652,2.81,302.1253,1.5544,746.529,2.866,5843.1515,0.0768,5644.2803,1.1799,8336.3032,0.0106,141910051.64,1.607,-83786.367,1.498,N,1935.0,1-Jun-2010,T.D. Johnson and  D. Symochko(a) and  M. Fadil(b) and  and J.K. Tuli,2023-10-18,142pr
59,84,Pr,,,,,,0.0,,,7/2+,13.57,,2,d,1172448.0,1728.0,B-,100.0,,,,,,,,,2.695,0.005,0.77,0.16,934.1107,1.3673,-5189.4623,1.3689,1729.2653,1.8841,-1461.822,3.043,7353.1508,1.8881,5824.275,1.8667,8329.428,0.0127,142910822.624,1.949,-83068.2,1.816,N,1948.0,31-May-2011,E. BROWNE and  J. K. TULI,2023-10-18,143pr
59,85,Pr,,,,,,0.0,,,0-,17.28,,5,m,1036.8,3.0,B-,100.0,,,,,,,,,-1.2,0.4,,,2997.44,2.4,-4819.5959,2.4006,1136.5553,2.7563,-318.646,3.919,5753.7066,2.7626,6433.181,3.2539,8311.5411,0.0188,143913310.682,2.907,-80750.588,2.708,N,1951.0,1-Dec-2000,A.A. Sonzogni,2023-10-18,144pr
59,86,Pr,,,,,,0.0,,,7/2+,5.984,,10,h,21542.4,36.0,B-,100.0,,,,,,,,,,,,,1806.014,7.037,-3949.2802,7.0407,878.9374,8.1855,-2558.931,34.646,6946.7202,7.4386,6483.0194,7.4849,8302.1285,0.0493,144914517.987,7.674,-79625.99,7.149,N,1954.0,1-Oct-2008,E. BROWNE and  J. K. TULI,2023-10-18,145pr
59,87,Pr,,,,,,0.0,,,(2-),24.09,,10,m,1445.4,6.0,B-,100.0,,,,,,,,,,,,,4252.43,34.3686,-3312.8,34.3686,925.5479,34.9178,-1047.618,37.355,5118.814,35.0812,6895.3988,48.2605,8280.325,0.2353,145917687.63,36.882,-76673.486,34.356,N,1953.0,14-Jul-2016,Yu. KHAZOV and  A. RODIONOV AND G. SHULYAK,2023-10-18,146pr
59,88,Pr,,,,,,0.0,,,(3/2+),13.44,,10,m,806.4,6.0,B-,100.0,,,,,,,,,,,,,2702.7013,15.8571,-2589.4949,15.8572,302.4585,17.4601,-3430.191,18.028,6841.9248,37.8333,7107.1957,21.5958,8270.54,0.1079,146919007.438,17.02,-75444.093,15.855,N,1964.0,9-Mar-2022,N. Nica and B. Singh,2023-10-18,147pr
59,89,Pr,,,,,,0.0,,,1-,2.29,,2,m,137.4,1.2,B-,100.0,,,,,,,,,,,,,4872.6133,15.0858,-2459.9761,15.0602,-110.7086,19.8393,-2137.028,18.75,5162.6774,21.8429,7810.5218,17.3141,8249.5409,0.1016,147922129.992,16.147,-72535.452,15.041,N,1964.0,1-Oct-2013,N. NICA,2023-10-18,148pr
59,90,Pr,,,,,,0.0,,,(5/2+),2.26,,8,m,135.6,4.8,B-,100.0,,,,,,,,,,,,,3336.1617,10.0853,-1702.6254,10.085,-628.9635,15.7484,-4369.452,14.229,6575.2387,17.9926,7929.9199,14.9269,8238.304,0.0663,148923736.1,10.6,-71039.373,9.874,N,1964.0,23-Aug-2022,Balraj Singh and Jun Chen,2023-10-18,149pr
59,91,Pr,,,,,,0.0,,,(1-),6.19,,16,s,6.19,0.16,B-,100.0,,,,,,,,,,,,,5379.4422,9.0682,-1996.2922,9.233,-1504.2511,9.1689,-3453.646,14.768,5332.454,13.37,8919.5595,13.6475,8218.9316,0.0601,149926676.391,9.677,-68300.509,9.015,N,1970.0,1-Apr-2013,S. K. Basu and  A. A. Sonzogni,2023-10-18,150pr
59,92,Pr,,,,,,0.0,,,(3/2-),18.90,,7,s,18.9,0.07,B-,100.0,,,,,,,,,,,,,4163.5021,11.6789,-1171.0482,11.6787,-2526.2001,15.8262,-5554.623,21.188,6550.4904,14.7279,9221.7897,16.5084,8207.8824,0.0772,150928309.066,12.506,-66779.681,11.65,N,1990.0,20-Nov-2008,BALRAJ SINGH,2023-10-18,151pr
59,93,Pr,,,,,,0.0,,,(4+),3.57,,18,s,3.57,0.18,B-,100.0,,,,,,,,,,,,,6391.5934,30.7035,-886.2046,18.5713,-3474.244,26.8816,-4778.07,200.85,5049.7067,21.8936,9821.983,25.629,8187.1049,0.122,151931552.9,19.9,-63758.07,18.537,N,1983.0,31-Aug-2013,M. J. MARTIN,2023-10-18,152pr
59,94,Pr,,,,,,0.0,,,,4.29,,11,s,4.29,0.11,B-,100.0,,B-N,,,,,,,,,,,5761.8901,12.1896,509.8557,27.2079,-3773.4849,200.6145,-6658.49,200.35,5881.7376,22.0179,9877.0,201.0,8172.0371,0.0777,152933903.511,12.755,-61568.49,11.882,N,1987.0,16-Aug-2020,N. NICA,2023-10-18,153pr
59,95,Pr,,,,,,0.0,,,(3+),2.3,,1,s,2.3,0.1,B-,100.0,,,,,,,,,,,,,7720.0,100.0,1399.4593,100.043,-3973.3709,100.0369,-5639.602,223.609,4362.4307,100.7086,10239.0,224.0,8147.2994,0.6494,153937885.165,107.36,-57859.602,100.005,N,1988.0,1-May-2008,C. W. Reich,2023-10-18,154pr
59,96,Pr,,,,,,0.0,,,,1.47,,3,s,1.47,0.03,B-,100.0,,B-N,,,,,,,,,,,6868.4609,19.4725,2092.9489,17.2284,-4529.9121,435.813,-7635.335,300.493,5627.0511,101.4732,10485.0,201.0,8131.0398,0.111,154940509.193,18.462,-55415.335,17.198,N,1992.0,21-Oct-2019,N. NICA,2023-10-18,155pr
59,97,Pr,,,,,,0.0,,,(1+),0.444,,6,s,0.444,0.006,B-,100.0,,B-N,,,,,,,,,,,8752.8229,1.6585,2763.1711,9.2107,-4584.0,300.0,-6629.307,300.002,4105.2897,17.2284,10958.0,300.0,8105.2337,0.0066,155944766.9,1.1,-51449.307,1.025,N,1992.0,20-Feb-2017,FILIP G. KONDEV,2023-10-18,156pr
59,98,Pr,,,,,,0.0,,,(3/2-),0.295,,+29-11,s,0.295,0.02,B-,100.0,,B-N,,,,,,,,,,,8059.3109,3.8207,3696.0061,3.4251,-4800.0,300.0,-8504.806,400.013,5056.8168,3.3287,10904.0,300.0,8085.817,0.0202,156948003.1,3.4,-48434.806,3.167,N,2017.0,20-Feb-2017,FILIP G. KONDEV,2023-10-18,157pr
59,99,Pr,,,,,,0.0,,,(5-),0.181,,14,s,0.181,0.014,B-,100.0,,B-N,,,,,,,,,,,9685.0,300.0,4273.0,300.0,-5045.0,424.0,-7610.0,500.0,3787.0,300.0,11509.0,500.0,8059.0,2.0,157952603.0,322.0,-44150.0,300.0,Y,2016.0,20-Feb-2017,FILIP G. KONDEV,2023-10-18,158pr
59,100,Pr,,,,,,0.0,,,(3/2-),0.13,,4,s,0.13,0.04,B-,100.0,,B-N,,,,,,,,,,,8954.0,401.0,4994.0,400.0,-5264.0,565.0,,,4691.0,500.0,11519.0,565.0,8037.0,3.0,158956232.0,429.0,-40770.0,400.0,Y,2017.0,20-Feb-2017,FILIP G. KONDEV,2023-10-18,159pr
59,101,Pr,,,,,,0.0,,,,0.17,,14,s,0.17,0.14,B-,100.0,,B-N,,,,,,,,,,,10525.0,402.0,5453.0,401.0,-5574.0,565.0,,,3501.0,565.0,12149.0,640.0,8009.0,2.0,159961138.0,429.0,-36200.0,400.0,Y,2017.0,1-May-2021,N. NICA,2023-10-18,160pr
59,102,Pr,,,,,,0.0,,,,,,,,,,B-,100.0,,B-N,,,,,,,,,,,9741.0,640.0,6164.0,502.0,-5844.0,583.0,,,4361.0,640.0,,,7986.0,3.0,160965121.0,537.0,-32490.0,500.0,Y,2018.0,31-JAN-2021,BALRAJ SINGH,2023-10-18,161pr
60,65,Nd,,,,,,0.0,,,(5/2),0.65,,15,s,0.65,0.15,EC+B+,100.0,,ECP,0.0,,,,,,,,,,,,,,2195.0,566.0,10000.0,500.0,11311.0,640.0,2208.0,566.0,8080.0,3.0,124948395.0,429.0,-48070.0,400.0,Y,1999.0,1-Jan-2010,J. KATAKURA,2023-10-18,125nd
60,66,Nd,,,,,,0.0,,,0+,,,,,,,EC+B+,,,ECP,,,,,,,,,,,-13631.0,583.0,,,2069.0,500.0,6944.0,358.3,13382.0,500.0,2599.0,424.0,8122.0,2.0,125942694.0,322.0,-53380.0,300.0,Y,2000.0,1-Oct-2021,H. Iimura and  J.Katakura and  S. Ohya,2023-10-18,126nd
60,67,Nd,,,,,,0.0,,,,1.8,,4,s,1.8,0.4,EC+B+,100.0,,ECP,,,,,,,,,,,-10600.0,500.0,-24232.0,583.0,1951.0,423.0,8633.0,358.3,10601.0,424.0,2876.0,358.0,8142.0,2.0,126939978.0,322.0,-55910.0,300.0,Y,1983.0,1-Oct-2009,A. HASHIZUME,2023-10-18,127nd
60,68,Nd,,,,,,0.0,,,0+,5,,,s,5.0,,EC+B+,100.0,,ECP,,,,,,,,,,,-12311.0,361.0,-23292.0,447.0,1961.0,359.0,5800.764,202.209,12692.0,361.0,3276.0,280.0,8177.0,2.0,127935018.0,215.0,-60530.0,200.0,Y,1985.0,28-Feb-2015,ZOLTAN ELEKES AND JANOS TIMAR,2023-10-18,128nd
60,69,Nd,,,,,,0.0,,,(5/2+),6.7,,4,s,6.7,0.4,EC+B+,100.0,,ECP,0.0,,,,,,,,,,-9195.0,362.0,-22227.0,362.0,1858.0,281.0,7398.566,204.187,9916.0,284.0,3333.0,204.0,8191.0,2.0,128933038.0,217.0,-62375.0,202.0,Y,1977.0,31-May-2014,JANOS TIMAR AND ZOLTAN ELEKES and  BALRAJ SINGH,2023-10-18,129nd
60,70,Nd,,,,,,0.0,,,0+,13,,3,s,13.0,3.0,EC+B+,100.0,,,,,,,,,,,,,-11127.0,202.0,-21488.0,301.0,1799.4099,39.5199,4579.225,70.085,12293.0,204.0,4111.6447,40.8585,8222.5136,0.215,129928506.0,30.0,-66596.239,27.945,N,1977.0,11-May-2001,BALRAJ SINGH,2023-10-18,130nd
60,71,Nd,,,,,,0.0,,,(5/2+),25.4,,9,s,25.4,0.9,EC+B+,100.0,,ECP,0.0,,,,,,,,,,-7998.0,202.0,-20370.0,202.0,1786.3876,39.8879,6532.624,54.458,9243.119,39.2188,3881.547,69.9159,8230.3045,0.2101,130927248.02,29.541,-67768.04,27.517,N,1977.0,17-Jul-2022,YU. KHAZOV and  I. MITROPOLSKY and  A. RODIONOV,2023-10-18,131nd
60,72,Nd,4.9174,0.0026,,,,0.0,,,0+,94,,8,s,94.0,8.0,EC+B+,100.0,,,,,,,,,,,,,-9798.0,151.0,-19727.0,202.0,1683.1944,36.9705,3801.649,37.679,11729.0928,36.6484,4414.1224,52.8625,8256.8104,0.1834,131923321.237,25.985,-71425.815,24.205,N,1977.0,10-Feb-2005,YU. KHAZOV and  A.A. RODIONOV AND S. SAKHAROV and  BALRAJ SINGH,2023-10-18,132nd
60,73,Nd,,,,,,0.0,,,(7/2+),70,,10,s,70.0,10.0,EC+B+,100.0,,,,,,,,,,,,,-6924.7272,68.5519,-18776.0,156.0,1530.2081,54.315,5605.211,48.222,8977.8831,52.4891,4393.8874,54.8,8262.232,0.3502,132922348.0,50.0,-72332.38,46.575,N,1977.0,31-Oct-2010,YU. KHAZOV AND A. RODIONOV and  F.G. KONDEV,2023-10-18,133nd
60,74,Nd,4.9128,0.0026,,,,0.0,,,0+,8.5,,15,m,510.0,90.0,EC+B+,100.0,,,,,,,,,1.2,0.4,,,-8882.5343,43.5512,-18310.1078,51.6702,1351.5547,30.3408,2881.557,23.503,11385.3806,48.0506,4997.8224,17.1999,8285.5391,0.0882,133918790.207,12.686,-75646.443,11.817,N,1970.0,31-Jul-2004,A.A. Sonzogni,2023-10-18,134nd
60,75,Nd,4.9086,0.0026,,,,0.0,,,9/2(-),12.4,,6,m,744.0,36.0,EC+B+,100.0,,,,,,,,,-0.78,0.03,1.9,0.5,-6151.2907,85.0809,-17521.0294,46.0751,1069.9125,37.9718,4722.252,22.484,8638.4951,22.4837,4974.5912,27.9036,8288.1536,0.1417,134918181.318,20.534,-76213.62,19.128,N,1970.0,22-Jan-2008,BALRAJ SINGH and  ALEXANDER A. RODIONOV and YURI L. KHAZOV,2023-10-18,135nd
60,76,Nd,4.9111,0.0026,,,,0.0,,,0+,50.65,,33,m,3039.0,19.8,EC+B+,100.0,,,,,,,,,11.0,4.0,,,-8029.3747,70.0764,-17208.2865,83.741,844.4745,23.5818,2141.124,16.458,11056.9958,22.4837,5552.3966,16.7124,8308.5127,0.0869,135914976.061,12.686,-79199.297,11.817,N,1968.0,1-Apr-2018,E.A. MCCUTCHAN,2023-10-18,136nd
60,77,Nd,4.908,0.0026,,,,0.0,,,1/2+,38.5,,15,m,2310.0,90.0,EC+B+,100.0,,,,,,,,,-0.632,0.005,,,-5511.1108,17.5366,-16485.3644,70.0608,409.3383,20.1228,3617.845,14.271,8455.9897,16.6469,5532.5193,16.3912,8309.5892,0.0856,136914563.099,12.586,-79583.969,11.725,N,1970.0,1-Oct-2006,E. BROWNE and  J. K. TULI,2023-10-18,137nd
60,78,Nd,4.9123,0.0026,,,,0.0,,,0+,5.04,,9,h,18144.0,324.0,EC+B+,100.0,,,,,,,,,-1.74,0.04,,,-7102.8119,16.0995,-16015.6418,17.4554,390.8005,23.4573,1111.685,15.325,10504.5309,16.4952,6104.3392,14.1707,8325.4946,0.0841,137911950.938,12.456,-82017.182,11.603,N,1965.0,30-Sep-2017,JUN CHEN,2023-10-18,138nd
60,79,Nd,4.9076,0.0025,,,,0.0,,,3/2+,29.7,,5,m,1782.0,30.0,EC+B+,100.0,,,,,,,,,0.905,0.007,0.28,0.09,-4515.9014,25.87,-15173.8778,29.867,174.462,29.3736,2811.722,27.762,8071.0659,29.867,6177.0342,29.2859,8323.6642,0.198,138911951.208,29.545,-82016.93,27.521,N,1951.0,15-Oct-2016,P.K. JOSHI and  B. SINGH and  S. SINGH and  A.K. JAIN,2023-10-18,139nd
60,80,Nd,4.9101,0.0026,,,,0.0,,,0+,3.37,,2,d,291168.0,1728.0,EC,100.0,,,,,,,,,,,,,-6045.2,24.0,-14827.5361,13.9736,-173.6125,3.2763,428.981,6.954,10311.6347,27.7136,6717.5652,4.8936,8337.864,0.0233,139909546.13,3.5,-84257.246,3.26,N,1949.0,20-Nov-2018,N. NICA,2023-10-18,140nd
60,81,Nd,4.9057,0.0026,,,,0.0,,,3/2+,2.49,,3,h,8964.0,108.0,EC+B+,100.0,,,,,,,,,1.01,0.009,0.32,0.13,-3668.5879,14.3304,-14050.7915,24.4287,-697.6704,3.2035,1823.013,3.518,8005.5915,4.5566,6794.2639,6.7294,8335.5074,0.0226,140909616.69,3.417,-84191.52,3.183,N,1949.0,12-Oct-2022,N. NICA,2023-10-18,141nd
60,82,Nd,4.9123,0.0025,27.153,0.04,,0.0,,,0+,STABLE,,,,,,,,,,,,,,,,,,,,-4808.5196,23.6216,-13498.4416,14.0287,-809.1047,1.3515,-2163.688,1.955,9829.8537,3.1237,7224.493,1.3663,8346.031,0.0088,141907728.824,1.348,-85950.055,1.256,N,1924.0,1-Jun-2010,T.D. Johnson and  D. Symochko(a) and  M. Fadil(b) and  and J.K. Tuli,2023-10-18,142nd
60,83,Nd,4.9254,0.0026,12.173,0.026,,0.0,,,7/2-,STABLE,,,,,,,,,,,,,,,,-1.065,0.005,-0.61,0.02,-1041.6463,2.683,-10932.0926,23.6215,530.5151,2.415,-934.11,2.2,6123.573,0.0694,7504.9145,1.3662,8330.4893,0.0088,142909819.815,1.347,-84002.31,1.255,N,1933.0,31-May-2011,E. BROWNE and  J. K. TULI,2023-10-18,143nd
60,84,Nd,4.9421,0.0027,23.798,0.019,,0.0,,,0+,2.29E+15,,16,Y,7.226536048181568e+22,5.04910815593472e+21,A,100.0,,,,,,,,,0.52,0.15,-0.15,0.06,-2331.9117,2.6464,-8858.6823,2.6833,1901.2829,1.4525,-2997.44,2.98,7817.0359,0.0527,7968.7996,1.3683,8326.9237,0.0087,143910092.798,1.346,-83748.028,1.255,N,1924.0,1-Dec-2000,A.A. Sonzogni,2023-10-18,144nd
60,85,Nd,4.9535,0.0028,8.293,0.012,,0.0,,,7/2-,STABLE,,,,,,,,,,,,,,,,-0.656,0.004,-0.314,0.012,-164.4982,2.5361,-8087.206,2.6557,1574.1374,1.4683,-1806.014,7.261,5755.2943,0.2306,7970.3873,2.4111,8309.1883,0.0088,144912579.151,1.364,-81432.004,1.271,N,1933.0,1-Oct-2008,E. BROWNE and  J. K. TULI,2023-10-18,145nd
60,86,Nd,4.9696,0.003,17.189,0.032,,0.0,,,0+,STABLE,,,,,,,,,,,,,,,,0.58,0.06,-0.78,0.09,-1471.556,4.1194,-7729.7281,2.5374,1182.0635,2.2117,-4252.43,34.38,7565.2299,0.0872,8588.897,7.0371,8304.0927,0.0087,145913122.459,1.366,-80925.916,1.273,N,1924.0,14-Jul-2016,Yu. KHAZOV and  A. RODIONOV AND G. SHULYAK,2023-10-18,146nd
60,87,Nd,,,,,,0.0,,,5/2-,11.03,,3,d,952992.0,2592.0,B-,100.0,,,,,,,,,0.554,0.01,0.9,0.3,895.1896,0.5664,-6763.7522,4.1202,1034.668,2.212,-2702.701,15.906,5292.1962,0.0885,8762.2792,34.3687,8283.6036,0.0087,146916105.969,1.368,-78146.794,1.275,N,1947.0,9-Mar-2022,N. Nica and B. Singh,2023-10-18,147nd
60,88,Nd,4.9999,0.0036,5.756,0.021,,0.0,,,0+,STABLE,,,,,,2B-,,,,,,,,,,1.6,0.3,-1.46,0.13,-542.1891,5.8755,-6437.3998,1.7342,598.9604,3.0372,-4872.614,15.18,7332.5894,1.6554,9252.9438,15.9408,8277.1778,0.0139,147916899.027,2.203,-77408.066,2.053,N,1937.0,1-Oct-2013,N. NICA,2023-10-18,148nd
60,89,Nd,,,,,,0.0,,,5/2-,1.726,,5,h,6213.6,18.0,B-,100.0,,,,,,,,,0.351,0.01,1.3,0.3,1688.8697,2.4588,-5580.9762,5.876,266.6079,33.9321,-3336.162,10.085,5038.7871,0.074,9129.0534,15.086,8255.4437,0.0138,148920154.583,2.205,-74375.535,2.054,N,1938.0,23-Aug-2022,Balraj Singh and Jun Chen,2023-10-18,149nd
60,90,Nd,5.04,0.0044,5.638,0.028,,0.0,,,0+,0.91E19,,7,Y,2.871680263687872e+26,2.20898481822144e+25,2B-,100.0,,,,,,,,,0.84,0.09,-2.0,0.5,-82.6155,20.001,-5686.8647,1.9171,-478.9986,14.7059,-5379.442,9.085,7375.7344,1.8792,9929.5491,9.9381,8249.5789,0.0075,149920901.322,1.211,-73679.951,1.129,N,1937.0,1-Apr-2013,S. K. Basu and  A. A. Sonzogni,2023-10-18,150nd
60,91,Nd,,,,,,0.0,,,3/2+,12.44,,7,m,746.4,4.2,B-,100.0,,,,,,,,,,,,,2443.0767,4.4734,-5417.1659,20.0012,-1354.1975,8.6458,-4163.502,11.705,5334.5503,0.0964,9931.6455,9.0687,8230.2741,0.0075,150923839.363,1.215,-70943.183,1.133,N,1938.0,20-Nov-2008,BALRAJ SINGH,2023-10-18,151nd
60,92,Nd,,,,,,0.0,,,0+,11.4,,2,m,684.0,12.0,B-,100.0,,,,,,,,,,,,,1104.805,18.5011,-4834.7213,24.8603,-2176.155,26.91,-6391.593,30.703,7277.798,24.4551,10658.9531,27.0973,8224.0078,0.161,151924691.242,26.276,-70149.663,24.476,N,1969.0,31-Aug-2013,M. J. MARTIN,2023-10-18,152nd
60,93,Nd,,,,,,0.0,,,(3/2)-,31.6,,10,s,31.6,1.0,B-,100.0,,,,,,,,,,,,,3317.6236,9.3521,-4147.2293,26.0491,-3085.3749,10.6083,-5761.89,12.19,5252.0343,24.6298,10861.2807,18.7392,8204.5832,0.018,152927717.868,2.949,-67330.38,2.747,N,1987.0,16-Aug-2020,N. NICA,2023-10-18,153nd
60,94,Nd,,,,,,0.0,,,0+,25.9,,2,s,25.9,0.2,B-,100.0,,,,,,,,,,,,,2687.0,25.0,-3002.917,9.1206,-3157.6554,11.7416,-7720.0,100.0,6320.5407,2.9319,11300.0837,11.9259,8192.3491,0.0067,153929597.404,1.1,-65579.602,1.025,N,1970.0,1-May-2008,C. W. Reich,2023-10-18,154nd
60,95,Nd,,,,,,0.0,,,(3/2-),8.9,,2,s,8.9,0.2,B-,100.0,,,,,,,,,,,,,4656.2095,10.2781,-2088.5119,26.6428,-3483.6539,19.9254,-6868.461,19.482,4775.5119,9.2108,11713.1649,100.4233,8170.305,0.0591,154933135.598,9.826,-62283.796,9.154,N,1986.0,21-Oct-2019,N. NICA,2023-10-18,155nd
60,96,Nd,,,,,,0.0,,,0+,5.26,,20,s,5.26,0.2,B-,100.0,,,,,,,,,,,,,3964.7175,1.7642,-1333.4422,4.8956,-3647.0,200.0,-8752.823,1.659,5989.6518,9.246,12075.7656,17.2473,8156.3265,0.0084,155935370.358,1.4,-60202.13,1.304,N,1987.0,1-Mar-2012,C. W. REICH,2023-10-18,156nd
60,97,Nd,,,,,,0.0,,,(5/2-),1.15,,3,s,1.15,0.03,B-,100.0,,,,,,,,,,,,,5802.9994,7.3246,-398.5873,2.4451,-4009.0,200.0,-8059.311,3.821,4363.3048,2.5036,12333.7807,2.37,8132.1671,0.0136,156939351.074,2.294,-56494.117,2.137,N,1992.0,20-Feb-2017,FILIP G KONDEV,2023-10-18,157nd
60,98,Nd,,,,,,0.0,,,0+,0.820,,+15-36,s,0.82,0.0255,B-,100.0,,B-N,,,,,,,,,,,5271.0196,1.5776,390.6746,7.1265,-4040.0,200.0,-9685.123,300.003,5412.3248,2.5036,12689.2886,3.4251,8114.9529,0.0083,157942205.62,1.4,-53835.123,1.304,N,1992.0,1-Feb-2017,N. NICA,2023-10-18,158nd
60,99,Nd,,,,,,0.0,,,(7/2+),0.485,,+39-20,s,0.485,0.0295,B-,100.0,,B-N,,,,,,,,,,,6830.3441,31.4529,1310.8177,29.821,-4369.0,301.0,-8954.007,401.109,3960.2019,29.8363,12863.0,301.0,8088.8224,0.1875,158946619.085,32.0,-49724.007,29.808,N,2012.0,20-Feb-2017,FILIP G KONDEV,2023-10-18,159nd
60,100,Nd,,,,,,0.0,,,0+,439,,37,ms,0.439,0.037,B-,100.0,,B-N,,,,,,,,,,,6170.1238,46.6198,1758.5182,47.6443,-4330.0,304.0,-10524.515,402.702,5071.8259,55.2966,13244.0,402.0,8069.9662,0.2911,159949839.172,50.0,-46724.515,46.575,N,1985.0,1-May-2021,N. NICA,2023-10-18,160nd
60,101,Nd,,,,,,0.0,,,(1/2-),0.22,,8,s,0.22,0.08,B-,100.0,,B-N,,,,,,,,,,,7856.0,400.0,2593.0,400.0,-4725.0,565.0,-9740.0,640.3,3577.0,402.0,13319.0,565.0,8042.0,2.0,160954664.0,429.0,-42230.0,400.0,Y,2012.0,20-Feb-2017,FILIP G KONDEV,2023-10-18,161nd
60,102,Nd,,,,,,0.0,,,0+,0.31,,20,s,0.31,0.2,B-,100.0,,B-N,,,,,,,,,,,7030.0,500.0,3005.0,400.0,-4895.0,565.0,,,4851.0,565.0,13809.0,640.0,8022.0,2.0,161958121.0,429.0,-39010.0,400.0,Y,2012.0,20-Feb-2017,FILIP G KONDEV,2023-10-18,162nd
60,103,Nd,,,,,,0.0,,,,,,,,,,B-,100.0,,B-N,,,,,,,,,,,8880.0,640.0,3889.0,583.0,-5164.0,707.0,,,3141.0,640.0,,,7992.0,3.0,162963414.0,537.0,-34080.0,500.0,Y,2018.0,31-JAN-2021,BALRAJ SINGH,2023-10-18,163nd
61,67,Pm,,,,,,0.0,,,5 6 7,1.0,,3,s,1.0,0.3,EC,100.0,,ECP,,,A,,,,,,,,-9070.0,583.0,,,2506.0,500.0,12310.0,360.5,10981.0,500.0,-401.0,424.0,8075.0,2.0,127948234.0,322.0,-48220.0,300.0,Y,1999.0,28-Feb-2015,ZOLTAN ELEKES AND JANOS TIMAR,2023-10-18,128pm
61,68,Pm,,,,,,0.0,,,(5/2-),2.4,,9,s,2.4,0.9,EC+B+,100.0,,P,,,ECP,,,,,,,,-10850.0,583.0,-22101.0,583.0,2465.0,424.0,9195.0,361.6,13032.0,424.0,-61.0,361.0,8114.0,2.0,128942909.0,322.0,-53180.0,300.0,Y,2004.0,31-May-2014,JANOS TIMAR AND ZOLTAN ELEKES and  BALRAJ SINGH,2023-10-18,129pm
61,69,Pm,,,,,,0.0,,,(4 5 6),2.6,,2,s,2.6,0.2,EC+B+,100.0,,ECP,,,,,,,,,,,-7770.0,447.0,-21211.0,539.0,2429.0,280.0,11126.239,201.943,10361.0,361.0,384.0,284.0,8131.0,2.0,129940451.0,215.0,-55470.0,200.0,Y,1985.0,11-May-2001,BALRAJ SINGH,2023-10-18,130pm
61,70,Pm,,,,,,0.0,,,(11/2-),6.3,,8,s,6.3,0.8,EC+B+,100.0,,,,,,,,,,,,,-9490.0,447.0,-20142.0,447.0,2348.0,280.0,7998.04,201.88,12372.0,283.0,463.0,202.0,8163.0,2.0,130935834.0,215.0,-59770.0,200.0,Y,1998.0,17-Jul-2022,YU. KHAZOV and  I. MITROPOLSKY and  A. RODIONOV,2023-10-18,131pm
61,71,Pm,,,,,,0.0,,,(3+),6.2,,6,s,6.2,0.6,EC+B+,100.0,,ECP,5e-05,,,,,,,,,,-6488.0,335.0,-19419.0,426.0,2278.0,152.0,9797.815,150.953,9929.0,250.0,1149.0,152.0,8177.0,1.0,131933840.0,160.0,-61628.0,149.0,Y,1977.0,1-Jul-2022,YU. KHAZOV and  A.A. RODIONOV AND S. SAKHAROV and  BALRAJ SINGH,2023-10-18,132pm
61,72,Pm,,,,,,0.0,,,(3/2+),13.5,,21,s,13.5,2.1,EC+B+,100.0,,,,,,,,,,,,,-8177.0,302.0,-18339.0,304.0,1940.997,58.4693,6924.727,68.552,11851.0,157.0,1270.8089,55.8217,8204.2841,0.3782,132929782.0,54.0,-65407.653,50.301,N,1977.0,31-Oct-2010,YU. KHAZOV AND A. RODIONOV and  F.G. KONDEV,2023-10-18,133pm
61,73,Pm,,,,,,0.0,,,(2+),5,AP,,s,5.0,,EC+B+,100.0,,,,,,,,,,,,,-5388.0,200.0,-17604.0,301.0,1986.6402,76.7339,8882.535,43.551,9427.5735,65.4768,1720.4993,62.6599,8213.4131,0.3128,133928326.0,45.0,-66763.908,41.917,N,1977.0,31-Jul-2004,A.A. Sonzogni,2023-10-18,134pm
61,74,Pm,,,,,X,0.0,,0.0,(3/2+ 5/2+),49,,3,s,49.0,3.0,EC+B+,100.0,,,,,,,,,,,,,-7205.1069,175.4501,-16758.0,212.0,1813.4189,95.2966,6151.291,85.081,11369.7387,92.8976,1704.8574,83.741,8236.7933,0.6141,134924785.0,89.0,-70062.329,82.903,N,1975.0,22-Jan-2008,BALRAJ SINGH and  ALEXANDER A. RODIONOV and YURI L. KHAZOV,2023-10-18,135pm
61,75,Pm,,,,,X,,,100.0,(2),300,,50,s,300.0,50.0,EC+B+,100.0,,,,,,,,,,,,,-4359.0237,70.1942,-16384.0187,169.3543,1632.6252,74.8658,8029.374,70.077,9178.9118,107.9071,2245.2741,71.6722,8243.7207,0.5079,135923595.949,74.152,-71169.923,69.073,N,1988.0,1-Apr-2018,E.A. MCCUTCHAN,2023-10-18,136pm
61,76,Pm,,,,,,0.0,,,11/2-,2.4,,1,m,144.0,6.0,EC+B+,100.0,,,,,,,,,,,,,-6081.2029,31.446,-15333.2772,18.0623,1439.8173,18.0623,5511.111,17.537,10974.2535,70.293,2162.5319,17.5988,8263.6516,0.0952,136920479.519,14.0,-74072.858,13.041,N,1975.0,1-Oct-2006,E. BROWNE and  J. K. TULI,2023-10-18,137pm
61,77,Pm,,,,,,0.0,,,(1+),10,,2,s,10.0,2.0,EC+B+,100.0,,,,,,,,,3.2,0.9,,,-3416.5976,16.5613,-14994.0327,30.8773,1188.7137,23.396,7102.812,16.409,8912.8298,17.4554,2619.372,16.4952,8268.3558,0.0841,137919576.119,12.456,-74914.37,11.603,N,1973.0,30-Sep-2017,JUN CHEN,2023-10-18,138pm
61,78,Pm,,,,,,0.0,,,(5/2)+,4.15,,5,m,249.0,3.0,EC+B+,100.0,,,,,,,,,,,,,-5120.7993,17.4098,-14074.574,18.0079,1009.9277,18.0079,4515.902,30.693,10657.9765,17.8678,2772.8176,17.8678,8285.5473,0.0978,138916799.228,14.587,-77501.028,13.588,N,1967.0,15-Oct-2016,P.K. JOSHI and  B. SINGH and  S. SINGH and  A.K. JAIN,2023-10-18,139pm
61,79,Pm,,,,,,0.0,,,1+,9.2,,2,s,9.2,0.2,EC+B+,100.0,,,,,,,,,,,,,-2756.101,27.2546,-13903.1354,26.5536,703.4586,26.7925,6045.2,24.4,8782.3361,27.7716,3484.0877,36.6612,8289.0958,0.173,139916035.918,26.001,-78212.046,24.22,N,1966.0,20-Nov-2018,N. NICA,2023-10-18,140pm
61,80,Pm,,,,,,0.0,,,5/2+,20.90,,5,m,1254.0,3.0,EC+B+,100.0,,,,,,,,,,,,,-4588.9724,16.373,-13138.3045,18.746,253.966,16.1683,3668.588,14.33,10382.2035,27.9617,3554.6565,14.3477,8303.9405,0.0991,140913555.081,15.0,-80522.932,13.972,N,1952.0,12-Oct-2022,N. NICA,2023-10-18,141pm
61,81,Pm,,,,,,0.0,,,1+,40.5,,5,s,40.5,0.5,EC+B+,100.0,,,,,,,,,,,,,-2159.6062,23.6524,-13278.8943,25.0869,-437.585,25.632,4808.519,23.629,8689.922,27.4222,4238.9871,23.8048,8306.6587,0.1662,141912890.982,25.33,-81141.536,23.596,N,1959.0,1-Jun-2010,T.D. Johnson and  D. Symochko(a) and  M. Fadil(b) and  and J.K. Tuli,2023-10-18,142pm
61,82,Pm,,,,,,0.0,,,5/2+,265,,7,d,22896000.0,604800.0,EC+B+,100.0,,B+,5.7e-06,,,,,,3.8,0.5,,,-3443.5291,3.5604,-12050.0525,2.9563,-556.9276,4.6781,1041.646,3.2,9890.4463,23.7703,4299.5797,2.6824,8317.7341,0.0206,142910938.068,3.16,-82960.664,2.944,N,1952.0,31-May-2011,E. BROWNE and  J. K. TULI,2023-10-18,143pm
61,83,Pm,,,,,,0.0,,,5-,363,,14,d,31363200.0,1209600.0,EC+B+,100.0,,,,,,,,,1.69,0.14,,,549.5096,2.6679,-9970.2996,3.5292,845.1947,6.712,2331.912,3.171,6526.7705,1.5282,4702.7772,2.646,8305.2969,0.0202,143912596.208,3.126,-81416.116,2.912,N,1952.0,1-Dec-2000,A.A. Sonzogni,2023-10-18,144pm
61,84,Pm,,,,,,0.0,,,5/2+,17.7,,4,Y,558557589.7502784,12622770.3898368,EC,100.0,,A,2.8e-07,,,,,,3.8,0.16,0.23,0.08,-616.099,2.539,-7373.1982,2.5373,2322.1114,2.8671,164.498,3.08,7922.7078,1.5273,4808.4491,2.5262,8302.6583,0.0193,144912755.748,3.011,-81267.506,2.805,N,1951.0,1-Oct-2008,E. BROWNE and  J. K. TULI,2023-10-18,145pm
61,85,Pm,,,,,,0.0,,,3-,5.53,,5,Y,174509800.63949376,1577846.2987296,EC,65.7,1.5,B-,34.3,1.5,,,,,,,,,1542.0,3.0,-6874.2711,4.1393,1907.0907,4.3238,1471.556,4.461,6258.1722,4.8026,5311.327,4.1186,8288.655,0.0293,145914702.24,4.589,-79454.36,4.275,N,1960.0,14-Jul-2016,Yu. KHAZOV and  A. RODIONOV AND G. SHULYAK,2023-10-18,146pm
61,86,Pm,,,,,,0.0,,,7/2+,2.6234,,4,Y,82786439.60174465,12622.7703898368,B-,100.0,,,,,,,,,2.58,0.07,0.74,0.2,224.0638,0.294,-6116.9417,2.853,1601.2998,1.468,-895.19,1.81,7658.9417,4.14,5405.0388,0.5639,8284.3712,0.0088,146915144.944,1.382,-79041.984,1.288,N,1947.0,9-Mar-2022,N. Nica and B. Singh,2023-10-18,147pm
61,87,Pm,,,,,,0.0,,,1-,5.368,,7,d,463795.2,604.8,B-,100.0,,,,,,,,,2.1,0.2,0.2,0.2,2470.1898,5.6409,-5671.1469,5.644,1459.7956,6.1403,542.189,6.049,5895.2108,5.6505,6008.0534,5.6557,8268.2283,0.0384,147917481.091,6.108,-76865.877,5.69,N,1947.0,1-Oct-2013,N. NICA,2023-10-18,148pm
61,88,Pm,,,,,,0.0,,,7/2+,53.08,,9,h,191088.0,324.0,B-,100.0,,,,,,,,,3.3,0.5,,,1071.4936,1.8747,-4799.656,2.0283,1136.67,7.3302,-1688.869,2.998,7269.8459,5.8778,5945.3098,2.4577,8261.5277,0.0147,148918341.507,2.344,-76064.404,2.184,N,1947.0,23-Aug-2022,Balraj Singh and Jun Chen,2023-10-18,149pm
61,89,Pm,,,,,,0.0,,,(1-),2.698,,15,h,9712.8,54.0,B-,100.0,,,,,,,,,,,,,3454.0,20.0,-4532.7556,20.0036,651.2348,39.7634,82.615,20.063,5604.2492,20.0907,6510.7719,20.0871,8243.8125,0.1335,149920990.014,21.504,-73597.336,20.031,N,1952.0,1-Apr-2013,S. K. Basu and  A. A. Sonzogni,2023-10-18,150pm
61,90,Pm,,,,,,0.0,,,5/2+,28.40,,4,h,102240.0,144.0,B-,100.0,,,,,,,,,1.8,0.2,2.2,0.9,1190.2198,4.4757,-4406.2426,4.4749,-367.0829,16.4838,-2443.077,4.748,7860.2426,20.4945,6995.28,4.4724,8241.2723,0.0305,150921216.613,4.949,-73386.26,4.611,N,1952.0,20-Nov-2008,BALRAJ SINGH,2023-10-18,151pm
61,91,Pm,,,,,,0.0,,,1+,4.12,,8,m,247.2,4.8,B-,100.0,,,,,,,,,,,,,3508.5089,25.8859,-4749.3066,25.8858,-1143.9318,29.9445,-1104.805,35.638,5939.5263,26.269,7600.256,25.8859,8226.1293,0.1704,151923505.185,27.809,-71254.468,25.904,N,1958.0,31-Aug-2013,M. J. MARTIN,2023-10-18,152pm
61,92,Pm,,,,,,0.0,,,5/2-,5.25,,2,m,315.0,1.2,B-,100.0,,,,,,,,,,,,,1912.0559,9.0829,-3956.3441,9.0819,-2033.546,13.4026,-3317.623,9.47,7464.8529,27.4318,7787.311,26.088,8221.1536,0.0592,152924156.252,9.729,-70648.003,9.063,N,1962.0,16-Aug-2020,N. NICA,2023-10-18,153pm
61,93,Pm,,,,,,0.0,,,(3 4),2.68,,7,m,160.8,4.2,B-,100.0,,,,,,,,,,,,,4188.9614,25.055,-3777.8611,25.042,-2391.0091,26.5954,-2687.0,25.0,5689.917,26.6118,8225.1937,25.1713,8204.717,0.1625,153926712.791,26.861,-68266.602,25.021,N,1958.0,1-May-2008,C. W. Reich,2023-10-18,154pm
61,94,Pm,,,,,,0.0,,,5/2-,41.5,,2,s,41.5,0.2,B-,100.0,,,,,,,,,,,,,3251.1999,4.9024,-2555.76,4.895,-2585.2402,12.5691,-4656.21,10.29,6744.7215,25.462,8649.3745,4.8286,8195.2977,0.0304,154928136.951,5.065,-66940.006,4.719,N,1982.0,21-Oct-2019,N. NICA,2023-10-18,155pm
61,95,Pm,,,,,,0.0,,,4(+),26.70,,10,s,26.7,0.1,B-,100.0,,,,,,,,,,,,,5193.8878,8.6044,-2046.9599,1.7846,-2833.6932,18.5748,-3964.717,1.764,5298.1598,4.8608,9172.0223,9.2278,8176.7263,0.0076,155931114.059,1.275,-64166.847,1.188,N,1986.0,1-Mar-2012,C. W. REICH,2023-10-18,156pm
61,96,Pm,,,,,,0.0,,,(5/2-),10.56,,12,s,10.56,0.12,B-,100.0,,,,,,,,,,,,,4380.5376,8.265,-1007.6988,11.032,-3153.5422,13.7891,-5802.999,7.325,6201.5866,7.1027,9383.9572,7.1265,8164.1458,0.0446,156933121.298,7.521,-62297.116,7.006,N,1987.0,04-Jun-2021,Balraj Singh,2023-10-18,157pm
61,97,Pm,,,,,,0.0,,,,4.8,,5,s,4.8,0.5,B-,100.0,,,,,,,,,,,,,6145.7062,4.8634,-499.8073,4.5215,-3671.4565,100.0092,-5271.02,1.57,4880.345,7.062,9900.9973,2.3141,8143.3622,0.0056,157936546.948,0.953,-59106.143,0.888,N,1987.0,1-Feb-2017,N. NICA,2023-10-18,158pm
61,98,Pm,,,,,,0.0,,,,1.5,,2,s,1.5,0.2,B-,100.0,,,,,,,,,,,,,5653.4982,11.6438,626.1798,11.1023,-3563.9318,19.9041,-6830.344,31.453,5519.5264,10.0779,10008.1989,10.1232,8126.8601,0.0631,158939286.409,10.777,-56554.351,10.039,N,1998.0,31-Dec-2010,C. W. Reich,2023-10-18,159pm
61,99,Pm,,,,,,0.0,,,,725,,57,ms,0.725,0.057,B-,100.0,,B-N,,,,,,,,,,,7338.5338,2.833,1241.8926,6.2776,-3870.2476,2.2912,-6170.124,46.62,4411.6056,10.2459,10459.6027,29.8782,8103.6398,0.0128,159943215.272,2.2,-52894.639,2.049,N,2012.0,1-May-2021,N. NICA,2023-10-18,160pm
61,100,Pm,,,,,,0.0,,,(5/2-),1.05,,15,s,1.05,0.15,B-,100.0,,B-N,,,,,,,,,,,6585.4546,11.3187,2075.2655,9.2448,-4076.699,9.5745,-7856.589,400.102,5263.2683,9.265,10651.0451,47.4431,8085.9977,0.0561,160946229.837,9.7,-50086.589,9.035,N,2012.0,20-Feb-2017,FILIP G. KONDEV,2023-10-18,161pm
61,101,Pm,,,,,,0.0,,,(2+),0.63,,18,s,0.63,0.18,B-,100.0,,B-N,,,,,,,,,,,8339.0,300.0,2561.0,300.0,-4315.0,424.0,-7030.0,500.0,4025.0,300.0,11099.0,500.0,8061.0,2.0,161950574.0,322.0,-46040.0,300.0,Y,2012.0,20-Feb-2017,FILIP G. KONDEV,2023-10-18,162pm
61,102,Pm,,,,,,0.0,,,(5/2-),0.43,,35,s,0.43,0.35,B-,100.0,,B-N,,,,,,,,,,,7640.0,400.0,3348.0,400.0,-4615.0,565.0,-8880.0,640.3,4991.0,500.0,11239.0,565.0,8042.0,2.0,162953881.0,429.0,-42960.0,400.0,Y,2012.0,20-Feb-2017,FILIP G. KONDEV,2023-10-18,163pm
61,103,Pm,,,,,,0.0,,,,,,,,,,B-,100.0,,B-N,,,,,,,,,,,9565.0,400.0,4168.0,400.0,-4585.0,565.0,,,3472.0,565.0,11569.0,640.0,8014.0,2.0,163958819.0,429.0,-38360.0,400.0,Y,2018.0,31-JAN-2021,BALRAJ SINGH,2023-10-18,164pm
61,104,Pm,,,,,,0.0,,,,,,,,,,B-,100.0,,B-N,,,,,,,,,,,8840.0,640.0,5184.0,500.0,-4606.0,707.0,,,4382.0,640.0,,,7992.0,3.0,164962780.0,537.0,-34670.0,500.0,Y,2018.0,31-JAN-2021,BALRAJ SINGH,2023-10-18,165pm
62,67,Sm,,,,,,0.0,,,(1/2+ 3/2+),0.55,,10,s,0.55,0.1,EC+B+,100.0,,ECP,0.0,,,,,,,,,,,,,,3315.0,640.0,10850.0,583.0,11251.0,707.0,1399.0,583.0,8023.0,4.0,128954557.0,537.0,-42330.0,500.0,Y,1999.0,31-May-2014,JANOS TIMAR AND ZOLTAN ELEKES and  BALRAJ SINGH,2023-10-18,129sm
62,68,Sm,,,,,,0.0,,,0+,,,,,,,EC+B+,,,,,,,,,,,,,,-14187.0,671.0,,,3255.0,500.0,7770.0,447.2,13441.0,640.0,1809.0,500.0,8065.0,3.0,129948792.0,429.0,-47700.0,400.0,Y,1999.0,11-May-2001,BALRAJ SINGH,2023-10-18,130sm
62,69,Sm,,,,,,0.0,,,,1.2,,2,s,1.2,0.2,EC+B+,100.0,,ECP,0.0,,,,,,,,,,-10816.0,565.0,-24839.0,671.0,3205.0,500.0,9490.0,447.2,10652.0,565.0,2100.0,447.0,8085.0,3.0,130946022.0,429.0,-50280.0,400.0,Y,1986.0,17-Jul-2022,YU. KHAZOV and  I. MITROPOLSKY and  A. RODIONOV,2023-10-18,131sm
62,70,Sm,,,,,,0.0,,,0+,4.0,,3,s,4.0,0.3,EC+B+,100.0,,ECP,,,,,,,,,,,-12939.0,500.0,-23747.0,500.0,2966.0,361.0,6488.0,334.9,12931.0,500.0,2659.0,361.0,8122.0,2.0,131940805.0,322.0,-55140.0,300.0,Y,1989.0,1-Jul-2022,YU. KHAZOV and  A.A. RODIONOV AND S. SAKHAROV and  BALRAJ SINGH,2023-10-18,132sm
62,71,Sm,,,,,,0.0,,,(5/2+),2.89,,16,s,2.89,0.16,EC+B+,100.0,,ECP,0.0,,,,,,,,,,-9995.0,422.0,-23102.0,499.0,2719.0,360.0,8176.653,302.215,10163.0,423.0,2892.0,333.0,8137.0,2.0,132938560.0,320.0,-57231.0,298.0,Y,1977.0,31-Oct-2010,YU. KHAZOV AND A. RODIONOV and  F.G. KONDEV,2023-10-18,133sm
62,72,Sm,,,,,,0.0,,,0+,9.5,,8,s,9.5,0.8,EC+B+,100.0,,,,,,,,,,,,,-11576.0,358.0,-22211.0,357.0,2795.0,198.0,5387.908,200.432,12216.0,357.0,3257.0,202.0,8167.0,1.0,133934110.0,210.0,-61376.0,196.0,Y,1977.0,31-Jul-2022,A.A. Sonzogni,2023-10-18,134sm
62,73,Sm,,,,,,0.0,,,(3/2+ 5/2+),10.3,,5,s,10.3,0.5,EC+B+,100.0,,ECP,0.02,0.01,,,,,,,,,-8709.0,249.0,-21128.0,337.0,2485.9024,157.0574,7205.107,175.45,9552.0,249.0,3382.2848,160.2089,8177.627,1.1454,134932520.0,166.0,-62857.222,154.628,N,1977.0,1-JUL-2022,BALRAJ SINGH and  ALEXANDER A. RODIONOV and YURI L. KHAZOV,2023-10-18,135sm
62,74,Sm,,,,,,0.0,,,0+,47,,2,s,47.0,2.0,EC+B+,100.0,,,,,,,,,,,,,-10567.0,196.0,-20734.0,196.0,2190.0002,27.2412,4359.024,70.194,12024.995,155.1322,4037.5412,83.8396,8205.9165,0.0919,135928275.553,13.416,-66810.899,12.497,N,1982.0,1-Apr-2018,E.A. MCCUTCHAN,2023-10-18,136sm
62,75,Sm,,,,,,0.0,,,(9/2-),45,,1,s,45.0,1.0,EC+B+,100.0,,,,,,,,,,,,,-7845.7518,28.9474,-19819.0,198.0,1915.8089,54.6625,6081.203,31.446,9252.0743,31.2244,4110.7037,74.7651,8213.5527,0.2089,136927007.959,30.718,-67991.655,28.614,N,1986.0,1-Oct-2006,E. BROWNE and  J. K. TULI,2023-10-18,137sm
62,76,Sm,4.9599,0.0034,,,,0.0,,,0+,3.1,,2,m,186.0,12.0,EC+B+,100.0,,,,,,,,,,,,,-9748.0968,30.3408,-19423.1869,12.6024,1723.7543,16.7124,3416.598,16.561,11577.4352,30.9586,4713.8853,17.5988,8237.9286,0.0856,137923243.988,12.686,-71497.772,11.817,N,1982.0,30-Sep-2017,JUN CHEN,2023-10-18,138sm
62,77,Sm,4.9556,0.0034,,,,0.0,,,1/2+,2.57,,10,m,154.2,6.0,EC+B+,100.0,,,,,,,,,-0.53,0.02,,,-6982.1777,17.0705,-18701.8716,29.9897,1408.4747,22.0075,5120.799,17.41,8953.7747,16.0661,4754.8302,15.9089,8243.0786,0.0783,138922296.631,11.684,-72380.229,10.884,N,1971.0,15-Oct-2016,P.K. JOSHI and  B. SINGH and  S. SINGH and  A.K. JAIN,2023-10-18,139sm
62,78,Sm,4.9565,0.0034,,,,0.0,,,0+,14.82,,12,m,889.2,7.2,EC+B+,100.0,,,,,,,,,12.7,0.9,,,-8470.0,50.0,-18129.2121,18.1416,1318.4361,17.1999,2756.101,27.254,11147.0344,16.5725,5243.8881,18.4612,8263.8211,0.0893,139918994.714,13.416,-75455.945,12.497,N,1967.0,20-Nov-2018,N. NICA,2023-10-18,140sm
62,79,Sm,4.9517,0.0034,,,,0.0,,,1/2+,10.2,,2,m,612.0,12.0,EC+B+,100.0,,,,,,,,,-0.74,0.02,,,-6008.3127,14.2829,-17019.3321,52.2401,1225.0937,14.5022,4588.973,16.373,8549.3321,15.1337,5010.8842,25.6803,8265.846,0.0605,140918481.545,9.162,-75933.959,8.535,N,1967.0,12-Oct-2022,N. NICA,2023-10-18,141sm
62,80,Sm,4.9518,0.0034,,,,0.0,,,0+,72.49,,5,m,4349.4,3.0,EC+B+,100.0,,,,,,,,,,,,,-7673.0,30.0,-17127.6008,12.7593,610.3365,11.7518,2159.606,23.67,11119.2881,8.6142,5747.9688,14.0964,8285.9407,0.0131,141915209.415,2.002,-78981.93,1.866,N,1959.0,1-Jun-2010,T.D. Johnson and  D. Symochko(a) and  M. Fadil(b) and  and J.K. Tuli,2023-10-18,142sm
62,81,Sm,4.9479,0.0034,,,,0.0,,,3/2+,8.75,,6,m,525.0,3.6,EC+B+,100.0,,,,,,,,,1.01,0.02,0.4,0.2,-5275.824,11.3245,-16279.5234,30.1147,74.879,27.6576,3443.529,4.029,8606.5234,2.6259,5664.5702,23.7453,8288.1825,0.0192,142914634.848,2.951,-79517.135,2.75,N,1956.0,31-May-2011,E. BROWNE and  J. K. TULI,2023-10-18,143sm
62,82,Sm,4.9524,0.0034,3.08,0.04,,0.0,,,0+,STABLE,,,,,,,,,,,,,,,,1.6,0.3,,,-6346.4515,10.8092,-15795.6333,11.0821,-133.2956,3.5719,-549.51,3.25,10519.8093,2.3488,6293.9332,2.7154,8303.68,0.0101,143912006.285,1.566,-81965.626,1.459,N,1933.0,1-Dec-2000,A.A. Sonzogni,2023-10-18,144sm
62,83,Sm,4.9651,0.0034,,,,0.0,,,7/2-,340,,3,d,29376000.0,259200.0,EC,100.0,,,,,,,,,-1.12,0.011,-0.6,0.07,-2659.8832,2.7224,-13103.5508,10.813,1115.1967,3.2311,616.099,3.174,6757.0992,0.2988,6524.2619,2.6714,8293.0139,0.0102,144913417.157,1.594,-80651.407,1.485,N,1947.0,1-Oct-2008,E. BROWNE and  J. K. TULI,2023-10-18,145sm
62,84,Sm,4.9808,0.0035,,,,0.0,,,0+,6.8E+7,,7,Y,2145870966272256.0,220898481822144.0,A,100.0,,,,,,,,,,,,,-3878.7573,5.8685,-11076.1543,3.9248,2528.7792,2.8131,-1542.0,5.2,8416.2711,2.8521,7017.8252,3.7503,8293.8581,0.0209,145913046.835,3.269,-80996.36,3.045,N,1953.0,14-Jul-2016,Yu. KHAZOV and  A. RODIONOV AND G. SHULYAK,2023-10-18,146sm
62,85,Sm,4.9892,0.0035,15.0,0.14,,0.0,,,7/2-,1.073E11,,10,Y,3.3860581570737213e+18,3.1556925974592e+16,A,100.0,,,,,,,,,-0.809,0.0014,-0.26,0.03,-1721.4367,2.2832,-10219.7629,5.9541,2311.3466,0.4975,-224.064,1.803,6341.0056,2.8437,7100.6586,4.1336,8280.5734,0.0086,146914904.401,1.354,-79266.048,1.262,N,1933.0,9-Mar-2022,N. Nica and B. Singh,2023-10-18,147sm
62,86,Sm,5.0042,0.0034,11.25,0.09,,0.0,,,0+,7E+15,,3,Y,2.20898481822144e+23,9.4670777923776e+22,A,100.0,,,,,,,,,0.54,0.07,-1.0,0.3,-3038.5844,9.9657,-9862.7734,2.2939,1987.0458,0.4453,-2470.19,5.82,8141.3368,0.2706,7583.0536,0.3875,8279.6326,0.0084,147914829.233,1.337,-79336.067,1.246,N,1933.0,1-Oct-2013,N. NICA,2023-10-18,148sm
62,87,Sm,5.0134,0.0035,13.82,0.1,,0.0,,,7/2-,STABLE,,,,,,,,,,,,,,,,-0.6677,0.0011,0.075,0.008,-694.5812,3.7881,-8909.734,9.9776,1871.1905,0.9714,-1071.494,2.472,5871.1496,0.8862,7558.9924,5.5709,8263.4683,0.0078,148917191.211,1.241,-77135.898,1.157,N,1933.0,23-Aug-2022,Balraj Singh and Jun Chen,2023-10-18,149sm
62,88,Sm,5.0387,0.0048,7.37,0.09,,0.0,,,0+,STABLE,,,,,,,,,,,,,,,,0.82,0.14,-1.3,0.2,-2258.9662,6.1803,-8681.3369,3.7787,1449.6648,0.9664,-3454.0,20.0,7986.7556,0.377,8275.9022,1.9071,8261.6235,0.0074,149917281.993,1.193,-77051.336,1.112,N,1934.0,1-Apr-2013,S. K. Basu and  A. A. Sonzogni,2023-10-18,150sm
62,89,Sm,5.055,0.0057,,,,0.0,,,5/2-,90,,8,Y,2840123337.71328,252455407.796736,B-,100.0,,,,,,,,,-0.3605,0.0006,0.71,0.07,76.6182,0.5375,-7855.4285,6.1801,1145.3986,0.9728,-1190.22,4.74,5596.4623,0.1087,8268.1153,20.0003,8243.9735,0.0074,150919938.859,1.191,-74576.48,1.11,N,1947.0,20-Nov-2008,BALRAJ SINGH,2023-10-18,151sm
62,90,Sm,5.0819,0.006,26.74,0.09,,0.0,,,0+,STABLE,,,,,,,,,,,,,,,,2.8,0.6,-1.666,0.016,-1874.4774,0.6857,-8181.1972,0.6849,220.1726,1.9325,-3508.509,25.924,8257.8154,0.6056,8665.6882,4.5161,8244.0645,0.0067,151919738.646,1.09,-74762.977,1.016,N,1933.0,31-Aug-2013,M. J. MARTIN,2023-10-18,152sm
62,91,Sm,5.0925,0.0068,,,,0.0,,,3/2+,46.284,,4,h,166622.4,14.4,B-,100.0,,,,,,,,,-0.021,0.003,1.3,0.12,807.4073,0.7063,-7742.8773,0.6987,-609.4402,1.9385,-1912.056,9.121,5868.4,0.1342,8594.5618,25.8863,8228.5373,0.0067,152922103.576,1.1,-72560.059,1.025,N,1938.0,16-Aug-2020,N. NICA,2023-10-18,153sm
62,92,Sm,5.1053,0.0067,22.74,0.14,,0.0,,,0+,STABLE,,,,,,,,,,,,,,,,1.35,0.15,,,-717.1969,1.1019,-7159.4153,1.0828,-1200.5284,1.0516,-4188.962,25.055,7966.8226,0.846,9096.5315,9.0935,8226.8379,0.0085,153922215.756,1.4,-72455.564,1.305,N,1933.0,1-May-2008,C. W. Reich,2023-10-18,154sm
62,93,Sm,,,,,,0.0,,,3/2-,22.18,,6,m,1330.8,3.6,B-,100.0,,,,,,,,,,,1.13,0.13,1627.1314,1.2016,-6524.1569,1.1341,-1672.938,1.0896,-3251.2,4.9,5806.96,0.2683,9213.5744,25.0564,8211.2258,0.0086,154924646.645,1.429,-70191.206,1.332,N,1951.0,21-Oct-2019,N. NICA,2023-10-18,155sm
62,94,Sm,,,,,,0.0,,,0+,9.4,,2,h,33840.0,720.0,B-,100.0,,,,,,,,,,,,,722.109,7.9025,-5613.7163,8.4699,-1635.9877,25.8782,-5193.888,8.604,7240.8477,8.5047,9709.7006,9.7408,8205.0054,0.0546,155925538.191,9.148,-69360.735,8.522,N,1951.0,1-Mar-2012,C. W. REICH,2023-10-18,156sm
62,95,Sm,,,,,,0.0,,,(3/2-),8.03,,7,m,481.8,4.2,B-,100.0,,,,,,,,,,,,,2781.4807,6.1191,-4666.1275,5.6677,-1772.1898,5.169,-4380.538,8.291,5388.2364,9.606,9799.7773,4.5845,8187.0642,0.0282,156928418.598,4.759,-66677.654,4.434,N,1973.0,4-Dec-2015,N. NICA,2023-10-18,157sm
62,96,Sm,,,,,,0.0,,,0+,5.30,,3,m,318.0,1.8,B-,100.0,,,,,,,,,,,,,2018.6123,5.1146,-3864.0329,6.377,-2097.1626,4.8904,-6145.706,4.864,6645.5135,6.4893,10243.7042,8.4592,8177.3075,0.0303,157929949.262,5.133,-65251.849,4.782,N,1970.0,1-Feb-2017,N. NICA,2023-10-18,158sm
62,97,Sm,,,,,,0.0,,,5/2-,11.37,,15,s,11.37,0.15,B-,100.0,,,,,,,,,,,,,3835.5363,7.3211,-3008.7061,6.2715,-2348.9691,10.8896,-5653.498,11.662,5027.3184,7.5945,10390.6776,5.9995,8157.4963,0.0373,158933217.13,6.37,-62207.849,5.934,N,1986.0,31-Dec-2010,C. W. Reich,2023-10-18,159sm
62,98,Sm,,,,,,0.0,,,0+,9.6,,3,s,9.6,0.3,B-,100.0,,,,,,,,,,,,,3260.2763,2.1547,-2261.1049,4.7423,-2455.9585,2.351,-7338.533,2.833,6096.6411,6.2478,10967.7923,10.2277,8144.6159,0.0122,159935337.032,2.1,-60233.172,1.956,N,1986.0,1-May-2021,N. NICA,2023-10-18,160sm
62,99,Sm,,,,,,0.0,,,,4.8,,4,s,4.8,0.4,B-,100.0,,,,,,,,,,,,,5119.5577,12.4147,-1249.9128,6.8767,-2602.8428,7.144,-6585.454,11.318,4510.1891,7.0922,11066.3758,7.1185,8122.0418,0.0423,160939160.062,7.318,-56672.043,6.817,N,1998.0,1-Jun-2011,C. W. Reich,2023-10-18,161sm
62,100,Sm,,,,,,0.0,,,0+,2.4,,5,s,2.4,0.5,B-,100.0,,,,,,,,,,,,,4343.8905,3.7605,-658.7703,10.9802,-2968.846,3.757,-8339.053,300.021,5778.328,7.6738,11581.4356,9.6982,8107.5745,0.0218,161941621.687,3.782,-54379.053,3.523,N,2005.0,1-Mar-2007,C. W. Reich,2023-10-18,162sm
62,101,Sm,,,,,,0.0,,,(1/2-),1.23,,+51-47,s,1.23,0.49,B-,100.0,,B-N,,,,,,,,,,,5974.2073,7.4141,52.0143,7.4752,-3300.5203,30.7027,-7639.612,400.068,4291.8762,8.1588,11849.0,300.0,8084.1653,0.0451,162945679.085,7.9,-50599.612,7.359,N,2012.0,20-Feb-2017,FILIP G KONDEV,2023-10-18,163sm
62,102,Sm,,,,,,0.0,,,0+,1.43,,24,s,1.43,0.24,B-,100.0,,B-N,,,,,,,,,,,5306.8315,4.5907,577.1863,4.197,-3625.7154,46.7547,-9565.314,400.021,5397.021,8.4232,12255.0,400.0,8067.7803,0.025,163948550.061,4.4,-47925.314,4.099,N,2012.0,30-Nov-2017,BALRAJ SINGH AND JUN CHEN{+#},2023-10-18,164sm
62,103,Sm,,,,,,0.0,,,(5/2-),0.98,,21,s,0.98,0.21,B-,100.0,,B-N,,,,,,,,,,,7219.0,400.0,1651.0,400.0,-3705.0,565.0,-8840.0,640.3,3656.0,400.0,12439.0,565.0,8041.0,2.0,164953290.0,429.0,-43510.0,400.0,Y,2012.0,20-Feb-2017,FILIP G KONDEV,2023-10-18,165sm
62,104,Sm,,,,,,0.0,,,0+,0.80,,63,s,0.8,0.63,B-,100.0,,B-N,,,,,,,,,,,6299.0,412.0,2208.0,400.0,-3865.0,565.0,,,5011.0,565.0,13069.0,640.0,8023.0,2.0,165956575.0,429.0,-40450.0,400.0,Y,2017.0,20-Feb-2017,FILIP G KONDEV,2023-10-18,166sm
62,105,Sm,,,,,,0.0,,,,,,,,,,B-,100.0,,B-N,,,,,,,,,,,8440.0,640.0,3348.0,510.0,-3675.0,707.0,,,2951.0,640.0,,,7992.0,3.0,166962072.0,537.0,-35330.0,500.0,Y,2018.0,31-JAN-2021,BALRAJ SINGH,2023-10-18,167sm
62,106,Sm,,,,,,0.0,,,0+,,,,,,,B-,100.0,,B-N,,,,,,,,,,,7610.0,500.0,4059.0,500.0,,,,,4382.0,583.0,,,7971.0,2.0,167966033.0,322.0,-31640.0,300.0,Y,2018.0,31-JAN-2021,BALRAJ SINGH,2023-10-18,168sm
63,67,Eu,,,,,,0.0,,,(1+),0.90,,+49-29,ms,0.0009,0.00039,P,100.0,,,,,,,,,,,,,,,,,3812.0,735.0,14187.0,671.2,,,-1528.0,200.0,7950.0,4.0,129964022.0,578.0,-33513.0,539.0,Y,2004.0,31-MAY-2008,BALRAJ SINGH,2023-10-18,130eu
63,68,Eu,,,,,,0.0,,,3/2+,17.8,,19,ms,0.0178,0.0019,P,89.0,9.0,EC+B+,11.0,9.0,,,,,,,,,,,,,3421.0,565.0,10816.0,565.6,14022.0,671.0,-947.092,5.268,7996.0,3.0,130957634.0,429.0,-39464.0,400.0,Y,1998.0,17-Jul-2022,YU. KHAZOV and  I. MITROPOLSKY and  A. RODIONOV,2023-10-18,131eu
63,69,Eu,,,,,,0.0,,,,,,,,,,P,0.0,,EC+B+,,,,,,,,,,,,,,,3594.0,500.0,12940.0,500.0,10808.0,565.0,-791.0,565.0,8018.0,3.0,131954696.0,429.0,-42200.0,400.0,Y,,1-Jul-2022,YU. KHAZOV and  A.A. RODIONOV AND S. SAKHAROV and  BALRAJ SINGH,2023-10-18,132eu
63,71,Eu,,,,,,0.0,,,,0.5,,2,s,0.5,0.2,EC+B+,100.0,,ECP,0.0,,,,,,,,,,-8271.0,500.0,-21812.0,583.0,3244.0,361.0,11576.0,358.3,10636.0,423.0,-142.0,423.0,8075.0,2.0,133946537.0,322.0,-49800.0,300.0,Y,1989.0,31-Jul-2022,A.A. Sonzogni,2023-10-18,134eu
63,72,Eu,,,,,,0.0,,,,1.5,,2,s,1.5,0.2,EC+B+,100.0,,ECP,,,,,,,,,,,-9898.0,445.0,-20689.0,445.0,3198.0,280.0,8709.222,249.651,12419.0,358.0,61.0,277.0,8107.0,1.0,134941870.0,210.0,-54148.0,196.0,Y,1989.0,31-DEC-2016,BALRAJ SINGH,2023-10-18,135eu
63,73,Eu,,,,,X,,,0.0,(7+),3.3,,3,s,3.3,0.3,EC+B+,100.0,,B+P,0.09,,,,,,,,,,-7154.0,357.0,-20065.0,445.0,2959.0,246.0,10566.899,196.398,10167.0,277.0,675.0,249.0,8122.0,1.0,135939620.0,210.0,-56244.0,196.0,Y,1987.0,1-Apr-2018,E.A. MCCUTCHAN,2023-10-18,136eu
63,74,Eu,4.9762,0.0095,,,,0.0,,,(11/2-),11,,2,s,11.0,2.0,EC+B+,100.0,,,,,,,,,,,,,-8932.0,298.0,-19127.0,298.0,2836.8335,50.4908,7845.751,28.947,11974.0,196.0,623.9756,13.242,8150.5738,0.032,136935430.719,4.7,-60145.904,4.378,N,1982.0,1-Oct-2006,E. BROWNE and  J. K. TULI,2023-10-18,137eu
63,75,Eu,4.9779,0.0094,,,,0.0,,,(6-),12.1,,6,s,12.1,0.6,EC+B+,100.0,,,,,,,,,5.3,0.7,,,-6090.0,202.0,-18607.0,299.0,2589.3169,50.3782,9748.096,30.341,9675.0901,28.2857,1046.9913,39.9962,8161.6211,0.2025,137933709.0,30.0,-61749.676,27.945,N,1982.0,30-Sep-2017,JUN CHEN,2023-10-18,138eu
63,76,Eu,4.976,0.0093,,,,0.0,,,(11/2)-,17.9,,6,s,17.9,0.6,EC+B+,100.0,,,,,,,,,6.1,0.8,,,-7767.0,196.0,-17810.0,201.0,2239.3617,83.9395,6982.178,17.071,11719.6939,30.8844,1189.2501,17.6802,8187.2187,0.0946,138929792.307,14.117,-65398.051,13.151,N,1975.0,15-Oct-2016,P.K. JOSHI and  B. SINGH and  S. SINGH and  A.K. JAIN,2023-10-18,139eu
63,77,Eu,4.9695,0.0091,,,,0.0,,,1+,1.51,,2,s,1.51,0.02,EC+B+,100.0,,,,,,,,,1.362,0.013,,,-5203.6675,58.6268,-17426.0,202.0,1759.0614,86.1814,8470.0,53.0,9659.2121,53.1895,1894.6874,52.6749,8197.733,0.3681,139928087.633,55.328,-66985.945,51.538,N,1982.0,20-Nov-2018,N. NICA,2023-10-18,140eu
63,78,Eu,4.9697,0.0091,,,,0.0,,,5/2+,40.7,,7,s,40.7,0.7,EC+B+,100.0,,,,,,,,,3.486,0.008,0.85,0.04,-6701.4161,23.4562,-16214.687,30.67,1722.2955,18.1604,6008.312,15.251,11011.0195,53.0652,1758.6725,17.7741,8217.6853,0.0896,140924931.734,13.568,-69925.647,12.639,N,1977.0,12-Oct-2022,N. NICA,2023-10-18,141eu
63,79,Eu,4.9607,0.0091,,,,0.0,,,1+,2.34,,12,s,2.34,0.12,EC+B+,100.0,,,,,,,,,1.532,0.019,0.12,0.05,-4349.4074,41.0414,-16156.0169,35.9713,1180.5246,32.2196,7673.0,30.1,9454.6008,32.6006,2663.9411,31.2122,8226.396,0.2117,141923446.719,32.268,-71308.93,30.058,N,1966.0,1-Jun-2010,T.D. Johnson and  D. Symochko(a) and  M. Fadil(b) and  and J.K. Tuli,2023-10-18,142eu
63,80,Eu,4.9636,0.0091,,,,0.0,,,5/2+,2.59,,2,m,155.4,1.2,EC+B+,100.0,,,,,,,,,3.664,0.008,0.51,0.03,-6010.0,200.0,-15353.1068,30.0266,834.8016,17.4733,5275.824,11.325,11003.6994,32.0026,2548.3524,11.1429,8245.8177,0.0768,142920298.678,11.793,-74241.311,10.986,N,1965.0,31-May-2011,E. BROWNE and  J. K. TULI,2023-10-18,143eu
63,81,Eu,4.9612,0.0091,,,,0.0,,,1+,10.2,,1,s,10.2,0.1,EC+B+,100.0,,,,,,,,,1.888,0.013,0.1,0.03,-3859.6633,29.9546,-15459.1817,200.5917,167.956,26.514,6346.451,10.885,9449.1817,15.3964,3391.0107,11.0591,8254.1744,0.0749,143918819.481,11.58,-75619.175,10.787,N,1965.0,1-Dec-2000,A.A. Sonzogni,2023-10-18,144eu
63,82,Eu,4.9663,0.0091,,,,0.0,,,5/2+,5.93,,4,d,512352.0,3456.0,EC+B+,100.0,,,,,,,,,3.983,0.007,0.29,0.02,-5064.8984,19.9521,-14303.3309,28.1119,106.4919,14.3036,2659.883,3.401,10443.6676,11.1406,3314.869,2.7073,8269.2744,0.0211,144916272.659,3.285,-77991.524,3.06,N,1951.0,1-Oct-2008,E. BROWNE and  J. K. TULI,2023-10-18,145eu
63,83,Eu,4.9789,0.0092,,,,0.0,,,4-,4.61,,3,d,398304.0,2592.0,EC+B+,100.0,,,,,,,,,1.422,0.011,-0.18,0.06,-1031.7798,7.075,-12262.2954,20.6114,1599.0169,24.3421,3878.757,6.736,7197.397,6.5333,3755.1668,5.9537,8261.9327,0.0412,145917210.852,6.451,-77117.603,6.009,N,1957.0,14-Jul-2016,Yu. KHAZOV and  A. RODIONOV AND G. SHULYAK,2023-10-18,146eu
63,84,Eu,4.9938,0.0094,,,,0.0,,,5/2+,24.1,,6,d,2082240.0,51840.0,EC,99.9978,0.0006,A,0.0022,0.0006,,,,,3.715,0.008,0.55,0.03,-2187.6833,2.5273,-9530.106,4.5023,2991.137,3.1123,1721.437,2.862,8498.3262,6.3537,3837.2219,3.6117,8263.5409,0.0175,146916752.44,2.758,-77544.611,2.569,N,1951.0,9-Mar-2022,N. Nica and B. Singh,2023-10-18,147eu
63,85,Eu,5.0045,0.0097,,,,0.0,,,5-,54.5,,5,d,4708800.0,43200.0,EC+B+,100.0,,A,9.4e-07,2.8e-07,,,,,2.334,0.01,0.35,0.06,-28.063,9.9633,-9011.8723,10.0361,2693.7185,10.224,3038.585,10.039,6824.189,10.1993,4320.4053,9.9677,8253.8155,0.0673,147918091.288,10.693,-76297.482,9.961,N,1951.0,1-Oct-2013,N. NICA,2023-10-18,148eu
63,86,Eu,5.0202,0.0103,,,,0.0,,,5/2+,93.1,,4,d,8043840.0,34560.0,EC,100.0,,,,,,,,,3.556,0.006,0.75,0.02,-1314.1437,4.1361,-8243.2158,3.8764,2401.2735,4.5706,694.581,4.071,8215.1528,10.6435,4394.2213,3.8313,8253.556,0.0262,148917936.875,4.19,-76441.317,3.903,N,1959.0,23-Aug-2022,Balraj Singh and Jun Chen,2023-10-18,149eu
63,87,Eu,5.0296,0.0108,,,,0.0,,,5-,36.9,,9,Y,1164450568.4624448,28401233.3771328,EC+B+,100.0,,,,,,,,,2.702,0.011,1.13,0.05,971.6815,3.5428,-7736.5144,6.9066,2237.075,6.9649,2258.967,6.329,6422.3707,7.2138,4945.4425,6.187,8241.3481,0.0415,149919707.092,6.688,-74792.369,6.231,N,1950.0,1-Apr-2013,S. K. Basu and  A. A. Sonzogni,2023-10-18,150eu
63,88,Eu,5.0522,0.0046,47.81,0.06,,0.0,,,5/2+,1.7E+18,GE,,Y,5.36467741568064e+25,,A,,,,,,,,,,3.4635,0.0025,0.903,0.01,-464.1779,2.7791,-6960.3652,6.0113,1963.97,1.0664,-76.618,1.61,7932.0467,6.1782,4890.7336,0.5472,8239.2998,0.0077,150919856.606,1.251,-74653.098,1.166,N,1933.0,20-Nov-2008,BALRAJ SINGH,2023-10-18,151eu
63,89,Eu,5.1064,0.0066,,,,0.0,,,3-,13.517,,9,Y,426554968.3985601,284012.333771328,EC+B+,72.08,0.13,B-,27.92,0.13,,,,,-1.9354,0.0017,2.72,0.03,1818.8037,0.7002,-6770.8977,2.7807,1552.4609,5.6105,1874.477,1.547,6306.7198,0.0997,5600.9911,0.5432,8226.5854,0.0077,151921750.98,1.252,-72888.5,1.166,N,1938.0,31-Aug-2013,M. J. MARTIN,2023-10-18,152eu
63,90,Eu,5.1115,0.0062,52.19,0.06,,0.0,,,5/2+,STABLE,,,,,,,,,,,,,,,,1.5294,0.0011,2.41,0.02,-484.5225,0.715,-6731.4809,0.7077,272.0222,1.9861,-807.407,1.556,8550.2846,0.1198,5893.4602,0.6935,8228.7011,0.0077,152921236.789,1.257,-73367.466,1.171,N,1933.0,16-Aug-2020,N. NICA,2023-10-18,153eu
63,91,Eu,5.1239,0.0079,,,,0.0,,,3-,8.601,,10,Y,271421120.3074658,315569.25974592,B-,99.982,0.012,EC+B+,0.018,0.012,,,,,-2.0,0.006,2.85,0.1,1967.9913,0.7535,-6926.7409,0.7429,-565.947,20.0092,717.197,1.765,6442.2184,0.2384,6467.2787,0.7354,8217.1006,0.0077,153922985.699,1.275,-71738.367,1.188,N,1947.0,1-May-2008,C. W. Reich,2023-10-18,154eu
63,92,Eu,5.1221,0.0069,,,,0.0,,,5/2+,4.753,,14,Y,149990069.15723577,441796.963644288,B-,100.0,,,,,,,,,1.516,0.002,2.5,0.3,251.9612,0.8682,-6183.2969,0.8517,-856.9927,4.5329,-1627.131,1.828,8151.2882,0.3996,6651.7443,1.1713,8216.676,0.0081,154922899.847,1.343,-71818.337,1.252,N,1947.0,21-Oct-2019,N. NICA,2023-10-18,155eu
63,93,Eu,5.1264,0.0071,,,,0.0,,,0+,15.19,,8,d,1312416.0,6912.0,B-,100.0,,,,,,,,,,,,,2452.4891,3.4083,-6083.864,3.408,-1253.2916,26.1051,-722.109,9.225,6335.8253,3.3947,7180.6096,3.5107,8204.6192,0.0226,155924762.976,3.791,-70082.844,3.532,N,1947.0,1-Mar-2012,C. W. REICH,2023-10-18,156eu
63,94,Eu,5.1351,0.0075,,,,0.0,,,5/2+,15.18,,3,h,54648.0,108.0,B-,100.0,,,,,,,,,1.5,0.02,2.6,0.3,1364.7614,4.1973,-4995.1191,4.1998,-1236.0468,9.9762,-2781.48,6.13,7447.6081,5.3516,7387.3701,9.4252,8199.7975,0.027,156925432.556,4.545,-69459.134,4.234,N,1951.0,4-Dec-2015,N. NICA,2023-10-18,157eu
63,95,Eu,5.1413,0.0078,,,,0.0,,,(1-),45.9,,2,m,2754.0,12.0,B-,100.0,,,,,,,,,1.44,0.02,0.66,0.14,3419.5081,2.2547,-4517.8838,2.2549,-1428.775,25.1034,-2018.612,5.196,5882.6452,4.6967,7881.7788,4.8765,8185.132,0.0129,157927782.192,2.181,-67270.461,2.032,N,1951.0,1-Feb-2017,N. NICA,2023-10-18,158eu
63,96,Eu,5.1498,0.0084,,,,0.0,,,5/2+,18.1,,1,m,1086.0,6.0,B-,100.0,,,,,,,,,1.38,0.02,2.7,0.3,2518.4717,4.3657,-3424.7342,4.3649,-1528.2959,6.3761,-3835.537,7.34,6844.2424,4.7737,8080.5077,6.4244,8176.6987,0.0272,158929099.512,4.637,-66043.386,4.32,N,1961.0,31-Dec-2010,C. W. Reich,2023-10-18,159eu
63,97,Eu,,,,,,0.0,,,(5-),42.6,,5,s,42.6,0.5,B-,100.0,,,,,,,,,,,,,4448.6112,1.4417,-3002.9094,1.3327,-1751.5172,1.4927,-3260.277,2.155,5521.3811,4.4135,8574.5704,6.0021,8160.103,0.0057,159931836.982,0.97,-63493.449,0.904,N,1973.0,1-May-2021,N. NICA,2023-10-18,160eu
63,98,Eu,,,,,,0.0,,,,26,,3,s,26.0,3.0,B-,100.0,,,,,,,,,,,,,3714.5406,10.5074,-1920.8593,10.4597,-1919.4011,12.5219,-5119.558,12.435,6369.4705,10.4387,8847.3998,10.5819,8148.981,0.0646,160933663.991,11.164,-61791.601,10.4,N,1986.0,1-Jun-2011,C. W. Reich,2023-10-18,161eu
63,99,Eu,,,,,,0.0,,,,10.6,,10,s,10.6,1.0,B-,100.0,,,,,,,,,,,,,5557.7761,4.1748,-1288.1201,1.9972,-2041.7169,1.5858,-4343.891,3.76,5002.6608,10.4822,9339.8715,6.9426,8129.5593,0.0081,161936958.329,1.41,-58722.944,1.314,N,1987.0,1-Mar-2007,C. W. Reich,2023-10-18,162eu
63,100,Eu,,,,,,0.0,,,,7.7,,4,s,7.7,0.4,B-,100.0,,,,,,,,,,,,,4814.772,1.2046,-364.4169,4.0643,-2444.3835,10.0795,-5974.207,7.414,5922.193,1.5947,9483.7365,3.6374,8116.0172,0.0056,162939265.51,0.97,-56573.819,0.904,N,2007.0,12-Apr-2010,C. W. REICH and  BALRAJ SINGH,2023-10-18,163eu
63,101,Eu,,,,,,0.0,,,(3),4.15,,20,s,4.15,0.2,B-,100.0,,,,,,,,,,,,,6461.5416,2.2969,85.1267,2.216,-2762.4232,2.9113,-5306.832,4.591,4729.6452,2.2566,9921.5055,7.6438,8095.3686,0.0126,163942852.943,2.219,-53232.146,2.068,N,2007.0,30-Nov-2017,BALRAJ SINGH AND JUN CHEN{+#},2023-10-18,164eu
63,102,Eu,,,,,,0.0,,,,2.3,,2,s,2.3,0.2,B-,100.0,,,,,,,,,,,,,5796.6788,5.3733,893.2663,5.3077,-3067.4302,10.4313,-7219.103,400.034,5568.2753,5.6078,10092.7598,6.631,8080.0529,0.0316,164945540.07,5.596,-50729.103,5.213,N,2007.0,31-AUG-2008,BALRAJ SINGH,2023-10-18,165eu
63,103,Eu,,,,,,0.0,,,,1.7,,3,s,1.7,0.3,B-,100.0,,B-N,,,,,,,,,,,7622.0,100.0,1706.0,100.0,-3134.0,316.0,-6299.0,412.3,4091.0,100.0,10528.0,412.0,8056.0,1.0,165949813.0,107.0,-46749.0,100.0,Y,2007.0,23-DEC-2014,BALRAJ SINGH,2023-10-18,166eu
63,104,Eu,,,,,,0.0,,,(5/2+),1.3,,5,s,1.3,0.5,B-,100.0,,B-N,,,,,,,,,,,7006.0,400.0,2530.0,400.0,-3235.0,565.0,-8440.0,640.3,5092.0,412.0,10609.0,565.0,8038.0,2.0,166953011.0,429.0,-43770.0,400.0,Y,2012.0,30-SEP-2013,BALRAJ SINGH AND MICHAEL BIRCH,2023-10-18,167eu
63,105,Eu,,,,,,0.0,,,(6-),0.20,,10,s,0.2,0.1,B-,100.0,,B-N,,,,,,,,,,,8899.0,500.0,3454.0,400.0,-3315.0,565.0,-7610.0,500.0,3552.0,565.0,11210.0,640.0,8012.0,2.0,167957863.0,429.0,-39250.0,400.0,Y,2012.0,30-SEP-2013,BALRAJ SINGH AND MICHAEL BIRCH,2023-10-18,168eu
63,106,Eu,,,,,,0.0,,,,,,,,,,B-,100.0,,B-N,,,,,,,,,,,8230.0,640.0,4418.0,583.0,-3415.0,707.0,,,4481.0,640.0,11309.0,583.0,7991.0,3.0,168961717.0,537.0,-35660.0,500.0,Y,2018.0,31-JAN-2021,BALRAJ SINGH,2023-10-18,169eu
64,70,Gd,,,,,,0.0,,,0+,,,,,,,,,,,,,,,,,,,,,,,,,3745.0,565.0,8270.0,500.0,13541.0,640.0,1583.0,499.0,8008.0,3.0,133955416.0,429.0,-41530.0,400.0,Y,,31-Jul-2022,A.A. Sonzogni,2023-10-18,134gd
64,71,Gd,,,,,,0.0,,,(5/2+),1.1,,2,s,1.1,0.2,EC+B+,100.0,,ECP,2.0,,,,,,,,,,-11197.0,565.0,,,3606.0,565.0,9898.0,445.4,10791.0,565.0,1738.0,500.0,8028.0,3.0,134952496.0,429.0,-44250.0,400.0,Y,1996.0,31-DEC-2016,BALRAJ SINGH,2023-10-18,135gd
64,72,Gd,,,,,,0.0,,,0+,200,GE,,ns,2e-07,,,,,,,,,,,,,,,,-13190.0,582.0,-24108.0,499.0,3625.0,423.0,7154.0,356.6,12911.0,499.0,2231.0,357.0,8064.0,2.0,135947300.0,320.0,-49090.0,298.0,Y,2000.0,1-Apr-2018,E.A. MCCUTCHAN,2023-10-18,136gd
64,73,Gd,,,,,,0.0,,,(7/2),2.2,,2,s,2.2,0.2,EC+B+,100.0,,ECP,,,,,,,,,,,-10246.0,499.0,-23385.0,582.0,3593.0,422.0,8931.904,298.032,10195.0,422.0,2259.0,357.0,8080.0,2.0,136945020.0,320.0,-51214.0,298.0,Y,1999.0,1-Oct-2006,E. BROWNE and  J. K. TULI,2023-10-18,137gd
64,74,Gd,,,,,,0.0,,,0+,4.7,,9,s,4.7,0.9,EC+B+,100.0,,,,,,,,,,,,,-12059.0,361.0,-22764.0,448.0,3292.0,280.0,6089.676,201.943,12517.0,359.0,2803.0,200.0,8112.0,1.0,137940247.0,215.0,-55660.0,200.0,Y,1985.0,30-Sep-2017,JUN CHEN,2023-10-18,138gd
64,75,Gd,,,,,,0.0,,,(9/2-),5.8,,9,s,5.8,0.9,EC+B+,100.0,,ECP,0.0,,,,,,,,,,-9501.0,357.0,-22102.0,358.0,2801.0,249.0,7766.051,196.441,10043.0,280.0,3171.0,198.0,8126.0,1.0,138938130.0,210.0,-57632.0,196.0,Y,1983.0,15-Oct-2016,P.K. JOSHI and  B. SINGH and  S. SINGH and  A.K. JAIN,2023-10-18,139gd
64,76,Gd,,,,,,0.0,,,0+,15.8,,4,s,15.8,0.4,EC+B+,100.0,,,,,,,,,,,,,-11300.0,800.0,-21723.0,299.0,2603.7053,30.612,5203.667,58.627,12222.0,198.0,3673.1975,30.8844,8154.9757,0.1996,139933674.0,30.0,-61782.278,27.945,N,1985.0,20-Nov-2018,N. NICA,2023-10-18,140gd
64,77,Gd,,,,,,0.0,,,1/2+,14,,4,s,14.0,4.0,EC+B+,100.0,,B+P,0.03,0.01,,,,,,,,,-8683.388,107.0975,-20813.2709,800.7318,2342.5087,34.7741,6701.416,23.456,9513.2709,34.2253,3527.2564,55.1964,8164.609,0.1401,140932126.0,21.213,-63224.231,19.76,N,1986.0,12-Oct-2022,N. NICA,2023-10-18,141gd
64,78,Gd,,,,,,0.0,,,0+,70.2,,6,s,70.2,0.6,EC+B+,100.0,,,,,,,,,,,,,-10400.0,700.0,-20489.9974,108.9052,2113.3344,30.3408,4349.408,41.042,11806.6094,34.2253,4322.8463,30.67,8190.2569,0.1968,141928116.0,30.0,-66959.522,27.945,N,1986.0,1-Jun-2010,T.D. Johnson and  D. Symochko(a) and  M. Fadil(b) and  and J.K. Tuli,2023-10-18,142gd
64,79,Gd,,,,,,0.0,,,(1/2)+,39,,2,s,39.0,2.0,EC+B+,100.0,,,,,,,,,,,,,-7812.1185,206.7497,-19743.1068,728.6299,1724.0023,200.597,6010.0,200.6,9343.1068,202.2414,4211.3524,202.5442,8198.3188,1.4007,142926750.678,215.032,-68231.311,200.301,N,1975.0,31-May-2011,E. BROWNE and  J. K. TULI,2023-10-18,143gd
64,80,Gd,,,,,,0.0,,,0+,4.47,,6,m,268.2,3.6,EC+B+,100.0,,,,,,,,,,,,,-9391.3235,39.5199,-19411.6369,58.3579,1271.5183,30.612,3859.664,29.955,11599.5184,202.2414,4807.1714,30.0266,8221.9382,0.1941,143922963.0,30.0,-71759.511,27.945,N,1968.0,1-Dec-2000,A.A. Sonzogni,2023-10-18,144gd
64,81,Gd,4.9786,0.0077,,,,0.0,,,1/2+,23.0,,4,m,1380.0,24.0,EC+B+,100.0,,,,,,,,,-0.74,0.05,,,-6526.9329,109.7144,-18629.7561,34.1999,582.4179,21.4841,5064.898,19.952,9238.4326,34.1999,4596.4222,22.4741,8228.9485,0.136,144921710.051,21.165,-72926.626,19.716,N,1959.0,1-Oct-2008,E. BROWNE and  J. K. TULI,2023-10-18,145gd
64,82,Gd,4.9801,0.014,,,,0.0,,,0+,48.27,,9,d,4170528.0,7776.0,EC+B+,100.0,,,,,,,,,2.1,0.9,,,-8322.1791,44.7488,-17757.4485,110.9705,471.1904,4.0056,1031.78,7.26,11230.5156,20.1329,5383.2702,4.6979,8249.5072,0.0279,145918318.513,4.376,-76085.823,4.076,N,1957.0,14-Jul-2016,Yu. KHAZOV and  A. RODIONOV AND G. SHULYAK,2023-10-18,146gd
64,83,Gd,,,,,,0.0,,,7/2-,38.06,,12,h,137016.0,432.0,EC+B+,100.0,,,,,,,,,1.02,0.09,,,-4614.2543,8.1414,-15664.6019,44.8647,1735.2911,2.0002,2187.683,3.188,7342.4228,4.0274,5528.2959,6.0721,8243.3366,0.0128,146919101.014,2.025,-75356.928,1.887,N,1957.0,9-Mar-2022,N. Nica and B. Singh,2023-10-18,147gd
64,84,Gd,5.008,0.0171,,,,0.0,,,0+,71.1,,12,Y,2243697436.7934914,37868311.1695104,A,100.0,,,,,,,,,-0.16,0.02,0.96,0.05,-5732.4723,12.5208,-13598.0636,8.1048,3271.2911,0.0308,28.063,10.067,8983.8093,1.2316,6013.779,2.3669,8248.3398,0.0099,147918121.414,1.566,-76269.419,1.46,N,1953.0,1-Oct-2013,N. NICA,2023-10-18,148gd
64,85,Gd,,,,,,0.0,,,7/2-,9.28,,10,d,801792.0,8640.0,EC+B+,100.0,,A,0.00043,0.0001,,,,,0.88,0.04,,,-3638.5336,4.3388,-12661.5444,12.8716,3099.3183,3.1316,1314.144,5.118,6929.0721,3.1338,6118.662,10.4193,8239.4856,0.0222,148919347.666,3.553,-75127.173,3.31,N,1951.0,23-Aug-2022,Balraj Singh and Jun Chen,2023-10-18,149gd
64,86,Gd,5.0342,0.0159,,,,0.0,,,0+,1.79E+6,,8,Y,56486897494519.68,2524554077967.36,A,100.0,,,,,,,,,,,,,-4658.2621,8.3784,-12346.7295,6.8933,2807.3935,6.0162,-971.682,8.688,8708.1959,6.747,6611.7052,7.0672,8242.6103,0.0404,149918663.949,6.5,-75764.051,6.055,N,1953.0,1-Apr-2013,S. K. Basu and  A. A. Sonzogni,2023-10-18,150gd
64,87,Gd,,,,,,0.0,,,7/2-,123.9,,10,d,10704960.0,86400.0,EC,100.0,,A,8e-07,,,,,,0.77,0.06,,,-2565.3796,3.7615,-11154.4495,7.8498,2652.2117,2.9135,464.178,3.212,6496.1874,6.6098,6685.5218,6.7639,8231.0446,0.0198,150920354.922,3.212,-74188.92,2.993,N,1950.0,20-Nov-2008,BALRAJ SINGH,2023-10-18,151gd
64,88,Gd,5.0774,0.0048,0.2,0.03,,0.0,,,0+,1.08E14,,8,Y,3.408148005255936e+21,2.52455407796736e+20,A,100.0,,,,,,,,,0.96,0.08,,,-3990.0,40.0,-11155.081,4.0106,2203.8471,1.0238,-1818.804,1.541,8589.7014,2.8537,7343.1765,0.6995,8233.4042,0.0066,151919798.414,1.081,-74707.304,1.007,N,1938.0,31-Aug-2013,M. J. MARTIN,2023-10-18,152gd
64,89,Gd,,,,,,0.0,,,3/2-,240.4,,10,d,20770560.0,86400.0,EC,100.0,,,,,,,,,0.38,0.08,,,-1569.334,3.8444,-10236.9584,40.0002,1828.0382,0.7345,484.522,1.541,6246.9584,0.1293,7283.4151,0.7076,8220.4209,0.0066,152921756.945,1.075,-72882.944,1.002,N,1947.0,16-Aug-2020,N. NICA,2023-10-18,153gd
64,90,Gd,5.1223,0.004,2.18,0.02,,0.0,,,0+,STABLE,,,,,,,,,,,,,,,,0.96,0.06,-1.82,0.04,-3549.6514,45.2983,-10464.0661,3.8471,920.0617,0.6537,-1967.991,1.549,8894.7322,0.1651,7627.8627,0.7264,8224.7996,0.0065,153920872.974,1.066,-73706.358,0.994,N,1938.0,1-May-2008,C. W. Reich,2023-10-18,154gd
64,91,Gd,5.1319,0.0041,14.8,0.09,,0.0,,,3/2-,STABLE,,,,,,,,,,,,,,,,-0.2591,0.0004,1.27,0.03,-819.8588,9.7884,-9984.9096,45.2987,81.2659,0.6691,-251.961,1.592,6435.2581,0.182,7620.9025,0.7722,8213.2541,0.0063,154922629.356,1.055,-72070.298,0.983,N,1933.0,21-Oct-2019,N. NICA,2023-10-18,155gd
64,92,Gd,5.142,0.0042,20.47,0.03,,0.0,,,0+,STABLE,,,,,,,,,,,,,,,,3.24,0.11,-1.93,0.04,-2444.323,3.6774,-9356.2119,9.7882,-197.2718,0.3303,-2452.489,3.666,8536.3531,0.0656,8005.9673,0.8704,8215.3253,0.0063,155922130.12,1.054,-72535.333,0.983,N,1933.0,1-Mar-2012,C. W. REICH,2023-10-18,156gd
64,93,Gd,5.1449,0.0042,15.65,0.04,,0.0,,,3/2-,STABLE,,,,,,,,,,,,,,,,-0.3398,0.0006,1.35,0.03,-60.0473,0.2972,-8804.2034,3.6805,-688.7523,0.3854,-1364.762,4.345,6359.8805,0.149,8030.0226,3.4113,8203.5072,0.0062,156923967.424,1.048,-70823.896,0.977,N,1933.0,4-Dec-2015,N. NICA,2023-10-18,157gd
64,94,Gd,5.1569,0.0043,24.84,0.08,,0.0,,,0+,STABLE,,,,,,,,,,,,,,,,1.55,0.12,-2.01,0.04,-1219.0862,0.9799,-7997.4392,0.3042,-659.3217,0.8962,-3419.508,2.254,7937.3919,0.0646,8519.8063,4.1969,8201.8229,0.0062,157924111.2,1.048,-70689.969,0.976,N,1933.0,1-Feb-2017,N. NICA,2023-10-18,158gd
64,95,Gd,,,,,,0.0,,,3/2-,18.479,,4,h,66524.4,14.4,B-,100.0,,,,,,,,,-0.44,0.03,,,970.7242,0.7495,-7162.2921,0.9817,-795.5676,0.9393,-2518.471,4.43,5943.2059,0.0848,8580.3671,2.2561,8187.6177,0.0062,158926395.822,1.051,-68561.857,0.98,N,1949.0,31-Dec-2010,C. W. Reich,2023-10-18,159gd
64,96,Gd,5.1734,0.0044,21.86,0.03,,0.0,,,0+,STABLE,,,,,,,,,,,,,,,,1.5,0.2,-2.08,0.04,-105.5863,1.0207,-6480.7964,1.0184,-1006.2406,8.5036,-4448.611,1.442,7451.5206,0.7346,9187.6453,4.3645,8183.0171,0.007,159927061.202,1.206,-67942.06,1.123,N,1933.0,1-May-2021,N. NICA,2023-10-18,160gd
64,97,Gd,,,,,,0.0,,,5/2-,3.66,,5,m,219.6,3.0,B-,100.0,,,,,,,,,,,,,1955.6357,1.4402,-5740.9863,1.4289,-1253.4041,4.681,-3714.541,10.508,5635.4,1.0,9301.6642,1.7545,8167.1934,0.0093,160929676.267,1.614,-65506.142,1.504,N,1949.0,1-Jun-2011,C. W. Reich,2023-10-18,161gd
64,98,Gd,,,,,,0.0,,,0+,8.4,,2,m,504.0,12.0,B-,100.0,,,,,,,,,,,,,1598.8278,4.4611,-4890.2605,3.9388,-1453.7869,6.2098,-5557.776,4.175,6845.8963,3.9294,9778.0899,11.1286,8159.0373,0.0245,161930991.812,4.254,-64280.72,3.963,N,1967.0,1-Mar-2007,C. W. Reich,2023-10-18,162gd
64,99,Gd,,,,,,0.0,,,(5/2- 7/2+),68,,3,s,68.0,3.0,B-,100.0,,,,,,,,,,,,,3207.1628,4.1374,-3580.3611,2.1987,-1605.6573,5.9869,-4814.772,1.205,5179.1889,4.0419,9954.618,1.5367,8140.756,0.0049,162934096.64,0.855,-61388.591,0.797,N,1982.0,12-Apr-2010,C. W. REICH and  BALRAJ SINGH,2023-10-18,163gd
64,100,Gd,,,,,,0.0,,,0+,45,,3,s,45.0,3.0,B-,100.0,,,,,,,,,,,,,2411.2959,2.1143,-3169.252,4.1812,-1885.431,2.1968,-6461.542,2.297,6376.4148,1.2784,10408.8398,1.3476,8129.9978,0.0061,163935916.193,1.073,-59693.688,1.0,N,1988.0,30-Nov-2017,BALRAJ SINGH AND JUN CHEN{+#},2023-10-18,164gd
64,101,Gd,,,,,,0.0,,,,10.3,,16,s,10.3,1.6,B-,100.0,,,,,,,,,,,,,4063.0674,2.0189,-2492.1167,2.2741,-2278.6545,6.9407,-5796.679,5.374,4903.4126,1.6432,10582.6071,2.4447,8110.4428,0.0079,164939317.08,1.4,-56525.782,1.304,N,1998.0,15-Apr-2006,ASHOK K. JAIN AND ANWESHA GHOSH and  BALRAJ SINGH,2023-10-18,165gd
64,102,Gd,,,,,,0.0,,,0+,4.8,,10,s,4.8,1.0,B-,100.0,,,,,,,,,,,,,3437.8515,2.1558,-1853.3947,2.2097,-2416.7885,3.8629,-7621.926,100.013,5916.462,2.0514,10930.7939,5.4479,8097.226,0.0095,165941630.413,1.7,-54370.926,1.584,N,2005.0,25-JAN-2015,BALRAJ SINGH,2023-10-18,166gd
64,103,Gd,,,,,,0.0,,,(5/2-),4.26,,+18-32,s,4.26,0.25,B-,100.0,,,,,,,,,,,,,5107.3505,5.5584,-1038.2723,5.4141,-2601.0362,9.018,-7005.732,400.034,4476.1239,5.448,11316.0,100.0,8075.5428,0.0312,166945490.012,5.596,-50775.732,5.213,N,2012.0,30-SEP-2013,BALRAJ SINGH AND MICHAEL BIRCH,2023-10-18,167gd
64,104,Gd,,,,,,0.0,,,0+,3.03,,16,s,3.03,0.16,B-,100.0,,,,,,,,,,,,,4631.0,300.0,-338.0,300.0,-2649.0,300.0,-8900.0,500.0,5445.0,300.0,11669.0,500.0,8060.0,2.0,167948309.0,322.0,-48150.0,300.0,Y,1985.0,30-SEP-2013,BALRAJ SINGH AND MICHAEL BIRCH,2023-10-18,168gd
64,105,Gd,,,,,,0.0,,,(7/2-),0.75,,21,s,0.75,0.21,B-,100.0,,B-N,,,,,,,,,,,6590.0,500.0,820.0,400.0,-2805.0,565.0,-8230.0,640.3,3812.0,500.0,11929.0,565.0,8035.0,2.0,168952882.0,429.0,-43890.0,400.0,Y,2012.0,2-Jun-2022,F.G. KONDEV,2023-10-18,169gd
64,106,Gd,,,,,,0.0,,,0+,0.41,,+14-12,s,0.41,0.13,B-,100.0,,B-N,,,,,,,,,,,5860.0,583.0,1559.0,583.0,-2825.0,640.0,,,5031.0,640.0,12478.0,707.0,8017.0,3.0,169956146.0,537.0,-40850.0,500.0,Y,2012.0,1-Oct-2018,C.M. Baglin{+1} and  E.A. McCutchan{+2} and  S. Basunia{+1,2023-10-18,170gd
64,107,Gd,,,,,,0.0,,,,,,,,,,B-,100.0,,B-N,,,,,,,,,,,7560.0,640.0,2428.0,583.0,-3305.0,707.0,,,3432.0,707.0,12639.0,707.0,7990.0,3.0,170961127.0,537.0,-36210.0,500.0,Y,2018.0,31-JAN-2021,BALRAJ SINGH,2023-10-18,171gd
64,108,Gd,,,,,,0.0,,,0+,,,,,,,B-,100.0,,B-N,,,,,,,,,,,6720.0,583.0,2728.0,500.0,-3755.0,424.0,,,4832.0,583.0,,,7972.0,2.0,171964605.0,322.0,-32970.0,300.0,Y,2018.0,31-JAN-2021,BALRAJ SINGH,2023-10-18,172gd
65,70,Tb,,,,,,0.0,,,(7/2-),0.94,,+33-22,ms,0.00094,0.000275,P,100.0,,EC+B+,,,,,,,,,,,,,,,3986.0,565.0,11197.0,565.6,,,-1187.9999,7.0,7939.0,3.0,134964516.0,429.0,-33053.0,400.0,Y,2004.0,31-DEC-2016,BALRAJ SINGH,2023-10-18,135tb
65,73,Tb,,,,,X,,,,,200,GE,,ns,2e-07,,EC+B+,100.0,,,,,,,,,,,,,-8669.0,586.0,,,3775.0,424.0,12060.0,360.5,10705.0,500.0,-324.0,423.0,8019.0,2.0,137953193.0,322.0,-43600.0,300.0,Y,1993.0,30-Sep-2017,JUN CHEN,2023-10-18,138tb
65,74,Tb,,,,,,0.0,,,,1.6,,2,s,1.6,0.2,EC+B+,0.0,,ECP,,,P,,,,,,,,-10430.0,582.0,-21271.0,585.0,3593.0,357.0,9502.0,356.6,12601.0,423.0,-240.0,359.0,8052.0,2.0,138948330.0,320.0,-48130.0,298.0,Y,1999.0,15-Oct-2016,P.K. JOSHI and  B. SINGH and  S. SINGH and  A.K. JAIN,2023-10-18,139tb
65,75,Tb,,,,,,0.0,,,(7+),2.29,,15,s,2.29,0.15,EC+B+,100.0,,ECP,0.26,0.13,,,,,,,,,-7652.0,895.0,-20853.0,944.0,3336.0,824.0,11300.0,800.9,10423.0,854.0,140.0,824.0,8068.6732,5.7178,139945805.048,859.359,-50482.278,800.488,N,1986.0,20-Nov-2018,N. NICA,2023-10-18,140tb
65,76,Tb,,,,,,0.0,,,(5/2-),3.5,,2,s,3.5,0.2,EC+B+,100.0,,,,,,,,,,,,,-9158.0,316.0,-19782.0,414.0,3180.145,105.3498,8683.388,107.098,12129.8829,807.3787,47.5359,108.9052,8097.4761,0.7465,140941448.0,113.0,-54540.843,105.259,N,1986.0,12-Oct-2022,N. NICA,2023-10-18,141tb
65,77,Tb,,,,,,0.0,,,1+,597,,17,ms,0.597,0.017,EC+B+,100.0,,B+P,0.0022,0.0011,,,,,,,,,-6440.0,200.0,-19248.0,761.0,2765.2376,701.1147,10400.0,701.1,10089.9974,708.421,624.2624,700.8362,8111.508,4.9335,141939280.858,752.079,-56559.522,700.558,N,1991.0,1-Jun-2010,T.D. Johnson and  D. Symochko(a) and  M. Fadil(b) and  and J.K. Tuli,2023-10-18,142tb
65,78,Tb,,,,,,0.0,,,(11/2-),12,,1,s,12.0,1.0,EC+B+,100.0,,,,,,,,,,,,,-8250.2433,52.8659,-18371.0,730.0,2553.9432,52.893,7812.119,206.749,11930.9883,702.4284,748.6413,58.3579,8138.2176,0.3583,142935137.332,55.0,-60419.192,51.232,N,1985.0,31-May-2011,E. BROWNE and  J. K. TULI,2023-10-18,143tb
65,79,Tb,,,,,,0.0,,,1+,1,AP,,s,1.0,,EC+B+,100.0,,,,,,,,,,,,,-5798.0965,28.8506,-18270.5566,30.8379,2192.8419,58.6268,9391.323,39.52,10020.3134,58.3579,1425.8479,202.2414,8151.2877,0.1941,143933045.0,30.0,-62368.188,27.945,N,1982.0,1-Dec-2000,A.A. Sonzogni,2023-10-18,144tb
65,80,Tb,,,,,X,,,850.0,(3/2+),,,,,,,,,,,,,,,,,,,,,-8157.0853,111.0872,-17900.9197,111.1274,1101.0382,111.6135,6526.933,112.635,12102.8232,114.3624,1929.1526,114.3624,8178.5397,0.7648,144928717.001,119.051,-66399.693,110.896,N,1981.0,1-Oct-2008,E. BROWNE and  J. K. TULI,2023-10-18,145tb
65,81,Tb,,,,,,0.0,,,1+,8,,4,s,8.0,4.0,EC+B+,100.0,,,,,,,,,,,,,-5208.7165,45.158,-17592.3547,45.3317,1120.3696,53.9693,8322.179,45.045,9435.2694,119.6256,2125.9895,49.0017,8187.1474,0.3073,145927252.739,48.159,-67763.644,44.86,N,1974.0,14-Jul-2016,Yu. KHAZOV and  A. RODIONOV AND G. SHULYAK,2023-10-18,146tb
65,82,Tb,4.9201,0.1508,,,,0.0,,,(1/2+),1.64,,3,h,5904.0,108.0,EC+B+,100.0,,,,,,,,,1.71,0.05,,,-6546.6266,11.9939,-16259.0641,10.5042,1073.7214,13.6466,4614.254,8.313,11050.3476,45.517,1945.8214,8.6271,8206.625,0.0551,146924054.62,8.691,-70742.674,8.096,N,1969.0,9-Mar-2022,N. Nica and B. Singh,2023-10-18,147tb
65,83,Tb,4.9291,0.1507,,,,0.0,,,2-,60,,1,m,3600.0,60.0,EC+B+,100.0,,,,,,,,,-1.76,0.02,-0.3,0.2,-2677.5501,9.5961,-14412.2179,15.2854,2657.3119,16.4752,5732.472,12.548,7865.5913,14.8512,2468.99,12.5784,8204.3207,0.0842,147924275.476,13.379,-70536.947,12.463,N,1960.0,1-Oct-2013,N. NICA,2023-10-18,148tb
65,84,Tb,4.9427,0.1506,,,,0.0,,,1/2+,4.12,,3,h,14832.0,108.0,EC+B+,83.3,1.7,A,16.7,1.7,,,,,1.36,0.02,,,-3794.6493,9.1335,-11700.5609,9.3745,4077.9687,2.1651,3638.534,4.912,9023.0108,12.9225,2508.1915,3.345,8209.8153,0.0244,148923253.792,3.895,-71488.639,3.629,N,1950.0,23-Aug-2022,Balraj Singh and Jun Chen,2023-10-18,149tb
65,85,Tb,4.9499,0.1505,,,,0.0,,,(2)-,3.48,,16,h,12528.0,576.0,EC+B+,100.0,,A,0.05,,,,,,-0.9,0.02,,,-1796.1707,8.3886,-11483.1167,11.6749,3586.8983,4.9256,4658.262,9.539,7688.4674,8.0487,3267.5868,7.9377,8206.3396,0.0491,149923664.799,7.912,-71105.789,7.371,N,1959.0,1-Apr-2013,S. K. Basu and  A. A. Sonzogni,2023-10-18,150tb
65,86,Tb,4.963,0.1504,,,,0.0,,,1/2(+),17.609,,14,h,63392.4,50.4,EC+B+,99.9905,0.0015,A,0.0095,0.0015,,,,,0.926,0.006,,,-2871.1525,4.9455,-10385.2406,5.7509,3496.1546,3.9256,2565.379,5.071,8589.0699,8.3146,3148.4607,7.1691,8208.8743,0.0271,150923108.97,4.395,-71623.541,4.094,N,1953.0,20-Nov-2008,BALRAJ SINGH,2023-10-18,151tb
65,87,Tb,4.9689,0.1504,,,,0.0,,,2-,17.5,,1,h,63000.0,360.0,EC+B+,100.0,,A,7e-07,,,,,,-0.58,0.02,0.34,0.13,-599.3405,40.2575,-10036.2336,40.1263,3155.2627,41.2251,3990.0,40.0,7165.081,40.2006,3817.3544,40.1017,8202.0072,0.2632,151924081.855,42.955,-70717.304,40.013,N,1959.0,31-Aug-2013,M. J. MARTIN,2023-10-18,152tb
65,88,Tb,4.995,0.1502,,,,0.0,,,5/2+,2.34,,1,d,202176.0,864.0,EC+B+,100.0,,,,,,,,,3.47,0.02,1.08,0.14,-2170.4134,1.9335,-9266.9649,5.8557,2702.7909,5.0231,1569.334,4.072,8667.6245,40.1844,3895.2775,3.8453,8205.0504,0.0258,152923441.694,4.237,-71313.61,3.947,N,1957.0,16-Aug-2020,N. NICA,2023-10-18,153tb
65,89,Tb,5.0333,0.1501,,,,0.0,,,0,21.5,,4,h,77400.0,1440.0,EC+B+,100.0,,B-,0.1,,,,,,1.6,0.2,,,237.308,45.9008,-9084.8281,45.4665,2210.747,45.72,3549.651,45.32,6914.4147,45.4614,4562.7337,45.2986,8196.6697,0.2942,153924683.681,48.641,-70156.707,45.309,N,1972.0,1-May-2008,C. W. Reich,2023-10-18,154tb
65,90,Tb,5.0391,0.15,,,,0.0,,,3/2+,5.32,,6,d,459648.0,5184.0,EC,100.0,,,,,,,,,2.03,0.02,1.41,0.06,-2094.5,1.8974,-8927.7427,12.2765,977.7429,9.8155,819.859,9.879,9165.0508,46.3442,4833.0523,9.79,8202.9173,0.0634,154923509.511,10.552,-71250.439,9.83,N,1957.0,21-Oct-2019,N. NICA,2023-10-18,155tb
65,91,Tb,,,,,,0.0,,,3-,5.35,,10,d,462240.0,8640.0,EC+B+,100.0,,,,,,,,,1.7,0.2,2.3,0.8,438.3762,3.6789,-9006.389,10.2815,372.5738,3.7472,2444.323,3.894,6911.889,10.4551,5309.6832,3.6767,8194.6415,0.0242,155924754.209,4.044,-70091.01,3.768,N,1950.0,1-Mar-2012,C. W. REICH,2023-10-18,156tb
65,92,Tb,5.0489,0.15,,,,0.0,,,3/2+,71,,7,Y,2240541744.196032,220898481.822144,EC,100.0,,,,,,,,,2.03,0.02,1.4,0.08,-1339.1791,5.1297,-8305.7799,0.3464,178.7023,0.8164,60.048,1.411,8744.1561,3.689,5517.4862,0.3309,8198.1416,0.0065,156924031.888,1.092,-70763.848,1.018,N,1960.0,4-Dec-2015,N. NICA,2023-10-18,157tb
65,93,Tb,,,,,,0.0,,,3-,180,,11,Y,5680246675.42656,347126185.720512,EC+B+,83.4,0.7,B-,16.6,0.7,,,,,1.753,0.007,2.7,0.5,936.2686,2.475,-8117.5322,5.1874,-157.4324,1.2454,1219.086,1.6,6778.3531,1.0099,5935.9587,0.9778,8189.1556,0.008,157925419.942,1.36,-69470.883,1.268,N,1957.0,1-Feb-2017,N. NICA,2023-10-18,158tb
65,94,Tb,5.06,0.15,100.0,,,0.0,,,3/2+,STABLE,,,,,,,,,,,,,,,,2.009,0.004,1.432,0.008,-365.3613,1.1573,-7196.7477,2.4188,-139.1605,1.1453,-970.725,1.475,8133.0163,0.6383,6131.5832,0.7471,8188.8025,0.0069,158925353.707,1.184,-69532.582,1.103,N,1933.0,31-Dec-2010,C. W. Reich,2023-10-18,159tb
65,95,Tb,,,,,,0.0,,,3-,72.3,,2,d,6246720.0,17280.0,B-,100.0,,,,,,,,,1.698,0.008,3.85,0.05,1835.9516,1.1011,-6740.5714,1.1646,-178.5453,3.4924,105.586,1.579,6375.2101,0.1336,6563.5873,0.7618,8177.4676,0.0069,159927174.553,1.191,-67836.474,1.11,N,1943.0,1-May-2021,N. NICA,2023-10-18,160tb
65,96,Tb,,,,,,0.0,,,3/2+,6.89,,2,d,595296.0,1728.0,B-,100.0,,,,,,,,,2.2,0.1,1.3,0.6,593.7166,1.201,-5860.6704,1.2022,-427.5592,4.2988,-1955.636,1.935,7696.622,0.5498,6808.6887,1.0364,8174.4809,0.0076,160927576.806,1.308,-67461.778,1.218,N,1949.0,1-Jun-2011,C. W. Reich,2023-10-18,161tb
65,97,Tb,,,,,,0.0,,,1-,7.60,,15,m,456.0,9.0,B-,100.0,,,,,,,,,,,,,2301.6217,2.164,-5895.3718,2.1646,-1034.0023,2.8862,-1598.828,4.461,6489.0883,2.3841,7662.3771,2.542,8164.0773,0.0127,161929275.4,2.2,-65879.548,2.049,N,1965.0,28-FEB-2016,BALRAJ SINGH,2023-10-18,162tb
65,98,Tb,,,,,,0.0,,,3/2+,19.5,,3,m,1170.0,18.0,B-,100.0,,,,,,,,,,,,,1785.1041,4.0006,-4485.9022,4.0009,-977.2839,5.9133,-3207.163,4.137,6787.5239,4.5478,7604.0047,5.6268,8155.6322,0.0249,162930653.609,4.358,-64595.754,4.06,N,1966.0,12-Apr-2010,C. W. REICH and  BALRAJ SINGH,2023-10-18,163tb
65,99,Tb,,,,,,0.0,,,(5+),3.0,,1,m,180.0,6.0,B-,100.0,,,,,,,,,,,,,3862.6653,1.9884,-3795.4438,1.9878,-1036.4506,2.0705,-2411.295,2.114,5580.5479,4.467,8005.3637,2.0262,8139.9304,0.0114,163933327.561,2.0,-62104.983,1.863,N,1968.0,30-Nov-2017,BALRAJ SINGH AND JUN CHEN{+#},2023-10-18,164tb
65,100,Tb,,,,,,0.0,,,(3/2+),2.11,,10,m,126.6,6.0,B-,100.0,,,,,,,,,,,,,3023.4392,1.6915,-2692.5188,1.6906,-1222.1641,10.5131,-4063.067,2.019,6555.1841,2.4178,8184.1329,1.837,8130.3259,0.0093,164934955.198,1.654,-60588.849,1.541,N,1983.0,15-Apr-2006,ASHOK K. JAIN AND ANWESHA GHOSH and  BALRAJ SINGH,2023-10-18,165tb
65,101,Tb,,,,,,0.0,,,(2-),25.1,,21,s,25.1,2.1,B-,100.0,,,,,,,,,,,,,4775.693,1.669,-2267.807,1.6204,-1510.7496,1.9663,-3437.852,2.156,5291.2462,2.1248,8571.9666,1.9597,8113.223,0.0088,165937939.727,1.57,-57808.778,1.463,N,1996.0,1-Mar-2008,CORAL M. BAGLIN,2023-10-18,166tb
65,102,Tb,,,,,,0.0,,,(3/2+),19.4,,27,s,19.4,2.7,B-,100.0,,,,,,,,,,,,,4028.3686,4.4459,-1369.9299,2.0901,-1734.1794,2.1305,-5107.35,5.55,6145.6228,2.4212,8801.1274,2.496,8101.441,0.0116,166940007.046,2.071,-55883.082,1.929,N,1999.0,5-Jul-2000,Coral M. Baglin,2023-10-18,167tb
65,103,Tb,,,,,,0.0,,,(4-),8.2,,13,s,8.2,1.3,B-,100.0,,,,,,,,,,,,,5777.2167,140.0696,-941.0483,5.7978,-1973.9511,4.674,-4631.181,300.029,4969.4169,4.6144,9294.4204,6.6891,8082.798,0.025,167943337.074,4.5,-52781.181,4.192,N,1999.0,15-Jun-2010,CORAL M. BAGLIN,2023-10-18,168tb
65,104,Tb,,,,,,0.0,,,(3/2+),5.1,,3,s,5.1,0.3,B-,100.0,,B-N,,,,,,,,,,,5116.0,425.0,7.0,331.0,-2176.0,300.0,-6590.0,500.0,5771.0,300.0,9620.0,424.0,8069.0,2.0,168945807.0,322.0,-50480.0,300.0,Y,2012.0,20-Feb-2017,FILIP G KONDEV,2023-10-18,169tb
65,105,Tb,,,,,,0.0,,,,0.96,,8,s,0.96,0.08,B-,100.0,,B-N,,,,,,,,,,,7000.0,361.0,815.0,425.0,-2386.0,316.0,-5860.0,583.0,4301.0,424.0,10109.0,500.0,8047.0,2.0,169949855.0,322.0,-46710.0,300.0,Y,2012.0,1-Jul-2022,C.M. Baglin{+1} and  E.A. McCutchan{+2} and  S. Basunia{+1,2023-10-18,170tb
65,106,Tb,,,,,,0.0,,,,1.24,,+9-10,s,1.24,0.095,B-,100.0,,B-N,,,,,,,,,,,6240.0,447.0,1869.0,447.0,-2425.0,565.0,-7560.0,640.3,5132.0,500.0,10209.0,640.0,8030.0,2.0,170953011.0,429.0,-43770.0,400.0,Y,2012.0,30-Jun-2018,CORAL M. BAGLIN and  E.A. MCCUTCHAN,2023-10-18,171tb
65,107,Tb,,,,,,0.0,,,(6+),0.76,,19,s,0.76,0.19,B-,100.0,,B-N,,,,,,,,,,,8070.0,583.0,2249.0,539.0,-2865.0,640.0,-6720.0,583.0,3991.0,640.0,10769.0,707.0,8006.0,3.0,171957391.0,537.0,-39690.0,500.0,Y,2012.0,20-Feb-2017,FILIP G KONDEV,2023-10-18,172tb
65,108,Tb,,,,,,0.0,,,,,,,,,,B-,100.0,,B-N,,,,,,,,,,,7230.0,640.0,3178.0,583.0,-3274.0,707.0,,,4891.0,707.0,10829.0,583.0,7988.0,3.0,172960805.0,537.0,-36510.0,500.0,Y,2018.0,31-JAN-2021,BALRAJ SINGH,2023-10-18,173tb
65,109,Tb,,,,,,0.0,,,,,,,,,,B-,100.0,,B-N,,,,,,,,,,,9160.0,707.0,3699.0,640.0,-3534.0,707.0,,,3531.0,707.0,,,7963.0,3.0,173965679.0,537.0,-31970.0,500.0,Y,2018.0,31-JAN-2021,BALRAJ SINGH,2023-10-18,174tb
66,73,Dy,,,,,,0.0,,,(7/2+),0.6,,2,s,0.6,0.2,EC+B+,100.0,,ECP,11.0,,,,,,,,,,,,,,4124.0,640.0,10430.0,582.0,10841.0,709.0,1389.0,583.0,7971.0,4.0,138959527.0,537.0,-37700.0,500.0,Y,1999.0,15-Oct-2016,P.K. JOSHI and  B. SINGH and  S. SINGH and  A.K. JAIN,2023-10-18,139dy
66,74,Dy,,,,,,0.0,,,0+,,,,,,,EC+B+,,,,,,,,,,,,,,-13513.0,641.0,,,3835.0,499.0,7652.278,895.311,13201.0,641.0,1989.0,499.0,8008.0,3.0,139954020.0,430.0,-42830.0,401.0,Y,2002.0,20-Nov-2018,N. NICA,2023-10-18,140dy
66,75,Dy,,,,,,0.0,,,(9/2-),0.9,,2,s,0.9,0.2,EC+B+,100.0,,B+P,,,,,,,,,,,-11018.0,499.0,-24136.0,582.0,3406.0,422.0,9158.843,316.043,10624.0,499.0,2189.0,854.0,8027.0,2.0,140951280.0,320.0,-45382.0,298.0,Y,1984.0,12-Oct-2022,N. NICA,2023-10-18,141dy
66,76,Dy,,,,,,0.0,,,0+,2.3,,3,s,2.3,0.3,EC+B+,100.0,,ECP,0.06,0.03,,,,,,,,,-12869.0,831.0,-23826.0,831.0,3115.0,756.0,6439.522,1011.05,12808.0,787.0,2868.0,736.0,8061.0,5.0,141946194.0,782.0,-50120.0,729.0,Y,1986.0,1-Jun-2010,T.D. Johnson and  D. Symochko(a) and  M. Fadil(b) and  and J.K. Tuli,2023-10-18,142dy
66,77,Dy,,,,,,0.0,,,(1/2+),5.6,,10,s,5.6,1.0,EC+B+,100.0,,ECP,,,,,,,,,,,-10121.0,298.0,-22990.0,401.0,3038.0,196.0,8250.243,52.866,10121.0,729.0,2898.3981,700.6789,8075.0527,0.0912,142943994.332,14.0,-52168.949,13.041,N,1983.0,31-May-2011,E. BROWNE and  J. K. TULI,2023-10-18,143dy
66,78,Dy,,,,,,0.0,,,0+,9.1,,4,s,9.1,0.4,EC+B+,100.0,,ECP,,,,,,,,,,,-11960.5706,11.1039,-22594.0,298.0,2787.2709,28.8506,5798.097,28.851,12472.4601,14.8832,3439.8698,51.7318,8105.5902,0.0498,143939269.512,7.7,-56570.091,7.173,N,1986.0,1-Dec-2000,A.A. Sonzogni,2023-10-18,144dy
66,79,Dy,,,,,,0.0,,,(1/2+),6,,2,s,6.0,2.0,EC+B+,100.0,,ECP,50.0,,,,,,,,,,-9122.4943,9.9019,-21704.405,10.6943,2556.7074,20.808,8157.086,111.088,9743.8344,9.6934,3163.3909,28.6955,8116.8884,0.045,144937473.992,7.0,-58242.607,6.52,N,1982.0,1-Oct-2008,E. BROWNE and  J. K. TULI,2023-10-18,145dy
66,80,Dy,5.0438,0.2389,,,,0.0,,,0+,33.2,,7,s,33.2,0.7,EC+B+,100.0,,,,,,,,,,,,,-11316.7007,9.3917,-21506.1325,10.0175,1979.6787,28.7356,5208.716,45.357,12383.6382,9.3454,3444.2059,111.0975,8146.1128,0.0459,145932844.526,7.187,-62554.928,6.695,N,1981.0,14-Jul-2016,Yu. KHAZOV and  A. RODIONOV AND G. SHULYAK,2023-10-18,146dy
66,81,Dy,,,,,,0.0,,,(1/2+),67,,7,s,67.0,7.0,EC+B+,100.0,,B+P,0.05,,,,,,-0.915,0.009,0.67,0.1,-8438.946,10.1644,-21029.1382,11.0314,1610.348,200.4969,6546.627,11.994,9712.4375,11.0963,3721.374,45.7248,8156.768,0.0602,146931082.712,9.5,-64196.047,8.849,N,1975.0,9-Mar-2022,N. Nica and B. Singh,2023-10-18,147dy
66,82,Dy,5.0455,0.2389,,,,0.0,,,0+,3.3,,2,m,198.0,12.0,EC+B+,100.0,,,,,,,,,,,,,-9868.2304,84.2872,-20173.6137,10.0556,1475.1987,29.2749,2677.55,15.21,11734.6677,12.4264,4405.6941,11.8922,8180.943,0.0589,147927149.944,9.365,-67859.397,8.724,N,1974.0,1-Oct-2013,N. NICA,2023-10-18,148dy
66,83,Dy,5.0567,0.2394,,,,0.0,,,7/2-,4.2,,2,m,252.0,12.0,EC+B+,100.0,,,,,,,,,-0.119,0.007,-0.62,0.05,-6048.1366,12.7928,-17774.142,84.3359,2807.7196,21.7495,3794.649,9.874,7905.9116,12.0703,4446.0145,15.0321,8179.0972,0.0616,148927327.516,9.858,-67693.99,9.183,N,1958.0,23-Aug-2022,Balraj Singh and Jun Chen,2023-10-18,149dy
66,84,Dy,5.0706,0.2413,,,,0.0,,,0+,7.17,,5,m,430.2,3.0,EC+B+,64.0,5.0,A,36.0,5.0,,,,,,,,,-7363.7264,14.4629,-15735.0826,12.6866,4351.2892,1.5393,1796.171,8.543,9686.946,9.9805,5109.9497,5.2897,8189.1495,0.0288,149925593.068,4.636,-69309.618,4.319,N,1959.0,1-Apr-2013,S. K. Basu and  A. A. Sonzogni,2023-10-18,150dy
66,85,Dy,5.0801,0.2435,,,,0.0,,,7/2(-),17.9,,3,m,1074.0,18.0,EC+B+,94.4,0.4,A,5.6,0.4,,,,,-0.945,0.007,-0.3,0.05,-5129.6421,8.7507,-14877.8144,14.498,4179.6239,2.6426,2871.153,5.225,7514.088,5.0259,4935.5704,7.8815,8184.6789,0.0215,150926191.279,3.486,-68752.388,3.247,N,1959.0,20-Nov-2008,BALRAJ SINGH,2023-10-18,151dy
66,86,Dy,5.095,0.2482,,,,0.0,,,0+,2.38,,2,h,8568.0,72.0,EC+B+,99.9,0.007,A,0.1,0.007,,,,,,,,,-6513.3275,13.3176,-14566.5352,9.3787,3726.5401,4.3548,599.341,40.276,9436.8931,5.2407,5783.3936,5.946,8192.9171,0.0302,151924725.274,4.93,-70117.963,4.593,N,1958.0,31-Aug-2013,M. J. MARTIN,2023-10-18,152dy
66,87,Dy,5.1035,0.2516,,,,0.0,,,7/2(-),6.4,,1,h,23040.0,360.0,EC+B+,99.9906,0.0014,A,0.0094,0.0014,,,,,-0.712,0.006,-0.15,0.09,-4131.1229,6.1571,-13609.879,13.1342,3559.0607,3.6167,2170.413,5.62,7096.5515,5.8796,5714.864,40.1902,8185.7514,0.0262,152925771.729,4.295,-69143.197,4.001,N,1958.0,16-Aug-2020,N. NICA,2023-10-18,153dy
66,88,Dy,5.1241,0.2618,,,,0.0,,,0+,3.0E+6,,15,Y,94670777923776.0,47335388961888.0,A,100.0,,,,,,,,,,,,,-5754.6363,10.1785,-13453.259,8.8743,2945.1204,4.9463,-237.308,45.914,9322.1361,8.3398,6369.3757,8.317,8193.1305,0.0483,153924428.92,7.977,-70394.015,7.431,N,1961.0,1-May-2008,C. W. Reich,2023-10-18,154dy
66,89,Dy,5.1457,0.2751,,,,0.0,,,3/2-,9.9,,2,h,35640.0,720.0,EC+B+,100.0,,,,,,,,,-0.337,0.003,0.96,0.02,-3116.1405,16.5887,-12587.879,12.6284,2608.0651,10.0196,2094.5,13.7,6833.2427,12.129,6288.2038,46.3053,8184.357,0.0622,154925758.049,10.354,-69155.939,9.645,N,1958.0,21-Oct-2019,N. NICA,2023-10-18,155dy
66,90,Dy,5.1622,0.2869,0.056,0.003,,0.0,,,0+,STABLE,,,,,,2EC,,,,,,,,,,,,,,-4990.9836,38.4111,-12560.9057,17.4635,1753.0013,0.3013,-438.376,3.895,9444.7652,9.602,6567.9182,9.7877,8192.4366,0.0063,155924283.593,1.06,-70529.386,0.988,N,1948.0,1-Mar-2012,C. W. REICH,2023-10-18,156dy
66,91,Dy,5.1709,0.2936,,,,0.0,,,3/2-,8.14,,4,h,29304.0,144.0,EC+B+,100.0,,,,,,,,,-0.301,0.002,1.29,0.02,-2591.8068,23.7839,-11957.5844,38.751,1033.3589,5.1267,1339.179,5.254,6966.6008,5.1212,6622.63,6.2876,8184.6287,0.0328,156925469.555,5.532,-69424.669,5.154,N,1953.0,4-Dec-2015,N. NICA,2023-10-18,157dy
66,92,Dy,5.1815,0.3023,0.095,0.003,,0.0,,,0+,STABLE,,,,,,,,,,,,,,,,3.3,1.0,,,-4219.7555,27.0048,-11645.6076,23.5582,874.2903,2.4013,-936.269,2.659,9053.8008,5.1246,6932.2747,2.4093,8190.1298,0.0148,157924414.817,2.509,-70407.152,2.337,N,1938.0,1-Feb-2017,N. NICA,2023-10-18,158dy
66,93,Dy,5.1825,0.3031,,,,0.0,,,3/2-,144.4,,2,d,12476160.0,17280.0,EC,100.0,,,,,,,,,-0.354,0.003,1.37,0.02,-1837.6,2.6833,-11051.1419,27.1284,478.162,1.3138,365.362,1.813,6831.3864,2.5866,6985.308,1.3195,8181.5842,0.0091,158925745.938,1.544,-69167.22,1.439,N,1951.0,31-Dec-2010,C. W. Reich,2023-10-18,159dy
66,94,Dy,5.1951,0.3139,2.329,0.018,,0.0,,,0+,STABLE,,,,,,,,,,,,,,,,3.1,0.6,1.8,0.4,-3290.0,15.0,-10414.1231,3.0223,437.9921,0.9994,-1835.951,1.312,8576.5231,1.3908,7428.8147,1.0945,8184.0526,0.0044,159925203.578,0.751,-69672.425,0.7,N,1938.0,1-May-2021,N. NICA,2023-10-18,160dy
66,95,Dy,5.1962,0.0459,18.889,0.042,,0.0,,,5/2+,STABLE,,,,,,A,,,,,,,,,,-0.479,0.003,2.51,0.02,-859.2003,2.1368,-9744.3869,15.0002,343.4857,0.9912,-593.716,1.403,6454.3869,0.0757,7507.9916,1.0998,8173.3093,0.0043,160926939.425,0.748,-68055.494,0.697,N,1934.0,1-Jun-2011,C. W. Reich,2023-10-18,161dy
66,96,Dy,5.2074,0.0172,25.475,0.036,,0.0,,,0+,STABLE,,,,,,,,,,,,,,,,3.6,0.7,,,-2140.6068,3.0926,-9056.1937,2.1378,83.8841,0.9906,-2301.621,2.164,8196.9934,0.06,8008.363,1.2015,8173.4555,0.0043,161926804.507,0.746,-68181.169,0.695,N,1934.0,1-Mar-2007,C. W. Reich,2023-10-18,162dy
66,97,Dy,5.2099,0.012,24.896,0.042,,0.0,,,5/2-,STABLE,,,,,,,,,,,,,,,,0.671,0.004,2.65,0.02,-2.8309,0.0222,-8411.6131,3.0926,-243.9163,0.9935,-1785.104,4.119,6271.0063,0.0466,7790.281,2.1634,8161.784,0.0043,162928737.221,0.744,-66380.858,0.693,N,1934.0,12-Apr-2010,C. W. REICH and  BALRAJ SINGH,2023-10-18,163dy
66,98,Dy,5.2218,0.0106,28.26,0.054,,0.0,,,0+,STABLE,,,,,,,,,,,,,,,,3.1,0.7,-2.08,0.15,-987.1315,1.371,-7660.94,0.0733,-450.5047,1.1051,-3862.666,1.988,7658.1091,0.0698,8660.8662,4.0,8158.7129,0.0042,163929180.819,0.746,-65967.649,0.695,N,1934.0,30-Nov-2017,BALRAJ SINGH AND JUN CHEN{+#},2023-10-18,164dy
66,99,Dy,,,,,,0.0,,,7/2+,2.332,,4,h,8395.2,14.4,B-,100.0,,,,,,,,,-0.518,0.006,3.48,0.07,1285.7287,0.7502,-6703.0895,1.3721,-531.0627,1.4913,-3023.44,1.69,5715.958,0.0537,8796.2763,1.9892,8143.9083,0.0042,164931709.402,0.748,-63612.289,0.697,N,1935.0,15-Apr-2006,ASHOK K. JAIN AND ANWESHA GHOSH and  BALRAJ SINGH,2023-10-18,165dy
66,100,Dy,,,,,,0.0,,,0+,81.6,,1,h,293760.0,360.0,B-,100.0,,,,,,,,,,,,,485.8684,0.8502,-5757.7713,0.8501,-728.6664,3.9779,-4775.693,1.669,7043.5,0.4,9284.5922,1.7381,8137.2793,0.0048,165932812.81,0.862,-62584.471,0.804,N,1949.0,1-Mar-2008,CORAL M. BAGLIN,2023-10-18,166dy
66,101,Dy,,,,,,0.0,,,(1/2-),6.20,,8,m,372.0,4.8,B-,100.0,,,,,,,,,,,,,2368.0076,6.5549,-4912.4301,4.0819,-947.776,4.0839,-4028.369,4.445,5398.2985,4.0853,9391.6445,4.2642,8120.8782,0.024,166935682.415,4.3,-59911.451,4.005,N,1960.0,5-Jul-2000,Coral M. Baglin,2023-10-18,167dy
66,102,Dy,,,,,,0.0,,,0+,8.7,,3,m,522.0,18.0,B-,100.0,,,,,,,,,,,,,1500.8333,143.1849,-4350.2574,140.0893,-1289.6262,140.0104,-5777.217,140.07,6718.265,140.0642,9964.2866,140.0202,8112.5293,0.8334,167937134.977,150.303,-58558.398,140.007,N,1982.0,15-Jun-2010,CORAL M. BAGLIN,2023-10-18,168dy
66,103,Dy,,,,,,0.0,,,(5/2)-,39,,8,s,39.0,8.0,B-,100.0,,,,,,,,,,,,,3200.0,300.0,-3608.0965,302.1621,-1495.1435,300.672,-5116.01,424.73,5108.9299,331.6625,10103.7996,300.6983,8094.7566,1.7791,168940315.231,322.781,-55596.01,300.669,N,1990.0,2-Jun-2021,E.A. McCutchan,2023-10-18,169dy
66,104,Dy,,,,,,0.0,,,0+,55,,8,s,55.0,8.0,B-,100.0,,,,,,,,,,,,,2528.0,206.0,-2985.0,201.0,-1764.0,200.0,-7000.0,360.5,6185.0,361.0,10518.0,361.0,8084.0,1.0,169942340.0,215.0,-53710.0,200.0,Y,2010.0,1-Oct-2018,C.M. Baglin{+1} and  E.A. McCutchan{+2} and  S. Basunia{+1,2023-10-18,170dy
66,105,Dy,,,,,,0.0,,,,4.1,,4,s,4.1,0.4,B-,100.0,,,,,,,,,,,,,4508.0,633.0,-1844.0,206.0,-1659.0,200.0,-6240.0,447.2,4371.0,283.0,10589.0,361.0,8062.0,1.0,170946312.0,215.0,-50010.0,200.0,Y,2012.0,30-Jun-2018,CORAL M. BAGLIN and  E.A. MCCUTCHAN,2023-10-18,171dy
66,106,Dy,,,,,,0.0,,,0+,160,GT,,ns,1.6e-07,,B-,,,,,,,,,,,,,,3724.0,358.0,-1313.0,671.0,-2035.0,424.0,-8070.0,583.0,5821.0,361.0,11279.0,500.0,8049.0,2.0,171948728.0,322.0,-47760.0,300.0,Y,2012.0,30-SEP-2013,BALRAJ SINGH AND MICHAEL BIRCH,2023-10-18,172dy
66,107,Dy,,,,,,0.0,,,(9/2+),1.43,,20,s,1.43,0.2,B-,100.0,,,,,,,,,,,,,5610.0,499.0,-328.0,445.0,-2275.0,565.0,-7230.0,640.3,4052.0,500.0,11339.0,640.0,8026.0,2.0,172953043.0,429.0,-43740.0,400.0,Y,2012.0,30-SEP-2013,BALRAJ SINGH AND MICHAEL BIRCH,2023-10-18,173dy
66,108,Dy,,,,,,0.0,,,0+,160,GT,,ns,1.6e-07,,B-,,,,,,,,,,,,,,4739.0,583.0,149.0,582.0,-2705.0,707.0,-9160.0,707.1,5461.0,640.0,11909.0,707.0,8011.0,3.0,173955845.0,537.0,-41130.0,500.0,Y,2012.0,30-SEP-2013,BALRAJ SINGH AND MICHAEL BIRCH,2023-10-18,174dy
66,109,Dy,,,,,,0.0,,,,,,,,,,B-,100.0,,B-N,,,,,,,,,,,6570.0,640.0,1069.0,583.0,-2945.0,707.0,,,3671.0,707.0,12049.0,707.0,7986.0,3.0,174960569.0,537.0,-36730.0,500.0,Y,2018.0,31-JAN-2021,BALRAJ SINGH,2023-10-18,175dy
66,110,Dy,,,,,,0.0,,,0+,,,,,,,B-,100.0,,B-N,,,,,,,,,,,5780.0,707.0,1618.0,640.0,-3065.0,583.0,,,4952.0,707.0,,,7969.0,3.0,175963918.0,537.0,-33610.0,500.0,Y,2018.0,31-JAN-2021,BALRAJ SINGH,2023-10-18,176dy
67,73,Ho,,,,,,0.0,,,(6- 0- 8+),6,,3,ms,0.006,0.003,P,100.0,,,,,,,,,,,,,,,,,4157.0,707.0,13513.0,640.9,,,-1093.8999,10.0,7906.0,4.0,139968526.0,537.0,-29317.0,500.0,Y,1999.0,20-Nov-2018,N. NICA,2023-10-18,140ho
67,74,Ho,,,,,,0.0,,,(7/2-),4.1,,1,ms,0.0041,0.0001,P,100.0,,,,,,,,,,,,,,,,,4178.0,567.0,11018.0,499.6,13118.0,641.0,-1176.7792,7.4278,7943.0,3.0,140963108.0,430.0,-34364.0,401.0,Y,1998.0,12-Oct-2022,N. NICA,2023-10-18,141ho
67,75,Ho,,,,,,0.0,,,(7- 8+),0.4,,1,s,0.4,0.1,EC+B+,100.0,,ECP,0.0,,P,0.0,,,,,,,-9321.0,641.0,,,3925.0,500.0,12870.0,832.0,10957.0,567.0,-843.0,499.0,7965.0,3.0,141960010.0,430.0,-37250.0,401.0,Y,2001.0,1-Jun-2010,T.D. Johnson and  D. Symochko(a) and  M. Fadil(b) and  and J.K. Tuli,2023-10-18,142ho
67,76,Ho,,,,,,0.0,,,(11/2-),,,,,,,EC+B+,,,ECP,,,,,,,,,,,-10887.0,499.0,-22189.0,582.0,3658.0,422.0,10120.949,298.285,12869.0,499.0,-783.0,787.0,7999.0,2.0,142954860.0,320.0,-42048.0,298.0,Y,2000.0,31-May-2011,E. BROWNE and  J. K. TULI,2023-10-18,143ho
67,77,Ho,,,,,,0.0,,,(5-),0.7,,1,s,0.7,0.1,EC+B+,100.0,,ECP,,,,,,,,,,,-8002.0,196.0,-21520.0,400.0,3447.8415,800.5328,11960.57,11.1,10633.0,298.0,-270.4575,15.5537,8017.0977,0.0589,143952109.712,9.1,-44609.521,8.477,N,1986.0,21-FEB-2008,BALRAJ SINGH,2023-10-18,144ho
67,78,Ho,,,,,,0.0,,,(11/2-),2.4,,1,s,2.4,0.1,EC+B+,100.0,,,,,,,,,,,,,-9880.0,200.0,-20584.0,196.0,2995.8137,105.5223,9122.494,9.902,12581.9106,11.2865,-161.0069,10.3429,8048.5792,0.0514,144947267.392,8.0,-49120.113,7.452,N,1987.0,1-Oct-2008,E. BROWNE and  J. K. TULI,2023-10-18,145ho
67,79,Ho,,,,,X,0.0,,,(6-),3.32,,22,s,3.32,0.22,EC+B+,100.0,,ECP,,,,,,,,,,,-6916.2074,9.3987,-20069.0,200.0,2896.3793,700.5885,11316.701,9.392,10189.4318,9.9456,284.5905,9.2683,8063.2426,0.0451,145944993.503,7.071,-51238.227,6.587,N,1982.0,14-Jul-2016,Yu. KHAZOV and  A. RODIONOV AND G. SHULYAK,2023-10-18,146ho
67,80,Ho,,,,,,0.0,,,(11/2-),5.8,,4,s,5.8,0.4,EC+B+,100.0,,,,,,,,,,,,,-9149.2869,38.5173,-19506.3996,8.3641,2237.1755,51.4756,8438.946,10.164,12590.1922,8.2699,491.1445,8.3562,8094.0381,0.034,146940142.293,5.368,-55757.101,5.001,N,1982.0,9-Mar-2022,N. Nica and B. Singh,2023-10-18,147ho
67,81,Ho,,,,,,0.0,,,(1+),2.2,,11,s,2.2,1.1,EC+B+,100.0,,,,,,,,,,,,,-6512.1694,84.4583,-19454.6702,92.1238,1952.1055,88.3693,9868.231,84.287,10305.3834,83.9835,1084.0903,84.3002,8108.9797,0.5664,147937743.925,90.0,-57991.166,83.834,N,1979.0,1-Oct-2013,N. NICA,2023-10-18,148ho
67,82,Ho,,,,,,0.0,,,(11/2-),21.0,,2,s,21.0,0.2,EC+B+,100.0,,,,,,,,,,,,,-7904.2328,30.4066,-18238.1747,15.7683,2328.9233,111.5415,6048.136,15.099,11726.0054,84.6869,1075.428,12.4293,8133.255,0.0804,148933820.457,12.866,-61645.854,11.985,N,1979.0,23-Aug-2022,Balraj Singh and Jun Chen,2023-10-18,149ho
67,83,Ho,,,,,,0.0,,,(2)-,72,,4,s,72.0,4.0,EC+B+,100.0,,,,,,,,,,,,,-4114.5689,13.591,-16275.589,31.3311,3392.8365,46.9677,7363.726,14.812,8371.3562,18.5474,1540.8726,16.8561,8134.8423,0.0945,149933498.353,15.209,-61945.892,14.168,N,1963.0,1-Apr-2013,S. K. Basu and  A. A. Sonzogni,2023-10-18,150ho
67,84,Ho,5.0398,0.0354,,,,0.0,,,(11/2-),35.2,,1,s,35.2,0.1,EC+B+,78.0,3.0,A,22.0,3.0,,,,,,,,,-5356.4558,18.442,-13862.7412,19.0492,4695.0117,1.819,5129.642,8.911,9748.1723,16.3549,1602.0989,8.9355,8145.5267,0.055,150931698.176,8.908,-63622.746,8.298,N,1963.0,20-Nov-2008,BALRAJ SINGH,2023-10-18,151ho
67,85,Ho,5.0614,0.0343,,,,0.0,,,2-,161.8,,3,s,161.8,0.3,EC+B+,88.0,3.0,A,12.0,3.0,,,,,-1.02,0.02,0.1,0.2,-3104.4174,9.815,-13409.6636,20.6933,4507.3953,1.3374,6513.327,13.343,8053.2077,15.0163,2141.2186,12.916,8144.9193,0.0824,151931717.618,13.449,-63604.636,12.528,N,1963.0,31-Aug-2013,M. J. MARTIN,2023-10-18,152ho
67,86,Ho,5.076,0.0339,,,,0.0,,,11/2-,2.01,,3,m,120.6,1.8,EC+B+,99.949,0.025,A,0.051,0.025,,,,,6.79,0.05,-1.1,0.5,-4545.3918,9.8899,-12583.1735,10.1093,4051.6499,3.5355,4131.123,6.455,9478.7561,13.4579,2183.0816,6.531,8153.6372,0.0331,152930206.671,5.438,-65012.074,5.066,N,1963.0,16-Aug-2020,N. NICA,2023-10-18,153ho
67,87,Ho,5.0856,0.0333,,,,0.0,,,2-,11.76,,19,m,705.6,11.4,EC+B+,99.981,0.005,A,0.019,0.005,,,,,-0.641,0.006,0.19,0.1,-2034.4045,9.4621,-12244.0145,12.303,4041.4946,3.63,5754.637,11.078,7698.6227,9.511,2785.1529,9.037,8150.6825,0.0534,153930606.776,8.82,-64639.378,8.216,N,1966.0,1-May-2008,C. W. Reich,2023-10-18,154ho
67,88,Ho,5.1076,0.0326,,,,0.0,,,5/2+,48,,2,m,2880.0,120.0,EC+B+,100.0,,,,,,,,,3.5,0.03,1.56,0.12,-3830.6268,18.473,-11506.1431,18.1394,3158.8259,17.9159,3116.14,19.95,9471.7385,19.2873,2934.7552,18.9647,8159.2055,0.1127,154929103.363,18.754,-66039.799,17.47,N,1959.0,21-Oct-2019,N. NICA,2023-10-18,155ho
67,89,Ho,5.1156,0.0326,,,,0.0,,,4-,56,,1,m,3360.0,60.0,EC+B+,100.0,,,,,,,,,2.98,0.03,2.4,0.18,-1326.7201,45.6391,-11400.5489,38.8834,2753.9849,55.4572,4990.983,38.437,7569.9221,42.1946,3671.4346,39.593,8155.428,0.2463,155929641.634,41.249,-65538.403,38.424,N,1957.0,1-Mar-2012,C. W. REICH,2023-10-18,156ho
67,90,Ho,5.1535,0.0316,,,,0.0,,,7/2-,12.6,,2,m,756.0,12.0,EC+B+,100.0,,,,,,,,,4.34,0.03,3.05,0.13,-3419.2146,33.6675,-10692.4977,34.0202,2055.8317,23.7932,2591.807,24.028,9365.7776,45.021,3592.447,23.4836,8163.1373,0.1495,156928251.974,25.194,-66832.862,23.469,N,1966.0,4-Dec-2015,N. NICA,2023-10-18,157ho
67,91,Ho,5.1571,0.0316,,,,0.0,,,5+,11.3,,4,m,678.0,24.0,EC+B+,100.0,,,,,,,,,3.776,0.003,4.2,0.4,-883.5812,37.0236,-10845.0667,37.9089,1544.3943,52.7917,4219.756,27.207,7425.8521,35.8364,4051.6983,27.4867,8158.4709,0.1716,157928944.91,29.099,-66187.396,27.106,N,1961.0,1-Feb-2017,N. NICA,2023-10-18,158ho
67,92,Ho,5.1675,0.0314,,,,0.0,,,7/2-,33.05,,11,m,1983.0,6.6,EC+B+,100.0,,,,,,,,,4.27,0.03,3.27,0.13,-2768.5,2.0,-10097.123,25.4026,1495.9032,10.2315,1837.6,3.3,9213.5419,27.2607,4211.4394,3.727,8165.1066,0.0192,158927718.683,3.268,-67329.62,3.045,N,1958.0,31-Dec-2010,C. W. Reich,2023-10-18,159ho
67,93,Ho,5.1662,0.0315,,,,0.0,,,5+,25.6,,3,m,1536.0,18.0,EC+B+,100.0,,,,,,,,,3.7,0.03,4.0,0.2,-318.2488,28.5197,-9892.6231,15.4316,1283.6691,15.4654,3290.0,15.0,7124.1231,15.3014,4504.1761,15.0643,8158.6004,0.0939,159928735.538,16.12,-66382.425,15.016,N,1950.0,1-May-2021,N. NICA,2023-10-18,160ho
67,94,Ho,5.1785,0.0313,,,,0.0,,,7/2-,2.48,,5,h,8928.0,180.0,EC,100.0,,,,,,,,,4.24,0.03,3.3,0.11,-1994.9954,9.0041,-9203.4354,24.3416,1142.6386,2.3303,859.2,2.2,8885.1867,15.1512,4812.8397,2.1354,8163.1134,0.0134,160927861.815,2.309,-67196.294,2.151,N,1954.0,1-Jun-2011,C. W. Reich,2023-10-18,161ho
67,95,Ho,5.1817,0.0313,,,,0.0,,,1+,15.0,,10,m,900.0,60.0,EC+B+,100.0,,,,,,,,,2.32,0.03,4.0,0.7,293.6478,3.1069,-8910.5823,9.2773,1005.4047,3.2959,2140.606,3.179,6915.5869,3.6063,5274.0397,3.0919,8155.4126,0.0192,161929102.543,3.33,-66040.563,3.102,N,1957.0,1-Mar-2007,C. W. Reich,2023-10-18,162ho
67,96,Ho,5.1907,0.0313,,,,0.0,,,7/2-,4570,,25,Y,144215151703.88544,788923149.3648,EC,100.0,,,,,,,,,4.22,0.04,3.7,0.6,-1210.6141,4.5755,-8115.1344,0.3024,729.6389,1.0936,2.831,0.98,8408.7822,3.0926,5485.8284,0.0516,8156.967,0.0043,162928740.26,0.744,-66378.027,0.693,N,1957.0,12-Apr-2010,C. W. REICH and  BALRAJ SINGH,2023-10-18,163ho
67,97,Ho,,,,,,0.0,,,1+,28.8,,5,m,1728.0,30.0,EC+B+,60.0,5.0,B-,40.0,5.0,,,,,,,,,962.0559,1.3756,-7884.4225,4.776,431.0405,1.676,987.132,1.554,6673.8085,1.3692,5888.6306,1.3692,8147.9234,0.0085,163930240.548,1.492,-64980.517,1.39,N,1938.0,30-Nov-2017,BALRAJ SINGH AND JUN CHEN{+#},2023-10-18,164ho
67,98,Ho,5.2022,0.0312,100.0,,,0.0,,,7/2-,STABLE,,,,,,,,,,,,,,,,4.16,0.03,3.58,0.02,-376.6648,0.9575,-7026.7622,0.7565,138.8443,1.3174,-1285.728,1.051,7988.8182,1.1479,6219.3397,0.7482,8146.9591,0.0048,164930329.116,0.844,-64898.017,0.786,N,1934.0,15-Apr-2006,ASHOK K. JAIN AND ANWESHA GHOSH and  BALRAJ SINGH,2023-10-18,165ho
67,99,Ho,,,,,,0.0,,,0-,26.824,,12,h,96566.4,43.2,B-,100.0,,,,,,,,,0.068,0.01,,,1853.8057,0.7792,-6620.3045,0.9576,384.293,2.195,-485.868,1.124,6243.6397,0.02,6747.0214,0.7503,8135.4933,0.0047,165932291.209,0.844,-63070.339,0.786,N,1936.0,1-Mar-2008,CORAL M. BAGLIN,2023-10-18,166ho
67,100,Ho,,,,,,0.0,,,7/2-,3.1,,1,h,11160.0,360.0,B-,100.0,,,,,,,,,,,,,1009.7971,5.189,-5426.632,5.1922,-108.6208,6.5892,-2368.008,6.555,7280.4377,5.2505,6983.9591,5.2518,8130.3732,0.0311,166933140.254,5.57,-62279.459,5.189,N,1955.0,5-Jul-2000,Coral M. Baglin,2023-10-18,167ho
67,101,Ho,,,,,,0.0,,,3+,2.99,,7,m,179.4,4.2,B-,100.0,,,,,,,,,,,,,2930.0,30.0,-4841.2936,30.0002,-379.1637,30.0589,-1500.833,143.185,5851.0907,30.4452,7436.7513,30.2673,8116.8061,0.1786,167935523.766,32.207,-60059.231,30.001,N,1960.0,15-Jun-2010,CORAL M. BAGLIN,2023-10-18,168ho
67,102,Ho,,,,,,0.0,,,7/2-,4.72,,10,m,283.2,6.0,B-,100.0,,,,,,,,,,,,,2125.1534,20.0483,-3878.0965,20.0477,-632.0761,20.1072,-3200.0,301.3,6808.0965,36.082,7526.5829,141.4214,8109.0622,0.1186,168936879.89,21.522,-58796.01,20.048,N,1963.0,15-Jun-2008,CORAL M. BAGLIN,2023-10-18,169ho
67,103,Ho,,,,,,0.0,,,(6+),2.76,,5,m,165.6,3.0,B-,100.0,,,,,,,,,,,,,3870.0,50.0,-3387.6687,50.0193,-853.6521,50.0406,-2527.514,206.16,5512.8222,53.8516,7930.4752,304.795,8093.7902,0.2942,169939626.548,53.697,-56237.514,50.019,N,1960.0,1-Oct-2018,C.M. Baglin{+1} and  E.A. McCutchan{+2} and  S. Basunia{+1,2023-10-18,170ho
67,104,Ho,,,,,,0.0,,,(7/2-),53,,2,s,53.0,2.0,B-,100.0,,,,,,,,,,,,,3200.0,600.0,-2481.6265,600.0001,-1059.6558,600.0048,-4507.822,632.457,6351.6265,602.0798,8097.0,633.0,8083.6021,3.5088,170941472.713,644.128,-54517.822,600.002,N,1989.0,30-Jun-2018,CORAL M. BAGLIN and  E.A. MCCUTCHAN,2023-10-18,171ho
67,105,Ho,,,,,,0.0,,,,25,,3,s,25.0,3.0,B-,100.0,,,,,,,,,,,,,4999.0,196.0,-1837.0,196.0,-1127.0,196.0,-3724.0,358.3,5037.0,631.0,8763.0,280.0,8066.0,1.0,171944730.0,210.0,-51484.0,196.0,Y,1991.0,08-DEC-2015,BALRAJ SINGH,2023-10-18,172ho
67,106,Ho,,,,,,0.0,,,(7/2-),6.9,,5,s,6.9,0.5,B-,100.0,,,,,,,,,,,,,4304.0,357.0,-939.0,298.0,-1295.0,423.0,-5611.0,498.8,5938.0,357.0,8880.0,423.0,8054.0,2.0,172947020.0,320.0,-49351.0,298.0,Y,2012.0,30-SEP-2013,BALRAJ SINGH AND MICHAEL BIRCH,2023-10-18,173ho
67,107,Ho,,,,,,0.0,,,(8-),3.2,,11,s,3.2,1.1,B-,100.0,,B-N,,,,,,,,,,,6080.0,423.0,-287.0,358.0,-1585.0,424.0,-4740.0,583.0,4590.0,423.0,9418.0,500.0,8034.0,2.0,173950757.0,322.0,-45870.0,300.0,Y,2012.0,30-SEP-2013,BALRAJ SINGH AND MICHAEL BIRCH,2023-10-18,174ho
67,108,Ho,,,,,,0.0,,,(7/2-),1.9,,6,s,1.9,0.6,B-,100.0,,B-N,,,,,,,,,,,5352.0,566.0,579.0,499.0,-1955.0,565.0,-6570.0,640.3,5501.0,500.0,9458.0,640.0,8019.0,2.0,174953516.0,429.0,-43300.0,400.0,Y,2012.0,30-SEP-2013,BALRAJ SINGH AND MICHAEL BIRCH,2023-10-18,175ho
67,109,Ho,,,,,,0.0,,,,160,GT,,ns,1.6e-07,,B-N,,,B-,,,,,,,,,,,7241.0,641.0,1191.0,641.0,-2125.0,707.0,-5780.0,707.1,4162.0,640.0,9949.0,707.0,7997.0,3.0,175957713.0,537.0,-39390.0,500.0,Y,2012.0,30-SEP-2013,BALRAJ SINGH AND MICHAEL BIRCH,2023-10-18,176ho
67,110,Ho,,,,,,0.0,,,(7/2-),,,,,,,B-,100.0,,B-N,,,,,,,,,,,6578.0,709.0,2279.0,641.0,-2195.0,707.0,,,4961.0,707.0,9959.0,707.0,7980.0,3.0,176961052.0,537.0,-36280.0,500.0,Y,2018.0,30-Aug-2019,F.G. KONDEV,2023-10-18,177ho
67,111,Ho,,,,,,0.0,,,,,,,,,,B-,100.0,,B-N,,,,,,,,,,,8130.0,778.0,2657.0,709.0,-2585.0,707.0,,,3922.0,707.0,,,7957.0,3.0,177965507.0,537.0,-32130.0,500.0,Y,2018.0,31-JAN-2021,BALRAJ SINGH,2023-10-18,178ho
68,75,Er,,,,,,0.0,,,,,,,,,,,,,,,,,,,,,,,,,,,,4115.0,640.0,10888.0,498.8,11302.0,640.0,1199.0,566.0,7917.0,3.0,142966548.0,429.0,-31160.0,400.0,Y,2005.0,31-May-2011,E. BROWNE and  J. K. TULI,2023-10-18,143er
68,76,Er,,,,,,0.0,,,0+,200,GE,,ns,2e-07,,EC+B+,100.0,,,,,,,,,,,,,-14448.0,445.0,,,3797.0,446.0,8001.521,196.183,13519.0,445.0,1849.0,357.0,7956.0,1.0,143960700.0,210.0,-36608.0,196.0,Y,2003.0,1-Sep-2004,A.A. Sonzogni,2023-10-18,144er
68,77,Er,,,,,,0.0,,,(1/2+),,,,,,,,,,,,,,,,,,,,,-11657.0,280.0,-25152.0,447.0,3717.0,359.0,9880.113,200.139,10704.0,280.0,1920.0,200.0,7975.0,1.0,144957874.0,215.0,-39240.0,200.0,Y,1989.0,1-Oct-2008,E. BROWNE and  J. K. TULI,2023-10-18,145er
68,78,Er,,,,,,0.0,,,0+,1.7,,6,s,1.7,0.6,EC+B+,100.0,,,,,,,,,,,,,-13267.0,200.0,-24811.0,196.0,3373.0,729.0,6916.208,9.399,13153.0,200.0,2490.8774,10.0241,8010.5127,0.0459,145952418.357,7.197,-44322.019,6.705,N,1993.0,14-Jul-2016,Yu. KHAZOV and  A. RODIONOV AND G. SHULYAK,2023-10-18,146er
68,79,Er,,,,,,0.0,,,(1/2+),3.2,,12,s,3.2,1.2,EC+B+,100.0,,B+P,0.0,,,,,,,,,,-10633.4071,38.7987,-23624.0,204.0,3136.2191,40.3564,9149.287,38.517,10357.1127,38.7753,2658.5583,38.7551,8026.476,0.2598,146949964.456,41.0,-46607.814,38.191,N,1992.0,9-Mar-2022,N. Nica and B. Singh,2023-10-18,147er
68,80,Er,,,,,,0.0,,,0+,4.6,,2,s,4.6,0.2,EC+B+,100.0,,ECP,0.15,,,,,,,,,,-12713.963,14.4906,-23575.908,12.3189,2666.1783,12.5074,6512.169,84.458,12942.5008,39.5419,3010.867,11.4016,8059.6924,0.0692,147944735.026,11.0,-51478.997,10.246,N,1982.0,1-Oct-2013,N. NICA,2023-10-18,148er
68,81,Er,,,,,,0.0,,,(1/2+),4,,2,s,4.0,2.0,EC+B+,100.0,,ECP,7.0,2.0,,,,,,,,,-9801.0,202.0,-23047.9049,29.7641,2076.0708,28.6955,7904.233,30.407,10333.9419,29.7641,3039.4256,88.3693,8074.9558,0.1875,148942306.0,30.0,-53741.621,27.945,N,1984.0,23-Aug-2022,Balraj Singh and Jun Chen,2023-10-18,149er
68,82,Er,5.0548,0.0254,,,,0.0,,,0+,18.5,,7,s,18.5,0.7,EC+B+,100.0,,,,,,,,,,,,,-11340.0,196.0,-21962.0,201.0,2298.6889,18.451,4114.569,22.279,12161.0201,32.8109,3474.4403,20.9525,8102.1962,0.1146,149937915.524,18.458,-57831.323,17.194,N,1982.0,1-Apr-2013,S. K. Basu and  A. A. Sonzogni,2023-10-18,150er
68,83,Er,,,,,,0.0,,,(7/2-),23.5,,20,s,23.5,2.0,EC+B+,100.0,,,,,,,,,,,,,-7494.6768,25.4292,-19847.0,196.0,3504.841,18.6966,5356.456,18.442,8506.2854,23.8096,3609.3695,21.7251,8104.8723,0.1091,150937448.567,17.681,-58266.29,16.47,N,1970.0,20-Nov-2008,BALRAJ SINGH,2023-10-18,151er
68,84,Er,5.0843,0.0257,,,,0.0,,,0+,10.3,,1,s,10.3,0.1,A,90.0,4.0,EC+B+,10.0,4.0,,,,,,,,,-8779.9397,54.7434,-17799.923,21.2897,4934.2625,1.6182,3104.418,15.327,10305.2462,18.6873,4166.4434,12.1071,8119.3485,0.0581,151935050.347,9.478,-60500.218,8.83,N,1963.0,31-Aug-2013,M. J. MARTIN,2023-10-18,152er
68,85,Er,,,,,,0.0,,,(7/2-),37.1,,2,s,37.1,0.2,A,53.0,3.0,EC+B+,47.0,3.0,,,,,-0.932,0.007,-0.42,0.02,-6494.0723,12.8812,-16817.7214,54.8187,4802.3924,1.404,4545.392,10.577,8037.7816,12.2067,4151.0173,15.1486,8118.8154,0.0607,152935086.35,9.967,-60466.682,9.285,N,1963.0,16-Aug-2020,N. NICA,2023-10-18,153er
68,86,Er,5.1129,0.0268,,,,0.0,,,0+,3.73,,9,m,223.8,5.4,EC+B+,99.53,0.13,A,0.47,0.13,,,,,0.167,0.013,,,-8177.8316,14.9113,-16703.6823,12.9143,4279.7284,2.6107,2034.404,9.598,10209.61,10.3669,4881.8712,6.8174,8132.3919,0.0322,153932790.799,5.325,-62604.974,4.961,N,1963.0,1-May-2008,C. W. Reich,2023-10-18,154er
68,87,Er,,,,,,0.0,,,7/2-,5.3,,3,m,318.0,18.0,EC+B+,99.978,0.007,A,0.022,0.007,,,,,-0.666,0.005,-0.27,0.02,-5583.2509,11.5109,-15853.3478,15.6049,4118.3002,5.1327,3830.627,18.496,7675.5163,7.5897,4858.7647,10.0817,8129.4444,0.0392,154933215.71,6.52,-62209.172,6.074,N,1969.0,21-Oct-2019,N. NICA,2023-10-18,155er
68,88,Er,5.1429,0.0285,,,,0.0,,,0+,19.5,,10,m,1170.0,60.0,EC+B+,100.0,,A,1.7e-05,4e-06,,,,,,,,,-7377.2657,26.7099,-15657.0796,26.5509,3481.3646,25.0504,1326.72,45.64,10073.8288,25.3638,5460.855,30.1952,8141.9084,0.1579,155931065.926,26.44,-64211.683,24.629,N,1967.0,1-Mar-2012,C. W. REICH,2023-10-18,156er
68,89,Er,,,,,,0.0,,,3/2-,18.65,,10,m,1119.0,6.0,EC+B+,100.0,,,,,,,,,-0.411,0.003,0.92,0.01,-4704.369,38.5152,-14650.5489,30.1061,3304.6329,26.8046,3419.214,35.402,7273.2831,36.1814,5164.216,46.6782,8136.3757,0.1688,156931922.652,28.454,-63413.648,26.505,N,1966.0,4-Dec-2015,N. NICA,2023-10-18,157er
68,90,Er,5.1761,0.0312,,,,0.0,,,0+,2.29,,6,h,8244.0,216.0,EC,100.0,,,,,,,,,,,,,-6600.6151,31.3411,-14665.8545,37.6422,2665.2835,26.2914,883.581,37.023,9961.4856,36.5859,5759.924,34.4502,8147.927,0.1596,157929893.474,27.074,-65303.815,25.219,N,1961.0,1-Feb-2017,N. NICA,2023-10-18,158er
68,91,Er,,,,,,0.0,,,3/2-,36,,1,m,2160.0,60.0,EC+B+,100.0,,,,,,,,,-0.303,0.002,1.17,0.01,-3990.7162,28.1813,-13929.2382,25.4812,2169.9032,10.251,2768.5,4.7,7328.623,25.4812,5662.6949,27.334,8142.7742,0.0229,158930690.79,3.91,-64561.12,3.643,N,1962.0,31-Dec-2010,C. W. Reich,2023-10-18,159er
68,92,Er,5.2045,0.0336,,,,0.0,,,0+,28.58,,9,h,102888.0,324.0,EC,100.0,,,,,,,,,,,,,-5763.1395,39.1333,-13565.0905,36.9973,2040.2941,24.2664,318.249,28.519,9574.3743,24.5184,6023.5273,24.4367,8151.7217,0.1515,159929077.193,26.029,-66064.176,24.246,N,1954.0,1-May-2021,N. NICA,2023-10-18,160er
68,93,Er,,,,,,0.0,,,3/2-,3.21,,3,h,11556.0,108.0,EC+B+,100.0,,,,,,,,,-0.364,0.003,1.363,0.008,-3302.5839,29.2899,-12971.5796,33.843,1798.4549,10.1435,1994.996,9.034,7208.4401,25.7851,6107.8443,17.3641,8145.8628,0.0545,160930003.53,9.419,-65201.298,8.774,N,1954.0,1-Jun-2011,C. W. Reich,2023-10-18,161er
68,94,Er,5.2246,0.004,0.139,0.005,,0.0,,,0+,STABLE,,,,,,,,,,,,,,,,,,,,-4856.7282,26.0475,-12506.8139,27.9551,1648.0256,2.2716,-293.647,3.193,9204.2301,8.7416,6426.8877,2.1584,8152.3959,0.0047,161928787.299,0.811,-66334.21,0.756,N,1938.0,1-Mar-2007,C. W. Reich,2023-10-18,162er
68,95,Er,,,,,,0.0,,,5/2-,75.0,,4,m,4500.0,24.0,EC+B+,100.0,,,,,,,,,0.556,0.004,2.56,0.02,-2439.0,3.0,-11761.2486,26.4473,1574.8916,4.7819,1210.614,4.68,6904.5204,4.5813,6415.8211,5.5226,8144.7403,0.0284,162930039.908,4.967,-65167.413,4.628,N,1953.0,12-Apr-2010,C. W. REICH and  BALRAJ SINGH,2023-10-18,163er
68,96,Er,5.2389,0.0035,1.601,0.003,,0.0,,,0+,STABLE,,,,,,,,,,,,,,,,2.7,0.4,0.0,,-4033.6302,25.0113,-11285.4785,5.4722,1304.9362,0.1698,-962.056,1.558,8846.4785,4.5766,6853.5174,0.1336,8149.0191,0.0043,163929207.739,0.755,-65942.573,0.704,N,1938.0,30-Nov-2017,BALRAJ SINGH AND JUN CHEN{+#},2023-10-18,164er
68,97,Er,,,,,,0.0,,,5/2-,10.36,,4,h,37296.0,144.0,EC,100.0,,,,,,,,,0.641,0.004,2.71,0.03,-1591.3282,1.4891,-10683.7277,25.0182,1109.2257,0.6072,376.664,1.209,6650.0975,0.5878,6829.8064,1.4955,8139.9348,0.0056,164930733.482,0.985,-64521.353,0.918,N,1950.0,15-Apr-2006,ASHOK K. JAIN AND ANWESHA GHOSH and  BALRAJ SINGH,2023-10-18,165er
68,98,Er,5.2516,0.0031,33.503,0.036,,0.0,,,0+,STABLE,,,,,,,,,,,,,,,,1.5,0.2,-1.9,0.4,-3037.6667,11.547,-10065.4384,1.6889,832.109,0.7359,-1853.806,0.854,8474.1101,0.9506,7315.0984,0.7792,8141.9479,0.002,165930301.067,0.358,-64924.145,0.334,N,1934.0,1-Mar-2008,CORAL M. BAGLIN,2023-10-18,166er
68,99,Er,5.256,0.0031,22.869,0.009,,0.0,,,7/2+,STABLE,,,,,,,,,,,,,,,,-0.5623,0.0004,3.57,0.03,-746.1392,1.2633,-9474.0958,11.5484,666.6862,0.7235,-1009.797,5.197,6436.4291,0.1787,7507.8878,0.7812,8131.7352,0.0017,166932056.192,0.306,-63289.256,0.286,N,1934.0,5-Jul-2000,Coral M. Baglin,2023-10-18,167er
68,100,Er,5.2644,0.0035,26.978,0.018,,0.0,,,0+,STABLE,,,,,,,,,,,,,,,,0.96,0.04,-2.2,1.0,-1676.8526,1.6858,-8517.4328,1.2703,553.5017,0.7202,-2930.0,30.0,7771.2936,0.1188,7998.7437,5.1874,8129.5897,0.0016,167932378.282,0.28,-62989.231,0.262,N,1934.0,15-Jun-2010,CORAL M. BAGLIN,2023-10-18,168er
68,101,Er,,,,,,0.0,,,1/2-,9.392,,18,d,811468.8,1555.2,B-,100.0,,,,,,,,,0.4828,0.0004,,,353.491,0.7729,-7680.1026,1.6928,266.2097,0.7385,-2125.153,20.05,6003.25,0.1543,8150.903,30.0004,8117.0078,0.0018,168934598.444,0.326,-60921.163,0.304,N,1956.0,15-Jun-2008,CORAL M. BAGLIN,2023-10-18,169er
68,102,Er,5.2789,0.0041,14.91,0.036,,0.0,,,0+,STABLE,,,,,,,,,,,,,,,,,,,,-312.1997,1.7852,-6904.1777,1.7952,52.0409,1.6065,-3870.0,50.0,7257.6687,1.3905,8600.4752,20.0,8111.9529,0.0082,169935471.933,1.488,-60107.514,1.387,N,1934.0,1-Oct-2018,C.M. Baglin{+1} and  E.A. McCutchan{+2} and  S. Basunia{+1,2023-10-18,170er
68,103,Er,,,,,,0.0,,,5/2-,7.516,,2,h,27057.6,7.2,B-,100.0,,,,,,,,,0.657,0.01,2.86,0.09,1492.449,1.0788,-5993.8263,1.7951,-231.2871,4.2457,-3200.0,600.0,5681.6265,0.3496,8769.2795,50.0012,8097.7404,0.0082,170938037.372,1.511,-57717.822,1.408,N,1938.0,30-Jun-2018,CORAL M. BAGLIN and  E.A. MCCUTCHAN,2023-10-18,171er
68,104,Er,,,,,,0.0,,,0+,49.3,,5,h,177480.0,1800.0,B-,100.0,,,,,,,,,,,,,890.9756,4.5418,-5343.6251,3.8834,-349.0963,140.0507,-4998.578,196.04,6836.0741,3.7847,9253.7271,600.0119,8090.4052,0.023,171939363.461,4.253,-56482.578,3.962,N,1956.0,08-DEC-2015,BALRAJ SINGH,2023-10-18,172er
68,105,Er,,,,,,0.0,,,(7/2-),1.4,,1,m,84.0,6.0,B-,100.0,,,,,,,,,,,,,2602.0,196.0,-4352.0,196.0,-483.0,359.0,-4303.0,356.6,5243.0,196.0,9459.0,277.0,8074.0,1.0,172942400.0,210.0,-53654.0,196.0,Y,1972.0,1-Oct-1993,V. S. SHIRLEY,2023-10-18,173er
68,106,Er,,,,,,0.0,,,0+,3.2,,2,m,192.0,12.0,B-,100.0,,,,,,,,,,,,,1915.0,301.0,-3765.0,298.0,-664.0,359.0,-6079.0,422.8,6367.0,357.0,9888.0,422.0,8064.0,2.0,173944230.0,320.0,-51949.0,298.0,Y,1989.0,1-Nov-1998,E. BROWNE and  HUO JUNDE,2023-10-18,174er
68,107,Er,,,,,,0.0,,,(9/2+),1.2,,3,m,72.0,18.0,B-,100.0,,,,,,,,,,,,,3659.0,404.0,-2859.0,403.0,-1067.0,448.0,-5352.0,566.3,4774.0,499.0,10071.0,500.0,8045.0,2.0,174947770.0,430.0,-48652.0,401.0,Y,1996.0,1-Jun-2004,M. SHAMSUZZOHA BASUNIA,2023-10-18,175er
68,108,Er,,,,,,0.0,,,0+,160,GT,,ns,1.6e-07,,B-,,,,,,,,,,,,,,2741.0,413.0,-2391.0,404.0,-1296.0,500.0,-7241.0,640.9,6050.0,566.0,10620.0,566.0,8034.0,2.0,175949940.0,430.0,-46631.0,401.0,Y,2012.0,30-SEP-2013,BALRAJ SINGH AND MICHAEL BIRCH,2023-10-18,176er
68,109,Er,,,,,,0.0,,,(1/2-),,,,,,,B-,100.0,,,,,,,,,,,,,4711.0,541.0,-1558.0,513.0,-1543.0,642.0,-6578.0,709.2,4299.0,643.0,10757.0,709.0,8013.0,3.0,176953990.0,540.0,-42858.0,503.0,Y,2012.0,30-Aug-2019,F.G. KONDEV,2023-10-18,177er
68,110,Er,,,,,,0.0,,,0+,160,GT,,ns,1.6e-07,,B-,,,,,,,,,,,,,,3980.0,667.0,-762.0,629.0,-1555.0,778.0,-8130.0,777.9,5473.0,780.0,11269.0,778.0,7999.0,3.0,177956779.0,640.0,-40260.0,596.0,Y,2012.0,30-SEP-2013,BALRAJ SINGH AND MICHAEL BIRCH,2023-10-18,178er
68,111,Er,,,,,,0.0,,,,,,,,,,B-,100.0,,,,,,,,,,,,,5821.0,640.0,90.0,583.0,-1775.0,707.0,,,3891.0,778.0,11239.0,707.0,7976.0,3.0,178961267.0,537.0,-36080.0,500.0,Y,2018.0,31-JAN-2021,BALRAJ SINGH,2023-10-18,179er
68,112,Er,,,,,,0.0,,,0+,,,,,,,B-,100.0,,B-N,,,,,,,,,,,4990.0,640.0,649.0,640.0,-1995.0,707.0,,,5172.0,707.0,,,7960.0,3.0,179964380.0,537.0,-33180.0,500.0,Y,2018.0,31-JAN-2021,BALRAJ SINGH,2023-10-18,180er
69,75,Tm,,,,,,0.0,,,(10+),1.9,,+12-5,us,1.9e-06,8.5e-07,P,0.0,,,,,,,,,,,,,,,,,4733.0,641.0,14449.0,445.4,,,-1711.9999,16.0,7850.0,3.0,143976211.0,429.0,-22159.0,400.0,Y,2005.0,21-FEB-2008,BALRAJ SINGH AND SCOTT GERAEDTS,2023-10-18,144tm
69,76,Tm,,,,,,0.0,,,(11/2-),3.17,,20,us,3.17e-06,2e-07,P,100.0,,,,,,,,,,,,,,,,,4357.0,446.0,11657.0,280.0,13495.0,445.0,-1736.0999,7.0711,7889.0,1.0,144970389.0,210.0,-27583.0,196.0,Y,1998.0,1-Oct-2008,E. BROWNE and  J. K. TULI,2023-10-18,145tm
69,77,Tm,,,,,,0.0,,,(5-),68,,3,ms,0.068,0.003,P,,,EC+B+,,,,,,,,,,,,,,,3770.0,448.0,13267.019,200.112,11544.0,280.0,-895.6999,5.6569,7914.0,1.0,145966661.0,215.0,-31055.0,200.0,Y,1993.0,14-Jul-2016,Yu. KHAZOV and  A. RODIONOV AND G. SHULYAK,2023-10-18,146tm
69,78,Tm,,,,,,0.0,,,11/2-,0.58,,3,s,0.58,0.03,EC+B+,85.0,5.0,P,15.0,5.0,,,,,,,,,,,,,3648.0,298.0,10633.407,38.799,12990.0,200.0,-1058.6414,3.2037,7948.8178,0.0465,146961379.887,7.341,-35974.407,6.839,N,1982.0,9-Mar-2022,N. Nica and B. Singh,2023-10-18,147tm
69,79,Tm,,,,,X,0.0,,,(10+),0.7,,2,s,0.7,0.2,EC+B+,100.0,,,,,,,,,,,,,-8535.0,400.0,,,3419.5708,13.2982,12713.963,14.49,10861.945,12.3189,-553.8092,39.5419,7968.5011,0.0692,147958384.026,11.0,-38765.034,10.246,N,1982.0,1-Oct-2013,N. NICA,2023-10-18,148tm
69,80,Tm,,,,,,0.0,,,(11/2-),0.9,,2,s,0.9,0.2,EC+B+,100.0,,ECP,0.2,,,,,,,,,,-10611.0,361.0,-21782.0,447.0,2755.0,200.0,9801.621,201.943,13247.0,201.0,-250.0,201.0,8004.0,1.0,148952828.0,215.0,-43940.0,200.0,Y,1987.0,23-Aug-2022,Balraj Singh and Jun Chen,2023-10-18,149tm
69,81,Tm,,,,,,0.0,,,(6-),2.20,,6,s,2.2,0.06,EC+B+,100.0,,ECP,1.2,,,,,,,,,,-7661.0,358.0,-21232.0,358.0,2322.0,196.0,11340.323,196.753,10622.0,280.0,38.0,198.0,8021.0,1.0,149950090.0,210.0,-46491.0,196.0,Y,1982.0,1-Apr-2013,S. K. Basu and  A. A. Sonzogni,2023-10-18,150tm
69,82,Tm,,,,,,0.0,,,(11/2-),4.17,,11,s,4.17,0.11,EC+B+,100.0,,,,,,,,,,,,,-9229.2615,300.1329,-20013.0,301.0,2560.5718,20.0099,7494.677,25.429,12352.0,197.0,229.2616,8.9301,8050.0576,0.1283,150945494.433,20.799,-50771.613,19.375,N,1982.0,20-Nov-2008,BALRAJ SINGH,2023-10-18,151tm
69,83,Tm,,,,,,0.0,,,(2)-,8.0,,10,s,8.0,1.0,EC+B+,100.0,,,,,,,,,,,,,-5449.8923,139.62,-18249.2448,305.3105,3845.9718,99.7351,8779.939,54.744,9019.9833,57.3957,742.9595,56.4813,8056.4387,0.3554,151944476.0,58.0,-51720.279,54.027,N,1980.0,31-Aug-2013,M. J. MARTIN,2023-10-18,152tm
69,84,Tm,5.0643,0.019,,,,0.0,,,(11/2-),1.48,,1,s,1.48,0.01,A,91.0,3.0,EC+B+,9.0,3.0,,,,,6.93,0.11,0.5,1.0,-6813.0,201.0,-15773.5414,150.187,5248.3281,1.4525,6494.072,15.156,10323.6491,55.3388,761.3623,12.4018,8071.2571,0.0783,152942058.023,12.86,-53972.61,11.979,N,1964.0,16-Aug-2020,N. NICA,2023-10-18,153tm
69,85,Tm,5.0755,0.0166,,,,0.0,,,(2-),8.1,,3,s,8.1,0.3,A,54.0,5.0,EC+B+,46.0,5.0,,,,,-1.14,0.02,0.4,0.9,-4495.0495,13.9528,-15339.0,201.0,5093.8336,2.6412,8177.832,15.242,8525.8508,18.7306,1249.4314,17.1168,8074.209,0.0936,153941570.062,15.471,-54427.142,14.412,N,1964.0,1-May-2008,C. W. Reich,2023-10-18,154tm
69,86,Tm,,,,,,0.0,,,11/2-,21.6,,2,s,21.6,0.2,EC+B+,99.17,0.17,A,0.83,0.17,,,,,,,,,-6123.3072,19.3388,-14765.1464,19.8858,4571.909,5.4388,5583.251,11.633,10270.0969,17.4368,1309.9184,10.7491,8088.376,0.064,154939209.576,10.651,-56625.921,9.921,N,1971.0,21-Oct-2019,N. NICA,2023-10-18,155tm
69,87,Tm,5.0976,0.0135,,,,0.0,,,2-,83.8,,18,s,83.8,1.8,EC+B+,99.936,0.01,A,0.064,0.01,,,,,0.4,0.03,-0.48,0.11,-3568.8794,12.5484,-14403.1211,21.8959,4345.3028,7.2027,7377.266,28.469,8279.8139,17.3779,1914.216,15.4951,8089.6032,0.0915,155938985.746,15.328,-56834.417,14.279,N,1971.0,1-Mar-2012,C. W. REICH,2023-10-18,156tm
69,88,Tm,5.114,0.0074,,,,0.0,,,1/2+,3.63,,9,m,217.8,5.4,EC+B+,100.0,,,,,,,,,0.476,0.015,,,-5289.3667,29.9971,-13515.0593,29.4542,3877.879,28.4003,4704.369,38.515,9946.1799,31.3814,1786.5672,37.2492,8101.4285,0.178,156936973.0,30.0,-58709.279,27.945,N,1974.0,4-Dec-2015,N. NICA,2023-10-18,157tm
69,89,Tm,5.1235,0.0069,,,,0.0,,,2-,3.98,,6,m,238.8,3.6,EC+B+,100.0,,,,,,,,,0.04,0.02,0.74,0.11,-2693.5796,26.4499,-13354.6061,27.4761,3511.2624,26.5241,6600.615,35.665,8065.2394,37.6422,2578.5234,36.5859,8101.1994,0.1596,157936979.525,27.074,-58703.2,25.219,N,1970.0,1-Feb-2017,N. NICA,2023-10-18,158tm
69,90,Tm,5.1392,0.006,,,,0.0,,,5/2+,9.13,,16,m,547.8,9.6,EC+B+,100.0,,,,,,,,,3.42,0.03,1.93,0.07,-4736.8869,33.0155,-12632.1016,29.06,3044.4789,32.9561,3990.716,28.181,9938.522,37.6422,2555.5598,37.6422,8112.7549,0.1758,158934975.0,30.0,-60570.404,27.945,N,1971.0,31-Dec-2010,C. W. Reich,2023-10-18,159tm
69,91,Tm,5.1504,0.0055,,,,0.0,,,1-,9.4,,3,m,564.0,18.0,EC+B+,100.0,,,,,,,,,0.16,0.02,0.58,0.04,-2137.8101,33.1447,-12538.8379,37.1144,2812.45,50.4455,5763.139,40.697,7801.951,43.0032,3028.8878,32.8882,8110.8124,0.2043,159935264.177,35.089,-60301.037,32.686,N,1970.0,1-May-2021,N. NICA,2023-10-18,160tm
69,92,Tm,5.1616,0.005,,,,0.0,,,7/2+,30.2,,8,m,1812.0,48.0,EC+B+,100.0,,,,,,,,,2.4,0.02,2.9,0.07,-4064.4665,31.764,-11806.8059,28.4801,2509.2319,36.4925,3302.583,29.29,9668.9957,43.0032,3123.5092,36.9973,8120.4906,0.1736,160933549.0,30.0,-61898.715,27.945,N,1959.0,1-Jun-2011,C. W. Reich,2023-10-18,161tm
69,93,Tm,5.1713,0.0048,,,,0.0,,,1-,21.70,,19,m,1302.0,11.4,EC+B+,100.0,,,,,,,,,0.068,0.008,0.69,0.03,-1656.319,30.1127,-11714.5522,30.1118,2284.9983,37.5884,4856.728,26.069,7650.0857,38.2094,3565.1548,27.4752,8117.5868,0.1609,161934001.211,27.974,-61477.482,26.058,N,1963.0,1-Mar-2007,C. W. Reich,2023-10-18,162tm
69,94,Tm,5.1849,0.0042,,,,0.0,,,1/2+,1.810,,5,h,6516.0,18.0,EC+B+,100.0,,,,,,,,,-0.082,0.001,,,-3434.5345,16.0687,-10978.5676,16.067,2176.2916,6.2504,2439.0,7.2,9322.2486,26.6169,3683.1734,5.4761,8124.9774,0.0338,162932658.282,5.92,-62728.413,5.515,N,1959.0,12-Apr-2010,C. W. REICH and  BALRAJ SINGH,2023-10-18,163tm
69,95,Tm,5.1906,0.0042,,,,0.0,,,1+,1.95,,10,m,117.0,6.0,EC+B+,100.0,,B+,39.0,1.0,,,,,2.37,0.03,0.71,0.05,-896.7722,29.2135,-10686.3828,29.2126,2048.5664,29.1645,4033.63,25.01,7251.8483,25.6026,4030.5013,25.4262,8119.6534,0.1525,163933538.019,26.845,-61908.943,25.006,N,1960.0,30-Nov-2017,BALRAJ SINGH AND JUN CHEN{+#},2023-10-18,164tm
69,96,Tm,5.2004,0.0038,,,,0.0,,,1/2+,30.06,,3,h,108216.0,108.0,EC+B+,100.0,,,,,,,,,-0.139,0.002,,,-2634.6364,26.5907,-9989.1717,15.1851,1841.3536,2.6115,1591.329,1.895,9092.3994,25.0562,4276.4222,1.4974,8125.5489,0.0101,164932441.843,1.779,-62930.024,1.658,N,1953.0,15-Apr-2006,ASHOK K. JAIN AND ANWESHA GHOSH and  BALRAJ SINGH,2023-10-18,165tm
69,97,Tm,5.2046,0.0038,,,,0.0,,,2+,7.70,,3,h,27720.0,108.0,EC+B+,100.0,,,,,,,,,0.0926,0.0007,2.14,0.03,-292.7714,13.5069,-9662.4081,28.9442,1729.1689,11.956,3037.667,11.557,7027.7717,11.6699,4654.0965,11.5861,8118.9357,0.0696,165933562.136,12.401,-61886.478,11.552,N,1948.0,1-Mar-2008,CORAL M. BAGLIN,2023-10-18,166tm
69,98,Tm,5.2129,0.0036,,,,0.0,,,1/2+,9.25,,2,d,799200.0,1728.0,EC,100.0,,,,,,,,,-0.197,0.002,,,-1953.2162,3.7968,-9020.7281,7.1124,1409.9944,1.4108,746.139,1.29,8727.9566,11.6144,4907.943,1.2493,8122.5826,0.0075,166932857.206,1.35,-62543.117,1.258,N,1948.0,5-Jul-2000,Coral M. Baglin,2023-10-18,167tm
69,99,Tm,5.217,0.0036,,,,0.0,,,3+,93.1,,2,d,8043840.0,17280.0,EC+B+,99.99,0.007,B-,0.01,0.007,,,,,0.227,0.011,3.23,0.07,267.488,1.6782,-8793.7963,4.1817,1243.2228,2.1473,1676.852,1.697,6840.5801,1.8098,5312.094,1.6803,8114.9516,0.01,167934178.457,1.8,-61312.379,1.677,N,1949.0,15-Jun-2010,CORAL M. BAGLIN,2023-10-18,168tm
69,100,Tm,5.2256,0.0035,100.0,,,0.0,,,1/2+,STABLE,,,,,,,,,,,,,,,,-0.231,0.0015,-1.2,0.1,-899.127,0.7563,-7766.1056,0.7409,1198.4473,1.0213,-353.491,0.798,8033.5936,1.5047,5574.394,0.7573,8114.4702,0.0044,168934218.956,0.792,-61274.654,0.738,N,1934.0,15-Jun-2008,CORAL M. BAGLIN,2023-10-18,169tm
69,101,Tm,5.2303,0.0036,,,,0.0,,,1-,128.6,,3,d,11111040.0,25920.0,B-,99.869,0.01,EC,0.131,0.01,,,,,0.247,0.004,0.74,0.02,968.6148,0.7319,-7491.1049,0.7501,850.109,1.0187,312.2,1.5,6591.978,0.169,6163.122,0.7676,8105.5144,0.0043,169935807.093,0.785,-59795.314,0.732,N,1936.0,1-Oct-2018,C.M. Baglin{+1} and  E.A. McCutchan{+2} and  S. Basunia{+1,2023-10-18,170tm
69,102,Tm,5.2388,0.0037,,,,0.0,,,1/2+,1.92,,1,Y,60589297.87121664,315569.25974592,B-,100.0,,,,,,,,,-0.23,0.004,,,96.5468,0.9715,-6517.6605,0.9716,644.2715,5.1097,-1492.449,1.711,7486.2753,1.1961,6391.7285,1.053,8101.8931,0.0057,170936435.162,1.043,-59210.271,0.972,N,1948.0,30-Jun-2018,CORAL M. BAGLIN and  E.A. MCCUTCHAN,2023-10-18,171tm
69,103,Tm,5.2411,0.0052,,,,0.0,,,2-,63.6,,3,h,228960.0,1080.0,B-,100.0,,,,,,,,,,,,,1881.9024,5.4814,-6138.0539,5.4814,260.7614,30.4968,-890.976,6.763,6234.6007,5.4536,6944.7028,5.4171,8091.0367,0.0319,171938406.959,5.884,-57373.554,5.481,N,1956.0,08-DEC-2015,BALRAJ SINGH,2023-10-18,172tm
69,104,Tm,,,,,,0.0,,,(1/2+),8.24,,8,h,29664.0,288.0,B-,100.0,,,,,,,,,,,,,1295.1669,4.4,-5071.929,4.4,115.0265,20.5252,-2602.067,196.049,6953.8314,7.0289,7062.46,5.9208,8084.4633,0.0254,172939606.63,4.723,-56256.067,4.4,N,1961.0,1-Oct-1993,V. S. SHIRLEY,2023-10-18,173tm
69,105,Tm,,,,,,0.0,,,(4)-,5.4,,1,m,324.0,6.0,B-,100.0,,,,,,,,,,,,,3080.0,44.7214,-4384.6045,44.7214,-51.9228,67.0964,-1915.521,301.337,5679.7715,44.9373,7499.0,201.0,8070.6432,0.257,173942174.061,48.01,-53864.521,44.721,N,1960.0,1-Nov-1998,E. BROWNE and  HUO JUNDE,2023-10-18,174tm
69,106,Tm,,,,,,0.0,,,(1/2+),15.2,,5,m,912.0,30.0,B-,100.0,,,,,,,,,,,,,2385.0,50.0,-3437.3539,50.0,-217.6501,602.0814,-3658.556,404.105,6517.3539,67.0821,7650.0,302.0,8061.7673,0.2857,174943842.31,53.677,-52310.556,50.0,N,1961.0,1-Jun-2004,M. SHAMSUZZOHA BASUNIA,2023-10-18,175tm
69,107,Tm,,,,,,0.0,,,(4+),1.85,,3,m,111.0,1.8,B-,100.0,,,,,,,,,,,,,4120.0,100.0,-2747.0841,100.0,-313.0,220.0,-2740.322,413.281,5132.0841,111.8034,8008.0,413.0,8045.1214,0.5682,175946997.707,107.354,-49371.322,100.0,N,1961.0,1-JUL-2022,E.A.MCCUTCHAN,2023-10-18,176tm
69,108,Tm,,,,,,0.0,,,(1/2+),95,,7,s,95.0,7.0,B-,100.0,,,,,,,,,,,,,3417.0,200.0,-2150.0,200.0,-644.0,359.0,-4712.0,541.3,6270.0,224.0,8228.0,448.0,8035.0,1.0,176948932.0,215.0,-47570.0,200.0,Y,1989.0,30-Aug-2019,F.G. KONDEV,2023-10-18,177tm
69,109,Tm,,,,,,0.0,,,,300,GT,,ns,3e-07,,B-,,,,,,,,,,,,,,5437.0,300.0,-1325.0,300.0,-796.0,424.0,-3980.0,667.2,4742.0,361.0,8671.0,586.0,8017.0,2.0,177952506.0,322.0,-44240.0,300.0,Y,2008.0,30-SEP-2013,BALRAJ SINGH AND MICHAEL BIRCH,2023-10-18,178tm
69,110,Tm,,,,,,0.0,,,,160,GT,,ns,1.6e-07,,B-,,,,,,,,,,,,,,4739.0,447.0,-295.0,400.0,-1026.0,565.0,-5820.0,640.3,5731.0,500.0,8929.0,718.0,8004.0,2.0,178955018.0,429.0,-41900.0,400.0,Y,2012.0,30-SEP-2013,BALRAJ SINGH AND MICHAEL BIRCH,2023-10-18,179tm
69,111,Tm,,,,,,0.0,,,,300,GT,,ns,3e-07,,B-,100.0,,,,,,,,,,,,,6550.0,500.0,399.0,447.0,-1205.0,640.0,-4990.0,640.3,4341.0,565.0,9379.0,640.0,7983.0,2.0,179959023.0,429.0,-38170.0,400.0,Y,2012.0,1-Feb-2015,E.A. MCCUTCHAN,2023-10-18,180tm
69,112,Tm,,,,,,0.0,,,,160,GT,,ns,1.6e-07,,B-,,,B-N,,,,,,,,,,,5649.0,582.0,1209.0,583.0,-1585.0,707.0,,,5341.0,640.0,9549.0,707.0,7969.0,3.0,180961954.0,537.0,-35440.0,500.0,Y,2012.0,30-SEP-2013,BALRAJ SINGH AND MICHAEL BIRCH,2023-10-18,181tm
70,79,Yb,,,,,,0.0,,,(1/2+),0.7,,2,s,0.7,0.2,EC+B+,100.0,,ECP,0.0,,,,,,,,,,,,,,3485.0,361.0,10610.0,360.5,11171.0,500.0,1854.0,300.0,7927.0,2.0,148964219.0,322.0,-33330.0,300.0,Y,2001.0,23-Aug-2022,Balraj Singh and Jun Chen,2023-10-18,149yb
70,80,Yb,,,,,,0.0,,,0+,200,GE,,ns,2e-07,,,,,,,,,,,,,,,,-14059.0,424.0,,,3067.0,300.0,7661.0,358.3,13572.0,424.0,2179.0,361.0,7965.0,2.0,149958314.0,322.0,-38830.0,300.0,Y,2000.0,1-Apr-2013,S. K. Basu and  A. A. Sonzogni,2023-10-18,150yb
70,81,Yb,,,,,,0.0,,,(1/2+),1.6,,1,s,1.6,0.1,EC+B+,100.0,,ECP,0.0,,,,,,,,,,-11242.0,425.0,-24842.0,425.0,2640.5464,302.9096,9229.261,301.116,10783.0,425.0,2340.0,359.0,7983.7556,1.99,150955402.453,322.591,-41542.352,300.492,N,1985.0,20-Nov-2008,BALRAJ SINGH,2023-10-18,151yb
70,82,Yb,5.0423,0.0146,,,,0.0,,,0+,3.03,,6,s,3.03,0.06,EC+B+,100.0,,B+P,,,,,,,,,,,-12848.0,246.0,-24041.0,335.0,2783.6948,150.0587,5449.893,159.158,12799.3524,335.7205,2787.744,150.957,8015.4371,0.9849,151950326.699,160.718,-46270.386,149.708,N,1982.0,31-Aug-2013,M. J. MARTIN,2023-10-18,152yb
70,83,Yb,,,,,,0.0,,,(7/2-),4.2,,2,s,4.2,0.2,EC+B+,90.0,,A,10.0,,B+P,0.008,,,,,,,-8784.0,250.0,-21809.0,280.0,4157.0,202.0,6812.61,200.35,8961.0,250.0,2728.0,207.0,8022.0,1.0,152949372.0,215.0,-47160.0,200.0,Y,1977.0,16-Aug-2020,N. NICA,2023-10-18,153yb
70,84,Yb,5.0875,0.0105,,,,0.0,,,0+,0.409,,2,s,0.409,0.002,A,92.6,1.2,EC+B+,7.4,1.2,,,,,,,,,-10265.0,201.0,-19627.9487,151.0095,5474.3142,1.7293,4495.049,22.502,10844.0,201.0,3248.4543,21.0202,8039.9402,0.1122,153946395.696,18.551,-49932.093,17.281,N,1964.0,1-May-2008,C. W. Reich,2023-10-18,154yb
70,85,Yb,5.104,0.011,,,,0.0,,,(7/2-),1.793,,20,s,1.793,0.02,A,89.0,5.0,EC+B+,11.0,5.0,,,,,-0.91,0.02,-0.5,0.3,-7957.5578,25.4153,-18907.0,201.0,5338.7604,2.0739,6123.307,19.339,8641.8392,23.9623,3364.4427,21.9831,8043.8234,0.1071,154945783.216,17.82,-50502.614,16.6,N,1964.0,21-Oct-2019,N. NICA,2023-10-18,155yb
70,86,Yb,5.1219,0.0103,,,,0.0,,,0+,26.1,,7,s,26.1,0.7,EC+B+,90.0,2.0,A,10.0,2.0,,,,,,,,,-9565.988,54.9162,-18791.7996,21.3755,4809.7648,3.5359,3568.879,17.045,10834.2418,19.0313,3928.5875,13.5948,8061.7107,0.0597,155942817.096,9.992,-53265.538,9.308,N,1970.0,1-Mar-2012,C. W. REICH,2023-10-18,156yb
70,87,Yb,5.1324,0.01,,,,0.0,,,7/2-,38.6,,10,s,38.6,1.0,EC+B+,99.5,,A,0.5,,,,,,-0.637,0.008,,,-6980.0942,14.2406,-17791.6805,55.2093,4621.8539,5.858,5289.367,29.997,8225.6925,13.7282,3874.4662,17.5912,8062.7551,0.0695,156942651.368,11.706,-53419.912,10.905,N,1970.0,4-Dec-2015,N. NICA,2023-10-18,157yb
70,88,Yb,5.1498,0.0088,,,,0.0,,,0+,1.49,,13,m,89.4,7.8,EC+B+,100.0,,A,0.0021,0.0012,,,,,,,,,-8797.4201,16.8655,-17641.1207,14.4258,4170.4374,7.0306,2693.58,26.44,10661.0265,13.3914,4589.3128,29.06,8079.1999,0.0505,157939871.202,8.559,-56009.62,7.973,N,1967.0,1-Feb-2017,N. NICA,2023-10-18,158yb
70,89,Yb,5.1629,0.0084,,,,0.0,,,5/2(-),1.67,,9,m,100.2,5.4,EC+B+,100.0,,,,,,,,,-0.365,0.008,-0.22,0.02,-6124.9081,41.5648,-16692.6347,23.1653,3950.7391,18.4759,4736.887,33.016,7895.2146,19.1878,4419.288,30.7431,8078.0428,0.1106,158940060.257,18.874,-55833.517,17.582,N,1975.0,31-Dec-2010,C. W. Reich,2023-10-18,159yb
70,90,Yb,5.1781,0.0076,,,,0.0,,,0+,4.8,,2,m,288.0,12.0,EC+B+,100.0,,,,,,,,,,,,,-7893.2846,57.0863,-16525.9359,38.0621,3623.54,25.2348,2137.81,33.14,10401.0278,18.4205,4881.7939,28.4801,8092.5614,0.0343,159937559.21,5.9,-58163.227,5.496,N,1967.0,1-May-2021,N. NICA,2023-10-18,160yb
70,91,Yb,5.1889,0.0072,,,,0.0,,,3/2-,4.2,,2,m,252.0,12.0,EC+B+,100.0,,,,,,,,,-0.326,0.008,1.03,0.02,-5271.8989,31.764,-15635.6239,58.7935,3154.4838,30.5043,4064.467,31.764,7742.3393,16.0699,4822.1822,36.0056,8090.3861,0.0938,160937912.384,16.211,-57834.248,15.101,N,1974.0,1-Jun-2011,C. W. Reich,2023-10-18,161yb
70,92,Yb,5.2054,0.0067,,,,0.0,,,0+,18.87,,19,m,1132.2,11.4,EC+B+,100.0,,,,,,,,,,,,,-6989.4042,76.5406,-15330.1321,31.7648,3057.7361,29.3958,1656.319,30.118,10058.2332,21.1452,5211.4197,31.7648,8102.5333,0.0932,161935779.342,16.213,-59821.163,15.103,N,1963.0,1-Mar-2007,C. W. Reich,2023-10-18,162yb
70,93,Yb,5.2157,0.0064,,,,0.0,,,3/2-,11.05,,35,m,663.0,21.0,EC+B+,100.0,,,,,,,,,-0.373,0.008,1.24,0.02,-4502.4636,31.7657,-14533.4372,76.541,2842.3261,15.5038,3434.535,16.08,7544.033,21.1452,5105.3671,30.1136,8099.1069,0.0927,162936345.406,16.215,-59293.878,15.105,N,1967.0,12-Apr-2010,C. W. REICH and  BALRAJ SINGH,2023-10-18,163yb
70,94,Yb,5.2307,0.006,,,,0.0,,,0+,75.8,,17,m,4548.0,102.0,EC,100.0,,,,,,,,,0.64,0.1,,,-6369.7952,31.7666,-14292.0742,31.7666,2627.0899,28.5672,896.772,29.215,9789.6105,21.1452,5572.729,16.0704,8109.4149,0.0921,163934500.743,16.217,-61012.171,15.106,N,1960.0,30-Nov-2017,BALRAJ SINGH AND JUN CHEN{+#},2023-10-18,164yb
70,95,Yb,5.2399,0.0058,,,,0.0,,,5/2-,9.9,,3,m,594.0,18.0,EC+B+,100.0,,,,,,,,,0.477,0.008,2.48,0.04,-3853.1403,35.4324,-13724.3304,38.5387,2480.9947,27.9519,2634.636,26.591,7354.5352,30.5372,5675.416,36.4642,8104.8399,0.1608,164935270.241,28.49,-60295.388,26.539,N,1964.0,15-Apr-2006,ASHOK K. JAIN AND ANWESHA GHOSH and  BALRAJ SINGH,2023-10-18,165yb
70,96,Yb,5.2525,0.0057,,,,0.0,,,0+,56.7,,1,h,204120.0,360.0,EC,100.0,,,,,,,,,,,,,-5572.7197,30.6189,-13222.777,27.4468,2315.5881,7.0411,292.772,13.508,9369.6367,27.4468,5952.6533,7.1944,8112.4591,0.0422,165933876.439,7.515,-61593.706,7.001,N,1954.0,1-Mar-2008,CORAL M. BAGLIN,2023-10-18,166yb
70,97,Yb,5.2621,0.0056,,,,0.0,,,5/2-,17.5,,2,m,1050.0,12.0,EC+B+,100.0,,,,,,,,,0.621,0.008,2.7,0.04,-3063.619,37.4696,-12640.2316,30.0697,2152.5966,6.0854,1953.217,4.155,7067.5119,8.0427,5992.3934,12.2068,8106.202,0.0237,166934954.069,4.251,-60589.9,3.96,N,1954.0,5-Jul-2000,Coral M. Baglin,2023-10-18,167yb
70,98,Yb,5.2702,0.0056,0.123,0.003,,0.0,,,0+,STABLE,,,,,,,,,,,,,,,,,,,,-4507.0351,37.9735,-12124.9034,37.2599,1937.7907,0.7073,-267.488,1.68,9061.2843,3.9604,6325.7212,1.2595,8111.887,0.0006,167933891.297,0.1,-61579.867,0.093,N,1938.0,15-Jun-2010,CORAL M. BAGLIN,2023-10-18,168yb
70,99,Yb,5.2771,0.0056,,,,0.0,,,7/2+,32.018,,5,d,2766355.2,432.0,EC,100.0,,,,,,,,,-0.633,0.008,3.54,0.06,-2293.0,3.0,-11374.0137,37.9738,1720.9095,0.9329,899.127,0.759,6866.9786,0.1519,6352.1196,1.685,8104.5206,0.0011,168935184.208,0.191,-60375.527,0.178,N,1946.0,15-Jun-2008,CORAL M. BAGLIN,2023-10-18,169yb
70,100,Yb,5.2853,0.0056,2.982,0.039,,0.0,,,0+,STABLE,,,,,,,,,,,,,,,,0.669,0.008,-2.18,0.03,-3457.695,16.843,-10752.7197,3.0053,1735.3,0.3335,-968.615,0.732,8459.7197,0.178,6778.2457,0.7383,8106.6101,0.0003,169934767.242,0.011,-60763.929,0.01,N,1938.0,1-Oct-2018,C.M. Baglin{+1} and  E.A. McCutchan{+2} and  S. Basunia{+1,2023-10-18,170yb
70,101,Yb,5.2906,0.0057,14.086,0.14,,0.0,,,1/2-,STABLE,,,,,,,,,,,,,,,,0.4923,0.0004,-2.34,0.07,-1478.3526,1.8621,-10071.9024,16.843,1557.5217,0.2857,-96.547,0.972,6614.2073,0.0139,6800.4751,0.732,8097.8826,0.0003,170936331.515,0.013,-59306.818,0.013,N,1934.0,30-Jun-2018,CORAL M. BAGLIN and  E.A. MCCUTCHAN,2023-10-18,171yb
70,102,Yb,5.2995,0.0058,21.686,0.13,,0.0,,,0+,STABLE,,,,,,,,,,,,,,,,0.64,0.04,-2.22,0.04,-2519.3805,2.336,-9498.3089,1.8621,1308.859,0.2618,-1881.902,5.481,8019.9563,0.0167,7334.1562,0.9716,8097.4295,0.0003,171936386.654,0.014,-59255.456,0.014,N,1934.0,31-May-1995,BALRAJ SINGH,2023-10-18,172yb
70,103,Yb,5.3046,0.0059,16.103,0.063,,0.0,,,5/2-,STABLE,,,,,,,,,,,,,,,,-0.678,0.0006,2.8,0.04,-670.2201,1.5674,-8886.4764,2.336,945.013,0.3038,-1295.167,4.4,6367.0959,0.0152,7466.6514,5.4814,8087.4276,0.0003,172938216.211,0.012,-57551.234,0.011,N,1934.0,1-Oct-1993,V. S. SHIRLEY,2023-10-18,173yb
70,104,Yb,5.3108,0.006,32.025,0.08,,0.0,,,0+,STABLE,,,,,,,,,,,,,,,,0.672,0.005,-2.18,0.05,-1374.2287,1.5675,-8134.8246,1.5675,738.0772,1.387,-3080.0,44.7,7464.6045,0.0126,7977.4245,4.4,8083.8481,0.0003,173938867.545,0.011,-56944.521,0.011,N,1934.0,1-Nov-1998,E. BROWNE and  HUO JUNDE,2023-10-18,174yb
70,105,Yb,5.3135,0.0061,,,,0.0,,,(7/2-),4.185,,1,d,361584.0,86.4,B-,100.0,,,,,,,,,0.766,0.008,3.52,0.05,470.1219,1.2068,-7196.5826,1.5673,597.3499,1.4098,-2385.0,50.0,5822.3539,0.07,8120.0069,44.7214,8070.9253,0.0005,174941281.907,0.076,-54695.556,0.071,N,1945.0,1-Jun-2004,M. SHAMSUZZOHA BASUNIA,2023-10-18,175yb
70,106,Yb,5.3215,0.0062,12.995,0.083,,0.0,,,0+,STABLE,,,,,,,,,,,,,,,,,,,,-108.9895,1.2124,-6396.9621,1.207,566.34,3.9619,-4120.0,100.0,6867.0841,0.0717,8469.7371,50.0001,8064.0853,0.0003,175942574.706,0.015,-53491.322,0.014,N,1934.0,15-Sep-2005,M.S. BASUNIA,2023-10-18,176yb
70,107,Yb,,,,,,0.0,,,9/2+,1.911,,3,h,6879.6,10.8,B-,100.0,,,,,,,,,-0.695,0.015,4.03,0.06,1397.4983,1.2406,-5675.3894,1.2322,243.0,196.0,-3416.404,200.0,5566.4,0.22,8904.053,100.0002,8049.9741,0.0013,176945263.846,0.236,-50986.404,0.22,N,1945.0,30-Aug-2019,F.G. KONDEV,2023-10-18,177yb
70,108,Yb,,,,,,0.0,,,0+,74,,3,m,4440.0,180.0,B-,100.0,,,,,,,,,,,,,660.7415,6.9617,-5364.5544,6.6998,-153.0,298.0,-5437.139,300.072,6762.0528,6.5913,9397.0,200.0,8042.7386,0.037,177946669.4,7.072,-49677.139,6.588,N,1973.0,31-May-2008,E. Achterberg and  O.A. Capurro and  G.V. Marti,2023-10-18,178yb
70,109,Yb,,,,,,0.0,,,(1/2-),8.0,,4,m,480.0,24.0,B-,100.0,,,,,,,,,,,,,2419.0,200.0,-4373.0,200.0,-413.0,448.0,-4740.0,447.2,5034.0,200.0,9688.0,361.0,8026.0,1.0,178949930.0,215.0,-46640.0,200.0,Y,1982.0,15-Nov-2008,Coral M. BAGLIN,2023-10-18,179yb
70,110,Yb,,,,,,0.0,,,0+,2.4,,5,m,144.0,30.0,B-,100.0,,,,,,,,,,,,,1956.0,308.0,-3732.0,300.0,-514.0,500.0,-6550.0,500.0,6152.0,361.0,10109.0,500.0,8016.0,2.0,179951991.0,322.0,-44720.0,300.0,Y,1987.0,1-Feb-2015,E.A. MCCUTCHAN,2023-10-18,180yb
70,111,Yb,,,,,,0.0,,,,160,GT,,ns,1.6e-07,,B-,,,,,,,,,,,,,,3709.0,324.0,-2483.0,306.0,-655.0,585.0,-5648.0,582.0,4439.0,423.0,10207.0,499.0,7996.0,2.0,180955890.0,320.0,-41088.0,298.0,Y,2000.0,30-SEP-2013,BALRAJ SINGH AND MICHAEL BIRCH,2023-10-18,181yb
70,112,Yb,,,,,,0.0,,,0+,160,GT,,ns,1.6e-07,,B-,,,,,,,,,,,,,,2870.0,447.0,-2174.0,419.0,-1065.0,718.0,,,5883.0,499.0,10749.0,640.0,7984.0,2.0,181958239.0,429.0,-38900.0,400.0,Y,2012.0,15-Jul-2015,BALRAJ SINGH,2023-10-18,182yb
70,113,Yb,,,,,,0.0,,,,222,GE,,ns,2.22e-07,,B-,100.0,,,,,,,,,,,,,4716.0,408.0,-1301.0,447.0,-1345.0,640.0,,,4171.0,565.0,10799.0,640.0,7963.0,2.0,182962426.0,429.0,-35000.0,400.0,Y,2012.0,15-Apr-2015,CORAL M. BAGLIN,2023-10-18,183yb
70,114,Yb,,,,,,0.0,,,0+,160,GT,,ns,1.6e-07,,B-,,,,,,,,,,,,,,3700.0,541.0,-956.0,509.0,-1846.0,709.0,,,5672.0,642.0,,,7951.0,3.0,183965002.0,540.0,-32600.0,503.0,Y,2012.0,30-SEP-2013,BALRAJ SINGH AND MICHAEL BIRCH,2023-10-18,184yb
70,115,Yb,,,,,,0.0,,,,160,GT,,ns,1.6e-07,,B-,,,,,,,,,,,,,,5480.0,583.0,-251.0,539.0,,,,,3951.0,709.0,,,7929.0,3.0,184969425.0,537.0,-28480.0,500.0,Y,2012.0,30-SEP-2013,BALRAJ SINGH AND MICHAEL BIRCH,2023-10-18,185yb
71,78,Lu,,,,,,0.0,,,(11/2-),0.45,,+17-10,us,4.5e-07,1.35e-07,P,100.0,,,,,,,,,,,,,,,,,,,,,,,,,,,,,,,,,23-Aug-2022,Balraj Singh and Jun Chen,2023-10-18,149lu
71,79,Lu,,,,,,0.0,,,(2+),45,,3,ms,0.045,0.003,P,70.9,1.9,EC+B+,29.1,1.9,,,,,,,,,,,,,3859.0,361.0,14059.0,424.2,,,-1269.5999,2.3094,7866.0,2.0,149973407.0,322.0,-24771.0,300.0,Y,1993.0,1-Apr-2013,S. K. Basu and  A. A. Sonzogni,2023-10-18,150lu
71,80,Lu,,,,,,0.0,,,11/2-,80.6,,20,ms,0.0806,0.002,P,63.4,0.9,EC+B+,36.6,0.9,,,,,,,,,,,,,3249.0,300.0,11242.352,424.612,13600.0,424.0,-1240.9653,1.8222,7904.0,2.0,150967471.0,322.0,-30300.0,300.0,Y,1982.0,20-Nov-2008,BALRAJ SINGH,2023-10-18,151lu
71,81,Lu,,,,,,0.0,,,(4- 5- 6-),0.7,,1,s,0.7,0.1,EC+B+,100.0,,B+P,15.0,7.0,,,,,,,,,,,,,2918.0,196.0,12848.386,246.634,11193.0,358.0,-831.0,359.0,7926.0,1.0,151964120.0,210.0,-33422.0,196.0,Y,1987.0,3-JAN-2020,M. J. MARTIN,2023-10-18,152lu
71,82,Lu,,,,,,0.0,,,11/2-,0.9,,2,s,0.9,0.2,A,,,EC+B+,,,,,,,,,,,-11075.0,335.0,,,3140.0,250.0,8784.538,250.01,13025.0,247.0,-605.953,9.6225,7959.0882,0.9805,152958802.248,161.05,-38375.462,150.017,N,1989.0,16-Aug-2020,N. NICA,2023-10-18,153lu
71,83,Lu,,,,,,0.0,,,(2-),,,,,,,,,,,,,,,,,,,,,-6937.0,361.0,-20438.0,361.0,4399.0,280.0,10265.093,201.742,9363.0,251.0,-204.0569,13.9571,7968.0,1.0,153957416.0,216.0,-39667.0,201.0,Y,1981.0,1-May-2008,C. W. Reich,2023-10-18,154lu
71,84,Lu,,,,,,0.0,,,11/2-,68,,2,ms,0.068,0.002,A,90.0,2.0,EC+B+,10.0,2.0,,,,,,,,,-8235.0,301.0,-17886.0,301.0,5801.6414,2.2374,7957.558,25.415,10950.0,202.0,-98.0656,8.4705,7987.4369,0.1242,154954326.005,20.66,-42545.056,19.245,N,1965.0,21-Oct-2019,N. NICA,2023-10-18,155lu
71,85,Lu,,,,,,0.0,,,(2)-,494,,12,ms,0.494,0.012,A,95.0,,EC+B+,5.0,,,,,,,,,,-5880.0352,139.6908,-17461.0,305.0,5595.813,3.2058,9565.988,54.917,9225.8116,57.4416,485.9068,56.6102,7995.3752,0.3469,155953086.606,58.102,-43699.55,54.122,N,1965.0,1-Mar-2012,C. W. REICH,2023-10-18,156lu
71,86,Lu,,,,,,0.0,,,(1/2+ 3/2+),6.8,,18,s,6.8,1.8,A,0.0,,,,,,,,,,,,,-7585.0,201.0,-16691.6215,150.2261,5107.8759,2.8536,6980.094,16.27,10811.5863,55.4521,463.2513,12.4366,8013.3128,0.0769,156950144.807,12.961,-46439.818,12.074,N,1977.0,4-Dec-2015,N. NICA,2023-10-18,157lu
71,87,Lu,,,,,,0.0,,,(2)-,10.6,,3,s,10.6,0.3,EC+B+,99.09,0.2,A,0.91,0.2,,,,,,,,,-5109.801,14.9373,-16429.0,201.0,4790.026,4.5885,8797.42,17.09,8843.7006,19.3435,1081.2594,18.6215,8018.5685,0.0957,157949315.62,16.236,-47212.2,15.125,N,1979.0,1-Feb-2017,N. NICA,2023-10-18,158lu
71,88,Lu,,,,,,0.0,,,,12.1,,10,s,12.1,1.0,EC+B+,100.0,,A,0.1,,,,,,,,,,-6856.003,41.2456,-15677.5276,41.5276,4492.3962,38.9481,6124.908,41.565,10567.7267,40.5866,987.9596,38.498,8034.6009,0.2369,158946635.615,40.433,-49708.609,37.663,N,1980.0,31-Dec-2010,C. W. Reich,2023-10-18,159lu
71,89,Lu,,,,,,0.0,,,,36.1,,3,s,36.1,0.3,EC+B+,100.0,,A,0.0001,,,,,,,,,,-4331.1951,57.6165,-15488.6543,59.2564,4139.5589,58.5877,7893.285,57.086,8632.6513,68.1701,1725.3962,59.479,8038.3387,0.3551,159946033.0,61.0,-50269.942,56.821,N,1979.0,1-May-2021,N. NICA,2023-10-18,160lu
71,90,Lu,5.2293,0.032,,,,0.0,,,1/2+,77,,2,s,77.0,2.0,EC+B+,100.0,,,,,,,,,0.222,0.003,,,-6246.5319,36.4805,-14694.9201,29.5284,3722.0137,39.5199,5271.899,31.764,10363.725,63.321,1688.0935,28.4801,8052.7821,0.1736,160943572.0,30.0,-52562.349,27.945,N,1973.0,1-Jun-2011,C. W. Reich,2023-10-18,161lu
71,91,Lu,5.2398,0.0317,,,,0.0,,,1-,1.37,,2,m,82.2,1.2,EC+B+,100.0,,,,,,,,,0.0551,0.0011,0.519,0.008,-3663.3333,75.5679,-14587.2598,78.6148,3446.5252,79.1606,6989.404,76.541,8340.7279,80.0705,2286.482,76.5403,8054.5596,0.4632,161943282.776,80.554,-52831.759,75.036,N,1978.0,1-Mar-2007,C. W. Reich,2023-10-18,162lu
71,92,Lu,5.2567,0.0312,,,,0.0,,,1/2(+),3.97,,13,m,238.2,7.8,EC+B+,100.0,,,,,,,,,0.0767,0.001,,,-5522.0944,37.9611,-13694.307,29.3436,3354.0735,39.5199,4502.463,31.766,10030.9736,80.0705,2259.2224,31.7648,8066.6848,0.1714,162941179.0,30.0,-54791.415,27.945,N,1979.0,12-Apr-2010,C. W. REICH and  BALRAJ SINGH,2023-10-18,163lu
71,93,Lu,5.2677,0.031,,,,0.0,,,1(-),3.14,,3,m,188.4,1.8,EC+B+,100.0,,,,,,,,,0.0589,0.0011,0.608,0.007,-2824.0194,32.1083,-13444.3734,37.9611,3233.7455,43.0032,6369.795,31.767,7922.279,39.5199,2637.4684,31.7657,8065.8043,0.1704,163941339.0,30.0,-54642.376,27.945,N,1977.0,30-Nov-2017,BALRAJ SINGH AND JUN CHEN{+#},2023-10-18,164lu
71,94,Lu,5.283,0.0307,,,,0.0,,,1/2+,10.74,,10,m,644.4,6.0,EC+B+,100.0,,,,,,,,,-0.0244,0.0003,,,-4806.735,38.5387,-12695.2095,30.8925,3031.5512,38.5387,3853.14,37.53,9871.1901,38.5387,2719.0479,30.5372,8076.746,0.1608,164939406.758,28.49,-56442.248,26.539,N,1973.0,15-Apr-2006,ASHOK K. JAIN AND ANWESHA GHOSH and  BALRAJ SINGH,2023-10-18,165lu
71,95,Lu,5.2972,0.0305,,,,0.0,,,6-,2.65,,10,m,159.0,6.0,EC+B+,100.0,,,,,,,,,2.903,0.012,4.33,0.04,-2161.9978,40.8585,-12456.7923,40.8585,3031.5796,39.5923,5572.719,30.619,7650.0573,39.9102,3014.57,39.9102,8074.1756,0.1796,165939859.0,32.0,-56020.987,29.808,N,1969.0,1-Mar-2008,CORAL M. BAGLIN,2023-10-18,166lu
71,96,Lu,5.3108,0.0303,,,,0.0,,,7/2+,51.5,,10,m,3090.0,60.0,EC+B+,100.0,,,,,,,,,2.318,0.004,3.28,0.02,-4058.5198,46.5747,-11738.6103,46.5747,2777.2156,37.6657,3063.619,37.47,9576.6125,47.7158,3221.5459,37.9117,8083.1722,0.2231,166938243.0,40.0,-57526.281,37.26,N,1958.0,5-Jul-2000,Coral M. Baglin,2023-10-18,167lu
71,97,Lu,5.3227,0.0302,,,,0.0,,,6(-),5.5,,1,m,330.0,6.0,EC+B+,100.0,,,,,,,,,3.007,0.025,4.77,0.06,-1712.274,47.1476,-11676.3881,47.1476,2411.1956,45.4676,4507.035,37.973,7617.8683,53.2003,3771.9023,38.1793,8080.4026,0.226,167938729.798,40.766,-57072.832,37.973,N,1960.0,15-Jun-2010,CORAL M. BAGLIN,2023-10-18,168lu
71,98,Lu,5.329,0.0302,,,,0.0,,,7/2+,34.06,,5,h,122616.0,180.0,EC+B+,100.0,,,,,,,,,2.288,0.004,3.48,0.03,-3365.6321,28.106,-10793.2877,28.106,2422.5813,3.4325,2293.0,3.0,9081.0137,38.0921,3791.6316,3.0038,8086.3233,0.0178,168937645.845,3.226,-58082.527,3.005,N,1955.0,15-Jun-2008,CORAL M. BAGLIN,2023-10-18,169lu
71,99,Lu,5.3364,0.0302,,,,0.0,,,0+,2.012,,30,d,173836.8,2592.0,EC+B+,100.0,,,,,,,,,,,,,-1052.3734,32.6282,-10660.6567,32.6282,2155.3283,20.4238,3457.695,16.843,7295.0247,17.1091,4219.6777,16.844,8081.6686,0.0991,169938479.23,18.081,-57306.234,16.843,N,1951.0,1-Oct-2018,C.M. Baglin{+1} and  E.A. McCutchan{+2} and  S. Basunia{+1,2023-10-18,170lu
71,100,Lu,5.3436,0.0302,,,,0.0,,,7/2+,8.247,,23,d,712540.8,1987.2,EC+B+,100.0,,,,,,,,,2.286,0.004,3.53,0.03,-2397.1144,28.9363,-9645.9232,28.0068,2289.7352,2.2468,1478.353,1.862,8593.5498,16.9457,4353.5077,1.8621,8084.6621,0.0109,170937918.591,1.999,-57828.465,1.862,N,1951.0,30-Jun-2018,CORAL M. BAGLIN and  E.A. MCCUTCHAN,2023-10-18,171lu
71,101,Lu,5.3486,0.0302,,,,0.0,,,4-,6.70,,3,d,578880.0,2592.0,EC+B+,100.0,,,,,,,,,2.891,0.01,3.8,0.04,-333.8443,24.5396,-9376.0428,28.9706,2151.3869,2.8753,2519.38,2.33,6978.9284,2.6282,4718.2288,2.336,8078.2334,0.0136,171939091.32,2.507,-56736.076,2.336,N,1951.0,31-May-1995,BALRAJ SINGH,2023-10-18,172lu
71,102,Lu,5.3577,0.0303,,,,0.0,,,7/2+,1.37,,1,Y,43232988.58519104,315569.25974592,EC,100.0,,,,,,,,,2.273,0.002,3.53,0.02,-1469.2244,27.9887,-8550.1006,24.4784,1968.7241,1.7322,670.22,1.56,8216.2563,2.2361,4914.5288,1.5674,8079.0312,0.0091,172938935.722,1.682,-56881.014,1.567,N,1951.0,1-Oct-1993,V. S. SHIRLEY,2023-10-18,173lu
71,103,Lu,5.3634,0.0303,,,,0.0,,,(1)-,3.31,,5,Y,104453424.97589952,1577846.2987296,EC+B+,100.0,,,,,,,,,1.982,0.005,0.773,0.007,274.2911,2.1686,-8229.8203,27.9887,1800.1062,1.7294,1374.229,1.567,6760.5959,1.4143,5308.0288,1.5674,8071.454,0.009,173940342.84,1.682,-55570.292,1.567,N,1951.0,1-Nov-1998,E. BROWNE and  HUO JUNDE,2023-10-18,174lu
71,104,Lu,5.37,0.0304,97.401,0.013,,0.0,,,7/2+,STABLE,,,,,,,,,,,,,,,,2.2257,0.0019,3.49,0.02,-683.9154,1.9516,-7392.4134,1.9242,1619.677,1.5494,-470.122,1.209,7666.7045,1.0001,5510.1288,1.2069,8069.1412,0.0069,174940777.211,1.295,-55165.678,1.207,N,1934.0,1-Jun-2004,M. SHAMSUZZOHA BASUNIA,2023-10-18,175lu
71,105,Lu,5.3739,0.0304,2.599,0.013,,0.0,,,7-,3.76E+10,,7,Y,1.1865404166446592e+18,2.20898481822144e+16,B-,100.0,,,,,,,,,3.16,0.005,4.92,0.03,1194.0947,0.8744,-6971.8881,1.946,1566.305,5.6139,108.989,1.212,6287.9727,0.1498,5975.7476,1.2122,8059.0209,0.0069,175942691.711,1.301,-53382.333,1.212,N,1935.0,15-Sep-2005,M.S. BASUNIA,2023-10-18,176lu
71,106,Lu,5.3815,0.0305,,,,0.0,,,7/2+,6.6443,,9,d,574067.52,77.76,B-,100.0,,,,,,,,,2.2315,0.0014,3.39,0.03,496.8425,0.7921,-5878.7931,0.882,1447.2487,4.5662,-1397.499,1.241,7072.8878,0.1559,6181.5513,1.2209,8053.4495,0.0069,176943763.57,1.31,-52383.903,1.221,N,1945.0,30-Aug-2019,F.G. KONDEV,2023-10-18,177lu
71,107,Lu,5.3857,0.0306,,,,0.0,,,1(+),28.4,,2,m,1704.0,12.0,B-,100.0,,,,,,,,,-1.373,0.009,0.708,0.01,2097.4851,2.0569,-5528.4534,2.0524,1101.7242,44.778,-660.742,6.962,6025.2959,1.8931,6640.4473,2.2622,8042.0554,0.0127,177945960.065,2.416,-50337.881,2.251,N,1957.0,31-May-2008,E. Achterberg and  O.A. Capurro and  G.V. Marti,2023-10-18,178lu
71,108,Lu,5.3917,0.0307,,,,0.0,,,7/2+,4.59,,6,h,16524.0,216.0,B-,100.0,,,,,,,,,2.368,0.012,3.32,0.03,1404.0231,5.0672,-4694.9654,5.068,826.6276,50.2645,-2419.013,200.066,6792.4505,5.3481,6670.845,8.3615,8035.0744,0.0288,178947332.985,5.528,-49059.013,5.15,N,1961.0,15-Nov-2008,Coral M. BAGLIN,2023-10-18,179lu
71,109,Lu,,,,,,0.0,,,5+,5.7,,1,m,342.0,6.0,B-,100.0,,,,,,,,,,,,,3103.0,70.7107,-4284.7579,70.7108,269.9306,122.4827,-1956.476,308.224,5688.781,70.8918,7326.0,212.0,8022.0394,0.3929,179949890.744,75.926,-46676.476,70.725,N,1971.0,1-Feb-2015,E.A. MCCUTCHAN,2023-10-18,180lu
71,110,Lu,,,,,,0.0,,,(7/2+),3.5,,3,m,210.0,18.0,B-,100.0,,,,,,,,,,,,,2605.5435,125.7598,-3089.2565,125.7597,347.0,236.0,-3709.414,323.446,6192.2565,144.2758,7366.0,325.0,8011.9301,0.6948,180951908.0,135.0,-44797.414,125.752,N,1982.0,31-Aug-2005,S. -C. WU,2023-10-18,181lu
71,111,Lu,,,,,,0.0,,,,2.0,,2,m,120.0,12.0,B-,100.0,,,,,,,,,,,,,4280.0,200.0,-2438.0,200.0,45.0,361.0,-2870.0,447.2,5044.0,236.0,7971.0,359.0,7996.0,1.0,181955158.0,215.0,-41770.0,200.0,Y,1982.0,15-Jul-2015,BALRAJ SINGH,2023-10-18,182lu
71,112,Lu,,,,,,0.0,,,(7/2+),58,,4,s,58.0,4.0,B-,100.0,,,,,,,,,,,,,3567.4325,85.5564,-1737.796,80.3454,-241.0,408.0,-4716.114,407.943,6017.0,216.0,8105.0,408.0,7984.8125,0.4378,182957363.0,86.0,-39716.114,80.108,N,1983.0,15-Apr-2015,CORAL M. BAGLIN,2023-10-18,183lu
71,113,Lu,,,,,,0.0,,,(3+),19,,2,s,19.0,2.0,B-,100.0,,,,,,,,,,,,,5199.0,204.0,-1088.0,203.0,-555.0,447.0,-3700.0,541.3,4656.0,216.0,8589.0,447.0,7967.0,1.0,183961030.0,215.0,-36300.0,200.0,Y,1989.0,1-Oct-2009,CORAL M. BAGLIN,2023-10-18,184lu
71,114,Lu,,,,,,0.0,,,,160,GT,,ns,1.6e-07,,B-,,,,,,,,,,,,,,4359.0,307.0,-532.0,303.0,-946.0,583.0,-5480.0,583.0,5731.0,361.0,8649.0,586.0,7955.0,2.0,184963542.0,322.0,-33960.0,300.0,Y,2009.0,30-SEP-2013,BALRAJ SINGH AND MICHAEL BIRCH,2023-10-18,185lu
71,115,Lu,,,,,,0.0,,,,,,,,,,B-,100.0,,,,,,,,,,,,,6104.0,403.0,-72.0,405.0,-1255.0,640.0,,,4431.0,500.0,9129.0,640.0,7936.0,2.0,185967450.0,429.0,-30320.0,400.0,Y,2012.0,1-Mar-2022,J. C. Batchelder and A. M. Hurst and  M. S. Basunia,2023-10-18,186lu
71,116,Lu,,,,,,0.0,,,,,,,,,,B-,100.0,,B-N,,,,,,,,,,,5230.0,447.0,583.0,403.0,,,,,5521.0,565.0,,,7923.0,2.0,186970188.0,429.0,-27770.0,400.0,Y,2012.0,31-Mar-2022,Balraj Singh,2023-10-18,187lu
71,117,Lu,,,,,,0.0,,,,,,,,,,B-,100.0,,,,,,,,,,,,,7009.0,500.0,1109.0,447.0,,,,,4122.0,565.0,,,7903.0,2.0,187974428.0,429.0,-23820.0,400.0,Y,2012.0,1-Feb-2018,F.G. KONDEV and  S. JUUTINEN and  D.J. HARTLEY,2023-10-18,188lu
72,79,Hf,,,,,,0.0,,,,,,,,,,,,,,,,,,,,,,,,,,,,,,,,,,,,,,,,,,,,3-JAN-2020,BALRAJ SINGH,2023-10-18,151hf
72,81,Hf,,,,,,0.0,,,,,,,,,,,,,,,,,,,,,,,,,,,,3605.0,424.0,11075.462,335.418,,,1167.0,358.0,7882.0,2.0,152970692.0,322.0,-27300.0,300.0,Y,2000.0,16-Aug-2020,N. NICA,2023-10-18,153hf
72,82,Hf,,,,,,0.0,,,0+,2,,1,s,2.0,1.0,EC+B+,100.0,,A,0.0,,,,,,,,,,,,,,3675.0,424.0,6937.0,361.1,13501.0,424.0,1643.0,335.0,7918.0,2.0,153964863.0,322.0,-32730.0,300.0,Y,1981.0,1-May-2008,C. W. Reich,2023-10-18,154hf
72,83,Hf,,,,,,0.0,,,(7/2-),843,,30,ms,0.843,0.03,EC+B+,100.0,,,,,,,,,,,,,-10322.0,424.0,,,4808.0,425.0,8235.056,300.617,9651.0,424.0,1932.0,361.0,7929.0,2.0,154963167.0,322.0,-34310.0,300.0,Y,1981.0,21-Oct-2019,N. NICA,2023-10-18,155hf
72,84,Hf,,,,,,0.0,,,0+,23,,1,ms,0.023,0.001,A,100.0,,,,,,,,,,,,,-11819.0,335.0,-21903.0,336.0,6025.9559,3.0801,5880.036,159.221,11581.0,335.0,2563.4294,150.9719,7952.6676,0.9599,155959399.083,160.752,-37819.514,149.74,N,1979.0,1-Mar-2012,C. W. REICH,2023-10-18,156hf
72,85,Hf,,,,,,0.0,,,(7/2-),115,,1,ms,0.115,0.001,A,94.0,4.0,EC+B+,14.0,9.0,,,,,,,,,-9259.0,250.0,-20925.0,361.0,5880.0072,3.0595,7584.818,200.364,9107.0,250.0,2444.0,207.0,7960.0,1.0,156958288.0,215.0,-38855.0,200.0,Y,1965.0,4-Dec-2015,N. NICA,2023-10-18,157hf
72,86,Hf,,,,,,0.0,,,0+,2.85,,7,s,2.85,0.07,EC+B+,55.7,1.9,A,44.3,1.9,,,,,,,,,-10984.0,201.0,-20577.7699,151.0686,5404.7775,2.718,5109.801,23.126,11319.0,201.0,2951.5527,21.2489,7981.2764,0.1107,157954801.217,18.78,-42102.399,17.494,N,1965.0,1-Feb-2017,N. NICA,2023-10-18,158hf
72,87,Hf,,,,,,0.0,,,7/2-,5.6,,4,s,5.6,0.4,EC+B+,65.0,7.0,A,35.0,7.0,,,,,,,,,-8413.4492,25.8909,-19806.0,201.0,5225.092,2.6686,6856.003,41.245,8821.5247,24.2631,2929.3767,22.6148,7986.561,0.1057,158953995.837,18.049,-42852.606,16.813,N,1973.0,31-Dec-2010,C. W. Reich,2023-10-18,159hf
72,88,Hf,,,,,,0.0,,,0+,13.6,,2,s,13.6,0.2,EC+B+,99.3,0.2,A,0.7,0.2,,,,,,,,,-10115.0475,55.1472,-19570.9084,21.8761,4901.8746,2.5862,4331.195,57.616,11157.4592,19.3311,3519.1092,38.8527,8006.3791,0.0596,159950682.728,10.241,-45938.747,9.54,N,1973.0,1-May-2021,N. NICA,2023-10-18,160hf
72,89,Hf,,,,,,0.0,,,(7/2-),18.4,,4,s,18.4,0.4,EC+B+,99.87,,A,0.13,,,,,,,,,,-7537.2421,33.7278,-18563.4357,59.1618,4679.1789,25.0152,6246.532,36.48,8448.3882,25.2515,3334.8461,61.47,8009.1245,0.1457,160950277.927,25.174,-46315.817,23.45,N,1973.0,31-DEC-2014,BALRAJ SINGH,2023-10-18,161hf
72,90,Hf,,,,,,0.0,,,0+,39.4,,9,s,39.4,0.9,EC+B+,99.992,0.001,A,0.008,0.001,,,,,,,,,-9387.0211,63.8938,-18461.1686,25.9578,4416.2789,4.8624,3663.333,75.568,10923.9265,25.09,3895.0476,29.3436,8027.1171,0.0553,161947215.526,9.61,-49168.426,8.952,N,1982.0,1-Mar-2007,C. W. Reich,2023-10-18,162hf
72,91,Hf,,,,,,0.0,,,(5/2-),40.0,,6,s,40.0,0.6,EC+B+,100.0,,A,0.0001,,,,,,,,,,-6734.6864,45.9217,-17559.2337,68.3364,4139.281,31.1326,5522.095,37.961,8172.2126,27.2078,3726.5322,79.3127,8028.0072,0.1576,162947107.211,27.582,-49269.32,25.693,N,1982.0,31-DEC-2014,BALRAJ SINGH,2023-10-18,163hf
72,92,Hf,,,,,,0.0,,,0+,111,,8,s,111.0,8.0,EC+B+,100.0,,,,,,,,,,,,,-8535.5511,32.1083,-17355.0404,41.2154,3919.9548,16.7401,2824.02,32.1,10620.3539,30.1687,4315.9126,32.1083,8043.8142,0.0964,163944370.709,16.975,-51818.356,15.812,N,1981.0,30-Nov-2017,BALRAJ SINGH AND JUN CHEN{+#},2023-10-18,164hf
72,93,Hf,,,,,,0.0,,,(5/2-),76,,4,s,76.0,4.0,EC+B+,100.0,,,,,,,,,,,,,-5787.641,31.0668,-16424.0257,39.5199,3773.8196,31.764,4806.735,38.539,7888.4745,32.1083,4282.1081,39.5199,8042.8728,0.1694,164944567.0,30.0,-51635.513,27.945,N,1981.0,15-Apr-2006,ASHOK K. JAIN AND ANWESHA GHOSH and  BALRAJ SINGH,2023-10-18,165hf
72,94,Hf,,,,,,0.0,,,0+,6.77,,30,m,406.2,18.0,EC+B+,100.0,,,,,,,,,,,,,-7761.2089,39.5199,-16082.4355,31.0668,3537.2584,31.7648,2161.998,40.859,10294.7945,39.5199,4705.7125,38.5387,8056.4386,0.1683,165942180.0,30.0,-53858.989,27.945,N,1965.0,1-Mar-2008,CORAL M. BAGLIN,2023-10-18,166hf
72,95,Hf,,,,,,0.0,,,(5/2)-,2.05,,5,m,123.0,3.0,EC+B+,100.0,,,,,,,,,,,,,-5116.6971,39.5199,-15441.2994,39.5199,3401.2009,31.7657,4058.52,46.57,7680.0905,39.5199,4735.7457,40.8585,8054.185,0.1673,166942600.0,30.0,-53467.761,27.945,N,1969.0,5-Jul-2000,Coral M. Baglin,2023-10-18,167hf
72,96,Hf,,,,,,0.0,,,0+,25.95,,20,m,1557.0,12.0,EC+B+,100.0,,,,,,,,,0.34,0.06,,,-6966.6444,39.5199,-15080.8112,39.5199,3226.6973,31.7666,1712.275,47.147,9964.1141,39.5199,5123.2473,46.5747,8065.5536,0.1663,167940568.0,30.0,-55360.557,27.945,N,1961.0,15-Jun-2010,CORAL M. BAGLIN,2023-10-18,168hf
72,97,Hf,,,,,,0.0,,,5/2-,3.24,,4,m,194.4,2.4,EC+B+,100.0,,,,,,,,,,,,,-4426.46,39.5199,-14394.3,39.5199,3153.5769,38.5387,3365.632,28.106,7427.6556,39.5199,4933.0346,47.1476,8061.7791,0.1654,168941259.0,30.0,-54716.895,27.945,N,1969.0,1-Jun-2022,CORAL M. BAGLIN,2023-10-18,169hf
72,98,Hf,5.2898,0.0055,,,,0.0,,,0+,16.01,,13,h,57636.0,468.0,EC,100.0,,,,,,,,,0.56,0.1,,,-6116.1903,39.5199,-14034.7433,39.5199,2914.9303,28.8084,1052.374,32.628,9608.2833,39.5199,5460.3043,28.106,8070.8762,0.1644,169939609.0,30.0,-56253.86,27.945,N,1961.0,1-Oct-2018,C.M. Baglin{+1} and  E.A. McCutchan{+2} and  S. Basunia{+1,2023-10-18,170hf
72,99,Hf,5.3041,0.0049,,,,0.0,,,7/2(+),12.1,,4,h,43560.0,1440.0,EC+B+,100.0,,,,,,,,,-0.674,0.012,3.46,0.03,-3711.0725,40.184,-13364.999,40.184,2733.6334,29.1466,2397.114,28.936,7248.8088,40.184,5414.0884,33.4295,8066.0687,0.1689,170940492.0,31.0,-55431.351,28.876,N,1951.0,30-Jun-2018,CORAL M. BAGLIN and  E.A. MCCUTCHAN,2023-10-18,171hf
72,100,Hf,5.3065,0.0043,,,,0.0,,,0+,1.87,,3,Y,59011451.57248704,946707.77923776,EC,100.0,,,,,,,,,5.6,0.6,,,-5072.249,37.1167,-12753.2711,37.1167,2752.7192,24.4283,333.844,24.539,9042.1985,37.823,5862.7371,24.499,8071.7439,0.142,171939449.716,26.224,-56402.232,24.428,N,1951.0,31-May-1995,BALRAJ SINGH,2023-10-18,172hf
72,101,Hf,5.314,0.0038,,,,0.0,,,1/2-,23.6,,1,h,84960.0,360.0,EC+B+,100.0,,,,,,,,,0.502,0.007,,,-3015.2464,39.5199,-12153.1252,39.5199,2538.8216,27.9454,1469.224,27.989,7080.8762,37.1167,5964.6849,28.0423,8066.0164,0.1615,172940513.0,30.0,-55411.79,27.945,N,1951.0,1-Oct-1993,V. S. SHIRLEY,2023-10-18,173hf
72,102,Hf,5.3201,0.0035,0.16,0.12,,0.0,,,0+,2.0E+15,,4,Y,6.3113851949184e+22,1.26227703898368e+22,A,100.0,,,,,,,,,5.4,0.05,,,-4103.8117,28.036,-11519.3579,28.036,2494.4298,2.2593,-274.291,2.749,8504.1115,28.036,6252.5401,2.1686,8068.5341,0.013,173940048.377,2.425,-55844.583,2.259,N,1939.0,1-Nov-1998,E. BROWNE and  HUO JUNDE,2023-10-18,174hf
72,103,Hf,5.3191,0.0036,,,,0.0,,,5/2(-),70,,2,d,6048000.0,172800.0,EC,100.0,,,,,,,,,-0.677,0.009,2.72,0.02,-2073.1103,28.0379,-10812.3096,28.0379,2400.1392,2.2826,683.915,2.582,6708.498,0.3832,6200.4421,2.193,8060.7625,0.013,174941511.424,2.45,-54481.763,2.283,N,1949.0,1-Jun-2004,M. SHAMSUZZOHA BASUNIA,2023-10-18,175hf
72,104,Hf,5.3286,0.0032,5.26,0.7,,0.0,,,0+,STABLE,,,,,,,,,,,,,,,,1.34,0.15,-2.1,0.02,-3211.0484,30.775,-10239.0931,27.9841,2254.1128,1.4824,-1194.095,1.914,8165.9828,1.7801,6699.7204,0.8869,8061.3604,0.0084,175941409.797,1.591,-54576.428,1.482,N,1934.0,15-Sep-2005,M.S. BASUNIA,2023-10-18,176hf
72,105,Hf,5.3309,0.0031,18.6,0.16,,0.0,,,7/2-,STABLE,,,,,,,,,,,,,,,,0.791,0.0009,3.37,0.03,-1166.0,3.0,-9586.684,30.7716,2245.5731,1.4103,-496.842,1.865,6375.6356,1.0181,6787.3833,0.8007,8051.8365,0.008,176943230.187,1.514,-52880.745,1.41,N,1934.0,30-Aug-2019,F.G. KONDEV,2023-10-18,177hf
72,106,Hf,5.3371,0.0031,27.28,0.28,,0.0,,,0+,STABLE,,,,,,,,,,,,,,,,3.09,0.01,-2.02,0.02,-1837.0,52.0,-8791.9385,3.0052,2084.2391,1.4151,-2097.485,2.659,7625.9385,0.1767,7340.434,0.8038,8049.4438,0.008,177943708.322,1.519,-52435.366,1.415,N,1934.0,31-May-2008,E. Achterberg and  O.A. Capurro and  G.V. Marti,2023-10-18,178hf
72,107,Hf,5.3408,0.0031,13.62,0.11,,0.0,,,9/2+,STABLE,,,,,,,,,,,,,,,,-0.6389,0.0014,3.79,0.03,-105.5801,0.4088,-7936.0,52.0,1807.6045,1.4159,-1404.023,5.341,6098.9886,0.0768,7414.1266,2.0552,8038.5474,0.0079,178945825.705,1.52,-50463.036,1.416,N,1934.0,15-Nov-2008,Coral M. BAGLIN,2023-10-18,179hf
72,108,Hf,5.347,0.0032,35.08,0.33,,0.0,,,0+,STABLE,,,,,,,,,,,,,,,,8.7,1.0,-2.0,0.02,-845.8453,2.3472,-7493.338,0.4358,1286.9306,1.4215,-3103.0,70.7,7387.7579,0.151,8009.434,5.0642,8034.9319,0.0079,179946559.537,1.525,-49779.476,1.421,N,1934.0,1-Feb-2015,E.A. MCCUTCHAN,2023-10-18,180hf
72,109,Hf,,,,,,0.0,,,1/2-,42.39,,6,d,3662496.0,5184.0,B-,100.0,,,,,,,,,,,,,1036.1061,1.9298,-6540.6453,2.3482,1158.5306,1.4401,-2605.544,125.76,5694.8,0.07,8015.453,70.7107,8022.003,0.0079,180949110.834,1.527,-47402.958,1.423,N,1935.0,31-Aug-2005,S. -C. WU,2023-10-18,181hf
72,110,Hf,5.3516,0.0036,,,,0.0,,,0+,8.90E+6,,9,Y,280856641173868.8,2840123337713.28,B-,100.0,,,,,,,,,,,,,381.0486,6.3027,-5681.8901,6.3023,1202.5871,9.0231,-4279.636,200.095,6717.9963,6.0004,8541.1928,125.9028,8014.8381,0.0339,181950563.684,6.619,-46049.636,6.166,N,1961.0,15-Jul-2015,BALRAJ SINGH,2023-10-18,182hf
72,111,Hf,,,,,,0.0,,,(3/2-),1.018,,2,h,3664.8,7.2,IT,100.0,,B-,100.0,,,,,,,,,,2010.0,30.0,-4924.18,30.0007,931.0,203.0,-3567.433,85.556,5305.2286,30.6556,8802.0,203.0,8000.0315,0.1642,182953533.203,32.251,-43283.547,30.042,N,1956.0,15-Apr-2015,CORAL M. BAGLIN,2023-10-18,183hf
72,112,Hf,,,,,,0.0,,,0+,4.12,,5,h,14832.0,180.0,B-,100.0,,,,,,,,,,,,,1340.0,30.0,-4277.2242,39.7288,796.0,303.0,-5199.453,203.903,6287.2242,49.7833,9072.3097,89.4087,7990.7228,0.2158,183955448.507,42.625,-41499.453,39.706,N,1973.0,1-Oct-2009,CORAL M. BAGLIN,2023-10-18,184hf
72,113,Hf,,,,,,0.0,,,,3.5,,6,m,210.0,36.0,B-,100.0,,,,,,,,,,,,,3074.5667,65.8147,-3551.6698,69.3367,343.0,305.0,-4359.804,306.808,4891.6698,75.5485,9308.0,210.0,7973.9711,0.3474,184958862.0,69.0,-38319.804,64.273,N,1993.0,1-Nov-2005,S. -C. WU,2023-10-18,185hf
72,114,Hf,,,,,,0.0,,,0+,2.6,,12,m,156.0,72.0,B-,100.0,,,,,,,,,,,,,2183.3883,78.9063,-3101.1609,53.1534,51.0,403.0,-6104.214,403.268,6175.7276,82.1935,9753.0,304.0,7964.3032,0.2754,185960897.0,55.0,-36424.214,51.232,N,1998.0,1-Mar-2022,J. C. Batchelder and A. M. Hurst and  M. S. Basunia,2023-10-18,186hf
72,115,Hf,,,,,,0.0,,,,,,,,,,B-,100.0,,,,,,,,,,,,,3896.0,208.0,-2464.0,209.0,-425.0,447.0,-5230.0,447.2,4647.0,207.0,9969.0,447.0,7947.0,1.0,186964573.0,215.0,-33000.0,200.0,Y,1999.0,31-Mar-2022,Balraj Singh,2023-10-18,187hf
72,116,Hf,,,,,,0.0,,,0+,,,,,,,B-,100.0,,,,,,,,,,,,,3080.0,361.0,-2005.0,305.0,-654.0,586.0,-7010.0,500.0,5901.0,361.0,10349.0,500.0,7936.0,2.0,187966903.0,322.0,-30830.0,300.0,Y,1999.0,1-Feb-2018,F.G. KONDEV and  S. JUUTINEN and  D.J. HARTLEY,2023-10-18,188hf
72,117,Hf,,,,,,0.0,,,,,,,,,,B-,100.0,,,,,,,,,,,,,4809.0,361.0,-1311.0,361.0,-1095.0,583.0,,,4392.0,424.0,10619.0,500.0,7917.0,2.0,188970853.0,322.0,-27150.0,300.0,Y,2009.0,15-Apr-2017,T.D. JOHNSON and  BALRAJ SINGH,2023-10-18,189hf
72,118,Hf,,,,,,0.0,,,0+,,,,,,,B-,100.0,,,,,,,,,,,,,3920.0,447.0,-912.0,447.0,,,,,5721.0,500.0,,,7905.0,2.0,189973376.0,429.0,-24800.0,400.0,Y,2012.0,15-Oct-2020,Balraj Singh and {+1} and Jun Chen{+2},2023-10-18,190hf
73,82,Ta,,,,,X,0.0,,,11/2-,2.9,,+15-11,ms,0.0029,0.0013,P,100.0,,,,,,,,,,,,,,,,,3887.0,424.0,10322.0,424.2,,,-1452.9999,15.0,7858.0,2.0,154974248.0,322.0,-23988.0,300.0,Y,2007.0,21-Oct-2019,N. NICA,2023-10-18,155ta
73,83,Ta,,,,,,0.0,,,(2-),106,,4,ms,0.106,0.004,P,71.0,3.0,EC+B+,29.0,3.0,,,,,,,,,,,,,4996.0,358.0,11818.514,335.294,10084.0,424.0,-1019.7972,4.269,7872.0,2.0,155972087.0,322.0,-26001.0,300.0,Y,1992.0,1-Mar-2012,C. W. REICH,2023-10-18,156ta
73,84,Ta,,,,,,0.0,,,1/2+,10.1,,4,ms,0.0101,0.0004,A,96.6,1.2,P,3.4,1.2,,,,,,,,,-9906.0,427.0,,,6354.5987,6.2869,9259.052,250.031,11666.0,335.0,-934.5958,9.6737,7896.0608,0.9557,156968227.445,161.087,-29595.948,150.052,N,1979.0,4-Dec-2015,N. NICA,2023-10-18,157ta
73,85,Ta,,,,,,0.0,,,(2-),55,,15,ms,0.055,0.015,A,91.0,,EC+B+,9.0,,,,,,,,,,-7426.0,361.0,-19500.0,447.0,6123.6044,4.3503,10984.399,201.76,9594.0,251.0,-447.6541,12.904,7907.0,1.0,157966593.0,215.0,-31118.0,201.0,Y,1979.0,1-Feb-2017,N. NICA,2023-10-18,158ta
73,86,Ta,,,,,,0.0,,,1/2+,0.83,,18,s,0.83,0.18,EC+B+,66.0,5.0,A,34.0,5.0,,,,,,,,,-9005.0,301.0,-18818.0,301.0,5680.9834,6.0667,8413.449,25.891,11392.0,202.0,-374.2715,9.0354,7928.7258,0.1238,158963028.046,21.137,-34439.157,19.689,N,1979.0,31-Dec-2010,C. W. Reich,2023-10-18,159ta
73,87,Ta,,,,,,0.0,,,,1.55,,4,s,1.55,0.04,A,34.0,,,,,,,,,,,,,-6494.6267,139.8413,-18461.0,305.0,5450.9341,4.587,10115.047,55.147,9455.8609,57.7742,260.0647,56.8584,7938.2704,0.3395,159961541.678,58.31,-35823.7,54.316,N,1979.0,1-May-2021,N. NICA,2023-10-18,160ta
73,88,Ta,,,,,,0.0,,,(1/2+),,,,,,,A,,,EC+B+,,,,,,,,,,,-8272.0,202.0,-17520.8202,151.7815,5236.3268,23.842,7537.242,33.828,11026.1935,59.537,128.799,23.3873,7957.45,0.1514,160958369.489,26.174,-38778.575,24.381,N,1979.0,1-Jun-2011,C. W. Reich,2023-10-18,161ta
73,89,Ta,,,,,,0.0,,,,3.57,,12,s,3.57,0.12,EC+B+,99.926,0.01,A,0.074,0.01,ECP,,,,,,,,-5782.188,63.3235,-17346.0,210.0,5005.8799,61.4896,9387.021,63.952,9074.1475,67.8524,754.5584,67.5239,7964.3432,0.3909,161957292.907,67.979,-39781.405,63.322,N,1985.0,31-JUL-2015,BALRAJ SINGH,2023-10-18,162ta
73,90,Ta,,,,,,0.0,,,,10.6,,18,s,10.6,1.8,EC+B+,99.8,,A,0.2,,,,,,,,,,-7626.1952,69.7301,-16606.7352,41.9578,4749.0593,5.4915,6734.686,45.921,10824.5473,73.881,655.1792,39.1,7981.8905,0.2335,162954337.194,40.86,-42534.634,38.061,N,1985.0,12-Apr-2010,C. W. REICH and  BALRAJ SINGH,2023-10-18,163ta
73,91,Ta,,,,,,0.0,,,(3+),14.2,,3,s,14.2,0.3,EC+B+,100.0,,A,,,,,,,,,,,-5047.25,29.5717,-16445.6844,64.7651,4562.2214,63.321,8535.551,32.108,8819.4892,47.2185,1302.4558,37.9611,7986.9978,0.1704,163953534.0,30.0,-43282.805,27.945,N,1982.0,30-Nov-2017,BALRAJ SINGH AND JUN CHEN{+#},2023-10-18,164ta
73,92,Ta,,,,,,0.0,,,(9/2-),31.0,,15,s,31.0,1.5,EC+B+,100.0,,,,,,,,,,,,,-6986.5555,29.1133,-15683.6347,16.6674,4289.5617,31.0668,5787.641,31.067,10636.3847,31.0668,1318.4866,20.0124,8003.0547,0.0823,164950780.287,14.571,-45847.872,13.573,N,1982.0,15-Apr-2006,ASHOK K. JAIN AND ANWESHA GHOSH and  BALRAJ SINGH,2023-10-18,165ta
73,93,Ta,,,,,,0.0,,,(2)+,34.4,,5,s,34.4,0.5,EC+B+,100.0,,,,,,,,,,,,,-4210.3092,29.5036,-15307.7821,38.0035,4309.063,80.0705,7761.209,39.52,8321.2266,31.0668,1751.2386,39.5199,8004.9714,0.1683,165950512.0,30.0,-46097.78,27.945,N,1977.0,1-Mar-2008,CORAL M. BAGLIN,2023-10-18,166ta
73,94,Ta,,,,,,0.0,,,(3/2+),80,,4,s,80.0,4.0,EC+B+,100.0,,,,,,,,,,,,,-6257.8523,33.6262,-14534.9115,29.5036,4015.4344,39.5199,5116.697,39.52,10324.6023,39.5199,1781.0464,39.5199,8018.8614,0.1673,166948093.0,30.0,-48351.064,27.945,N,1982.0,23-May-2013,CORAL M. BAGLIN,2023-10-18,167ta
73,95,Ta,,,,,,0.0,,,(2- 3+),2.0,,1,m,120.0,6.0,EC+B+,100.0,,,,,,,,,,,,,-3500.9828,30.9307,-14372.0191,33.6262,3823.5466,39.5199,6966.644,39.52,8114.1668,39.5199,2215.1227,39.5199,8019.4287,0.1663,167948047.0,30.0,-48393.913,27.945,N,1969.0,15-Jun-2010,CORAL M. BAGLIN,2023-10-18,168ta
73,96,Ta,,,,,,0.0,,,(5/2+),4.9,,4,m,294.0,24.0,EC+B+,100.0,,,,,,,,,,,,,-5372.5686,31.9246,-13468.8229,30.9307,3726.8966,38.5387,4426.46,39.52,9967.8401,39.5199,2218.8487,39.5199,8030.9577,0.1654,168946011.0,30.0,-50290.435,27.945,N,1969.0,15-Jun-2008,CORAL M. BAGLIN,2023-10-18,169ta
73,97,Ta,,,,,,0.0,,,(3+),6.76,,6,m,405.6,3.6,EC+B+,100.0,,,,,,,,,,,,,-2846.8656,30.9035,-13291.1216,31.9246,3458.4009,40.8585,6116.19,39.52,7918.553,39.5199,2709.7461,39.5199,8030.2965,0.1644,169946175.0,30.0,-50137.67,27.945,N,1969.0,1-Oct-2018,C.M. Baglin{+1} and  E.A. McCutchan{+2} and  S. Basunia{+1,2023-10-18,170ta
73,98,Ta,,,,,,0.0,,,(5/2+),23.3,,3,m,1398.0,18.0,EC+B+,100.0,,,,,,,,,,,3.1,0.2,-4634.1832,39.5199,-12500.7921,30.9035,3381.0869,46.5747,3711.072,40.184,9653.9265,39.5199,2755.3893,39.5199,8039.7914,0.1634,170944476.0,30.0,-51720.279,27.945,N,1969.0,30-Jun-2018,CORAL M. BAGLIN and  E.A. MCCUTCHAN,2023-10-18,171ta
73,99,Ta,,,,,,0.0,,,(3+),36.8,,3,m,2208.0,18.0,EC+B+,100.0,,,,,,,,,,,,,-2232.7914,39.5199,-12315.2052,39.5199,3317.9331,47.1476,5072.249,37.117,7681.022,39.5199,3187.6025,40.184,8037.7056,0.1625,171944895.0,30.0,-51329.983,27.945,N,1964.0,08-DEC-2015,BALRAJ SINGH,2023-10-18,172ta
73,100,Ta,,,,,,0.0,,,5/2-,3.14,,13,h,11304.0,468.0,EC+B+,100.0,,,,,,,,,1.7,0.03,-1.8,0.2,-3669.1553,39.5199,-11370.6702,39.5199,3261.068,28.106,3015.247,39.52,9137.8788,39.5199,3283.2828,37.1167,8044.065,0.1615,172943750.0,30.0,-52396.543,27.945,N,1960.0,1-Oct-1993,V. S. SHIRLEY,2023-10-18,173ta
73,101,Ta,,,,,,0.0,,,3+,1.14,,8,h,4104.0,288.0,EC+B+,100.0,,,,,,,,,,,,,-1513.6779,39.5199,-11084.7015,39.5199,3140.5465,32.6282,4103.812,28.036,7415.5462,39.5199,3617.9528,39.5199,8040.4528,0.1606,173944454.0,30.0,-51740.771,27.945,N,1960.0,1-Nov-1998,E. BROWNE and  HUO JUNDE,2023-10-18,174ta
73,102,Ta,,,,,,0.0,,,7/2+,10.5,,2,h,37800.0,720.0,EC+B+,100.0,,,,,,,,,2.27,0.05,3.5,0.3,-2775.8524,39.5199,-10252.8773,39.5199,2994.8969,28.0068,2073.11,28.03,8739.1993,39.5199,3853.0407,28.036,8044.4456,0.1597,174943737.0,30.0,-52408.653,27.945,N,1960.0,1-Jun-2004,M. SHAMSUZZOHA BASUNIA,2023-10-18,175ta
73,103,Ta,,,,,,0.0,,,(1)-,8.09,,5,h,29124.0,180.0,EC+B+,100.0,,,,,,,,,,,,,-723.7709,41.543,-9803.8971,41.543,2945.7807,30.8279,3211.049,30.775,7028.0447,41.543,4172.5874,30.8239,8038.6706,0.1747,175944857.0,33.0,-51365.379,30.739,N,1948.0,15-Sep-2005,M.S. BASUNIA,2023-10-18,176ta
73,104,Ta,,,,,,0.0,,,7/2+,56.36,,13,h,202896.0,468.0,EC+B+,100.0,,,,,,,,,2.25,0.05,,,-2013.0144,28.1408,-9144.4549,28.1408,2741.353,3.2653,1166.0,3.6,8420.684,30.9175,4427.2886,3.1681,8040.8289,0.0187,176944481.94,3.558,-51714.745,3.315,N,1948.0,30-Aug-2019,F.G. KONDEV,2023-10-18,177ta
73,105,Ta,,,,,X,0.0,,0.0,7-,2.36,,8,h,8496.0,288.0,EC+B+,100.0,,,,,,,,,2.74,0.012,,,-191.0,50.0,-8968.0,59.0,2547.0,52.0,1837.366,52.019,6955.0,52.0,5007.0,52.0,8035.0,0.0,177945680.0,56.0,-50598.0,52.0,Y,1950.0,31-May-2008,E. Achterberg and  O.A. Capurro and  G.V. Marti,2023-10-18,178ta
73,106,Ta,,,,,,0.0,,,7/2+,1.82,,3,Y,57433605.27375744,946707.77923776,EC,100.0,,,,,,,,,2.286,0.006,3.27,0.04,-1062.2093,14.5197,-8021.7085,15.1385,2383.3065,0.9188,105.58,2.03,7830.0,52.0,5211.0615,0.4159,8033.5869,0.0082,178945939.05,1.574,-50357.456,1.466,N,1950.0,15-Nov-2008,Coral M. BAGLIN,2023-10-18,179ta
73,107,Ta,,,,,,0.0,,,1+,8.154,,6,h,29354.4,21.6,EC,85.0,3.0,B-,15.0,3.0,,,,,4.814,0.012,4.8,0.03,702.6122,2.359,-7709.702,14.6941,2023.7865,2.2787,845.845,2.509,6647.4927,2.3685,5759.5656,2.3435,8025.8864,0.0115,179947467.589,2.219,-48933.631,2.068,N,1938.0,1-Feb-2015,E.A. MCCUTCHAN,2023-10-18,180ta
73,108,Ta,5.3507,0.0034,99.98799,0.00032,,0.0,,,7/2+,STABLE,,,,,,,,,,,,,,,,2.365,0.004,3.17,0.02,-205.1193,1.9495,-6874.1392,1.9429,1519.9228,1.8483,-1036.106,2.123,7576.7514,1.3379,5948.5591,1.9285,8023.405,0.0087,180947998.528,1.692,-48439.064,1.576,N,1932.0,31-Aug-2005,S. -C. WU,2023-10-18,181ta
73,109,Ta,,,,,,0.0,,,3-,114.74,,12,d,9913536.0,10368.0,B-,100.0,,,,,,,,,3.02,0.03,2.6,0.3,1815.4592,1.5276,-6268.058,1.9508,1482.28,2.6455,-381.049,6.365,6062.9387,0.1052,6316.6979,1.9311,8012.6332,0.0087,181950154.612,1.693,-46430.685,1.578,N,1938.0,15-Jul-2015,BALRAJ SINGH,2023-10-18,182ta
73,110,Ta,,,,,,0.0,,,7/2+,5.1,,1,d,440640.0,8640.0,B-,100.0,,,,,,,,,2.36,0.03,,,1072.1161,1.5405,-5118.7208,1.5406,1340.5506,5.3375,-2010.0,30.0,6934.18,0.2,6532.8816,6.3059,8006.74,0.0087,182951375.38,1.707,-45293.547,1.59,N,1950.0,15-Apr-2015,CORAL M. BAGLIN,2023-10-18,183ta
73,111,Ta,,,,,,0.0,,,(5-),8.7,,1,h,31320.0,360.0,B-,100.0,,,,,,,,,,,,,2866.0,26.0,-4545.1081,26.0003,1412.1074,75.3555,-1340.0,47.4,5617.2242,26.0457,6844.8772,39.7288,7993.7535,0.1414,183954009.958,27.923,-42839.453,26.01,N,1955.0,1-Oct-2009,CORAL M. BAGLIN,2023-10-18,184ta
73,112,Ta,,,,,,0.0,,,(7/2+),49.4,,15,m,2964.0,90.0,B-,100.0,,,,,,,,,,,,,1993.5,14.1421,-3760.2364,14.1422,978.1274,126.5466,-3074.567,65.815,6626.2364,29.5973,7183.8894,42.1426,7986.3615,0.0765,184955561.317,15.202,-41394.371,14.161,N,1950.0,1-Nov-2005,S. -C. WU,2023-10-18,185ta
73,113,Ta,,,,,,0.0,,,(3-),10.39,,3,m,623.4,1.8,B-,100.0,,,,,,,,,,,,,3901.0,60.0,-3291.0492,60.0112,738.0,209.0,-2183.388,78.906,5284.5492,61.655,7576.7689,87.9347,7971.8357,0.3226,185958553.036,64.425,-38607.602,60.012,N,1955.0,1-Mar-2022,J. C. Batchelder and A. M. Hurst and  M. S. Basunia,2023-10-18,186ta
73,114,Ta,,,,,,0.0,,,(7/2+),283,,10,s,283.0,10.0,B-,100.0,,,,,,,,,,,,,3008.4937,55.9028,-2458.2658,55.9028,395.6483,97.6782,-3895.55,207.66,6359.2658,82.0069,7760.3071,75.8181,7963.2123,0.2989,186960391.0,60.0,-36895.55,55.89,N,1999.0,31-Mar-2022,Balraj Singh,2023-10-18,187ta
73,115,Ta,,,,,,0.0,,,(1-),19.6,,20,s,19.6,2.0,B-,100.0,,,,,,,,,,,,,4758.0,200.0,-2077.0,200.0,-35.0,283.0,-3080.0,360.5,5086.0,208.0,8199.0,283.0,7948.0,1.0,187963596.0,215.0,-33910.0,200.0,Y,1999.0,1-Feb-2018,F.G. KONDEV and  S. JUUTINEN and  D.J. HARTLEY,2023-10-18,188ta
73,116,Ta,,,,,,0.0,,,,,,,,,,B-,100.0,,,,,,,,,,,,,3850.0,283.0,-1363.0,200.0,-424.0,361.0,-4810.0,360.5,6121.0,283.0,8419.0,361.0,7938.0,1.0,188965690.0,215.0,-31960.0,200.0,Y,1999.0,15-Apr-2017,T.D. JOHNSON and  BALRAJ SINGH,2023-10-18,189ta
73,117,Ta,,,,,,0.0,,,(3),5.3,,7,s,5.3,0.7,B-,100.0,,,,,,,,,,,,,5649.0,203.0,-982.0,283.0,-825.0,447.0,-3920.0,447.2,4832.0,283.0,8859.0,361.0,7922.0,1.0,189969168.0,215.0,-28720.0,200.0,Y,2009.0,15-Oct-2020,Balraj Singh and {+1} and Jun Chen{+2},2023-10-18,190ta
73,118,Ta,,,,,,0.0,,,,300,GT,,ns,3e-07,,B-,,,,,,,,,,,,,,4657.0,303.0,-222.0,302.0,-1175.0,500.0,,,5871.0,361.0,9009.0,500.0,7911.0,2.0,190971530.0,322.0,-26520.0,300.0,Y,2009.0,31-MAY-2011,BALRAJ SINGH AND MICHAEL BIRCH,2023-10-18,191ta
73,119,Ta,,,,,,0.0,,,(1 2),2.2,,7,s,2.2,0.7,B-,100.0,,,,,,,,,,,,,6520.0,447.0,5.0,402.0,-1705.0,565.0,,,4652.0,500.0,,,7894.0,2.0,191975201.0,429.0,-23100.0,400.0,Y,2009.0,15-Jun-2012,Coral M. Baglin,2023-10-18,192ta
73,120,Ta,,,,,,0.0,,,,,,,,,,B-,100.0,,B-N,,,,,,,,,,,5380.0,447.0,739.0,447.0,,,,,5781.0,565.0,,,7883.0,2.0,192977660.0,429.0,-20810.0,400.0,Y,2012.0,31-Mar-2017,M. Shamsuzzoha Basunia,2023-10-18,193ta
73,121,Ta,,,,,,0.0,,,,,,,,,,B-,100.0,,B-N,,,,,,,,,,,7280.0,583.0,988.0,539.0,,,,,4392.0,640.0,,,7865.0,3.0,193981610.0,537.0,-17130.0,500.0,Y,2012.0,3-Sep-2021,Jun Chen and Balraj Singh,2023-10-18,194ta
74,83,W,,,,,,0.0,,,(7/2-),275,,40,ms,0.275,0.04,EC,,,,,,,,,,,,,,,,,,5185.0,500.0,9905.948,427.218,,,978.0,500.0,7828.0,3.0,156978862.0,429.0,-19690.0,400.0,Y,2010.0,4-Dec-2015,N. NICA,2023-10-18,157w
74,84,W,,,,,,0.0,,,0+,1.25,,21,ms,0.00125,0.00021,A,100.0,,,,,,,,,,,,,,,,,6612.4547,2.6394,7425.0,361.1,12074.0,500.0,1386.0,335.0,7855.0,2.0,157974565.0,322.0,-23693.0,300.0,Y,1981.0,31-DEC-2017,B. SINGH AND N. NICA,2023-10-18,158w
74,85,W,,,,,,0.0,,,,7.3,,27,ms,0.0073,0.0027,A,99.9,,EC+B+,0.1,,,,,,,,,,-10629.0,427.0,,,6450.8877,3.5522,9005.157,300.645,9813.0,424.0,1605.0,361.0,7867.0,2.0,158972696.0,322.0,-25434.0,300.0,Y,1981.0,31-Dec-2010,C. W. Reich,2023-10-18,159w
74,86,W,,,,,,0.0,,,0+,91,,5,ms,0.091,0.005,A,87.0,8.0,EC+B+,13.0,8.0,,,,,,,,,-12451.0,335.0,-22596.0,339.0,6065.5256,4.5871,6494.627,159.353,11966.0,335.0,2178.8872,151.0987,7892.7893,0.9363,159968513.946,160.828,-29329.073,149.81,N,1979.0,1-May-2021,N. NICA,2023-10-18,160w
74,87,W,,,,,,0.0,,,,409,,18,ms,0.409,0.018,A,73.0,3.0,EC+B+,27.0,3.0,,,,,,,,,-9664.0,250.0,-21700.0,361.0,5922.8816,3.6258,8271.575,201.481,9249.0,250.0,1972.0,208.0,7901.0,1.0,160967249.0,215.0,-30507.0,200.0,Y,1973.0,1-Jun-2011,C. W. Reich,2023-10-18,161w
74,88,W,,,,,,0.0,,,0+,1.19,,12,s,1.19,0.12,EC+B+,54.8,1.6,A,45.2,1.6,,,,,,,,,-11546.0,201.0,-21227.7147,150.9418,5678.2669,2.4002,5782.188,65.738,11564.0,201.0,2509.6125,30.1007,7923.8214,0.109,161963500.341,18.955,-33999.217,17.657,N,1973.0,29-FEB-2016,BALRAJ SINGH,2023-10-18,162w
74,89,W,,,,,,0.0,,,7/2-,2.67,,10,s,2.67,0.1,EC+B+,86.0,2.0,A,14.0,2.0,,,,,,,,,-8906.1859,61.2953,-20527.0,209.0,5519.2516,55.9547,7626.195,69.73,8980.54,61.036,2416.005,86.1588,7930.3043,0.3584,162962524.251,62.722,-34908.439,58.426,N,1973.0,12-Apr-2010,C. W. REICH and  BALRAJ SINGH,2023-10-18,163w
74,90,W,,,,,,0.0,,,0+,6.3,,2,s,6.3,0.2,EC+B+,96.2,1.2,A,3.8,1.2,,,,,,,,,-10763.1138,55.4055,-20304.6203,20.9038,5278.2763,2.0079,5047.25,29.57,11398.4345,59.2214,2989.8923,39.2715,7951.4515,0.059,163958952.445,10.384,-38235.555,9.673,N,1973.0,30-Nov-2017,BALRAJ SINGH AND JUN CHEN{+#},2023-10-18,164w
74,91,W,,,,,,0.0,,,(5/2-),5.1,,5,s,5.1,0.5,EC+B+,99.8,,A,0.2,,,,,,,,,,-8201.9627,34.9116,-19460.193,60.3287,5029.5853,32.0155,6986.556,29.114,8697.0792,27.5016,2867.4822,38.0035,7955.9704,0.1561,164958280.663,27.649,-38861.316,25.756,N,1975.0,15-Apr-2006,ASHOK K. JAIN AND ANWESHA GHOSH and  BALRAJ SINGH,2023-10-18,165w
74,92,W,,,,,,0.0,,,0+,19.2,,6,s,19.2,0.6,EC+B+,99.965,0.012,A,0.035,0.012,,,,,,,,,-10050.1358,88.7072,-19299.4355,25.4055,4856.0389,3.9381,4210.309,29.504,11097.4729,27.4374,3328.5704,16.5464,7974.8951,0.057,165955031.952,10.159,-41887.471,9.463,N,1975.0,1-Mar-2008,CORAL M. BAGLIN,2023-10-18,166w
74,93,W,,,,,,0.0,,,(+),19.9,,5,s,19.9,0.5,EC+B+,99.96,0.01,A,0.04,0.01,,,,,,,,,-7259.0,44.0,-18327.195,90.2019,4751.1923,29.8826,6257.852,33.626,8277.0592,20.9609,3284.403,33.6262,7976.7045,0.112,166954811.08,20.078,-42093.212,18.703,N,1985.0,5-Jul-2000,Coral M. Baglin,2023-10-18,167w
74,94,W,,,,,,0.0,,,0+,50.9,,19,s,50.9,1.9,EC+B+,100.0,,A,0.0032,0.001,,,,,0.5,0.1,,,-9098.0411,33.5515,-18131.0,42.0,4500.51,11.4561,3500.983,30.931,10871.0363,22.925,3830.837,30.9307,7993.9327,0.0789,167951805.459,14.233,-44892.93,13.259,N,1971.0,15-Jun-2010,CORAL M. BAGLIN,2023-10-18,168w
74,95,W,,,,,,0.0,,,(5/2-),74,,6,s,74.0,6.0,EC+B+,100.0,,,,,,,,,,,,,-6508.6195,19.1703,-17194.2954,34.47,4292.7302,31.9246,5372.569,31.925,8096.2543,20.346,3812.9245,31.9246,7994.5381,0.0913,168951778.689,16.571,-44917.866,15.436,N,1985.0,1-Jun-2022,CORAL M. BAGLIN,2023-10-18,169w
74,96,W,,,,,,0.0,,,0+,2.42,,4,m,145.2,2.4,EC+B+,100.0,,,,,,,,,,,,,-8386.8083,17.4557,-16952.8755,17.4158,4143.2687,30.9035,2846.866,30.904,10444.2561,20.3039,4289.3404,30.9035,8008.9482,0.0776,169949231.235,14.165,-47290.804,13.195,N,1971.0,1-Oct-2018,C.M. Baglin{+1} and  E.A. McCutchan{+2} and  S. Basunia{+1,2023-10-18,170w
74,97,W,,,,,,0.0,,,(5/2-),2.38,,4,m,142.8,2.4,EC+B+,100.0,,,,,,,,,,,,,-5835.8106,39.5199,-16253.4173,30.1911,3956.7502,39.5199,4634.184,39.52,7866.609,30.9035,4237.3964,39.5199,8008.1158,0.1634,170949451.0,30.0,-47086.095,27.945,N,1983.0,30-Jun-2018,CORAL M. BAGLIN and  E.A. MCCUTCHAN,2023-10-18,171w
74,98,W,,,,,,0.0,,,0+,6.6,,9,m,396.0,54.0,EC+B+,100.0,,,,,,,,,,,,,-7530.3525,45.2323,-15918.2244,39.5199,3838.4505,39.5199,2232.792,39.52,10082.4138,39.5199,4665.8837,39.5199,8020.1757,0.1625,171947292.0,30.0,-49097.191,27.945,N,1964.0,31-May-1995,BALRAJ SINGH,2023-10-18,172w
74,99,W,,,,,,0.0,,,5/2-,7.6,,2,m,456.0,12.0,EC+B+,100.0,,,,,,,,,,,,,-5173.5182,39.5199,-15231.8674,45.2323,3564.5912,39.5199,3669.155,39.52,7701.5149,39.5199,4686.3765,39.5199,8018.3337,0.1615,172947689.0,30.0,-48727.388,27.945,N,1963.0,1-Oct-1993,V. S. SHIRLEY,2023-10-18,173w
74,100,W,,,,,,0.0,,,0+,33.2,,21,m,1992.0,126.0,EC+B+,100.0,,,,,,,,,,,,,-6553.9925,39.5199,-14744.5418,39.5199,3601.851,39.5199,1513.678,39.52,9571.0236,39.5199,5119.5213,39.5199,8027.2572,0.1606,173946079.0,30.0,-50227.093,27.945,N,1964.0,1-Nov-1998,E. BROWNE and  HUO JUNDE,2023-10-18,174w
74,101,W,,,,,,0.0,,,(1/2-),35.2,,6,m,2112.0,36.0,EC+B+,100.0,,,,,,,,,,,,,-4344.4885,39.5199,-14031.0173,39.5199,3373.6349,40.184,2775.853,39.52,7477.0248,39.5199,5180.9999,39.5199,8024.113,0.1597,174946717.0,30.0,-49632.8,27.945,N,1963.0,1-Jun-2004,M. SHAMSUZZOHA BASUNIA,2023-10-18,175w
74,102,W,,,,,,0.0,,,0+,2.5,,1,h,9000.0,360.0,EC,100.0,,,,,,,,,,,6.0,0.8,-5578.7182,39.5199,-13424.6147,39.5199,3335.7073,37.1167,723.771,41.543,9080.1262,39.5199,5521.9268,39.5199,8030.1131,0.1588,175945634.0,30.0,-50641.608,27.945,N,1950.0,15-Sep-2005,M.S. BASUNIA,2023-10-18,176w
74,103,W,,,,,,0.0,,,1/2-,132.4,,20,m,7944.0,120.0,EC+B+,100.0,,,,,,,,,,,,,-3432.5558,39.5199,-12710.1587,39.5199,3285.143,39.5199,2013.014,28.141,7131.4405,39.5199,5625.3226,41.543,8025.0359,0.1579,176946643.0,30.0,-49701.731,27.945,N,1950.0,30-Aug-2019,F.G. KONDEV,2023-10-18,177w
74,104,W,,,,,,0.0,,,0+,21.6,,3,d,1866240.0,25920.0,EC,100.0,,,,,,,,,,,,,-4753.6082,31.8106,-12209.2087,31.8106,3012.6016,15.2594,190.934,54.176,8776.6529,31.8106,5981.2915,15.4283,8029.2584,0.0854,177945885.791,16.316,-50407.066,15.199,N,1950.0,31-May-2008,E. Achterberg and  O.A. Capurro and  G.V. Marti,2023-10-18,178w
74,105,W,,,,,,0.0,,,7/2-,37.05,,16,m,2223.0,9.6,EC+B+,100.0,,,,,,,,,8.31,0.09,3.9,1.0,-2710.9347,26.8021,-11713.1073,31.5165,2761.6004,14.6457,1062.209,14.647,6959.4991,20.9681,5986.0,54.0,8023.2821,0.0814,178947079.378,15.644,-49295.247,14.573,N,1950.0,15-Nov-2008,Coral M. BAGLIN,2023-10-18,179w
74,106,W,5.3491,0.0022,0.12,0.01,,0.0,,,0+,1.8E18,,2,Y,5.68024667542656e+25,6.3113851949184e+24,A,100.0,,,,,,,,,0.52,0.03,-2.1,0.4,-3798.8793,21.4404,-11123.2489,24.6622,2515.269,1.0307,-702.612,2.519,8412.3142,14.511,6567.7579,0.5154,8025.4434,0.008,179946713.304,1.545,-49636.243,1.439,N,1937.0,1-Feb-2015,E.A. MCCUTCHAN,2023-10-18,180w
74,107,W,,,,,,0.0,,,9/2+,121.2,,2,d,10471680.0,17280.0,EC,100.0,,,,,,,,,,,,,-1716.5331,12.6289,-10467.8993,21.4409,2221.8846,0.3995,205.119,2.14,6669.02,0.16,6589.2851,2.3644,8017.9494,0.008,180948218.733,1.554,-48233.945,1.448,N,1947.0,31-Aug-2005,S. -C. WU,2023-10-18,181w
74,108,W,5.3559,0.0017,26.5,0.16,,0.0,,,0+,STABLE,,,,,,,,,,,,,,,,0.512,0.025,-2.1,0.4,-2800.0,101.9804,-9800.0503,12.5401,1764.3059,1.5633,-1815.459,1.745,8083.5172,1.5934,7096.0509,1.5265,8018.3096,0.0041,181948205.636,0.799,-48246.144,0.745,N,1930.0,15-Jul-2015,BALRAJ SINGH,2023-10-18,182w
74,109,W,5.3611,0.002,14.31,0.04,,0.0,,,1/2-,6.7E+20,GE,,Y,2.114314040297664e+28,,A,,,,,,,,,,0.11739,0.00011,-1.8,0.4,-556.0,8.0,-8990.8368,101.9804,1672.4576,1.5635,-1072.116,1.755,6190.8368,0.04,7223.949,1.5274,8008.3234,0.0041,182950224.416,0.798,-46365.663,0.743,N,1930.0,15-Apr-2015,CORAL M. BAGLIN,2023-10-18,183w
74,110,W,5.3658,0.0023,30.64,0.02,,0.0,,,0+,STABLE,,,,,,,,,,,,,,,,0.578,0.014,-1.9,0.2,-1485.6333,4.1971,-7967.1081,8.001,1649.1074,1.5668,-2866.0,26.0,7411.1081,0.1293,7700.8772,1.543,8005.0777,0.004,183950933.18,0.792,-45705.453,0.738,N,1930.0,1-Oct-2009,CORAL M. BAGLIN,2023-10-18,184w
74,111,W,,,,,,0.0,,,3/2-,75.1,,3,d,6488640.0,25920.0,B-,100.0,,,,,,,,,0.543,0.014,,,431.1764,0.6616,-7239.3698,4.197,1590.1709,1.5689,-1993.5,14.1,5753.7364,0.05,7837.3894,26.0,7992.9083,0.004,184953421.206,0.793,-43387.871,0.739,N,1940.0,1-Nov-2005,S. -C. WU,2023-10-18,185w
74,112,W,5.3743,0.0026,28.43,0.19,,0.0,,,0+,STABLE,,,,,,,,,,,,,,,,0.621,0.017,-1.6,0.3,-581.2819,1.2386,-6760.8728,1.2382,1116.118,6.2789,-3901.0,60.0,7192.0492,1.1575,8403.2022,14.1894,7988.6026,0.0065,185954365.14,1.302,-42508.602,1.213,N,1930.0,1-Mar-2022,J. C. Batchelder and A. M. Hurst and  M. S. Basunia,2023-10-18,186w
74,113,W,,,,,,0.0,,,3/2-,23.80,,3,h,85680.0,108.0,B-,100.0,,,,,,,,,0.621,0.015,,,1312.5048,1.1219,-6048.0414,1.2386,954.5871,30.0595,-3008.494,55.903,5466.7595,0.0407,8585.4125,60.0,7975.1168,0.0065,186957161.249,1.302,-39904.044,1.213,N,1940.0,1-Nov-2008,M. S. Basunia,2023-10-18,187w
74,114,W,,,,,,0.0,,,0+,69.78,,12,d,6028992.0,10368.0,B-,100.0,,,,,,,,,,,,,349.0,3.0,-5522.65,3.0003,406.6565,39.8214,-4757.88,200.02,6835.1547,3.2032,9061.3014,55.975,7969.0532,0.0164,187958488.325,3.316,-38667.88,3.089,N,1951.0,1-Feb-2018,F.G. KONDEV and  S. JUUTINEN and  D.J. HARTLEY,2023-10-18,188w
74,115,W,,,,,,0.0,,,,11.6,,2,m,696.0,12.0,B-,100.0,,,,,,,,,,,,,2170.0,200.0,-4864.0,200.0,86.0,210.0,-3849.0,282.8,5213.0,200.0,9188.0,283.0,7954.0,1.0,188961557.0,215.0,-35809.0,200.0,Y,1963.0,15-Apr-2017,T.D. JOHNSON and  BALRAJ SINGH,2023-10-18,189w
74,116,W,,,,,,0.0,,,0+,30.0,,15,m,1800.0,90.0,B-,100.0,,,,,,,,,,,,,1214.1824,35.5545,-4461.0536,36.3221,-369.5342,62.2676,-5648.832,203.107,6631.0,203.0,9698.0,203.0,7947.5031,0.1863,189963103.542,37.993,-34368.832,35.391,N,1976.0,15-Oct-2020,Balraj Singh and {+1} and Jun Chen{+2},2023-10-18,190w
74,117,W,,,,,,0.0,,,,,,,,,,,,,,,,,,,,,,,,3174.2318,43.1556,-3664.4796,42.1991,-601.0,205.0,-4656.176,302.914,4878.6619,54.8595,9745.0,205.0,7931.4359,0.2195,190966531.0,45.0,-31176.176,41.917,N,1999.0,1-Dec-2006,V.R. Vanin et al.,2023-10-18,191w
74,118,W,,,,,,0.0,,,0+,,,,,,,B-,100.0,,,,,,,,,,,,,1969.0,212.0,-3341.0,201.0,-1215.0,361.0,-6520.0,447.2,6515.0,205.0,10389.0,361.0,7924.0,1.0,191968202.0,215.0,-29620.0,200.0,Y,1999.0,15-Jun-2012,Coral M. Baglin,2023-10-18,192w
74,119,W,,,,,,0.0,,,,,,,,,,B-,100.0,,,,,,,,,,,,,4042.0,204.0,-2672.0,212.0,-1465.0,361.0,-5380.0,447.2,4642.0,283.0,10379.0,447.0,7907.0,1.0,192971884.0,215.0,-26190.0,200.0,Y,2009.0,31-Mar-2017,M. Shamsuzzoha Basunia,2023-10-18,193w
74,120,W,,,,,,0.0,,,0+,,,,,,,B-,100.0,,,,,,,,,,,,,2850.0,361.0,-2249.0,302.0,-2035.0,500.0,-7280.0,583.0,6291.0,361.0,10889.0,500.0,7899.0,2.0,193973795.0,322.0,-24410.0,300.0,Y,2008.0,3-Sep-2021,Jun Chen and Balraj Singh,2023-10-18,194w
74,121,W,,,,,,0.0,,,,160,GT,,ns,1.6e-07,,B-,,,,,,,,,,,,,,4820.0,424.0,-1551.0,361.0,,,,,4401.0,424.0,10899.0,583.0,7881.0,2.0,194977735.0,322.0,-20740.0,300.0,Y,2012.0,22-DEC-2016,BALRAJ SINGH,2023-10-18,195w
74,122,W,,,,,,0.0,,,0+,160,GT,,ns,1.6e-07,,B-,,,,,,,,,,,,,,3620.0,500.0,-1251.0,500.0,,,,,6071.0,500.0,,,7872.0,2.0,195979882.0,429.0,-18740.0,400.0,Y,2012.0,30-SEP-2013,BALRAJ SINGH AND MICHAEL BIRCH,2023-10-18,196w
74,123,W,,,,,,0.0,,,,160,GT,,ns,1.6e-07,,B-,,,,,,,,,,,,,,5480.0,500.0,-582.0,500.0,,,,,4202.0,565.0,,,7853.0,2.0,196984036.0,429.0,-14870.0,400.0,Y,2012.0,30-SEP-2013,BALRAJ SINGH AND MICHAEL BIRCH,2023-10-18,197w
75,84,Re,,,,,,0.0,,,(1/2+),,,,,,,,,,,,,,,,,,,,,,,,,6758.0,55.0,10629.0,427.8,,,-1599.0,53.0,7795.0,2.0,158984106.0,327.0,-14805.0,305.0,Y,2006.0,31-Dec-2010,C. W. Reich,2023-10-18,159re
75,85,Re,,,,,,0.0,,,(4-),612,,7,us,0.000612,7e-06,P,89.0,1.0,A,11.0,1.0,,,,,,,,,,,,,6697.7533,4.1028,12451.073,335.325,10145.0,427.0,-1266.6628,6.9047,7810.0,2.0,159981880.0,322.0,-16878.0,300.0,Y,1992.0,1-May-2021,N. NICA,2023-10-18,160re
75,86,Re,,,,,,0.0,,,1/2+,0.44,,1,ms,0.00044,1e-05,P,100.0,,A,1.4,,,,,,,,,,-10647.0,427.0,,,6328.2117,6.6894,9664.18,249.94,12036.0,335.0,-1197.2819,5.3382,7836.3292,0.9311,160977624.313,160.93,-20842.82,149.905,N,1979.0,1-Jun-2011,C. W. Reich,2023-10-18,161re
75,87,Re,,,,,,0.0,,,(2-),107,,13,ms,0.107,0.013,A,94.0,6.0,EC+B+,6.0,6.0,,,,,,,,,-7953.0,361.0,-20328.0,447.0,6240.3702,5.1268,11546.217,201.774,9681.0,250.0,-765.1427,11.2731,7848.0,1.0,161975896.0,215.0,-22453.0,201.0,Y,1979.0,1-Mar-2007,C. W. Reich,2023-10-18,162re
75,88,Re,,,,,,0.0,,,1/2+,390,,72,ms,0.39,0.072,EC+B+,68.0,3.0,A,32.0,3.0,,,,,,,,,-9666.0,301.0,-19574.0,301.0,6011.9883,7.7655,8906.186,61.295,11621.0,201.0,-707.9928,5.633,7870.8655,0.1137,162972085.434,19.897,-26002.253,18.534,N,1979.0,10-JUN-2015,BALRAJ SINGH,2023-10-18,163re
75,89,Re,,,,,,0.0,,,,0.70,,16,s,0.7,0.16,A,58.0,,EC+B+,42.0,,,,,,,,,,-7047.718,140.033,-19207.0,305.0,5926.3426,5.0993,10763.114,55.406,9541.5065,57.617,-147.0263,79.9363,7881.0523,0.3326,163970507.122,58.566,-27472.441,54.555,N,1979.0,30-Nov-2017,BALRAJ SINGH AND JUN CHEN{+#},2023-10-18,164re
75,90,Re,,,,,,0.0,,,(1/2+),1.6,,6,s,1.6,0.6,EC+B+,86.0,8.0,A,14.0,8.0,,,,,,,,,-8913.0,202.0,-18305.9483,151.7479,5694.3058,6.1494,8201.963,34.929,11258.2303,59.4377,-287.2305,22.509,7901.5201,0.143,164967085.831,25.328,-30659.353,23.593,N,1981.0,12-JUN-2015,BALRAJ SINGH,2023-10-18,165re
75,91,Re,,,,,,0.0,,,,2.25,,21,s,2.25,0.21,EC+B+,76.0,,A,24.0,,,,,,,,,,-6405.809,88.3046,-18162.0,219.0,5519.1536,61.456,10050.136,88.748,9249.2997,91.3399,264.99,91.9233,7909.6392,0.5316,165965821.216,94.731,-31837.335,88.242,N,1978.0,1-Mar-2008,CORAL M. BAGLIN,2023-10-18,166re
75,92,Re,,,,,,0.0,,,(9/2-),5.9,,3,s,5.9,0.3,EC+B+,99.0,,A,1.0,,,,,,,,,,-8335.0,90.0,-17474.0,44.0,5276.0,13.0,7259.212,44.157,11068.0,97.0,235.0,41.0,7929.0,0.0,166962604.0,43.0,-34834.0,40.0,Y,1992.0,5-Jul-2000,Coral M. Baglin,2023-10-18,167re
75,93,Re,,,,,,0.0,,,(7+),4.4,,1,s,4.4,0.1,EC+B+,100.0,,A,0.005,,,,,,,,,,-5799.8944,32.3727,-17367.3469,86.5647,5062.9999,13.0,9098.041,33.552,9032.0,51.0,990.6481,36.0517,7935.1208,0.1835,167961572.607,33.087,-35794.889,30.821,N,1992.0,15-Jun-2010,CORAL M. BAGLIN,2023-10-18,168re
75,94,Re,,,,,,0.0,,,(9/2-),8.1,,5,s,8.1,0.5,EC+B+,100.0,0.01,A,0.01,,,,,,,,,,-7686.2626,28.3218,-16485.5703,15.0774,5013.7087,13.2102,6508.619,19.171,10685.6759,32.8506,805.2878,16.0312,7951.3963,0.0673,168958765.979,12.204,-38409.247,11.369,N,1978.0,15-Mar-2015,Coral M. Baglin,2023-10-18,169re
75,95,Re,,,,,,0.0,,,(5+),9.2,,2,s,9.2,0.2,EC+B+,100.0,,,,,,,,,,,,,-4978.3046,15.0274,-16252.3298,28.3454,4768.8681,30.1911,8386.808,17.455,8566.0672,16.1195,1275.1007,19.2056,7955.012,0.0672,169958234.844,12.267,-38903.996,11.427,N,1974.0,1-Oct-2018,C.M. Baglin{+1} and  E.A. McCutchan{+2} and  S. Basunia{+1,2023-10-18,170re
75,96,Re,,,,,,0.0,,,(9/2-),15.2,,4,s,15.2,0.4,EC+B+,100.0,,,,,,,,,,,,,-6953.0469,33.3748,-15395.9113,29.5998,4675.8637,39.5199,5835.81,39.52,10417.6067,30.1911,1248.4514,30.9035,7969.4131,0.1634,170955716.0,30.0,-41250.285,27.945,N,1987.0,30-Jun-2018,CORAL M. BAGLIN and  E.A. MCCUTCHAN,2023-10-18,171re
75,97,Re,,,,,X,0.0,,0.0,(5+),15,,3,s,15.0,3.0,EC+B+,100.0,,,,,,,,,,,,,-4323.1979,37.789,-15340.9188,39.9752,4402.1586,45.2323,7530.352,45.233,8387.8718,45.2323,1769.7143,45.2323,7971.846,0.2068,171955376.165,38.183,-41566.839,35.568,N,1977.0,31-DEC-2015,BALRAJ SINGH,2023-10-18,172re
75,98,Re,,,,,,0.0,,,(5/2-),1.98,,26,m,118.8,15.6,EC+B+,100.0,,,,,,,,,,,,,-6115.6196,31.6968,-14381.5471,30.7225,4311.6495,39.5199,5173.518,39.52,10058.3492,45.2323,1745.6497,39.5199,7983.9068,0.1615,172953243.0,30.0,-43553.87,27.945,N,1986.0,1-Oct-1993,V. S. SHIRLEY,2023-10-18,173re
75,99,Re,,,,,,0.0,,,,2.40,,4,m,144.0,2.4,EC+B+,100.0,,,,,,,,,,,,,-3677.7177,29.7667,-14306.1689,31.6968,4039.6532,39.5199,6553.992,39.52,8190.5493,39.5199,2234.6841,39.5199,7985.0944,0.1606,173953115.0,30.0,-43673.101,27.945,N,1972.0,1-Nov-1998,E. BROWNE and  HUO JUNDE,2023-10-18,174re
75,100,Re,,,,,,0.0,,,(5/2-),5.89,,5,m,353.4,3.0,EC+B+,100.0,,,,,,,,,,,,,-5182.9513,30.3243,-13364.2465,29.7667,4007.0509,39.5199,4344.488,39.52,9686.5288,39.5199,2350.1893,39.5199,7994.8168,0.1597,174951381.0,30.0,-45288.312,27.945,N,1967.0,1-Jun-2004,M. SHAMSUZZOHA BASUNIA,2023-10-18,175re
75,101,Re,,,,,,0.0,,,(3+),5.3,,3,m,318.0,18.0,EC+B+,100.0,,,,,,,,,,,,,-2931.7058,30.0134,-13028.8478,30.3243,3842.1765,39.5199,5578.718,39.52,7845.8965,39.5199,2719.061,39.5199,7993.9707,0.1588,175951623.0,30.0,-45062.89,27.945,N,1967.0,15-Sep-2005,M.S. BASUNIA,2023-10-18,176re
75,102,Re,,,,,,0.0,,,5/2-,14,,1,m,840.0,60.0,EC+B+,100.0,,,,,,,,,,,,,-4312.7271,31.5349,-12209.3087,30.0134,3702.4523,39.5199,3432.556,39.52,9277.6029,39.5199,2916.5377,39.5199,8001.2229,0.1579,176950328.0,30.0,-46269.175,27.945,N,1957.0,30-Aug-2019,F.G. KONDEV,2023-10-18,177re
75,103,Re,,,,,,0.0,,,(3+),13.2,,2,m,792.0,12.0,EC+B+,100.0,,,,,,,,,,,,,-2109.2143,31.0925,-11768.3276,31.5349,3662.3981,39.5199,4753.609,31.811,7455.6005,39.5199,3240.6977,39.5199,7998.1576,0.157,177950989.0,30.0,-45653.457,27.945,N,1957.0,31-May-2008,E. Achterberg and  O.A. Capurro and  G.V. Marti,2023-10-18,178re
75,104,Re,,,,,,0.0,,,5/2+,19.5,,1,m,1170.0,6.0,EC+B+,100.0,,,,,,,,,2.8,0.4,,,-3564.1747,29.1116,-11111.3869,28.1584,3399.4248,37.2557,2710.935,28.626,9002.1726,37.2557,3466.2174,28.9343,8003.7666,0.1376,178949989.686,26.45,-46584.312,24.639,N,1960.0,15-Nov-2008,Coral M. BAGLIN,2023-10-18,179re
75,105,Re,,,,,,0.0,,,(1)-,2.46,,3,m,147.6,1.8,EC+B+,100.0,,,,,,,,,1.6,0.2,,,-1481.1659,26.5482,-10888.5442,26.4203,3103.0999,37.4503,3798.879,21.44,7324.3695,32.6296,3831.0878,25.8842,7999.9922,0.1188,179950791.568,22.965,-45837.364,21.392,N,1955.0,1-Feb-2015,E.A. MCCUTCHAN,2023-10-18,180re
75,106,Re,,,,,,0.0,,,5/2+,19.9,,7,h,71640.0,2520.0,EC+B+,100.0,,,,,,,,,3.19,0.07,,,-2967.4438,28.2755,-10232.5321,20.116,2772.4177,12.9762,1716.533,12.632,8751.3662,24.801,4170.1399,12.6279,8004.1434,0.0693,180950061.507,13.471,-46517.412,12.549,N,1957.0,31-Aug-2005,S. -C. WU,2023-10-18,181re
75,107,Re,,,,,,0.0,,,7+,64.2,,5,h,231120.0,1800.0,EC+B+,100.0,,,,,,,,,2.84,0.06,3.9,0.3,-837.0348,104.2757,-9967.4941,105.0837,2727.0,115.0,2800.0,101.9,7000.0503,102.7485,4501.1702,101.9928,7998.6264,0.5603,181951211.56,109.483,-45446.144,101.983,N,1950.0,15-Jul-2015,BALRAJ SINGH,2023-10-18,182re
75,108,Re,,,,,,0.0,,,5/2+,70.0,,14,d,6048000.0,120960.0,EC,100.0,,,,,,,,,3.158,0.015,2.2,0.2,-2145.9028,50.4129,-9271.8717,23.1823,2122.8775,8.16,556.0,8.0,8434.8368,102.2937,4852.4898,8.0001,8001.0101,0.0439,182950821.306,8.625,-45809.663,8.034,N,1950.0,15-Apr-2015,CORAL M. BAGLIN,2023-10-18,183re
75,109,Re,,,,,,0.0,,,3(-),35.4,,7,d,3058560.0,60480.0,EC+B+,100.0,,,,,,,,,2.53,0.05,2.6,0.2,32.746,4.1387,-8627.3776,49.9519,2288.8955,4.6681,1485.634,4.339,6481.4748,9.0351,5143.1278,4.1991,7992.7517,0.0232,183952528.073,4.59,-44219.819,4.276,N,1940.0,1-Oct-2009,CORAL M. BAGLIN,2023-10-18,184re
75,110,Re,5.3596,0.0172,37.4,0.05,,0.0,,,5/2+,STABLE,,,,,,,,,,,,,,,,3.176,0.003,2.07,0.05,-1013.1393,0.419,-7637.8002,0.4808,2195.1007,1.631,-431.176,1.104,7670.5462,4.0918,5402.5658,0.6613,7991.0101,0.0044,184952958.32,0.879,-43819.047,0.82,N,1931.0,1-Nov-2005,S. -C. WU,2023-10-18,185re
75,111,Re,,,,,,0.0,,,1-,3.7185,,5,d,321278.4,43.2,B-,92.5,0.1,EC,7.5,0.1,,,,,1.734,0.003,0.583,0.015,1072.7114,0.8337,-7192.7302,0.4218,2078.4485,1.6325,581.282,1.464,6179.5909,0.05,5828.4203,0.663,7981.2713,0.0044,185954989.172,0.88,-41927.32,0.82,N,1939.0,1-Mar-2022,J. C. Batchelder and A. M. Hurst and  M. S. Basunia,2023-10-18,186re
75,112,Re,5.3698,0.0173,62.6,0.05,,0.0,,,5/2+,4.33E+10,,7,Y,1.3664148946998336e+18,2.20898481822144e+16,B-,100.0,,A,0.0001,,,,,,3.209,0.003,1.94,0.05,2.4667,0.0016,-6287.8348,0.5218,1652.0823,1.6875,-1312.504,1.419,7360.5462,0.862,5996.9173,1.1221,7977.9519,0.0039,186955752.217,0.791,-41216.548,0.737,N,1931.0,1-Nov-2008,M. S. Basunia,2023-10-18,187re
75,113,Re,,,,,,0.0,,,1-,17.005,,3,h,61218.0,10.8,B-,100.0,,,,,,,,,1.783,0.005,0.539,0.013,2120.4209,0.152,-5869.1833,0.04,1397.6565,26.0143,-349.0,3.1,5871.65,0.04,6401.8078,1.1226,7966.7481,0.0039,187958113.658,0.792,-39016.88,0.738,N,1939.0,1-Feb-2018,F.G. KONDEV and  S. JUUTINEN and  D.J. HARTLEY,2023-10-18,188re
75,114,Re,,,,,,0.0,,,5/2+,24.3,,4,h,87480.0,1440.0,B-,100.0,,,,,,,,,,,,,1007.7049,8.1671,-4913.1136,8.1785,990.3585,16.3518,-2170.097,200.168,7033.5345,8.1793,6600.1875,8.7121,7961.8105,0.0433,188959227.764,8.793,-37979.097,8.191,N,1963.0,15-Apr-2017,T.D. JOHNSON and  BALRAJ SINGH,2023-10-18,189re
75,115,Re,,,,,,0.0,,,(2)-,3.0,,2,m,180.0,12.0,B-,100.0,,,,,,,,,,,,,3124.8105,4.7864,-4667.531,4.7909,599.6717,60.2034,-1214.183,35.724,5675.236,9.4645,7063.0,200.0,7949.7759,0.0256,189961800.064,5.227,-35583.015,4.87,N,1955.0,15-Oct-2020,Balraj Singh and {+1} and Jun Chen{+2},2023-10-18,190re
75,116,Re,,,,,,0.0,,,(3/2+ 1/2+),9.8,,5,m,588.0,30.0,B-,100.0,,,,,,,,,,,,,2044.8311,10.2443,-3713.9008,10.2439,120.2261,56.8244,-3174.232,43.155,6838.7114,10.839,7270.5467,36.8092,7943.9588,0.0537,190963123.322,11.019,-34350.408,10.264,N,1963.0,1-Dec-2006,V.R. Vanin et al.,2023-10-18,191re
75,117,Re,,,,,,0.0,,,,16,,1,s,16.0,1.0,B-,100.0,,,,,,,,,,,,,4293.475,70.8314,-3264.907,70.7966,-104.0,212.0,-1968.828,212.16,5309.7381,71.5338,7701.623,82.2726,7930.2389,0.3687,191966088.0,76.0,-31588.828,70.794,N,1965.0,15-Jun-2012,Coral M. Baglin,2023-10-18,192re
75,118,Re,,,,,X,0.0,,0.0,(5/2+),,,,,,,,,,,,,,,,,,,,,3162.7597,39.1915,-2420.6561,39.1911,-697.0,204.0,-4041.641,203.791,6714.1312,80.8846,7901.0,204.0,7923.9378,0.2027,192967545.0,42.0,-30231.641,39.123,N,1999.0,31-Mar-2017,M. Shamsuzzoha Basunia,2023-10-18,193re
75,119,Re,,,,,,0.0,,,(0+ 1),5,,1,s,5.0,1.0,B-,100.0,,,,,,,,,,,,,5175.0,200.0,-1937.0,200.0,-965.0,283.0,-2850.0,360.5,5100.0,204.0,8359.0,283.0,7909.0,1.0,193970735.0,215.0,-27260.0,200.0,Y,1999.0,3-Sep-2021,Jun Chen and Balraj Singh,2023-10-18,194re
75,120,Re,,,,,,0.0,,,[3/2-],6,,1,s,6.0,1.0,B-,100.0,,,,,,,,,,,,,3951.0,305.0,-1196.0,300.0,-1465.0,424.0,-4820.0,424.2,6371.0,361.0,8439.0,424.0,7901.0,2.0,194972560.0,322.0,-25560.0,300.0,Y,2008.0,1-Mar-2014,Huang Xiaolong and Kang Mengxiao,2023-10-18,195re
75,121,Re,,,,,,0.0,,,,3,,+1-2,s,3.0,1.5,B-,100.0,,,,,,,,,,,,,5918.0,303.0,-919.0,305.0,-1684.0,500.0,-3620.0,500.0,4871.0,424.0,8909.0,424.0,7886.0,2.0,195975996.0,322.0,-22360.0,300.0,Y,2008.0,30-SEP-2013,BALRAJ SINGH,2023-10-18,196re
75,122,Re,,,,,,0.0,,,,160,GT,,ns,1.6e-07,,B-,,,,,,,,,,,,,,4729.0,361.0,-145.0,303.0,-1966.0,500.0,-5480.0,500.0,6062.0,424.0,8900.0,500.0,7877.0,2.0,196978153.0,322.0,-20350.0,300.0,Y,2009.0,30-SEP-2013,BALRAJ SINGH,2023-10-18,197re
75,123,Re,,,,,,0.0,,,,160,GT,,ns,1.6e-07,,B-,,,B-N,,,,,,,,,,,6610.0,447.0,18.0,447.0,-2285.0,640.0,,,4711.0,500.0,9409.0,565.0,7861.0,2.0,197981760.0,429.0,-16990.0,400.0,Y,2009.0,1-Dec-2015,Huang Xiaolong and Kang Mengxiao,2023-10-18,198re
75,124,Re,,,,,,0.0,,,,160,GT,,ns,1.6e-07,,B-,,,B-N,,,,,,,,,,,5541.0,447.0,799.0,447.0,,,,,5811.0,565.0,,,7850.0,2.0,198984187.0,429.0,-14730.0,400.0,Y,2012.0,30-SEP-2013,BALRAJ SINGH AND MICHAEL BIRCH,2023-10-18,199re
76,85,Os,,,,,,0.0,,,(7/2-),0.64,,6,ms,0.00064,6e-05,A,100.0,,,,,,,,,,,,,,,,,7068.8572,10.5526,10646.82,427.16,,,607.0,500.0,7765.0,2.0,160989054.0,429.0,-10196.0,400.0,Y,2010.0,1-Jun-2011,C. W. Reich,2023-10-18,161os
76,86,Os,,,,,,0.0,,,0+,2.1,,1,ms,0.0021,0.0001,A,99.0,,,,,,,,,,,,,,,,,6767.7834,2.8802,7953.0,361.1,12375.0,500.0,946.0,335.0,7794.0,2.0,161984434.0,322.0,-14500.0,300.0,Y,1989.0,1-Mar-2007,C. W. Reich,2023-10-18,162os
76,87,Os,,,,,,0.0,,,(7/2-),5.5,,6,ms,0.0055,0.0006,A,100.0,,EC+B+,,,,,,,,,,,-11026.0,500.0,,,6672.5656,7.1041,9666.253,300.572,9908.0,424.0,1173.0,361.0,7807.0,2.0,162982462.0,322.0,-16336.0,300.0,Y,1981.0,10-JUN-2015,BALRAJ SINGH,2023-10-18,163os
76,88,Os,,,,,,0.0,,,0+,21,,1,ms,0.021,0.001,A,96.0,,EC+B+,4.0,,,,,,,,,,-12941.0,350.0,-23186.0,427.0,6479.4339,5.2574,7047.718,159.522,12160.0,335.0,1711.4416,151.0441,7833.308,0.914,163978073.158,160.927,-20424.723,149.903,N,1981.0,30-Nov-2017,BALRAJ SINGH AND JUN CHEN{+#},2023-10-18,164os
76,89,Os,,,,,,0.0,,,(7/2-),71,,3,ms,0.071,0.003,A,90.0,2.0,EC+B+,10.0,2.0,,,,,,,,,-10151.0,255.0,-22335.0,374.0,6335.4935,5.6497,8912.353,201.387,9393.0,250.0,1563.0,208.0,7843.0,1.0,164976654.0,215.0,-21747.0,200.0,Y,1978.0,10-OCT-2014,BALRAJ SINGH,2023-10-18,165os
76,90,Os,,,,,,0.0,,,0+,213,,5,ms,0.213,0.005,A,72.0,13.0,EC+B+,28.0,13.0,,,,,,,,,-12126.0,201.0,-21908.0,159.0,6142.7746,3.315,6405.809,90.052,11756.0,201.0,2061.1437,29.6517,7866.3371,0.1082,165972698.135,19.287,-25431.526,17.966,N,1977.0,1-Mar-2008,CORAL M. BAGLIN,2023-10-18,166os
76,91,Os,,,,,,0.0,,,(7/2-),0.81,,6,s,0.81,0.06,A,57.0,8.0,EC+B+,43.0,8.0,,,,,,,,,-9426.4121,82.9464,-21265.0,216.0,5984.6624,55.9458,8335.14,90.24,9138.6522,82.8632,1950.4962,119.7084,7873.9557,0.4844,166971552.304,86.841,-26498.86,80.892,N,1977.0,8-SEPT-2009,BALRAJ SINGH,2023-10-18,167os
76,92,Os,,,,,,0.0,,,0+,2.1,,1,s,2.1,0.1,EC+B+,57.0,4.0,A,43.0,4.0,,,,,,,,,-11328.7644,56.0975,-20993.8646,20.8452,5815.6444,2.6987,5799.894,32.373,11567.4525,81.4961,2450.0,41.0,7895.9408,0.0589,167967799.05,10.631,-29994.995,9.903,N,1977.0,15-Jun-2010,CORAL M. BAGLIN,2023-10-18,168os
76,93,Os,,,,,,0.0,,,(5/2-),3.43,,14,s,3.43,0.14,EC+B+,86.3,0.8,A,13.7,0.8,,,,,,,,,-8629.5684,34.8557,-20128.0722,61.006,5713.4159,3.0863,7686.263,28.322,8799.3077,27.7548,2217.0663,40.2838,7901.2862,0.1535,168967017.521,27.847,-30722.984,25.94,N,1972.0,15-Jun-2008,CORAL M. BAGLIN,2023-10-18,169os
76,94,Os,,,,,,0.0,,,0+,7.37,,18,s,7.37,0.18,EC+B+,90.5,1.0,A,9.5,1.0,,,,,,,,,-10743.0,102.0,-19903.5936,25.2528,5536.8635,2.6907,4978.304,15.027,11274.0252,27.7132,2805.4156,14.9829,7921.1258,0.0574,169963579.273,10.476,-33925.692,9.759,N,1972.0,1-Oct-2018,C.M. Baglin{+1} and  E.A. McCutchan{+2} and  S. Basunia{+1,2023-10-18,170os
76,95,Os,,,,,,0.0,,,(5/2-),8.3,,2,s,8.3,0.2,EC+B+,98.2,0.21,A,1.8,0.21,,,,,,,,,-7885.2079,42.5749,-19186.0,103.0,5371.0583,4.432,6953.047,33.375,8442.8644,20.6931,2682.2128,21.5303,7924.1769,0.1067,170963180.402,19.589,-34297.238,18.247,N,1972.0,30-Jun-2018,CORAL M. BAGLIN and  E.A. MCCUTCHAN,2023-10-18,171os
76,96,Os,,,,,,0.0,,,0+,19.2,,9,s,19.2,0.9,EC+B+,99.8,,A,0.2,,,,,,,,,,-9864.2673,34.8263,-18902.9287,40.5292,5224.3737,6.9731,4323.198,37.79,11017.7208,22.2681,3282.3269,30.7225,7942.1626,0.0742,171960017.309,13.704,-37243.641,12.766,N,1971.0,31-May-1995,BALRAJ SINGH,2023-10-18,172os
76,97,Os,,,,,,0.0,,,5/2-,22.4,,9,s,22.4,0.9,EC+B+,99.6,0.2,A,0.4,0.2,,,,,,,,,-7169.7944,18.2998,-18130.1949,35.6888,5054.7005,5.7799,6115.62,31.69,8265.9275,19.6626,3160.3826,38.5854,7944.0341,0.0865,172959808.387,16.059,-37438.25,14.959,N,1971.0,15-AUG-2015,J. Tuli,2023-10-18,173os
76,98,Os,,,,,,0.0,,,0+,44,,4,s,44.0,4.0,EC,100.0,,A,0.02,,,,,,,,,,-9209.4466,15.2008,-17798.2457,14.7039,4870.5053,9.6875,3677.718,29.767,10628.4512,18.1318,3730.4847,29.7667,7959.4618,0.0589,173957063.192,11.008,-39995.383,10.254,N,1971.0,1-Nov-1998,E. BROWNE and  HUO JUNDE,2023-10-18,174os
76,99,Os,,,,,,0.0,,,(5/2-),1.4,,1,m,84.0,6.0,EC+B+,100.0,,,,,,,,,,,,,-6710.8496,17.0887,-17390.7417,16.2656,4555.819,30.3243,5182.952,30.324,8181.2952,15.6047,3721.2305,30.3243,7960.7294,0.0673,174956945.126,12.64,-40105.36,11.775,N,1972.0,1-Jun-2004,M. SHAMSUZZOHA BASUNIA,2023-10-18,175os
76,100,Os,,,,,,0.0,,,0+,3.6,,5,m,216.0,30.0,EC+B+,100.0,,,,,,,,,,,,,-8249.2618,13.611,-16807.9916,16.5306,4541.0909,30.0134,2931.706,30.013,10097.142,16.07,4131.8437,30.0134,7972.8681,0.0622,175954770.315,11.754,-42131.184,10.949,N,1970.0,15-Sep-2005,M.S. BASUNIA,2023-10-18,176os
76,101,Os,,,,,,0.0,,,1/2-,3.0,,2,m,180.0,12.0,EC+B+,100.0,,,,,,,,,,,,,-5909.0234,24.5763,-16145.8434,16.7006,4346.0242,31.5349,4312.727,31.535,7896.5816,18.253,4182.5288,31.5349,7972.4371,0.0826,176954957.902,15.687,-41956.448,14.613,N,1970.0,30-Aug-2019,F.G. KONDEV,2023-10-18,177os
76,102,Os,,,,,,0.0,,,0+,5.0,,4,m,300.0,24.0,EC+B+,100.0,,A,0.0,,,,,,,,,,-7289.9295,23.239,-15568.1367,24.006,4257.9345,31.0925,2109.214,31.093,9659.1133,19.9789,4564.0392,31.0925,7981.9128,0.0766,177953253.334,14.634,-43544.243,13.632,N,1967.0,31-May-2008,E. Achterberg and  O.A. Capurro and  G.V. Marti,2023-10-18,178os
76,103,Os,,,,,,0.0,,,1/2-,6.5,,3,m,390.0,18.0,EC+B+,100.0,,,,,,,,,,,,,-4938.4182,18.3271,-14837.1417,24.3851,4187.747,31.9582,3564.175,29.112,7547.2123,20.6409,4655.651,31.9582,7979.4844,0.0866,178953815.985,16.645,-43020.137,15.505,N,1968.0,15-Nov-2008,Coral M. BAGLIN,2023-10-18,179os
76,104,Os,,,,,,0.0,,,0+,21.5,,4,m,1290.0,24.0,EC+B+,100.0,,,,,,,,,,,,,-6378.6679,26.8021,-14345.7965,18.511,3860.4949,32.064,1481.166,26.548,9407.3783,22.0808,5060.8567,29.2277,7987.4171,0.0873,179952381.665,16.878,-44356.198,15.722,N,1967.0,1-Feb-2015,E.A. MCCUTCHAN,2023-10-18,180os
76,105,Os,,,,,,0.0,,,1/2-,105,,3,m,6300.0,180.0,EC+B+,100.0,,,,,,,,,,,,,-4086.9327,25.8756,-13643.7561,33.3646,3726.8471,37.722,2967.444,28.275,7265.0883,29.8198,5001.5754,33.161,7983.4263,0.14,180953247.188,27.201,-43549.968,25.338,N,1966.0,31-Aug-2005,S. -C. WU,2023-10-18,181os
76,106,Os,,,,,,0.0,,,0+,21.84,,20,h,78624.0,720.0,EC,100.0,,,,,,,,,10.6,0.2,4.2,0.2,-5557.4266,30.2074,-13217.3919,22.3691,3373.0407,26.5305,837.035,104.275,9130.4592,33.3901,5380.6684,25.1065,7989.7287,0.1195,181952110.154,23.344,-44609.109,21.745,N,1950.0,11-Jul-2022,BALRAJ SINGH,2023-10-18,182os
76,107,Os,,,,,,0.0,,,9/2+,13.0,,5,h,46800.0,1800.0,EC+B+,100.0,,,,,,,,,-0.794,0.014,3.1,0.3,-3461.6215,52.8061,-12683.3955,54.0049,3206.571,51.8582,2145.903,50.413,7125.9689,54.3118,5506.587,113.4789,7985.0087,0.272,182953125.028,53.428,-43663.76,49.769,N,1950.0,15-Apr-2015,CORAL M. BAGLIN,2023-10-18,183os
76,108,Os,5.3823,0.0022,0.02,0.02,,0.0,,,0+,5.6E13,GT,,Y,1.767187854577152e+21,,2B+,,,A,,,,,,,,,,,-4641.7101,27.9571,-12121.745,24.6858,2958.7617,1.6369,-32.746,4.356,8660.1235,49.7754,5731.8737,8.0287,7988.6778,0.0045,183952492.919,0.89,-44252.565,0.829,N,1937.0,1-Oct-2009,CORAL M. BAGLIN,2023-10-18,184os
76,109,Os,,,,,,0.0,,,1/2-,93.6,,5,d,8087040.0,43200.0,EC,100.0,,,,,,,,,,,,,-2470.3505,27.9572,-11266.371,27.9572,3003.1208,1.6463,1013.139,1.168,6624.6609,0.2732,5875.0598,4.1267,7981.3047,0.0045,184954045.969,0.893,-42805.908,0.832,N,1947.0,1-Nov-2005,S. -C. WU,2023-10-18,185os
76,110,Os,5.3909,0.0017,1.59,0.64,,0.0,,,0+,2.0E+15,,11,Y,6.3113851949184e+22,3.47126185720512e+22,A,100.0,,,,,,,,,-0.22,0.14,,,-3827.6813,16.543,-10735.7921,27.9552,2821.1964,0.8748,-1072.712,1.119,8265.4416,0.8785,6469.9553,0.8337,7982.8324,0.0041,185953837.569,0.816,-43000.032,0.761,N,1931.0,1-Mar-2022,J. C. Batchelder and A. M. Hurst and  M. S. Basunia,2023-10-18,186os
76,111,Os,5.3933,0.0018,1.96,0.17,,0.0,,,1/2-,STABLE,,,,,,,,,,,,,,,,0.06442,7e-05,,,-1669.6385,27.9545,-10117.9828,16.542,2721.7317,0.8702,-2.467,1.042,6290.3015,0.5218,6580.6659,0.862,7973.7814,0.0039,186955749.569,0.791,-41219.015,0.737,N,1931.0,1-Nov-2008,M. S. Basunia,2023-10-18,187os
76,112,Os,5.3993,0.0011,13.24,0.27,,0.0,,,0+,STABLE,,,,,,,,,,,,,,,,0.63,0.03,-1.46,0.04,-2792.3457,9.4164,-9659.2427,27.9545,2143.2356,0.8641,-2120.421,1.041,7989.6042,0.1466,7209.7239,0.1466,7973.8656,0.0039,187955837.292,0.788,-41137.301,0.734,N,1931.0,1-Feb-2018,F.G. KONDEV and  S. JUUTINEN and  D.J. HARTLEY,2023-10-18,188os
76,113,Os,5.4016,0.0012,16.15,0.23,,0.0,,,3/2-,STABLE,,,,,,,,,,,,,,,,0.6576,0.0007,0.86,0.03,-537.1494,12.563,-8713.1642,9.4183,1976.1535,0.8529,-1007.705,8.218,5920.8185,0.4479,7258.8924,0.4638,7963.0029,0.0035,188958145.949,0.715,-38986.802,0.666,N,1931.0,15-Apr-2017,T.D. JOHNSON and  BALRAJ SINGH,2023-10-18,189os
76,114,Os,5.4062,0.0013,26.26,0.2,,0.0,,,0+,STABLE,,,,,,,,,,,,,,,,0.69,0.03,-1.18,0.03,-1954.2108,1.2131,-8329.491,12.5618,1375.8612,1.1729,-3124.81,4.91,7792.3416,0.1873,8017.6995,8.165,7962.1047,0.0034,189958445.442,0.697,-38707.825,0.65,N,1931.0,15-Oct-2020,Balraj Singh and {+1} and Jun Chen{+2},2023-10-18,190os
76,115,Os,,,,,,0.0,,,9/2-,15.4,,1,d,1330560.0,8640.0,B-,100.0,,,,,,,,,0.96,0.03,2.53,0.16,313.5873,1.141,-7712.9427,1.2091,1083.8887,1.1778,-2044.831,10.285,5758.7319,0.1094,8101.1955,4.785,7950.5687,0.0035,190960928.105,0.707,-36395.239,0.659,N,1940.0,1-Dec-2006,V.R. Vanin et al.,2023-10-18,191os
76,116,Os,5.4126,0.0015,40.78,0.32,,0.0,,,0+,STABLE,,,,,,,,,,,,,,,,0.79,0.02,-0.96,0.03,-1046.6722,2.3962,-7244.7947,2.3965,360.6614,3.7645,-4293.475,70.832,7558.3821,2.2238,8820.8662,10.0,7948.526,0.0121,191961478.765,2.484,-35882.303,2.314,N,1931.0,15-Jun-2012,Coral M. Baglin,2023-10-18,192os
76,117,Os,,,,,,0.0,,,3/2-,29.830,,18,h,107388.0,64.8,B-,100.0,,,,,,,,,0.73,0.002,0.48,0.06,1141.9038,2.4,-6630.0881,2.4008,-10.0,200.0,-3162.76,39.19,5583.4158,0.1999,9094.5439,70.8315,7936.2716,0.012,192964149.637,2.49,-33394.401,2.32,N,1940.0,31-Mar-2017,M. Shamsuzzoha Basunia,2023-10-18,193os
76,118,Os,,,,,,0.0,,,0+,6.0,,2,Y,189341555.847552,6311385.1949184,B-,100.0,,,,,,,,,,,,,96.6,2.0,-5970.1897,2.003,-491.2599,35.4566,-5175.176,200.014,7112.0935,3.126,9492.5062,39.1965,7932.0232,0.0124,193965179.407,2.579,-32435.176,2.403,N,1951.0,3-Sep-2021,Jun Chen and Balraj Singh,2023-10-18,194os
76,119,Os,,,,,,0.0,,,(3/2-),6.5,,11,m,390.0,66.0,B-,,,,,,,,,,,,,,2180.722,55.9055,-5051.138,55.9055,-760.3359,69.8621,-3951.596,305.162,5147.738,55.9413,9540.0,208.0,7917.7449,0.2866,194968318.0,60.0,-29511.596,55.89,N,1957.0,1-Mar-2014,Huang Xiaolong and Kang Mengxiao,2023-10-18,195os
76,120,Os,,,,,,0.0,,,0+,34.9,,2,m,2094.0,12.0,B-,100.0,,,,,,,,,,,,,1158.3989,55.4951,-4656.1226,40.0735,-1082.0,204.0,-5917.123,302.662,6836.8446,68.7609,10006.0,303.0,7912.2301,0.2044,195969643.261,43.0,-28277.123,40.055,N,1977.0,1-Feb-2017,M.S. Basunia,2023-10-18,196os
76,121,Os,,,,,,0.0,,,,2.8,,6,m,168.0,36.0,B-,100.0,,,,,,,,,,,,,3185.0,201.0,-3715.0,204.0,-1315.0,283.0,-4730.0,360.5,4874.0,204.0,10009.0,361.0,7897.0,1.0,196973076.0,215.0,-25080.0,200.0,Y,2003.0,14-MAY-2009,BALRAJ SINGH,2023-10-18,197os
76,122,Os,,,,,,0.0,,,0+,,,,,,,B-,100.0,,,,,,,,,,,,,2110.0,283.0,-3408.0,201.0,-1615.0,361.0,-6610.0,447.2,6592.0,283.0,10539.0,361.0,7890.0,1.0,197974664.0,215.0,-23600.0,200.0,Y,2008.0,1-Dec-2015,Huang Xiaolong and Kang Mengxiao,2023-10-18,198os
76,123,Os,,,,,,0.0,,,,5,,+4-2,s,5.0,3.0,B-,100.0,,,,,,,,,,,,,4128.0,204.0,-2631.0,283.0,-1955.0,361.0,-5540.0,447.2,4741.0,283.0,10569.0,447.0,7874.0,1.0,198978239.0,215.0,-20270.0,200.0,Y,2008.0,15-Oct-2006,BALRAJ SINGH,2023-10-18,199os
76,124,Os,,,,,,0.0,,,0+,6,,+4-3,s,6.0,3.5,B-,100.0,,,,,,,,,,,,,3020.0,358.0,-2223.0,303.0,-2235.0,500.0,,,6351.0,361.0,11109.0,500.0,7867.0,1.0,199980086.0,322.0,-18550.0,300.0,Y,2005.0,2-Apr-2008,F.G. KONDEV,2023-10-18,200os
76,125,Os,,,,,,0.0,,,(1/2-),,,,,,,B-,100.0,,,,,,,,,,,,,5000.0,361.0,-1341.0,358.0,-2394.0,500.0,,,4361.0,424.0,,,7849.0,1.0,200984069.0,322.0,-14840.0,300.0,Y,2009.0,20-Sep-2022,F.G. KONDEV,2023-10-18,201os
76,126,Os,,,,,,0.0,,,0+,160,GT,,ns,1.6e-07,,B-,,,,,,,,,,,,,,4110.0,500.0,-762.0,447.0,,,,,5762.0,500.0,,,7839.0,2.0,201986548.0,429.0,-12530.0,400.0,Y,2009.0,30-SEP-2013,BALRAJ SINGH AND MICHAEL BIRCH,2023-10-18,202os
76,127,Os,,,,,,0.0,,,(9/2+),,,,,,,B-,100.0,,B-N,,,,,,,,,,,7100.0,565.0,1299.0,500.0,,,,,2811.0,565.0,,,7814.0,2.0,202992195.0,429.0,-7270.0,400.0,Y,2012.0,4-Jul-2021,F.G. KONDEV,2023-10-18,203os
77,87,Ir,,,,,,0.0,,,,,,,,,,EC+B+,,,A,,,P,,,,,,,,,,,,6970.0,100.0,12941.723,349.753,10244.0,510.0,-1564.0,100.0,7750.0,2.0,163991966.0,339.0,-7483.0,316.0,Y,,30-Nov-2017,BALRAJ SINGH AND JUN CHEN{+#},2023-10-18,164ir
77,88,Ir,,,,,,0.0,,,(1/2+),1,LT,,us,1e-06,,P,,,A,,,,,,,,,,,-11277.0,430.0,,,6823.0,50.0,10152.0,254.8,12183.0,354.0,-1541.0,50.0,7776.0,1.0,164987552.0,170.0,-11595.0,158.0,Y,,15-Apr-2006,ASHOK K. JAIN AND ANWESHA GHOSH and  BALRAJ SINGH,2023-10-18,165ir
77,89,Ir,,,,,,0.0,,,(2-),10.5,,22,ms,0.0105,0.0022,A,93.0,3.0,P,7.0,3.0,,,,,,,,,-8523.0,361.0,-21059.0,447.0,6722.3507,5.5825,12125.526,201.801,9782.0,255.0,-1151.9999,8.0,7789.0,1.0,165985716.0,215.0,-13306.0,201.0,Y,1981.0,1-Mar-2008,CORAL M. BAGLIN,2023-10-18,166ir
77,90,Ir,,,,,,0.0,,,1/2+,35.2,,20,ms,0.0352,0.002,A,48.0,6.0,P,32.0,4.0,EC+B+,20.0,10.0,,,,,,-10319.0,307.0,-20361.0,301.0,6504.8887,2.6357,9426.412,82.946,11838.0,201.0,-1070.1069,3.714,7812.8254,0.1099,166981671.973,19.694,-17072.448,18.346,N,1981.0,1-Aug-2001,A.A. Sonzogni,2023-10-18,167ir
77,91,Ir,,,,,,0.0,,,,222,,+60-40,ms,0.222,0.05,A,100.0,,EC+B+,,,P,,,,,,,,-7656.1526,140.3258,-19984.0,311.0,6381.295,8.5238,11328.765,56.097,9665.1002,58.1844,-543.6589,97.9407,7823.8509,0.3287,167979960.978,59.277,-18666.23,55.216,N,1978.0,15-Jun-2010,CORAL M. BAGLIN,2023-10-18,168ir
77,92,Ir,,,,,,0.0,,,(1/2+),0.353,,4,s,0.353,0.004,A,45.0,12.0,EC+B+,,,P,,,,,,,,-9629.0,202.0,-19154.6563,151.7348,6141.0216,3.6646,8629.568,34.873,11498.5037,59.9338,-612.6077,22.1032,7845.5944,0.1379,168976281.743,25.02,-22093.416,23.307,N,1978.0,15-Jun-2008,CORAL M. BAGLIN,2023-10-18,169ir
77,93,Ir,,,,,,0.0,,,(3-),0.87,,+18-12,s,0.87,0.15,EC+B+,94.8,1.7,A,5.2,1.7,,,,,,,,,-6883.0,102.0,-18790.0,225.0,6230.0,50.0,10743.692,101.47,9160.0,104.0,-252.0,105.0,7853.0,1.0,169975113.0,109.0,-23182.0,101.0,Y,1977.0,1-Oct-2018,C.M. Baglin{+1} and  E.A. McCutchan{+2} and  S. Basunia{+1,2023-10-18,170ir
77,94,Ir,,,,,,0.0,,,(1/2+),3.2,,+13-7,s,3.2,1.0,EC+B+,85.0,2.0,A,15.0,2.0,,,,,,,,,-8945.4613,89.6251,-18184.1459,42.5744,5997.0,12.0,7885.208,42.574,11301.0,108.0,-224.6904,39.6849,7873.4895,0.2249,170971645.52,41.295,-26412.03,38.466,N,1967.0,30-Jun-2018,CORAL M. BAGLIN and  E.A. MCCUTCHAN,2023-10-18,171ir
77,95,Ir,,,,,X,0.0,,0.0,(3- 4-),4.4,,3,s,4.4,0.3,EC+B+,98.0,,A,2.0,,,,,,,,,,-6272.7035,34.0232,-17984.1227,87.1947,5990.5999,10.0,9864.268,34.826,9038.6614,50.2948,371.1065,37.1871,7880.2637,0.1884,171970607.035,34.785,-27379.373,32.402,N,1967.0,31-DEC-2015,BALRAJ SINGH,2023-10-18,172ir
77,96,Ir,,,,,,0.0,,,(3/2+ 5/2+),9.0,,8,s,9.0,0.8,EC+B+,93.0,,A,7.0,,,,,,,,,,-8331.6974,64.3014,-17233.1039,14.7915,5715.8754,9.004,7169.794,18.3,10960.4004,34.074,313.7861,14.9061,7898.068,0.0609,172967505.477,11.316,-30268.456,10.542,N,1967.0,15-AUG-2015,J. Tuli,2023-10-18,173ir
77,97,Ir,,,,,,0.0,,,(3+),7.9,,6,s,7.9,0.6,EC,99.5,0.3,A,0.5,0.3,,,,,,,,,-5468.3293,15.2578,-16920.4965,64.4164,5693.1435,16.0159,9209.446,15.201,8588.7991,15.3963,636.6577,18.7002,7902.0377,0.0645,173966949.939,12.046,-30785.937,11.221,N,1967.0,1-Nov-1998,E. BROWNE and  HUO JUNDE,2023-10-18,174ir
77,98,Ir,,,,,,0.0,,,(5/2-),9,,2,s,9.0,2.0,EC+B+,99.15,0.28,A,0.85,0.28,,,,,,,,,-7685.8265,22.3572,-16148.2214,16.1323,5430.8581,30.5661,6710.849,17.088,10679.8921,16.7121,688.0986,16.0784,7917.9112,0.0708,174964149.519,13.295,-33394.511,12.384,N,1967.0,1-Jun-2004,M. SHAMSUZZOHA BASUNIA,2023-10-18,175ir
77,99,Ir,,,,,,0.0,,,,8.7,,5,s,8.7,0.5,EC+B+,96.9,0.6,A,3.1,0.6,,,,,,,,,-4948.0041,15.0657,-16244.5563,20.2939,5260.0002,35.5908,8249.261,13.611,8558.7298,14.79,1065.5332,14.2836,7921.5522,0.0459,175963626.261,8.679,-33881.923,8.085,N,1967.0,15-Sep-2005,M.S. BASUNIA,2023-10-18,176ir
77,100,Ir,,,,,,0.0,,,5/2-,29.8,,17,s,29.8,1.7,EC+B+,99.94,0.01,A,0.06,0.01,,,,,,,,,-6676.988,24.801,-15184.8241,23.496,5081.5294,34.2253,5909.023,24.576,10236.82,21.3501,1205.2112,22.5908,7934.6328,0.1116,176961301.5,21.213,-36047.425,19.76,N,1967.0,30-Aug-2019,F.G. KONDEV,2023-10-18,177ir
77,101,Ir,,,,,,0.0,,,,12,,2,s,12.0,2.0,EC+B+,100.0,,,,,,,,,,,,,-4256.8282,21.3752,-14955.1952,24.0594,4993.8714,33.6917,7289.929,23.239,8278.2073,27.2887,1586.8368,23.8277,7936.563,0.1057,177961079.395,20.204,-36254.314,18.821,N,1972.0,31-May-2008,E. Achterberg and  O.A. Capurro and  G.V. Marti,2023-10-18,178ir
77,102,Ir,,,,,,0.0,,,(5/2)-,79,,1,s,79.0,1.0,EC+B+,100.0,,,,,,,,,,,,,-5813.592,12.6133,-14155.5518,14.0766,4781.6767,29.6037,4938.418,18.327,9898.7236,21.2058,1826.4471,16.772,7947.5248,0.0546,178959117.594,10.489,-38081.719,9.771,N,1992.0,15-Nov-2008,Coral M. BAGLIN,2023-10-18,179ir
77,103,Ir,,,,,,0.0,,,(5+),1.5,,1,m,90.0,6.0,EC+B+,100.0,,,,,,,,,2.5,0.2,,,-3547.6546,23.9205,-13780.7206,23.1255,4660.4446,35.3847,6378.668,26.802,7967.1286,23.804,2246.3635,26.6754,7947.6337,0.1206,179959229.446,23.302,-37977.53,21.706,N,1972.0,1-Feb-2015,E.A. MCCUTCHAN,2023-10-18,180ir
77,104,Ir,,,,,,0.0,,,5/2-,4.90,,15,m,294.0,9.0,EC+B+,100.0,,,,,,,,,,,,,-5081.5379,14.6597,-13104.478,11.3375,4381.224,28.4328,4086.933,25.875,9556.8234,22.3311,2395.8086,16.5741,7956.5242,0.029,180957634.691,5.631,-39463.035,5.245,N,1972.0,31-Aug-2005,S. -C. WU,2023-10-18,181ir
77,105,Ir,5.3705,0.1061,,,,0.0,,,3+,15.0,,10,m,900.0,60.0,EC+B+,100.0,,,,,,,,,2.6,0.2,-1.7,0.6,-2883.262,24.7202,-12741.5033,25.0403,4176.8591,34.9362,5557.427,30.207,7659.9654,21.6133,2790.6856,32.8886,7954.8948,0.1152,181958076.296,22.509,-39051.682,20.967,N,1961.0,15-Jul-2015,BALRAJ SINGH,2023-10-18,182ir
77,106,Ir,5.378,0.1061,,,,0.0,,,5/2-,58,,6,m,3480.0,360.0,EC+B+,100.0,,,,,,,,,2.39,0.08,-1.8,0.7,-4428.9417,28.4743,-12105.036,27.9315,3957.2578,34.868,3461.622,55.549,9221.774,32.3779,2882.0004,32.8872,7961.8176,0.1348,182956841.231,26.486,-40202.138,24.672,N,1961.0,15-Apr-2015,CORAL M. BAGLIN,2023-10-18,183ir
77,107,Ir,5.3805,0.1061,,,,0.0,,,5-,3.09,,3,h,11124.0,108.0,EC+B+,100.0,,,,,,,,,0.693,0.005,2.41,0.03,-2278.3688,31.5957,-11908.9766,31.3528,3801.5924,35.1928,4641.71,27.95,7480.0349,37.2775,3236.0664,57.0773,7959.1992,0.1519,183957476.0,30.0,-39610.855,27.945,N,1960.0,1-Oct-2009,CORAL M. BAGLIN,2023-10-18,184ir
77,108,Ir,5.3854,0.1061,,,,0.0,,,5/2-,14.4,,1,h,51840.0,360.0,EC+B+,100.0,,,,,,,,,2.596,0.013,-1.84,0.12,-3647.4137,38.0554,-11074.3893,31.5957,3756.9382,30.6331,2470.35,27.95,8796.0205,39.5199,3371.9634,27.9571,7963.7226,0.1511,184956698.0,30.0,-40335.558,27.945,N,1958.0,1-Nov-2005,S. -C. WU,2023-10-18,185ir
77,109,Ir,5.39,0.1061,,,,0.0,,,5+,16.64,,3,h,59904.0,108.0,EC+B+,100.0,,,,,,,,,3.8,0.12,-2.55,0.03,-1307.903,27.3122,-10555.5245,30.6658,3848.8777,103.3133,3827.682,16.544,6908.1108,32.4655,3655.4133,16.5465,7958.0473,0.0888,185957946.754,17.74,-39172.35,16.526,N,1958.0,1-Mar-2022,J. C. Batchelder and A. M. Hurst and  M. S. Basunia,2023-10-18,186ir
77,110,Ir,5.3812,0.1061,,,,0.0,,,3/2+,10.5,,3,h,37800.0,1080.0,EC+B+,100.0,,,,,,,,,0.17,0.01,0.941,0.011,-2864.0151,36.8802,-9756.2474,35.4087,3835.3702,29.0769,1669.638,27.955,8448.3443,32.4655,3838.316,27.9552,7960.6692,0.1494,186957542.0,30.0,-39549.377,27.945,N,1958.0,1-Nov-2008,M. S. Basunia,2023-10-18,187ir
77,111,Ir,5.3838,0.1061,,,,0.0,,,1-,41.5,,5,h,149400.0,1800.0,EC+B+,100.0,,,,,,,,,0.302,0.01,0.484,0.006,-523.986,8.6863,-9730.9121,25.8464,3449.948,10.3071,2792.346,9.452,6866.8969,29.4909,4414.9115,9.4167,7954.8512,0.0501,187958834.999,10.116,-38344.955,9.423,N,1950.0,1-Feb-2018,F.G. KONDEV and  S. JUUTINEN and  D.J. HARTLEY,2023-10-18,188ir
77,112,Ir,5.3898,0.1061,,,,0.0,,,3/2+,13.2,,1,d,1140480.0,8640.0,EC,100.0,,,,,,,,,0.147,0.007,0.82,0.08,-1980.247,13.6363,-8700.0008,13.6325,2944.4793,12.5889,537.15,12.59,8176.0148,15.6983,4601.3221,12.5695,7956.0214,0.0665,188958722.602,13.5,-38449.652,12.576,N,1955.0,15-Apr-2017,T.D. JOHNSON and  BALRAJ SINGH,2023-10-18,189ir
77,113,Ir,,,,,,0.0,,,4-,11.78,,10,d,1017792.0,8640.0,EC+B+,100.0,,B+,0.002,,,,,,0.04,0.01,2.87,0.16,552.8893,1.2822,-8355.5272,10.128,2748.79,1.4844,1954.211,1.516,6375.2802,12.5472,5055.7838,1.2272,7947.7017,0.0072,189960543.374,1.47,-36753.614,1.37,N,1947.0,15-Oct-2020,Balraj Singh and {+1} and Jun Chen{+2},2023-10-18,190ir
77,114,Ir,5.3968,0.1061,37.3,0.2,,0.0,,,3/2+,STABLE,,,,,,,,,,,,,,,,0.1502,0.0006,0.816,0.009,-1010.4903,3.636,-7473.6408,1.2182,2082.8062,1.241,-313.587,1.466,8026.5301,0.4,5289.9723,1.1452,7948.1144,0.0069,190960591.455,1.406,-36708.826,1.31,N,1935.0,1-Dec-2006,V.R. Vanin et al.,2023-10-18,191ir
77,115,Ir,,,,,,0.0,,,4+,73.829,,11,d,6378825.6,950.4,B-,95.24,0.04,EC,4.76,0.04,,,,,1.917,0.01,2.15,0.06,1452.8946,2.2739,-7208.6127,3.6323,1756.3336,1.2457,1046.672,2.661,6198.1225,0.1089,5729.3628,1.1454,7938.9999,0.0068,191962602.414,1.41,-34835.631,1.314,N,1937.0,15-Jun-2012,Coral M. Baglin,2023-10-18,192ir
77,116,Ir,5.4032,0.1061,62.7,0.2,,0.0,,,3/2+,STABLE,,,,,,,,,,,,,,,,0.163,0.0006,0.751,0.009,-56.6276,0.2997,-6319.0973,2.2826,1017.8763,8.2476,-1141.904,2.673,7771.9919,0.1997,5942.9726,2.3955,7938.1346,0.0069,192962923.753,1.425,-34536.305,1.327,N,1935.0,31-Mar-2017,M. Shamsuzzoha Basunia,2023-10-18,193ir
77,117,Ir,,,,,,0.0,,,1-,19.18,,3,h,69048.0,108.0,B-,100.0,,,,,,,,,0.39,0.01,0.339,0.012,2228.3252,1.2569,-6123.4174,0.3193,626.3225,4.5946,-96.6,2.7,6066.7897,0.1103,6426.3465,2.4025,7928.4885,0.0069,193965075.703,1.429,-32531.776,1.332,N,1937.0,3-Sep-2021,Jun Chen and Balraj Singh,2023-10-18,194ir
77,118,Ir,,,,,,0.0,,,3/2+,2.29,,17,h,8244.0,612.0,B-,100.0,,,,,,,,,,,,,1101.5601,1.2637,-5003.5348,1.2584,233.1739,10.2837,-2180.722,55.906,7231.86,0.06,6546.113,2.0009,7924.916,0.0068,194965976.898,1.431,-31692.318,1.333,N,1952.0,1-Mar-2014,Huang Xiaolong and Kang Mengxiao,2023-10-18,195ir
77,119,Ir,,,,,,0.0,,,(0-),52,,1,s,52.0,1.0,B-,100.0,,,,,,,,,,,,,3209.0164,38.4111,-4712.9614,38.4113,-271.6095,80.5444,-1158.399,55.498,5814.5215,38.432,7212.8965,67.8183,7914.1487,0.196,195968399.669,41.239,-29435.522,38.414,N,1966.0,1-Jan-2006,Huang Xiaolong,2023-10-18,196ir
77,120,Ir,,,,,,0.0,,,3/2+,5.8,,5,m,348.0,30.0,B-,100.0,,,,,,,,,,,,,2155.6519,20.1061,-3690.9028,20.1072,-457.3975,43.9886,-3184.123,201.008,6899.9192,43.3556,7275.9711,44.7214,7909.0003,0.1021,196969657.217,21.588,-28264.123,20.11,N,1952.0,1-Jan-2002,HUANG XIAOLONG and  ZHOU CHUNMEI,2023-10-18,197ir
77,121,Ir,,,,,,0.0,,,,8,,1,s,8.0,1.0,B-,100.0,,,,,,,,,,,,,4194.0,200.0,-3362.0,200.0,-875.0,283.0,-2110.0,282.8,5517.0,201.0,7920.0,283.0,7897.0,1.0,197972399.0,215.0,-25710.0,200.0,Y,1973.0,1-Dec-2015,Huang Xiaolong and Kang Mengxiao,2023-10-18,198ir
77,122,Ir,,,,,,0.0,,,,6,,+5-4,s,6.0,4.5,B-,,,,,,,,,,,,,,2990.1656,41.003,-2565.8344,41.0,-1263.0,303.0,-4128.534,204.17,6760.0,204.0,8087.0,204.0,7891.2066,0.2063,198973807.097,44.073,-24398.534,41.054,N,1993.0,15-Oct-2006,BALRAJ SINGH,2023-10-18,199ir
77,123,Ir,,,,,,0.0,,,,300,GT,,ns,3e-07,,B-,,,,,,,,,,,,,,5030.0,197.0,-2252.0,196.0,-1635.0,358.0,-3020.0,358.3,5242.0,200.0,8588.0,280.0,7878.0,1.0,199976844.0,210.0,-21570.0,196.0,Y,2008.0,31-MAY-2011,BALRAJ SINGH AND MICHAEL BIRCH,2023-10-18,200ir
77,124,Ir,,,,,,0.0,,,(3/2+),21,,5,s,21.0,5.0,B-,100.0,,,,,,,,,,,,,3901.0,206.0,-1312.0,201.0,-1914.0,361.0,-5000.0,360.5,6342.0,280.0,8579.0,361.0,7870.0,1.0,200978701.0,215.0,-19840.0,200.0,Y,2008.0,20-Sep-2022,F.G. KONDEV,2023-10-18,201ir
77,125,Ir,,,,,,0.0,,,(1- 2-),11,,3,s,11.0,3.0,B-,100.0,,,,,,,,,,,,,6052.0,301.0,-971.0,304.0,-2075.0,500.0,-4110.0,500.0,4872.0,361.0,9090.0,424.0,7855.0,1.0,201982136.0,322.0,-16640.0,300.0,Y,2008.0,1-May-2007,S. ZHU and F.G. KONDEV,2023-10-18,202ir
77,126,Ir,,,,,,0.0,,,(3/2+),,,,,,,B-,100.0,,,,,,,,,,,,,5140.0,447.0,251.0,400.0,-2065.0,565.0,-7100.0,565.6,5801.0,500.0,9129.0,565.0,7845.0,2.0,202984573.0,429.0,-14370.0,400.0,Y,2009.0,4-Jul-2021,F.G. KONDEV,2023-10-18,203ir
77,127,Ir,,,,,,0.0,,,,160,GT,,ns,1.6e-07,,B-,,,B-N,,,,,,,,,,,8050.0,447.0,1869.0,447.0,,,,,3271.0,565.0,9589.0,565.0,7823.0,2.0,203989726.0,429.0,-9570.0,400.0,Y,2011.0,30-SEP-2013,BALRAJ SINGH,2023-10-18,204ir
77,128,Ir,,,,,,0.0,,,(3/2+),,,,,,,B-,100.0,,B-N,,,,,,,,,,,7220.0,583.0,3949.0,539.0,,,,,4101.0,640.0,,,7805.0,2.0,204993988.0,537.0,-5600.0,500.0,Y,2012.0,20-Apr-2020,F.G. KONDEV,2023-10-18,205ir
78,87,Pt,,,,,,0.0,,,(7/2-),0.26,,+26-9,ms,0.00026,0.000175,A,100.0,,,,,,,,,,,,,,,,,7453.005,14.3485,,,,,124.0,510.0,7703.0,2.0,164999658.0,429.0,-318.0,400.0,Y,2019.0,04-Jun-2021,Balraj Singh,2023-10-18,165pt
78,88,Pt,,,,,,0.0,,,0+,300,,100,us,0.0003,0.0001,A,100.0,,,,,,,,,,,,,,,,,7292.2662,7.2334,8523.0,361.1,12536.0,500.0,476.0,339.0,7733.0,2.0,165994866.0,322.0,-4783.0,300.0,Y,1996.0,1-Mar-2008,CORAL M. BAGLIN,2023-10-18,166pt
78,89,Pt,,,,,,0.0,,,,0.7,,2,ms,0.0007,0.0002,A,100.0,,,,,,,,,,,,,,,,,7158.0892,61.5773,10319.448,306.549,10042.0,429.0,737.0,366.0,7746.0,2.0,166992750.0,329.0,-6753.0,306.0,Y,1996.0,5-Jul-2000,Coral M. Baglin,2023-10-18,167pt
78,90,Pt,,,,,,0.0,,,0+,2.02,,10,ms,0.00202,0.0001,A,100.0,,,,,,,,,,,,,-13540.0,427.0,,,6989.7297,3.0733,7656.152,159.778,12328.0,341.0,1226.6006,151.0524,7773.6217,0.8925,167988180.196,160.96,-11010.078,149.934,N,1981.0,15-Jun-2010,CORAL M. BAGLIN,2023-10-18,168pt
78,91,Pt,,,,,,0.0,,,(7/2-),7.0,,2,ms,0.007,0.0002,A,100.0,,,,,,,,,,,,,-10676.0,359.0,-23065.0,447.0,6857.6107,5.1214,9629.416,201.353,9525.0,250.0,1087.0,208.0,7784.0,1.0,168986619.0,215.0,-12464.0,200.0,Y,1981.0,15-Jun-2008,CORAL M. BAGLIN,2023-10-18,169pt
78,92,Pt,,,,,,0.0,,,0+,13.8,,5,ms,0.0138,0.0005,A,98.0,2.0,EC+B+,2.0,,,,,,,,,,-12596.0,202.0,-22582.0,299.0,6707.4081,3.1863,6882.798,102.635,11906.0,201.0,1494.7573,29.5964,7808.2365,0.1073,169982502.087,19.588,-16299.202,18.246,N,1981.0,1-Oct-2018,C.M. Baglin{+1} and  E.A. McCutchan{+2} and  S. Basunia{+1,2023-10-18,170pt
78,93,Pt,,,,,,0.0,,,(7/2-),45.5,,25,ms,0.0455,0.0025,A,90.0,7.0,EC+B+,10.0,7.0,,,,,,,,,-9904.2655,83.5586,-21835.0,217.0,6607.3757,3.0768,8945.461,89.625,9238.6846,82.9815,1573.0,130.0,7816.6017,0.4734,170981248.868,86.904,-17466.569,80.951,N,1981.0,30-Jun-2018,CORAL M. BAGLIN and  E.A. MCCUTCHAN,2023-10-18,171pt
78,94,Pt,,,,,,0.0,,,0+,97.6,,13,ms,0.0976,0.0013,A,94.0,6.0,EC+B+,6.0,6.0,,,,,,,,,-11788.6592,57.1082,-21615.6847,23.164,6463.409,4.0389,6272.703,34.023,11711.4192,81.6129,1983.6109,39.8411,7839.246,0.0603,171977341.059,11.139,-21106.67,10.376,N,1981.0,15-Mar-2010,TIBOR KIBEDI AND CORAL M. BAGLIN,2023-10-18,172pt
78,95,Pt,,,,,,0.0,,,(5/2-),382,,2,ms,0.382,0.002,A,86.0,4.0,EC+B+,16.0,6.0,,,,,,,,,-9104.7415,67.3903,-20690.0658,84.7186,6361.3102,57.885,8331.698,64.301,8901.4066,64.269,1846.3561,71.2283,7845.3856,0.3667,172976449.922,68.096,-21936.758,63.431,N,1966.0,15-AUG-2015,J. Tuli,2023-10-18,173pt
78,96,Pt,,,,,,0.0,,,0+,0.889,,17,s,0.889,0.017,A,76.0,8.0,EC+B+,24.0,8.0,,,,,,,,,-11259.0,102.0,-20556.9087,25.0039,6183.1682,3.4119,5468.329,15.257,11452.1672,64.2677,2338.1229,14.7649,7866.1143,0.0594,173972820.431,11.098,-25317.608,10.338,N,1966.0,1-Nov-1998,E. BROWNE and  HUO JUNDE,2023-10-18,174pt
78,97,Pt,,,,,,0.0,,,7/2-,2.53,,6,s,2.53,0.06,A,64.0,5.0,EC+B+,36.0,5.0,,,,,,,,,-8304.998,42.8203,-19722.0,103.0,6163.6377,3.9932,7685.827,22.357,8462.3949,21.292,2211.7186,21.7346,7869.5216,0.1064,174972400.593,19.982,-25708.684,18.614,N,1966.0,1-Jun-2004,M. SHAMSUZZOHA BASUNIA,2023-10-18,175pt
78,98,Pt,,,,,,0.0,,,0+,6.33,,15,s,6.33,0.15,EC+B+,60.0,2.0,A,40.0,2.0,,,,,,,,,-10412.9516,35.5363,-19601.5502,40.6043,5884.8064,2.0421,4948.005,15.065,11296.5522,22.5392,2828.3787,17.7476,7888.9934,0.0722,175968938.162,13.647,-28933.918,12.712,N,1966.0,15-Sep-2005,M.S. BASUNIA,2023-10-18,176pt
78,99,Pt,,,,,,0.0,,,5/2-,10.0,,4,s,10.0,0.4,EC+B+,94.3,0.5,A,5.7,0.5,,,,,,,,,-7824.7003,17.9991,-18920.7878,36.4123,5642.8977,2.734,6676.988,24.801,8507.8361,19.6499,2777.485,17.0295,7892.4896,0.0847,176968469.541,16.09,-29370.437,14.988,N,1966.0,30-Aug-2019,F.G. KONDEV,2023-10-18,177pt
78,100,Pt,5.3728,0.0066,,,,0.0,,,0+,20.7,,7,s,20.7,0.7,EC+B+,92.3,0.3,A,7.7,0.3,,,,,,,,,-9694.4567,14.4108,-18523.0674,14.2116,5572.9819,2.2037,4256.828,21.375,10698.3671,18.0874,3239.0321,22.2067,7908.253,0.0569,177965649.288,10.878,-31997.486,10.133,N,1966.0,31-May-2008,E. Achterberg and  O.A. Capurro and  G.V. Marti,2023-10-18,178pt
78,101,Pt,5.3915,0.005,,,,0.0,,,1/2-,21.2,,4,s,21.2,0.4,EC+B+,99.76,0.03,A,0.24,0.03,,,,,0.43,0.03,,,-7279.5556,14.1567,-18036.4165,12.9852,5412.3174,9.4588,5813.592,12.614,8341.9598,12.8834,3302.7846,20.4413,7910.6759,0.0446,178965358.742,8.563,-32268.127,7.977,N,1966.0,15-Nov-2008,Coral M. BAGLIN,2023-10-18,179pt
78,102,Pt,5.3891,0.0049,,,,0.0,,,0+,56,,3,s,56.0,3.0,EC+B+,99.7,,A,0.3,,,,,,1.6,0.6,,,-8804.229,11.1207,-17512.6216,15.4211,5276.3933,5.0409,3547.655,23.92,10233.066,12.8184,3637.1271,14.0176,7923.5781,0.0558,179963038.01,10.79,-34429.875,10.051,N,1966.0,1-Feb-2015,E.A. MCCUTCHAN,2023-10-18,180pt
78,103,Pt,5.3996,0.0041,,,,0.0,,,1/2-,52.0,,22,s,52.0,2.2,EC+B+,100.0,,A,0.08,,,,,,0.48,0.02,,,-6510.3575,24.2164,-16827.1691,14.4927,5150.0349,5.1132,5081.538,14.659,8022.9401,16.9751,3692.9385,25.6624,7924.1271,0.0756,180963089.946,14.695,-34381.497,13.689,N,1966.0,31-Aug-2005,S. -C. WU,2023-10-18,181pt
78,104,Pt,5.3969,0.0041,,,,0.0,,,0+,2.67,,12,m,160.2,7.2,EC+B+,99.962,0.002,A,0.038,0.002,,,,,1.7,0.8,,,-7864.4447,22.8812,-16368.5987,23.8853,4950.9069,5.047,2883.262,24.72,9858.2413,18.9377,3994.3563,14.106,7934.7541,0.0719,181961171.605,14.057,-36168.42,13.095,N,1963.0,15-Jul-2015,BALRAJ SINGH,2023-10-18,182pt
78,105,Pt,5.4038,0.0036,,,,0.0,,,1/2-,6.5,,10,m,390.0,60.0,EC+B+,100.0,,A,0.0096,0.0005,,,,,0.5,0.005,,,-5581.7092,17.0554,-15540.5391,23.5407,4822.0248,8.7991,4428.941,28.475,7676.0944,19.3215,4010.4853,25.332,7933.3406,0.0777,182961595.895,15.261,-35773.197,14.216,N,1963.0,15-Apr-2015,CORAL M. BAGLIN,2023-10-18,183pt
78,106,Pt,5.4015,0.0036,,,,0.0,,,0+,17.3,,2,m,1038.0,12.0,EC+B+,100.0,,A,0.001,,,,,,1.3,0.7,,,-7013.7724,26.7122,-15212.3169,17.498,4598.7954,8.0883,2278.369,31.596,9630.6078,20.4795,4419.3191,28.7416,7942.5649,0.0801,183959921.929,15.828,-37332.486,14.744,N,1963.0,1-Oct-2009,CORAL M. BAGLIN,2023-10-18,184pt
78,107,Pt,5.4148,0.0028,,,,0.0,,,9/2+,70.9,,24,m,4254.0,144.0,EC+B+,100.0,,,,,,,,,-0.72,0.011,3.73,0.17,-4829.9942,25.9635,-14440.748,34.1096,4436.9081,10.0078,3647.414,38.055,7426.9756,29.7435,4366.2597,38.0554,7939.7779,0.1396,184960613.659,27.731,-36688.144,25.832,N,1960.0,1-Nov-2005,S. -C. WU,2023-10-18,185pt
78,108,Pt,5.4037,0.0036,,,,0.0,,,0+,2.10,,5,h,7560.0,180.0,EC+B+,100.0,,A,0.00014,,,,,,0.54,0.06,,,-6149.5913,30.2074,-14077.6156,21.9013,4319.7459,18.1557,1307.903,27.312,9247.6215,33.7663,4817.8607,35.4087,7946.8094,0.1169,185959350.845,23.344,-37864.447,21.745,N,1961.0,1-Mar-2022,J. C. Batchelder and A. M. Hurst and  M. S. Basunia,2023-10-18,186pt
78,109,Pt,5.4063,0.0037,,,,0.0,,,3/2-,2.35,,3,h,8460.0,108.0,EC+B+,100.0,,,,,,,,,-0.397,0.008,-1.02,0.04,-3656.5811,27.4478,-13041.8235,31.9196,4553.4825,55.1336,2864.016,36.88,6892.2322,32.4361,4801.9822,29.1947,7941.1699,0.1287,186960616.646,25.837,-36685.361,24.067,N,1961.0,1-Nov-2008,M. S. Basunia,2023-10-18,187pt
78,110,Pt,5.4053,0.0034,,,,0.0,,,0+,10.16,,18,d,877824.0,15552.0,EC+B+,99.999974,3e-06,A,2.6e-05,3e-06,,,,,0.58,0.08,,,-5449.6549,5.9528,-12863.5073,23.1159,4006.6799,5.2746,523.985,10.814,9206.9261,24.645,5560.564,28.4438,7947.9027,0.0282,187959397.521,5.694,-37820.97,5.305,N,1954.0,1-Feb-2018,F.G. KONDEV and  S. JUUTINEN and  D.J. HARTLEY,2023-10-18,188pt
78,111,Pt,5.406,0.0035,,,,0.0,,,3/2-,10.87,,12,h,39132.0,432.0,EC+B+,100.0,,,,,,,,,-0.438,0.008,-0.95,0.04,-2887.4471,22.4737,-12169.4087,10.4456,3911.587,10.109,1980.247,16.123,6719.7538,11.3788,5413.4208,13.7872,7941.4045,0.0534,188960848.485,10.832,-36469.405,10.09,N,1955.0,15-Apr-2017,T.D. JOHNSON and  BALRAJ SINGH,2023-10-18,189pt
78,112,Pt,5.4108,0.003,0.012,0.002,,0.0,,,0+,4.97E11,,16,Y,1.5683792209372223e+19,5.04910815593472e+17,A,100.0,,,,,,,,,4.3,0.6,,,-4472.9637,3.5086,-11795.8636,20.0919,3268.6121,0.5873,-552.89,1.51,8908.4165,10.0704,6145.8225,12.5643,7946.4941,0.0035,189959949.823,0.705,-37306.504,0.657,N,1949.0,15-Oct-2020,Balraj Singh and {+1} and Jun Chen{+2},2023-10-18,190pt
78,113,Pt,5.4102,0.0031,,,,0.0,,,3/2-,2.83,,2,d,244512.0,1728.0,EC,100.0,,,,,,,,,-0.499,0.005,-0.87,0.04,-1900.4257,6.426,-10936.1142,5.3766,3095.7631,4.0749,1010.49,4.33,6463.1505,4.0742,6233.6928,3.6579,7938.7279,0.0216,190961676.261,4.43,-35698.336,4.127,N,1948.0,1-Dec-2006,V.R. Vanin et al.,2023-10-18,191pt
78,114,Pt,5.4169,0.0028,0.782,0.024,,0.0,,,0+,STABLE,,,,,,,,,,,,,,,,3.4,0.8,0.6,0.2,-3516.3415,15.6174,-10561.933,5.556,2423.86,2.5347,-1452.894,2.886,8661.5073,2.8735,6868.67,2.276,7942.4923,0.0134,191961042.667,2.758,-36288.525,2.57,N,1935.0,15-Jun-2012,Coral M. Baglin,2023-10-18,192pt
78,115,Pt,5.4191,0.0027,,,,0.0,,,1/2-,50,,6,Y,1577846298.7296,189341555.847552,EC,100.0,,,,,,,,,0.601,0.008,,,-1074.8477,8.7676,-9778.8111,15.7861,2082.2089,1.2149,56.628,1.899,6262.4697,2.302,6933.0172,0.3599,7933.7875,0.007,192962984.546,1.458,-34479.677,1.359,N,1948.0,31-Mar-2017,M. Shamsuzzoha Basunia,2023-10-18,193pt
78,116,Pt,5.4236,0.0025,32.864,0.41,,0.0,,,0+,STABLE,,,,,,,,,,,,,,,,0.56,0.11,,,-2548.1518,2.1174,-9426.5903,8.6746,1522.8078,0.4791,-2228.325,1.421,8351.7426,1.285,7512.7679,1.2521,7935.942,0.0026,193962683.498,0.532,-34760.101,0.496,N,1935.0,3-Sep-2021,Jun Chen and Balraj Singh,2023-10-18,194pt
78,117,Pt,5.427,0.0026,33.775,0.24,,0.0,,,1/2-,STABLE,,,,,,,,,,,,,,,,0.6073,0.0007,1.4,0.6,-226.8175,0.9998,-8653.2467,2.1165,1176.4449,0.5047,-1101.56,1.42,6105.0949,0.1193,7551.0731,1.2622,7926.553,0.0026,194964794.325,0.54,-32793.878,0.503,N,1935.0,1-Mar-2014,Huang Xiaolong and Kang Mengxiao,2023-10-18,195pt
78,118,Pt,5.4307,0.0027,25.211,0.34,,0.0,,,0+,STABLE,,,,,,,,,,,,,,,,,,,,-1505.8204,2.9605,-8148.7952,1.0081,812.8492,2.2784,-3209.016,38.417,7921.9778,0.1287,8241.1909,1.2696,7926.5297,0.0026,195964954.648,0.547,-32644.538,0.51,N,1935.0,1-Jan-2006,Huang Xiaolong,2023-10-18,196pt
78,119,Pt,,,,,,0.0,,,1/2-,19.8915,,19,h,71609.4,6.84,B-,100.0,,,,,,,,,0.51,0.02,,,719.9769,0.5022,-7352.375,2.9603,549.7104,2.2973,-2155.652,20.117,5846.5546,0.2637,8273.224,38.412,7915.9714,0.0027,196967343.03,0.575,-30419.775,0.536,N,1936.0,1-Jan-2002,HUANG XIAOLONG and  ZHOU CHUNMEI,2023-10-18,197pt
78,120,Pt,5.4383,0.0032,7.356,0.13,,0.0,,,0+,STABLE,,,,,,2B-,,,2B-,,,,,,,0.63,0.02,0.42,0.12,-323.2251,2.0595,-6835.5844,2.058,106.2426,3.1433,-4194.018,200.011,7555.5613,2.0625,8928.8662,20.0,7914.1512,0.0106,197967896.718,2.254,-29904.018,2.1,N,1935.0,1-Dec-2015,Huang Xiaolong and Kang Mengxiao,2023-10-18,198pt
78,121,Pt,,,,,,0.0,,,5/2-,30.80,,21,m,1848.0,12.6,B-,100.0,,,,,,,,,0.75,0.08,,,1705.0525,2.1201,-5879.225,2.1193,-302.0194,55.9313,-2990.166,41.111,5556.0,0.5,8968.0,200.0,7902.3011,0.0109,198970597.022,2.317,-27388.7,2.159,N,1937.0,15-Oct-2006,BALRAJ SINGH,2023-10-18,199pt
78,122,Pt,,,,,,0.0,,,0+,12.6,,3,h,45360.0,1080.0,B-,100.0,,,,,,,,,,,,,640.9158,33.4386,-5576.7437,20.1058,-746.9711,44.7214,-5029.178,197.029,7281.7963,20.0062,9489.6149,45.618,7899.1986,0.1006,199971444.609,21.588,-26599.178,20.11,N,1957.0,1-Aug-2006,F.G. KONDEV and  S. LALKOVSKI,2023-10-18,200pt
78,123,Pt,,,,,,0.0,,,(5/2-),2.46,,9,m,147.6,5.4,B-,100.0,,,,,,,,,,,,,2660.0,50.0,-4571.9299,56.7804,-1086.0,206.0,-3900.705,206.18,5212.8457,53.9875,9460.0,202.0,7885.8337,0.2493,200974513.305,53.788,-23740.705,50.103,N,1962.0,20-Sep-2022,F.G. KONDEV,2023-10-18,201pt
78,124,Pt,,,,,,0.0,,,0+,44,,15,h,158400.0,54000.0,B-,100.0,,,,,,,,,,,,,1660.854,34.2759,-4362.7404,25.3554,-1517.0,202.0,-6052.128,301.052,7022.7404,56.0616,10141.0,202.0,7881.5609,0.1245,201975639.0,27.0,-22692.128,25.15,N,1992.0,1-May-2007,S. ZHU and F.G. KONDEV,2023-10-18,202pt
78,125,Pt,,,,,,0.0,,,(1/2-),22,,4,s,22.0,4.0,B-,100.0,,,,,,,,,,,,,3633.0,200.0,-3228.0,202.0,-1665.0,283.0,-5140.0,447.2,4889.0,202.0,10159.0,361.0,7867.0,1.0,202979055.0,215.0,-19510.0,200.0,Y,2008.0,4-Jul-2021,F.G. KONDEV,2023-10-18,203pt
78,126,Pt,,,,,,0.0,,,0+,10.3,,14,s,10.3,1.4,B-,100.0,,,,,,,,,,,,,2770.0,283.0,-2548.0,200.0,-1495.0,361.0,-8050.0,447.2,6181.0,283.0,10539.0,447.0,7859.0,1.0,203981084.0,215.0,-17620.0,200.0,Y,2008.0,1-Oct-2009,C.J. CHIARA and F.G. KONDEV,2023-10-18,204pt
78,127,Pt,,,,,,0.0,,,(9/2+),,,,,,,B-,100.0,,B-N,,,,,,,,,,,5750.0,361.0,-501.0,361.0,-405.0,424.0,-7220.0,583.0,3271.0,361.0,10539.0,500.0,7836.0,1.0,204986237.0,322.0,-12820.0,300.0,Y,2009.0,20-Apr-2020,F.G. KONDEV,2023-10-18,205pt
78,128,Pt,,,,,,0.0,,,0+,160,GT,,ns,1.6e-07,,B-,,,B-N,,,,,,,,,,,4950.0,424.0,1259.0,361.0,865.0,500.0,,,4492.0,424.0,10929.0,583.0,7820.0,1.0,205990080.0,322.0,-9240.0,300.0,Y,2012.0,30-SEP-2013,BALRAJ SINGH AND MICHAEL BIRCH,2023-10-18,206pt
78,129,Pt,,,,,,0.0,,,,,,,,,,B-,100.0,,B-N,,,,,,,,,,,6501.0,500.0,1980.0,500.0,706.0,565.0,,,2970.0,500.0,,,7797.0,2.0,206995556.0,429.0,-4140.0,400.0,Y,2012.0,31-AUG-2022,BALRAJ SINGH,2023-10-18,207pt
78,130,Pt,,,,,,0.0,,,0+,,,,,,,B-,100.0,,B-N,,,,,,,,,,,5410.0,500.0,2069.0,500.0,,,,,4432.0,565.0,,,7780.0,2.0,207999463.0,429.0,-500.0,400.0,Y,2012.0,1-JUN-2022,E.A. MCCUTCHAN,2023-10-18,208pt
79,91,Au,,,,,,0.0,,,(2-),0.29,,+5-4,ms,0.00029,4.5e-05,P,89.0,10.0,A,11.0,10.0,,,,,,,,,-9119.0,362.0,,,7177.3107,15.3045,12596.202,201.826,9986.0,359.0,-1471.6999,12.0,7730.0,1.0,169996024.0,216.0,-3703.0,201.0,Y,2002.0,1-Oct-2018,C.M. Baglin{+1} and  E.A. McCutchan{+2} and  S. Basunia{+1,2023-10-18,170au
79,92,Au,,,,,,0.0,,,(1/2+),22,,+3-2,us,2.2e-05,2.5e-06,P,100.0,,,,,,,,,,,,,-10901.0,307.0,-21049.0,302.0,7085.2291,10.6974,9904.266,83.559,11930.0,202.0,-1447.9279,9.8036,7754.1069,0.1211,170991881.533,22.236,-7562.303,20.713,N,1997.0,30-Jun-2018,CORAL M. BAGLIN and  E.A. MCCUTCHAN,2023-10-18,171au
79,93,Au,,,,,,0.0,,,,22,,+6-4,ms,0.022,0.005,A,100.0,,P,,,EC+B+,,,,,,,,-8256.6495,140.835,-20728.0,312.0,6923.3037,10.2385,11788.659,57.109,9827.0255,59.8558,-859.587,98.5225,7766.1587,0.3265,171989996.704,60.287,-9318.011,56.158,N,1993.0,15-Mar-2010,TIBOR KIBEDI AND CORAL M. BAGLIN,2023-10-18,172au
79,94,Au,,,,,,0.0,,,(1/2+),26.3,,12,ms,0.0263,0.0012,A,94.0,19.0,P,,,EC+B+,,,,,,,,-10171.0,202.0,-19841.9738,151.7815,6836.4832,4.9138,9104.741,67.398,11585.3243,60.6032,-985.6819,21.2865,7788.2348,0.1317,172986224.263,24.458,-12832.017,22.783,N,1983.0,15-AUG-2015,J. Tuli,2023-10-18,173au
79,95,Au,,,,,,0.0,,,,120,,20,ms,0.12,0.02,A,0.0,,,,,,,,,,,,,-7417.0,102.0,-19468.0,225.0,6699.2937,7.2378,11259.608,102.523,9298.0,104.0,-590.0,120.0,7797.0,1.0,173984908.0,109.0,-14058.0,102.0,Y,1983.0,1-Nov-1998,E. BROWNE and  HUO JUNDE,2023-10-18,174au
79,96,Au,,,,,,0.0,,,(1/2+),,,,,,,A,90.0,,,,,,,,,,,,,-9434.2436,89.7876,-18833.9873,43.0832,6583.4278,2.7292,8304.998,42.82,11417.0,109.0,-624.9501,39.9247,7817.5939,0.2204,174981316.375,41.399,-17403.686,38.563,N,1975.0,1-Jun-2004,M. SHAMSUZZOHA BASUNIA,2023-10-18,175au
79,97,Au,,,,,,0.0,,,,,,,,,,,,,,,,,,,,,,,,-6736.3283,34.9978,-18622.8421,87.6124,6433.4907,7.1631,10412.951,35.536,9188.5985,50.8756,101.2536,38.0486,7825.3837,0.1885,175980116.925,35.625,-18520.967,33.185,N,1975.0,15-Sep-2005,M.S. BASUNIA,2023-10-18,176au
79,98,Au,,,,,,0.0,,,1/2+,1.501,,20,s,1.501,0.02,EC+B+,60.0,6.0,A,40.0,6.0,,,,,1.15,0.05,,,-8769.9135,85.3061,-17832.4157,14.9323,6297.8037,3.8888,7824.701,18.0,11096.0874,34.6493,-99.2112,14.4122,7843.8623,0.0563,176976869.701,10.7,-21545.736,9.968,N,1968.0,30-Aug-2019,F.G. KONDEV,2023-10-18,177au
79,99,Au,,,,,,0.0,,,,2.6,,5,s,2.6,0.5,EC+B+,60.0,,A,40.0,,,,,,,,,,-5987.6832,14.8566,-17598.5242,85.3392,6057.9921,4.5751,9694.457,14.41,8828.6107,14.2948,221.5634,18.1555,7849.3946,0.0576,177976056.714,11.0,-22303.029,10.246,N,1968.0,31-May-2008,E. Achterberg and  O.A. Capurro and  G.V. Marti,2023-10-18,178au
79,100,Au,,,,,,0.0,,,(1/2+ 3/2+),7.1,,3,s,7.1,0.3,EC+B+,78.0,0.9,A,22.0,0.9,,,,,1.01,0.05,,,-8055.648,30.4559,-16744.5441,15.8907,5981.0233,5.0452,7279.555,14.157,10756.8609,15.5491,280.0572,15.4748,7865.6374,0.0653,178973173.666,12.555,-24988.572,11.696,N,1968.0,15-Nov-2008,Coral M. BAGLIN,2023-10-18,179au
79,101,Au,,,,,,0.0,,,,8.4,,6,s,8.4,0.6,EC+B+,98.2,,A,1.8,,,,,,,,,,-5375.133,13.5105,-16764.0406,28.5205,5831.3605,6.7668,8804.229,11.121,8708.3926,12.6266,646.49,9.2883,7870.3194,0.0264,179972489.738,5.108,-25625.646,4.759,N,1977.0,1-Feb-2015,E.A. MCCUTCHAN,2023-10-18,180au
79,102,Au,,,,,,0.0,,,(3/2-),13.7,,14,s,13.7,1.4,EC+B+,97.3,0.5,A,2.7,0.5,,,,,,,,,-7210.0126,25.2123,-15691.9446,23.6417,5751.3689,2.9298,6510.357,24.216,10316.8116,20.535,730.2356,22.3621,7883.8359,0.1104,180970079.102,21.445,-27871.14,19.976,N,1968.0,31-Aug-2005,S. -C. WU,2023-10-18,181au
79,103,Au,,,,,,0.0,,,(2+),15.5,,4,s,15.5,0.4,EC+B+,99.87,0.05,A,0.13,0.05,,,,,1.3,0.1,,,-4727.0905,21.1645,-15714.1666,24.2631,5525.4222,4.4407,7864.444,22.882,8504.154,27.4066,1211.4495,23.2266,7887.2442,0.1031,181969614.433,20.143,-28303.976,18.764,N,1970.0,15-Jul-2015,BALRAJ SINGH,2023-10-18,182au
79,104,Au,5.4247,0.0043,,,,0.0,,,(5/2)-,42.8,,10,s,42.8,1.0,EC+B+,99.45,0.25,A,0.55,0.25,,,,,1.96,0.02,,,-6386.8322,11.7891,-14685.9204,13.5887,5465.3158,2.9369,5581.709,17.055,9958.8299,20.9972,1312.0382,16.1328,7898.5644,0.0515,182967588.106,10.116,-30191.488,9.423,N,1968.0,15-Apr-2015,CORAL M. BAGLIN,2023-10-18,183au
79,105,Au,5.4306,0.0041,,,,0.0,,,5+,20.6,,9,s,20.6,0.9,EC+B+,100.0,,A,0.016,,,,,,2.06,0.02,4.7,0.3,-3973.9269,24.2296,-14585.3767,23.374,5233.8999,5.0,7013.772,26.713,8198.5445,24.186,1834.4883,26.4244,7900.1947,0.1211,183967451.523,23.912,-30318.714,22.275,N,1969.0,1-Oct-2009,CORAL M. BAGLIN,2023-10-18,184au
79,106,Au,5.4296,0.0041,,,,0.0,,,5/2-,4.25,,6,m,255.0,3.6,EC+B+,99.74,0.06,A,0.26,0.06,,,,,2.16,0.02,-1.1,0.1,-5674.4989,13.8859,-13584.6807,9.885,5179.9695,4.5508,4829.994,25.963,9610.7538,22.4269,1814.6344,14.9726,7909.441,0.0141,184965798.871,2.8,-31858.15,2.608,N,1960.0,1-Nov-2005,S. -C. WU,2023-10-18,185au
79,107,Au,5.4354,0.0039,,,,0.0,,,3-,10.7,,5,m,642.0,30.0,EC+B+,100.0,,A,0.0008,0.0002,,,,,-1.26,0.03,3.1,0.06,-3175.7972,23.9866,-13602.5233,25.0128,4911.9106,14.0238,6149.591,30.207,7928.0243,21.1288,2315.6832,33.2705,7909.5409,0.1127,185965952.703,22.509,-31714.856,20.967,N,1960.0,1-Mar-2022,J. C. Batchelder and A. M. Hurst and  M. S. Basunia,2023-10-18,186au
79,108,Au,5.4018,0.0058,,,,0.0,,,1/2(+),8.3,,2,m,498.0,12.0,EC+B+,100.0,,A,0.003,,,,,,0.533,0.015,,,-4910.2713,25.9171,-12561.0395,25.3365,4748.4422,30.1607,3656.581,32.946,9385.2424,30.7543,2453.3041,31.2901,7917.4323,0.1203,186964542.147,24.153,-33028.78,22.499,N,1955.0,1-Nov-2008,M. S. Basunia,2023-10-18,187au
79,109,Au,5.4049,0.0055,,,,0.0,,,1-,8.84,,6,m,530.4,3.6,EC+B+,100.0,,,,,,,,,-0.07,0.03,,,-2172.9634,7.3046,-12324.1237,13.145,4814.6247,28.0751,5449.655,5.953,7413.8524,22.6606,2974.9242,24.2185,7914.7537,0.0144,187965247.966,2.9,-32371.315,2.701,N,1955.0,1-Feb-2018,F.G. KONDEV and  S. JUUTINEN and  D.J. HARTLEY,2023-10-18,188au
79,110,Au,5.4084,0.0052,,,,0.0,,,1/2+,28.7,,4,m,1722.0,24.0,EC+B+,100.0,,A,3e-05,,,,,,0.492,0.014,,,-3955.58,37.4009,-11454.925,21.1971,4328.6837,34.4117,2887.447,22.473,9281.9615,20.2621,3049.9596,20.77,7921.9876,0.1063,188963948.286,21.558,-33581.958,20.081,N,1955.0,15-Apr-2017,T.D. JOHNSON and  BALRAJ SINGH,2023-10-18,189au
79,111,Au,5.4109,0.0049,,,,0.0,,,1-,42.8,,10,m,2568.0,60.0,EC+B+,100.0,,A,1e-06,,,,,,-0.065,0.007,,,-1462.915,16.276,-11278.4799,31.7404,3913.8945,16.8811,4472.964,3.509,7322.8999,20.3748,3653.1058,10.6626,7918.8345,0.0181,189964751.746,3.7,-32833.54,3.447,N,1959.0,15-Oct-2020,Balraj Singh and {+1} and Jun Chen{+2},2023-10-18,190au
79,112,Au,5.4147,0.0046,,,,0.0,,,3/2+,3.18,,8,h,11448.0,288.0,EC+B+,100.0,,,,,,,,,0.1364,0.0009,0.72,0.02,-3206.0616,22.7103,-10498.6035,16.652,3326.5503,28.3757,1900.426,6.426,9035.6885,6.0119,3780.3778,4.9695,7924.6819,0.0258,190963716.452,5.288,-33797.91,4.926,N,1954.0,1-Dec-2006,V.R. Vanin et al.,2023-10-18,191au
79,113,Au,5.4179,0.0044,,,,0.0,,,1-,4.94,,9,h,17784.0,324.0,EC+B+,100.0,,,,,,,,,-0.0107,0.0015,-0.228,0.008,-760.7028,22.1777,-10251.6531,27.329,3147.8557,18.4063,3516.341,16.034,7045.5915,16.5762,4362.8188,15.8795,7920.1033,0.0824,191964817.615,16.991,-32772.184,15.827,N,1948.0,15-Jun-2012,Coral M. Baglin,2023-10-18,192au
79,114,Au,5.4221,0.0042,,,,0.0,,,3/2+,17.65,,15,h,63540.0,540.0,EC+B+,100.0,,,,,,,,,0.1391,0.0005,0.66,0.02,-2342.6641,14.3702,-9464.6662,17.7871,2619.9072,15.2702,1074.848,8.78,8703.9634,18.0425,4405.2749,9.0349,7924.1648,0.0449,192964138.442,9.311,-33404.829,8.674,N,1948.0,31-Mar-2017,M. Shamsuzzoha Basunia,2023-10-18,193au
79,115,Au,5.4252,0.004,,,,0.0,,,1-,38.02,,10,h,136872.0,360.0,EC+B+,100.0,,,,,,,,,0.076,0.0013,-0.24,0.009,-27.9978,3.5809,-9221.1026,15.6359,2116.7489,2.4775,2548.151,2.175,6878.4385,8.8984,5021.2437,2.4711,7918.7744,0.0109,193965419.051,2.273,-32211.95,2.118,N,1948.0,3-Sep-2021,Jun Chen and Balraj Singh,2023-10-18,194au
79,116,Au,5.4298,0.004,,,,0.0,,,3/2+,186.01,,6,d,16071264.0,5184.0,EC,100.0,,,,,,,,,0.1481,0.0006,0.607,0.018,-1553.719,23.1562,-8454.427,3.097,1716.8497,1.5924,226.817,1.227,8426.4293,2.3407,5095.9304,1.0069,7921.3778,0.0057,194965037.823,1.201,-32567.061,1.119,N,1948.0,1-Mar-2014,Huang Xiaolong and Kang Mengxiao,2023-10-18,195au
79,117,Au,5.4332,0.0039,,,,0.0,,,2-,6.1669,,6,d,532820.16,51.84,EC+B+,93.0,0.3,B-,7.0,0.3,,,,,0.5883,0.0005,0.81,0.07,687.2263,3.1176,-8196.6938,23.3277,1271.9973,3.2059,1505.82,3.0,6642.9748,3.1255,5633.8104,2.9613,7914.8553,0.0151,195966571.213,3.179,-31138.718,2.962,N,1937.0,1-Jan-2006,Huang Xiaolong,2023-10-18,196au
79,118,Au,5.4371,0.0038,100.0,,,0.0,,,3/2+,STABLE,,,,,,,,,,,,,,,,0.1452,0.0002,0.547,0.016,-599.5206,3.2022,-7385.1256,2.9408,971.6373,1.3523,-719.976,0.762,8072.3519,2.9391,5784.1845,0.5288,7915.6548,0.0028,196966570.103,0.581,-31139.751,0.542,N,1935.0,1-Jan-2002,HUANG XIAOLONG and  ZHOU CHUNMEI,2023-10-18,197au
79,119,Au,5.44,0.0038,,,,0.0,,,2-,2.6941,,2,d,232770.24,17.28,B-,100.0,,,,,,,,,0.5911,0.0008,0.64,0.019,1373.5226,0.4905,-7111.88,3.202,526.0677,1.3574,323.225,2.168,6512.3594,0.0903,6449.9892,0.5057,7908.5675,0.0027,197968243.714,0.579,-29580.793,0.54,N,1937.0,1-Dec-2015,Huang Xiaolong and Kang Mengxiao,2023-10-18,198au
79,120,Au,5.4454,0.0039,,,,0.0,,,3/2+,3.139,,7,d,271209.6,604.8,B-,100.0,,,,,,,,,0.2705,0.0008,0.51,0.016,452.3142,0.6126,-6210.7549,0.4932,173.6501,1.3597,-1705.052,2.226,7584.2775,0.0599,6478.7055,2.0603,7906.9379,0.0027,198968766.573,0.581,-29093.752,0.542,N,1937.0,15-Oct-2006,BALRAJ SINGH,2023-10-18,199au
79,121,Au,,,,,,0.0,,,(1-),48.4,,3,m,2904.0,18.0,B-,100.0,,,,,,,,,,,,,2263.1737,26.7188,-5765.3454,26.7188,-229.488,46.7912,-640.916,33.44,6217.6596,26.721,7140.3651,26.8028,7898.4915,0.1336,199970756.558,28.681,-27240.094,26.717,N,1951.0,1-Aug-2006,F.G. KONDEV and  S. LALKOVSKI,2023-10-18,200au
79,122,Au,,,,,,0.0,,,3/2+,26.0,,8,m,1560.0,48.0,B-,100.0,,,,,,,,,,,,,1261.8237,3.1471,-4968.7562,3.1957,-561.4987,20.3629,-2660.0,50.2,7231.9299,26.9074,7090.4987,20.3629,7895.1752,0.016,200971657.678,3.455,-26400.705,3.218,N,1952.0,20-Sep-2022,F.G. KONDEV,2023-10-18,201au
79,123,Au,,,,,,0.0,,,(1-),28.4,,12,s,28.4,1.2,B-,100.0,,,,,,,,,,,,,2992.3278,23.298,-4761.7706,23.2982,-1068.0,202.0,-1660.854,34.275,6023.5944,23.5087,7901.2474,55.2509,7885.91,0.1153,201973856.0,25.0,-24352.982,23.287,N,1967.0,1-May-2007,S. ZHU and F.G. KONDEV,2023-10-18,202au
79,124,Au,,,,,,0.0,,,3/2+,60,,6,s,60.0,6.0,B-,100.0,,,,,,,,,,,,,2125.7592,3.4514,-3869.4521,3.1299,-1169.8255,41.1689,-3633.444,200.024,6861.7799,23.4905,7740.2869,25.3386,7880.865,0.0152,202975154.492,3.309,-23143.444,3.083,N,1952.0,4-Jul-2021,F.G. KONDEV,2023-10-18,203au
79,125,Au,,,,,,0.0,,,(2-),39.8,,9,s,39.8,0.9,B-,100.0,,,,,,,,,,,,,4300.0,200.0,-3192.0,200.0,-1245.0,280.0,-2770.0,282.8,5318.0,200.0,8169.0,283.0,7868.0,1.0,203978110.0,215.0,-20390.0,200.0,Y,1972.0,1-Oct-2009,C.J. CHIARA and F.G. KONDEV,2023-10-18,204au
79,126,Au,,,,,,0.0,,,(3/2+),32.0,,14,s,32.0,1.4,B-,100.0,,,,,,,,,,,,,3717.0,200.0,-1951.0,200.0,-1155.0,283.0,-5750.0,360.5,6251.0,283.0,8239.0,283.0,7860.0,1.0,204980064.0,215.0,-18570.0,200.0,Y,1994.0,20-Apr-2020,F.G. KONDEV,2023-10-18,205au
79,127,Au,,,,,,0.0,,,5+ 6+,40,,15,s,40.0,15.0,B-,100.0,,,,,,,,,,,,,6755.0,301.0,26.0,300.0,25.0,424.0,-4950.0,424.2,3691.0,361.0,8659.0,424.0,7840.0,1.0,205984766.0,322.0,-14190.0,300.0,Y,2009.0,20-DEC-2015,F.G. KONDEV,2023-10-18,206au
79,128,Au,,,,,,0.0,,,,300,GT,,ns,3e-07,,B-,100.0,,B-N,,,,,,,,,,,5847.0,301.0,2234.0,301.0,1305.0,500.0,-6500.0,500.0,4521.0,424.0,8689.0,424.0,7824.0,1.0,206988577.0,322.0,-10640.0,300.0,Y,2010.0,31-AUG-2022,BALRAJ SINGH,2023-10-18,207au
79,129,Au,,,,,,0.0,,,,,,,,,,B-,100.0,,B-N,,,,,,,,,,,7355.0,302.0,2506.0,301.0,1235.0,500.0,-5410.0,500.0,3341.0,424.0,9060.0,500.0,7803.0,1.0,207993655.0,322.0,-5910.0,300.0,Y,2010.0,1-JUN-2022,E.A. MCCUTCHAN,2023-10-18,208au
79,130,Au,,,,,,0.0,,,(3/2+),300,GT,,ns,3e-07,,B-,100.0,,,,,,,,,,,,,6380.0,427.0,2964.0,401.0,945.0,640.0,,,4391.0,500.0,9019.0,565.0,7786.0,2.0,208997606.0,429.0,-2230.0,400.0,Y,2010.0,30-Sep-2013,J. CHEN {+#} AND F.G. KONDEV,2023-10-18,209au
79,131,Au,,,,,,0.0,,,,300,GT,,ns,3e-07,,B-,,,B-N,,,,,,,,,,,7980.0,447.0,3218.0,427.0,,,,,3161.0,565.0,,,7764.0,2.0,210002877.0,429.0,2680.0,400.0,Y,2010.0,31-Mar-2014,M. SHAMSUZZOHA BASUNIA,2023-10-18,210au
80,90,Hg,,,,,,0.0,,,0+,0.08,,+40-4,ms,8e-05,0.00022,A,100.0,,,,,,,,,,,,,,,,,7773.23,30.7242,,,,,85.0,424.0,7671.0,2.0,170005814.0,324.0,5415.0,302.0,Y,2019.0,04-Jun-2021,Balraj Singh,2023-10-18,170hg
80,91,Hg,,,,,,0.0,,,,59,,+36-16,us,5.9e-05,2.6e-05,A,100.0,,,,,,,,,,,,,,,,,7667.6865,15.3599,10901.303,307.698,10148.0,430.0,246.0,367.0,7686.0,2.0,171003585.0,329.0,3339.0,307.0,Y,2004.0,30-Jun-2018,CORAL M. BAGLIN and  E.A. MCCUTCHAN,2023-10-18,171hg
80,92,Hg,,,,,,0.0,,,0+,231,,9,us,0.000231,9e-06,A,100.0,,,,,,,,,,,,,,,,,7523.8007,6.1907,8256.65,160.22,12472.0,341.0,788.029,151.4847,7713.6064,0.8725,171998860.581,161.098,-1061.361,150.062,N,1999.0,15-Mar-2010,TIBOR KIBEDI AND CORAL M. BAGLIN,2023-10-18,172hg
80,93,Hg,,,,,,0.0,,,(7/2-),0.80,,8,ms,0.0008,8e-05,A,100.0,4.0,,,,,,,,,,,,,,,,7378.0245,4.459,10171.017,202.287,9671.0,250.0,632.0,208.0,7725.0,1.0,172997143.0,215.0,-2661.0,201.0,Y,1999.0,15-AUG-2015,J. Tuli,2023-10-18,173hg
80,94,Hg,,,,,,0.0,,,,2.1,,+18-7,ms,0.0021,0.00125,A,99.6,0.4,,,,,,,,,,,,,,,,7233.2692,6.0115,7416.983,103.793,12051.0,201.0,1097.9713,29.7983,7749.7851,0.1104,173992870.575,20.623,-6641.017,19.211,N,1997.0,1-Nov-1998,E. BROWNE and  HUO JUNDE,2023-10-18,174hg
80,95,Hg,,,,,,0.0,,,(7/2-),10.6,,4,ms,0.0106,0.0004,A,100.0,,,,,,,,,,,,,,,,,7072.2101,4.6585,9434.243,89.788,9399.7437,83.3293,1200.0,130.0,7759.2134,0.4633,174991444.451,87.047,-7969.443,81.085,N,1983.0,31-AUG-2009,BALRAJ SINGH,2023-10-18,175hg
80,96,Hg,,,,,,0.0,,,0+,20.3,,14,ms,0.0203,0.0014,A,94.0,12.0,,,,,,,,,,,,-12369.3668,83.7993,,,6897.1154,5.5471,6736.328,34.998,11886.5139,81.8433,1669.9233,40.1338,7782.664,0.0632,175987348.67,11.936,-11784.639,11.118,N,1983.0,15-Sep-2005,M.S. BASUNIA,2023-10-18,176hg
80,97,Hg,,,,,,0.0,,,7/2-,117,,7,ms,0.117,0.007,A,100.0,,,,,,,,,-1.02,0.05,,,-9435.7198,87.4322,-21431.869,118.6444,6736.0198,56.1626,8769.913,85.306,9062.5022,85.4432,1543.8269,90.9891,7789.8947,0.4787,176986284.59,90.952,-12775.823,84.722,N,1975.0,30-Aug-2019,F.G. KONDEV,2023-10-18,177hg
80,98,Hg,,,,,,0.0,,,0+,266.5,,24,ms,0.2665,0.0024,A,70.0,,EC+B+,30.0,,,,,,,,,,-11702.0,103.0,-21046.5608,24.1402,6577.346,2.975,5987.683,14.856,11610.841,85.4016,2058.5805,14.6656,7811.3607,0.0604,177982484.756,11.548,-16315.346,10.758,N,1971.0,31-May-2008,E. Achterberg and  O.A. Capurro and  G.V. Marti,2023-10-18,178hg
80,99,Hg,,,,,,0.0,,,(7/2-),1.05,,3,s,1.05,0.03,A,55.0,25.0,EC+B+,45.0,25.0,ECP,0.15,,,-0.94,0.02,,,-8663.2918,47.7998,-20391.0,106.0,6350.8448,31.2624,8055.648,30.456,8688.896,30.1081,1918.8659,29.9293,7816.2631,0.1571,178981821.759,30.188,-16932.924,28.121,N,1970.0,15-Nov-2008,Coral M. BAGLIN,2023-10-18,179hg
80,100,Hg,,,,,,0.0,,,0+,2.59,,1,s,2.59,0.01,EC+B+,52.0,2.0,A,48.0,2.0,,,,,,,,,-10860.075,71.0509,-20052.1995,40.6686,6258.4894,2.2523,5375.133,13.511,11388.9076,30.8233,2550.9126,17.2242,7836.1111,0.0702,179978260.18,13.574,-20250.513,12.645,N,1970.0,1-Feb-2015,E.A. MCCUTCHAN,2023-10-18,180hg
80,101,Hg,5.4364,0.0032,,,,0.0,,,1/2-,3.6,,1,s,3.6,0.1,EC+B+,73.0,2.0,A,27.0,2.0,ECP,0.013,0.003,,0.5051,0.0007,,,-7862.378,17.873,-19342.007,71.5889,6284.3935,4.2063,7210.013,25.212,8481.932,19.9092,2324.452,16.1016,7839.6792,0.085,180977819.368,16.513,-20661.127,15.382,N,1969.0,31-Aug-2005,S. -C. WU,2023-10-18,181hg
80,102,Hg,5.3833,0.0052,,,,0.0,,,0+,10.83,,6,s,10.83,0.06,EC+B+,86.2,0.9,A,13.8,0.9,,,,,,,,,-10249.6721,15.4687,-18849.4541,13.3652,5995.6845,4.646,4727.091,21.164,10987.0761,18.2285,2994.7165,22.2462,7856.9726,0.0538,181974689.173,10.51,-23576.885,9.79,N,1968.0,15-Jul-2015,BALRAJ SINGH,2023-10-18,182hg
80,103,Hg,5.4405,0.0031,,,,0.0,,,1/2-,9.4,,7,s,9.4,0.7,EC+B+,88.3,2.0,A,11.7,2.0,ECP,0.00026,6e-05,,0.522,0.005,,,-7217.3941,11.7158,-18548.7604,13.9144,6038.556,3.8951,6386.833,11.789,8299.0882,12.0696,2789.6507,20.0565,7859.3885,0.0387,182974444.652,7.604,-23804.655,7.084,N,1969.0,15-Apr-2015,CORAL M. BAGLIN,2023-10-18,183hg
80,104,Hg,5.3949,0.0047,,,,0.0,,,0+,30.87,,26,s,30.87,0.26,EC+B+,98.89,0.06,A,1.11,0.06,,,,,,,,,-9461.4321,13.8254,-17828.8439,13.3412,5660.1723,4.3014,3973.927,24.23,10611.4498,11.863,3442.2706,13.4057,7874.3454,0.0518,183971717.709,10.235,-26344.787,9.535,N,1969.0,1-Oct-2009,CORAL M. BAGLIN,2023-10-18,184hg
80,105,Hg,5.4397,0.0031,,,,0.0,,,1/2-,49.1,,10,s,49.1,1.0,EC+B+,94.0,1.0,A,6.0,1.0,,,,,0.505,0.004,,,-6425.9062,24.7674,-17371.6139,16.9188,5772.9305,4.4606,5674.499,13.886,7910.1818,16.6323,3153.9079,26.1186,7874.5391,0.0737,184971890.696,14.641,-26183.651,13.639,N,1960.0,1-Nov-2005,S. -C. WU,2023-10-18,185hg
80,106,Hg,5.4017,0.0043,,,,0.0,,,0+,1.38,,10,m,82.8,6.0,EC+B+,99.984,0.005,A,0.016,0.005,,,,,,,,,-8656.119,23.7974,-16852.6323,23.7306,5204.4457,9.8868,3175.797,23.986,10426.7261,17.9289,3969.8802,11.9388,7888.2605,0.0626,185969362.061,12.507,-28539.059,11.65,N,1960.0,1-Mar-2022,J. C. Batchelder and A. M. Hurst and  M. S. Basunia,2023-10-18,186hg
80,107,Hg,5.4046,0.0042,,,,0.0,,,3/2(-),1.9,,3,m,114.0,18.0,EC+B+,100.0,,A,0.00037,,,,,,-0.591,0.004,-0.75,0.18,-5673.917,15.1746,-16306.8872,24.4147,5229.7718,13.9554,4910.271,25.917,7650.7682,17.3393,3692.6241,24.5991,7886.9905,0.0688,186969813.54,13.81,-28118.509,12.864,N,1960.0,1-Nov-2008,M. S. Basunia,2023-10-18,187hg
80,108,Hg,5.4085,0.004,,,,0.0,,,0+,3.25,,15,m,195.0,9.0,EC+B+,99.999963,8e-06,A,3.7e-05,8e-06,,,,,,,,,-7861.9485,30.6643,-15825.0772,10.5279,4709.2193,14.7636,2172.964,7.305,10151.1602,14.5381,4458.5419,23.5003,7899.034,0.0361,187967580.738,7.285,-30198.351,6.787,N,1960.0,1-Feb-2018,F.G. KONDEV and  S. JUUTINEN and  D.J. HARTLEY,2023-10-18,188hg
80,109,Hg,5.41,0.004,,,,0.0,,,3/2-,7.6,,2,m,456.0,12.0,EC+B+,100.0,,A,3e-05,,,,,,-0.6062,0.001,-0.8,0.3,-5010.2727,32.6434,-15361.2934,43.472,4636.8499,40.7783,3955.58,37.4,7499.345,32.2721,4544.0345,31.6681,7896.9192,0.1669,188968194.776,33.873,-29626.378,31.553,N,1955.0,15-Apr-2017,T.D. JOHNSON and  BALRAJ SINGH,2023-10-18,189hg
80,110,Hg,5.4158,0.0037,,,,0.0,,,0+,20.0,,5,m,1200.0,30.0,EC+B+,100.0,,A,3.4e-07,,,,,,,,,,-7004.3892,17.4819,-14825.8376,17.9736,4068.9065,26.9424,1462.915,16.276,9815.5649,35.3246,5077.6379,25.6181,7907.0174,0.0837,189966322.25,17.076,-31370.625,15.907,N,1959.0,15-Oct-2020,Balraj Singh and {+1} and Jun Chen{+2},2023-10-18,190hg
80,111,Hg,5.4171,0.0037,,,,0.0,,,3/2(-),49,,10,m,2940.0,600.0,EC+B+,100.0,,,,,,,,,-0.616,0.011,-0.8,0.13,-4308.8981,23.4609,-14296.9312,23.4306,3668.5968,32.797,3206.061,22.818,7292.5419,27.3481,5047.2799,22.5452,7903.8002,0.1167,190967158.301,23.918,-30591.849,22.28,N,1954.0,1-Dec-2006,V.R. Vanin et al.,2023-10-18,191hg
80,112,Hg,5.4232,0.0035,,,,0.0,,,0+,4.85,,20,h,17460.0,720.0,EC,100.0,,,,,,,,,,,,,-6139.2324,35.2767,-13799.8484,17.1875,3384.5726,16.4152,760.703,22.179,9490.9503,27.1347,5502.5417,16.2991,7912.0666,0.0809,191965634.263,16.679,-32011.481,15.537,N,1952.0,15-Jun-2012,Coral M. Baglin,2023-10-18,192hg
80,113,Hg,5.4238,0.0035,,,,0.0,,,3/2(-),3.80,,15,h,13680.0,540.0,EC+B+,100.0,,,,,,,,,-0.6251,0.0008,-0.7,0.3,-3584.9466,16.8938,-13261.2345,35.2627,2982.3243,18.4948,2342.664,17.766,7122.0021,21.932,5578.9523,22.1529,7907.973,0.0803,192966653.395,16.645,-31062.165,15.505,N,1952.0,31-Mar-2017,M. Shamsuzzoha Basunia,2023-10-18,193hg
80,114,Hg,5.4309,0.0033,,,,0.0,,,0+,447,,52,Y,14105945910.642624,1640960150.678784,EC,100.0,,,,,,,,,,,,,-5246.4542,14.2677,-12778.0514,7.302,2697.6359,2.9614,27.998,3.581,9193.1048,15.772,6068.0937,9.1421,7914.5974,0.0149,193965449.108,3.1,-32183.952,2.888,N,1962.0,3-Sep-2021,Jun Chen and Balraj Singh,2023-10-18,194hg
80,115,Hg,5.4345,0.0032,,,,0.0,,,1/2-,10.53,,3,h,37908.0,108.0,EC+B+,100.0,,,,,,,,,0.5393,0.0006,1.08,0.02,-2858.0499,25.6707,-12147.1623,27.0327,2260.0784,23.5038,1553.719,23.169,6900.7081,23.3211,6090.3633,23.2355,7909.398,0.1187,194966705.809,24.843,-31013.342,23.142,N,1952.0,1-Mar-2014,Huang Xiaolong and Kang Mengxiao,2023-10-18,195hg
80,116,Hg,5.4385,0.0031,0.15,0.01,,0.0,,,0+,STABLE,,,,,,,,,,,,,,,,,,,,-4329.3455,12.4627,-11741.97,11.5085,2037.6656,3.89,-687.226,4.178,8883.9201,23.326,6547.8541,3.1238,7914.37,0.015,195965833.445,3.163,-31825.944,2.946,N,1930.0,1-Jan-2006,Huang Xiaolong,2023-10-18,196hg
80,117,Hg,5.4412,0.0031,,,,0.0,,,1/2-,64.14,,5,h,230904.0,180.0,EC,100.0,,,,,,,,,0.5253,0.0006,,,-2186.0092,13.9478,-11114.9505,12.5268,1514.5303,3.4607,599.52,3.25,6785.605,1.4777,6690.4843,3.4025,7908.6402,0.0163,196967213.715,3.442,-30540.231,3.207,N,1941.0,1-Jan-2002,HUANG XIAOLONG and  ZHOU CHUNMEI,2023-10-18,197hg
80,118,Hg,5.4463,0.0031,10.04,0.03,,0.0,,,0+,STABLE,,,,,,,,,,,,,,,,1.6,0.2,,,-3425.5625,7.559,-10671.4118,13.582,1380.8702,0.5871,-1373.522,0.708,8485.4026,3.1892,7103.535,0.4954,7911.5532,0.0023,197966769.177,0.491,-30954.315,0.458,N,1925.0,1-Dec-2015,Huang Xiaolong and Kang Mengxiao,2023-10-18,198hg
80,119,Hg,5.4474,0.0031,16.94,0.12,,0.0,,,1/2-,STABLE,,,,,,,,,,,,,,,,0.5039,0.0006,0.95,0.07,-1486.6695,27.9498,-10088.6316,7.5634,822.8961,0.6612,-452.314,0.755,6663.0691,0.5844,7254.2447,0.6118,7905.2794,0.0027,198968280.994,0.564,-29546.066,0.526,N,1925.0,15-Oct-2006,BALRAJ SINGH,2023-10-18,199hg
80,120,Hg,5.4551,0.0031,23.14,0.09,,0.0,,,0+,STABLE,,,,,,,,,,,,,,,,1.02,0.17,,,-2456.0403,5.7346,-9515.1886,27.9498,716.3547,0.6672,-2263.173,26.722,8028.5191,0.1133,7698.4863,0.6166,7905.8956,0.0027,199968326.941,0.568,-29503.267,0.53,N,1925.0,1-Aug-2006,F.G. KONDEV and  S. LALKOVSKI,2023-10-18,200hg
80,121,Hg,5.4581,0.0032,13.17,0.09,,0.0,,,3/2-,STABLE,,,,,,,,,,,,,,,,-0.558,0.0007,0.387,0.006,-481.7508,14.1815,-8686.6202,5.7653,332.3295,0.8386,-1261.824,3.296,6230.5799,0.5941,7711.4066,26.7237,7897.5607,0.0036,200970303.054,0.763,-27662.529,0.712,N,1925.0,20-Sep-2022,F.G. KONDEV,2023-10-18,201hg
80,122,Hg,5.4648,0.0033,29.74,0.13,,0.0,,,0+,STABLE,,,,,,,,,,,,,,,,1.4,0.3,0.87,0.13,-1364.8906,1.8348,-8235.8492,14.1808,133.7923,2.1877,-2992.328,23.298,7754.0984,0.1982,8233.5752,3.1409,7896.8505,0.0035,201970643.604,0.757,-27345.31,0.705,N,1920.0,1-May-2007,S. ZHU and F.G. KONDEV,2023-10-18,202hg
80,123,Hg,5.4679,0.0035,,,,0.0,,,5/2-,46.610,,10,d,4027104.0,864.0,B-,100.0,,,,,,,,,0.8456,0.001,0.344,0.007,492.1062,1.2247,-7360.1019,2.0617,-305.4191,2.6886,-2125.759,3.487,5995.2113,1.5738,8205.1921,23.3443,7887.4828,0.008,202972872.396,1.75,-25269.203,1.63,N,1943.0,4-Jul-2021,F.G. KONDEV,2023-10-18,203hg
80,124,Hg,5.4744,0.0036,6.82,0.04,,0.0,,,0+,STABLE,,,,,,,,,,,,,,,,0.64,0.06,0.4,0.2,-344.0781,1.1876,-7000.1567,1.2048,-515.8858,20.1152,-4300.148,200.001,7492.263,1.6482,8835.6752,3.0422,7885.5455,0.0025,203973494.037,0.534,-24690.148,0.498,N,1920.0,1-Oct-2009,C.J. CHIARA and F.G. KONDEV,2023-10-18,204hg
80,125,Hg,5.4776,0.0038,,,,0.0,,,1/2-,5.14,,9,m,308.4,5.4,B-,100.0,,,,,,,,,0.5985,0.0007,,,1533.0836,3.7238,-6012.9668,3.6964,-971.9289,50.2358,-3717.719,200.033,5668.8888,3.622,9187.0,200.0,7874.7325,0.0178,204976073.151,3.923,-22287.719,3.655,N,1940.0,20-Apr-2020,F.G. KONDEV,2023-10-18,205hg
80,126,Hg,5.4837,0.004,,,,0.0,,,0+,8.32,,7,m,499.2,4.2,B-,100.0,,,,,,,,,5.45,0.05,0.74,0.15,1307.5659,20.41,-5196.2435,20.4097,-678.5156,32.4092,-6755.728,300.696,6729.3271,20.7406,9664.0,201.0,7869.1723,0.0992,205977513.837,21.943,-20945.728,20.441,N,1961.0,31-Jan-2008,F.G. KONDEV,2023-10-18,206hg
80,127,Hg,,,,,,0.0,,,(9/2+),2.9,,2,m,174.0,12.0,B-,100.0,,,,,,,,,,,,,4546.9906,30.3,-2305.4702,29.8355,598.0,202.0,-5847.446,301.477,3613.0362,36.1431,9586.0,301.0,7848.6112,0.144,206982300.0,32.0,-16487.446,29.808,N,1982.0,1-Aug-2010,F.G. KONDEV and  S. LALKOVSKI,2023-10-18,207hg
80,128,Hg,,,,,,0.0,,,0+,41,,+5-4,m,2460.0,270.0,B-,100.0,,,,,,,,,,,,,3484.7131,30.7951,-302.2894,31.2168,1930.0,203.0,-7355.408,301.571,4849.28,42.8183,9914.0,302.0,7834.1914,0.1478,207985759.0,33.0,-13265.408,30.739,N,1994.0,12-APR-2010,B. SINGH and  K. ZUBER,2023-10-18,208hg
80,129,Hg,,,,,,0.0,,,(9/2+),36,,+7-4,s,36.0,5.5,B-,100.0,,,,,,,,,,,,,5035.0,150.0,69.0,150.0,1785.0,335.0,-6380.0,427.2,3416.0,153.0,9988.0,335.0,7813.0,1.0,208990757.0,161.0,-8610.0,150.0,Y,1998.0,30-Sep-2013,J. CHEN {+#} AND F.G. KONDEV,2023-10-18,209hg
80,130,Hg,,,,,,0.0,,,0+,,,,,,,,,,,,,,,,,,,,,3947.0,201.0,273.0,200.0,1515.0,361.0,-7980.0,447.2,4762.0,250.0,10359.0,447.0,7799.0,1.0,209994310.0,215.0,-5300.0,200.0,Y,1998.0,31-Mar-2014,M. SHAMSUZZOHA BASUNIA,2023-10-18,210hg
80,131,Hg,,,,,,0.0,,,,300,GT,,ns,3e-07,,B-,,,B-N,,,,,,,,,,,5688.0,205.0,785.0,201.0,1324.0,447.0,,,3161.0,283.0,10359.0,447.0,7777.0,1.0,210999581.0,215.0,-390.0,200.0,Y,2010.0,28-FEB-2013,BALRAJ SINGH,2023-10-18,211hg
80,132,Hg,,,,,,0.0,,,0+,,,,,,,B-,100.0,,B-N,,,,,,,,,,,4571.0,361.0,1027.0,303.0,1095.0,500.0,,,4661.0,361.0,,,7762.0,1.0,212003242.0,322.0,3020.0,300.0,Y,2010.0,1-Aug-2020,K. Auranen and E.A. McCutchan,2023-10-18,212hg
80,133,Hg,,,,,,0.0,,,,,,,,,,B-,100.0,,B-N,,,,,,,,,,,6416.0,301.0,1680.0,361.0,,,,,2891.0,424.0,,,7739.0,1.0,213008803.0,322.0,8200.0,300.0,Y,2010.0,1-Jan-2022,M. S. Basunia,2023-10-18,213hg
80,134,Hg,,,,,,0.0,,,0+,,,,,,,B-,100.0,,B-N,,,,,,,,,,,5306.0,445.0,1915.0,401.0,,,,,4501.0,500.0,,,7724.0,2.0,214012636.0,429.0,11770.0,400.0,Y,2010.0,1-May-2021,Shaofei Zhu and E. A. McCutchan,2023-10-18,214hg
80,135,Hg,,,,,,0.0,,,,,,,,,,B-,100.0,,B-N,,,,,,,,,,,7079.0,500.0,2574.0,445.0,,,,,2732.0,565.0,,,7701.0,2.0,215018368.0,429.0,17110.0,400.0,Y,2010.0,1-JUN-2022,B. SINGH,2023-10-18,215hg
80,136,Hg,,,,,,0.0,,,0+,300,GT,,ns,3e-07,,B-,,,B-N,,,,,,,,,,,6050.0,500.0,2819.0,500.0,,,,,4261.0,565.0,,,7685.0,2.0,216022459.0,429.0,20920.0,400.0,Y,2010.0,15-MAY-2011,BALRAJ SINGH AND MICHAEL BIRCH,2023-10-18,216hg
81,95,Tl,,,,,,0.0,,,(3- 4- 5-),5.2,,+30-14,ms,0.0052,0.0022,P,100.0,,,,,,,,,,,,,,,,,7477.8231,100.2616,12369.367,83.799,,,-1265.1999,18.0,7707.9383,0.4719,176000627.731,89.166,584.728,83.058,N,2004.0,08-SEP-2009,BALRAJ SINGH,2023-10-18,176tl
81,96,Tl,,,,,,0.0,,,(1/2+),18,,5,ms,0.018,0.005,A,73.0,13.0,P,27.0,13.0,,,,,,,,,,,,,7066.9981,7.1622,9435.72,87.43,11996.1492,85.8281,-1155.5646,19.4247,7732.1655,0.1222,176996414.252,23.218,-3340.103,21.628,N,1999.0,30-Aug-2019,F.G. KONDEV,2023-10-18,177tl
81,97,Tl,,,,,,0.0,,,,254,,+11-9,ms,0.254,0.01,A,53.0,,EC+B+,47.0,,,,,,,,,,-8187.0,103.0,,,7020.0433,10.2303,11702.346,102.566,9344.0,104.0,-874.0,133.0,7741.0,1.0,177995047.0,110.0,-4613.0,102.0,Y,1997.0,31-May-2008,E. Achterberg and  O.A. Capurro and  G.V. Marti,2023-10-18,178tl
81,98,Tl,,,,,,0.0,,,(1/2+),0.23,,4,s,0.23,0.04,A,100.0,,EC+B+,,,P,,,,1.631,0.016,,,-10321.2401,89.9571,-19914.321,45.0728,6709.1387,2.6356,8663.292,47.8,11728.0,109.0,-756.7428,40.122,7763.4942,0.2159,178991122.185,41.495,-8269.632,38.653,N,1983.0,15-Nov-2008,Coral M. BAGLIN,2023-10-18,179tl
81,99,Tl,,,,,,0.0,,,(5-),1.09,,1,s,1.09,0.01,EC+B+,94.0,4.0,A,6.0,4.0,ECSF,0.0032,0.0002,,-0.56,0.02,,,-7449.3696,71.0069,-19513.3646,107.1755,6705.6128,61.5396,10860.075,71.051,9192.1244,79.8899,-253.5144,75.3599,7771.431,0.3884,179989918.95,75.058,-9390.438,69.917,N,1987.0,1-Feb-2015,E.A. MCCUTCHAN,2023-10-18,180tl
81,100,Tl,,,,,,0.0,,,(1/2+),3.2,,3,s,3.2,0.3,A,10.0,,,,,,,,,1.632,0.014,,,-9688.1182,85.5227,-18928.9986,15.378,6322.0712,4.4906,7862.378,17.873,11479.629,70.5067,-162.793,13.7008,7791.9183,0.0503,180986259.978,9.771,-12798.749,9.102,N,1996.0,23-Dec-2009,J. K. Tuli,2023-10-18,181tl
81,101,Tl,,,,,,0.0,,,(7+),3.1,,10,s,3.1,1.0,EC+B+,97.5,2.5,A,5.0,,,,,,0.54,0.1,,,-6502.6567,17.0151,-18287.9002,85.8761,6550.8999,6.2,10249.672,15.468,8599.782,15.0426,-44.943,19.4948,7796.3571,0.0658,181985692.649,12.856,-13327.213,11.976,N,1991.0,15-Jul-2015,BALRAJ SINGH,2023-10-18,182tl
81,102,Tl,,,,,,0.0,,,(1/2+),6.9,,7,s,6.9,0.7,EC+B+,0.0,,A,,,,,,,3.61,0.06,,,-9007.2534,30.4442,-17834.0229,15.2696,5976.3946,9.1607,7217.394,11.715,11331.3663,15.1824,299.3471,13.5251,7815.6741,0.051,182982192.843,10.017,-16587.261,9.331,N,1980.0,15-Apr-2015,CORAL M. BAGLIN,2023-10-18,183tl
81,103,Tl,,,,,,0.0,,,,10.1,,5,s,10.1,0.5,EC+B+,97.9,0.7,A,2.1,0.7,,,,,0.43,0.02,,,-5831.7688,16.2517,-17374.6652,30.6595,6317.3754,9.2648,9461.432,13.826,8367.4118,13.686,367.6707,12.2643,7818.6727,0.0544,183981874.973,10.747,-16883.355,10.012,N,1976.0,1-Oct-2009,CORAL M. BAGLIN,2023-10-18,184tl
81,104,Tl,,,,,,0.0,,,(1/2+),19.5,,5,s,19.5,0.5,EC+B+,,,,,,,,,,1.6,0.04,,,-8216.5333,26.2493,-16777.4765,24.3166,5688.4793,5.3263,6425.906,24.768,10945.7077,22.9704,701.9286,22.7666,7835.5756,0.1118,184978789.189,22.194,-19757.745,20.674,N,1976.0,1-Nov-2005,S. -C. WU,2023-10-18,185tl
81,105,Tl,,,,,,0.0,,,(2-),3.4,,+5-4,s,3.4,0.45,A,,,,,,,,,,,,,,-5202.0427,23.4877,-16413.0466,26.3097,5996.1199,25.9456,8656.119,23.798,8196.5133,29.2915,988.2601,24.8314,7837.5161,0.1116,185978654.787,22.276,-19882.94,20.751,N,1975.0,1-Mar-2022,J. C. Batchelder and A. M. Hurst and  M. S. Basunia,2023-10-18,186tl
81,106,Tl,,,,,,0.0,,,(1/2+),51,AP,,s,51.0,,EC+B+,100.0,,A,0.03,,,,,,1.54,0.06,,,-7457.637,9.5248,-15835.0129,13.6332,5321.9796,7.1424,5673.917,15.174,10632.9702,22.2567,1194.5043,14.1601,7852.465,0.043,186975904.74,8.64,-22444.592,8.048,N,1976.0,1-Nov-2008,M. S. Basunia,2023-10-18,187tl
81,107,Tl,5.4017,0.0072,,,,0.0,,,(2-),71,,2,s,71.0,2.0,EC+B+,100.0,,,,,,,,,0.481,0.008,,,-4525.3784,31.5712,-15420.7657,30.3346,5557.3954,37.2881,7861.948,30.665,7963.1287,30.968,1506.8648,32.5536,7853.0537,0.1591,187976020.886,32.103,-22336.403,29.904,N,1970.0,1-Feb-2018,F.G. KONDEV and  S. JUUTINEN and  D.J. HARTLEY,2023-10-18,188tl
81,108,Tl,,,,,,0.0,,,(1/2+),2.3,,2,m,138.0,12.0,EC+B+,100.0,,,,,,,,,,,,,-6772.0862,16.3636,-14876.3991,13.1347,4817.1285,8.7647,5010.273,32.644,10351.0207,31.0525,1706.7253,10.7739,7866.2704,0.0443,188973573.525,8.983,-24616.105,8.368,N,1972.0,15-Apr-2017,T.D. JOHNSON and  BALRAJ SINGH,2023-10-18,189tl
81,109,Tl,5.4121,0.0056,,,,0.0,,,2-,2.6,,3,m,156.0,18.0,EC+B+,100.0,,,,,,,,,0.253,0.002,,,-3949.6288,14.4634,-14593.5346,15.822,4923.7044,22.1858,7004.389,17.482,7821.4484,11.0726,2028.8287,32.3753,7866.0345,0.0382,189973841.771,7.784,-24366.236,7.252,N,1970.0,15-Oct-2020,Balraj Singh and {+1} and Jun Chen{+2},2023-10-18,190tl
81,110,Tl,5.4169,0.0048,,,,0.0,,,(1/2+),,,,,,,,,,,,,,,,,1.582,0.004,,,-5991.7073,9.8864,-13937.6619,14.5124,4320.9137,23.6688,4308.898,23.461,9988.0331,10.3244,2201.2968,17.5225,7877.1445,0.0385,190971784.093,7.889,-26282.951,7.349,N,1974.0,1-Dec-2006,V.R. Vanin et al.,2023-10-18,191tl
81,111,Tl,5.4191,0.0051,,,,0.0,,,(2-),9.6,,4,m,576.0,24.0,EC+B+,100.0,,,,,,,,,0.199,0.003,,,-3320.4029,32.1843,-13652.3233,32.3539,4074.1501,31.7858,6139.232,35.277,7660.616,32.5123,2569.3709,38.7227,7876.0167,0.165,191972225.0,34.0,-25872.249,31.671,N,1961.0,15-Jun-2012,Coral M. Baglin,2023-10-18,192tl
81,112,Tl,5.4243,0.0042,,,,0.0,,,1/2(+),21.6,,8,m,1296.0,48.0,EC+B+,100.0,,,,,,,,,1.585,0.003,-2.2,0.02,-5247.9637,12.2808,-12996.6907,8.8188,3679.8238,21.1716,3584.947,16.893,9676.2878,32.3731,2754.7085,16.9229,7885.3445,0.0348,192970501.994,7.2,-27477.218,6.707,N,1960.0,31-Mar-2017,M. Shamsuzzoha Basunia,2023-10-18,193tl
81,113,Tl,5.4259,0.0046,,,,0.0,,,2-,33.0,,5,m,1980.0,30.0,EC+B+,100.0,,A,1e-07,,,,,,0.139,0.003,-0.282,0.007,-2729.6315,22.3433,-12779.561,17.3513,3471.1265,14.3912,5246.454,14.267,7531.5972,15.4987,3164.3036,20.8721,7883.5211,0.072,193971081.408,15.0,-26937.498,13.972,N,1960.0,3-Sep-2021,Jun Chen and Balraj Singh,2023-10-18,194tl
81,114,Tl,5.4325,0.0039,,,,0.0,,,1/2+,1.16,,5,h,4176.0,180.0,EC+B+,100.0,,,,,,,,,1.57,0.04,,,-4417.2524,12.2333,-12018.7439,20.6726,3217.7026,12.1674,2858.05,25.67,9289.1123,17.8609,3260.3111,11.4944,7890.7293,0.0571,194969774.052,11.944,-28155.292,11.126,N,1955.0,1-Mar-2014,Huang Xiaolong and Kang Mengxiao,2023-10-18,195tl
81,115,Tl,5.4327,0.0042,,,,0.0,,,2-,1.84,,3,h,6624.0,108.0,EC+B+,100.0,,,,,,,,,0.072,0.003,-0.178,0.014,-2148.3639,14.3556,-11829.8769,13.1348,2850.6697,19.9285,4329.346,12.462,7412.6245,16.4445,3772.2275,26.1185,7888.29,0.0618,195970481.189,13.0,-27496.598,12.109,N,1955.0,1-Jan-2006,Huang Xiaolong,2023-10-18,196tl
81,116,Tl,5.4388,0.0036,,,,0.0,,,1/2+,2.84,,4,h,10224.0,144.0,EC+B+,100.0,,,,,,,,,1.57,0.02,,,-3608.8367,14.3969,-11077.3052,15.6013,2625.6917,16.1083,2186.009,13.949,8928.9414,18.1909,3817.2488,13.8903,7893.5725,0.0689,196969560.492,14.573,-28354.222,13.575,N,1955.0,1-Jan-2002,HUANG XIAOLONG and  ZHOU CHUNMEI,2023-10-18,197tl
81,117,Tl,5.4396,0.0036,,,,0.0,,,2-,5.3,,5,h,19080.0,1800.0,EC+B+,100.0,,,,,,,,,0.0,0.01,,,-1461.3103,11.5537,-10854.6859,8.9449,2258.2809,7.8367,3425.562,7.559,7245.8493,15.5306,4277.4931,8.1982,7890.3011,0.0381,197970446.669,8.1,-27528.753,7.545,N,1949.0,1-Dec-2015,Huang Xiaolong and Kang Mengxiao,2023-10-18,198tl
81,118,Tl,5.4479,0.0031,,,,0.0,,,1/2+,7.42,,8,h,26712.0,288.0,EC+B+,100.0,,,,,,,,,1.59,0.02,,,-2827.6624,28.7653,-10063.2724,29.2826,2082.7481,27.9672,1486.669,27.95,8601.9621,28.9455,4394.0526,27.9486,7893.8773,0.1404,198969877.0,30.0,-28059.397,27.945,N,1949.0,15-Oct-2006,BALRAJ SINGH,2023-10-18,199tl
81,119,Tl,5.4491,0.0031,,,,0.0,,,2-,26.1,,1,h,93960.0,360.0,EC+B+,100.0,,,,,,,,,0.04,0.01,,,-796.3695,11.536,-9886.8107,8.9272,1666.5746,6.4618,2456.04,5.78,7059.1483,28.5321,4790.1318,5.7357,7889.7037,0.0288,199970963.608,6.182,-27047.227,5.759,N,1949.0,1-Aug-2006,F.G. KONDEV and  S. LALKOVSKI,2023-10-18,200tl
81,120,Tl,5.4573,0.0029,,,,0.0,,,1/2+,3.0420,,16,d,262828.8,138.24,EC,100.0,,,,,,,,,1.599,0.003,,,-1909.7458,18.5299,-9001.2389,17.3049,1534.0571,14.1921,481.751,14.203,8204.8694,15.3009,4966.4821,14.1856,7891.2717,0.0706,200970820.235,15.228,-27180.778,14.185,N,1950.0,20-Sep-2022,F.G. KONDEV,2023-10-18,201tl
81,121,Tl,5.4595,0.0027,,,,0.0,,,2-,12.31,,8,d,1063584.0,6912.0,EC+B+,100.0,,,,,,,,,0.06,0.01,,,-39.811,4.1863,-8780.7044,13.8623,1175.4578,1.8889,1364.891,1.969,6870.9586,14.2434,5606.8609,1.8398,7886.2206,0.0091,201972108.874,1.972,-25980.419,1.838,N,1940.0,1-May-2007,S. ZHU and F.G. KONDEV,2023-10-18,202tl
81,122,Tl,5.4666,0.0027,29.515,0.044,,0.0,,,1/2+,STABLE,,,,,,,,,,,,,,,,1.616,0.002,,,-974.8265,6.4609,-7892.0191,3.9258,907.5272,1.2472,-492.106,2.007,7852.2081,1.6777,5704.9706,1.0822,7886.053,0.0058,202972344.098,1.257,-25761.309,1.171,N,1931.0,1-Mar-2005,F.G. KONDEV,2023-10-18,203tl
81,123,Tl,5.4704,0.0028,,,,0.0,,,2-,3.783,,12,Y,119379850.96188152,378683.111695104,B-,97.08,0.07,EC+B+,2.92,0.07,,,,,0.09,0.01,,,763.7453,0.1768,-7630.9052,6.4562,469.1081,26.7398,344.078,1.257,6656.0787,0.2907,6365.8379,1.2542,7880.0238,0.0057,203973863.42,1.238,-24346.07,1.154,N,1953.0,1-Oct-2009,C.J. CHIARA and F.G. KONDEV,2023-10-18,204tl
81,124,Tl,5.4759,0.0026,70.485,0.044,,0.0,,,1/2+,STABLE,,,,,,,,,,,,,,,,1.632,0.002,0.74,0.15,-50.6402,0.5033,-6782.3052,0.4973,154.9875,3.2729,-1533.083,3.859,7546.0504,0.4796,6419.6254,1.2706,7878.3946,0.006,204974427.318,1.33,-23820.802,1.239,N,1931.0,20-Apr-2020,F.G. KONDEV,2023-10-18,205tl
81,125,Tl,,,,,,0.0,,,0-,4.202,,11,m,252.12,0.66,B-,100.0,,,,,,,,,4.27,0.06,,,1532.2128,0.6117,-6554.4495,0.6105,-325.2275,23.3228,-1307.565,20.481,6503.8094,0.3865,7254.546,3.74,7871.7219,0.0062,205976110.108,1.38,-22253.293,1.286,N,1935.0,31-Jan-2008,F.G. KONDEV,2023-10-18,206tl
81,126,Tl,5.4853,0.0027,,,,0.0,,,1/2+,4.77,,3,m,286.2,1.8,B-,100.0,,,,,,,,,1.869,0.005,,,1417.5323,5.4024,-5320.248,5.4025,-315.9084,6.2391,-4546.99,30.3,6852.4608,5.4299,7377.6797,21.1109,7866.7979,0.0263,206977418.605,5.839,-21034.436,5.439,N,1908.0,1-Aug-2010,F.G. KONDEV and  S. LALKOVSKI,2023-10-18,207tl
81,127,Tl,5.4946,0.0028,,,,0.0,,,5+,3.053,,4,m,183.18,0.24,B-,100.0,,,,,,,,,0.291,0.013,,,4998.3984,1.6693,-2369.4702,1.6698,1215.0,200.0,-3484.713,30.795,3787.0025,5.5967,7551.646,29.8654,7847.1835,0.0089,207982018.006,1.989,-16750.121,1.854,N,1909.0,1-Jun-2007,M. J. MARTIN,2023-10-18,208tl
81,128,Tl,,,,,,0.0,,,1/2+,2.162,,7,m,129.72,0.42,B-,100.0,,,,,,,,,,,,,3969.7809,6.2115,32.4083,6.14,2501.0,200.0,-5034.793,150.124,4965.9901,6.2704,7668.3562,31.3407,7833.3979,0.0292,208985351.713,6.559,-13644.793,6.11,N,1950.0,30-Sep-2013,J. CHEN {+#} AND F.G. KONDEV,2023-10-18,209tl
81,129,Tl,,,,,,0.0,,,(5+),1.30,,3,m,78.0,1.8,B-,100.0,,B-N,0.007,,,,,,,,,,5481.4334,11.561,296.2599,11.6204,2518.0,300.0,-3946.996,200.336,3673.521,13.0584,7926.0,150.0,7813.589,0.0553,209990072.942,12.456,-9246.996,11.603,N,1909.0,31-Mar-2014,M. SHAMSUZZOHA BASUNIA,2023-10-18,210tl
81,130,Tl,,,,,,0.0,,,,88,,+46-29,s,88.0,37.5,B-,100.0,,B-N,,,,,,,,,,,4415.0129,41.9781,579.1119,41.9422,2138.0,303.0,-5687.999,204.345,4902.3215,43.4936,8067.0,205.0,7799.7915,0.1987,210993475.0,45.0,-6077.999,41.917,N,1998.0,28-FEB-2013,BALRAJ SINGH,2023-10-18,211tl
81,131,Tl,,,,,,0.0,,,(5+),30.9,,80,s,30.9,8.0,B-,100.0,,B-N,1.8,1.8,,,,,,,,,5998.0,200.0,871.0,200.0,1934.0,361.0,-4571.0,360.5,3544.0,205.0,8450.0,283.0,7780.0,1.0,211998335.0,215.0,-1551.0,200.0,Y,1998.0,1-Aug-2020,K. Auranen and E.A. McCutchan,2023-10-18,212tl
81,132,Tl,,,,,,0.0,,,(1/2+),23.8,,44,s,23.8,4.4,B-,100.0,,B-N,7.6,3.4,,,,,,,,,4987.4088,27.8941,1261.4226,27.0759,1589.0,401.0,-6416.189,301.214,4737.0,202.0,8525.0,301.0,7765.4311,0.1268,213001915.0,29.0,1783.811,27.013,N,2010.0,1-Jan-2022,M. S. Basunia,2023-10-18,213tl
81,133,Tl,,,,,,0.0,,,,11.0,,24,s,11.0,2.4,B-,100.0,,B-N,34.0,12.0,,,,,,,,,6648.0,196.0,1597.0,196.0,1360.0,445.0,-5305.0,445.4,3391.0,197.0,9024.0,358.0,7745.0,1.0,214006940.0,210.0,6465.0,196.0,Y,2010.0,1-May-2021,Shaofei Zhu and E. A. McCutchan,2023-10-18,214tl
81,134,Tl,,,,,,0.0,,,,9.7,,38,s,9.7,3.8,B-,100.0,,B-N,4.6,4.6,,,,,,,,,5688.0,305.0,2142.0,300.0,,,-7080.0,500.0,4506.0,358.0,9029.0,500.0,7730.0,1.0,215010768.0,322.0,10030.0,300.0,Y,2010.0,1-Jun-2022,E.A. MCCUTCHAN,2023-10-18,215tl
81,135,Tl,,,,,,0.0,,,,300,GT,,ns,3e-07,,B-,,,B-N,,,,,,,,,,,7361.0,361.0,2457.0,305.0,,,-6050.0,500.0,3231.0,424.0,9528.0,500.0,7709.0,1.0,216015964.0,322.0,14870.0,300.0,Y,2010.0,15-MAY-2011,BALRAJ SINGH AND MICHAEL BIRCH,2023-10-18,216tl
81,136,Tl,,,,,,0.0,,,,,,,,,,B-,100.0,,B-N,,,,,,,,,,,6399.0,500.0,3079.0,447.0,,,,,4282.0,500.0,9550.0,565.0,7693.0,2.0,217020032.0,429.0,18660.0,400.0,Y,2010.0,1-DEC-2017,BALRAJ SINGH,2023-10-18,217tl
82,96,Pb,,,,,,0.0,,,0+,0.12,,+22-5,ms,0.00012,0.000135,A,100.0,,,,,,,,,,,,,,,,,7789.4724,12.9788,8186.371,104.602,,,375.497,31.7032,7690.8359,0.1302,178003836.171,24.889,3573.371,23.184,N,2001.0,31-May-2008,E. Achterberg and  O.A. Capurro and  G.V. Marti,2023-10-18,178pb
82,97,Pb,,,,,,0.0,,,(9/2-),3.5,,+14-8,ms,0.0035,0.0011,A,100.0,,,,,,,,,,,,,,,,,7596.1352,4.8507,10321.24,89.95,9593.0809,84.4733,624.0,131.0,7701.463,0.4538,179002202.492,87.203,2051.608,81.229,N,2010.0,25-Feb-2010,F.G. Kondev,2023-10-18,179pb
82,98,Pb,,,,,,0.0,,,0+,4.1,,3,ms,0.0041,0.0003,A,100.0,,,,,,,,,,,,,,,,,7418.6542,5.4785,7449.369,71.007,12063.9949,82.1697,960.4078,40.5917,7725.6993,0.0689,179997916.177,13.306,-1941.069,12.395,N,1996.0,1-Feb-2015,E.A. MCCUTCHAN,2023-10-18,180pb
82,99,Pb,,,,,X,0.0,,,(13/2+),45,,20,ms,0.045,0.02,A,100.0,,,,,,,,,,,,,,,,,7240.276,7.3138,9688.118,85.523,9240.8804,85.9305,1009.1638,110.0892,7734.0704,0.4698,180996660.6,91.29,-3110.631,85.037,N,1989.0,31-Aug-2005,S. -C. WU,2023-10-18,181pb
82,100,Pb,5.3788,0.0035,,,,0.0,,,0+,55,,5,ms,0.055,0.005,A,98.0,,EC+B+,2.0,,,,,,,,,,,,,,7065.8734,5.5095,6502.657,17.015,11785.2436,85.891,1314.7783,15.1305,7756.3296,0.0664,181992673.537,12.975,-6824.556,12.086,N,1986.0,15-Jul-2015,BALRAJ SINGH,2023-10-18,182pb
82,101,Pb,5.3869,0.003,,,,0.0,,,(3/2-),535,,30,ms,0.535,0.03,A,90.0,,,,,,,,,-1.154,0.005,,,,,,,6927.9999,7.0,9007.253,30.444,8826.7695,31.3983,1541.7659,31.3561,7762.179,0.1584,182991862.527,31.11,-7580.008,28.979,N,1980.0,15-Apr-2015,CORAL M. BAGLIN,2023-10-18,183pb
82,102,Pb,5.393,0.0029,,,,0.0,,,0+,490,,25,ms,0.49,0.025,A,80.0,15.0,EC+B+,20.0,15.0,,,,,,,,,-12306.0,123.0,,,6774.0111,3.1263,5831.769,16.252,11542.8964,31.6715,1753.296,15.8419,7782.7264,0.0696,183988135.634,13.743,-11051.586,12.802,N,1980.0,1-Oct-2009,CORAL M. BAGLIN,2023-10-18,184pb
82,103,Pb,5.3984,0.0028,,,,0.0,,,3/2-,6.3,,4,s,6.3,0.4,A,34.0,25.0,EC+B+,,,,,,,-1.137,0.005,,,-9305.0,83.0,-20867.0,123.0,6694.9999,5.0,8216.534,26.25,8560.9432,20.6247,1946.8274,19.0223,7786.933,0.0874,184987610.0,17.364,-11541.211,16.175,N,1975.0,1-Nov-2005,S. -C. WU,2023-10-18,185pb
82,104,Pb,5.4027,0.0027,,,,0.0,,,0+,4.81,,3,s,4.81,0.03,EC+B+,60.0,8.0,A,40.0,8.0,,,,,,,,,-11535.3999,20.2118,-20516.0,82.0,6471.0721,5.0236,5202.043,23.488,11211.0039,19.558,2212.1237,23.4201,7805.342,0.0592,185984239.409,11.813,-14680.897,11.004,N,1972.0,1-Mar-2022,J. C. Batchelder and A. M. Hurst and  M. S. Basunia,2023-10-18,186pb
82,105,Pb,5.4079,0.0026,,,,0.0,,,(3/2-),15.2,,3,s,15.2,0.3,EC+B+,90.5,2.0,A,9.5,2.0,,,,,-1.122,0.003,,,-8603.6798,11.2268,-19912.7759,17.7024,6392.7844,6.1913,7457.637,9.525,8377.3759,12.1202,2392.9863,21.3666,7808.401,0.0272,186983910.842,5.468,-14986.955,5.094,N,1972.0,1-Nov-2008,M. S. Basunia,2023-10-18,187pb
82,106,Pb,5.4139,0.0025,,,,0.0,,,0+,25.5,,1,s,25.5,0.1,EC+B+,91.5,0.5,A,8.5,0.5,,,,,-0.3,0.06,,,-10616.2241,15.0824,-19499.0671,14.2336,6108.8469,3.4046,4525.379,31.571,10895.3873,11.3275,2655.4034,12.9336,7824.8211,0.0539,187980879.079,10.868,-17811.024,10.124,N,1972.0,1-Feb-2018,F.G. KONDEV and  S. JUUTINEN and  D.J. HARTLEY,2023-10-18,188pb
82,107,Pb,5.4177,0.0024,,,,0.0,,,(3/2-),39,,8,s,39.0,8.0,EC+B+,100.0,,A,0.4,,,,,,-1.077,0.009,,,-7779.3555,25.1498,-18720.537,17.9646,5914.7158,4.3142,6772.086,16.363,8104.3129,17.3195,2796.5875,33.0453,7826.2999,0.0744,188980843.658,15.096,-17844.019,14.062,N,1972.0,15-Apr-2017,T.D. JOHNSON and  BALRAJ SINGH,2023-10-18,189pb
82,108,Pb,5.4222,0.0023,,,,0.0,,,0+,71,,1,s,71.0,1.0,EC+B+,99.6,0.04,A,0.4,0.04,,,,,,,,,-9820.7014,24.4226,-18423.2612,24.318,5697.5361,4.5685,3949.629,14.463,10643.9057,18.8163,3089.4725,15.0539,7841.1294,0.0659,189978081.872,13.434,-20416.607,12.514,N,1972.0,15-Oct-2020,Balraj Singh and {+1} and Jun Chen{+2},2023-10-18,190pb
82,109,Pb,5.4229,0.0026,,,,0.0,,,(3/2-),1.33,,8,m,79.8,4.8,EC+B+,99.987,0.005,A,0.013,0.005,,,,,-1.167,0.007,0.085,0.005,-7051.8922,9.9895,-17766.656,21.9908,5402.3497,14.4647,5991.708,9.886,7945.9547,14.154,3213.9788,9.8143,7841.6782,0.0346,190978216.455,7.099,-20291.243,6.613,N,1974.0,1-Dec-2006,V.R. Vanin et al.,2023-10-18,191pb
82,110,Pb,5.43,0.0025,,,,0.0,,,0+,3.5,,1,m,210.0,6.0,EC+B+,99.9941,0.0007,A,0.0059,0.0007,,,,,,,,,-9017.3089,30.6518,-17383.8127,9.4259,5221.5895,4.79,3320.403,32.184,10331.9204,8.7478,3557.8662,9.3166,7854.6482,0.0298,191975789.598,6.147,-22551.846,5.726,N,1974.0,15-Jun-2012,Coral M. Baglin,2023-10-18,192pb
82,111,Pb,5.431,0.0023,,,,0.0,,,(3/2-),,,,,,,EC+B+,,,,,,,,,,-1.146,0.007,,,-6344.6913,12.7761,-16766.0359,31.8211,4972.2075,33.1875,5247.963,12.281,7748.727,11.7741,3645.9771,33.2998,7854.0994,0.0533,192976135.914,11.044,-22229.255,10.288,N,1974.0,31-Mar-2017,M. Shamsuzzoha Basunia,2023-10-18,193pb
82,112,Pb,5.4372,0.0023,,,,0.0,,,0+,10.7,,6,m,642.0,36.0,EC+B+,100.0,,A,7.3e-06,2.9e-06,,,,,-0.38,0.14,0.49,0.03,-8184.8462,18.2094,-16394.6207,19.0102,4737.843,16.7225,2729.632,22.343,10049.9294,20.2444,4019.6187,18.6809,7865.4181,0.0899,193974011.788,18.717,-24207.866,17.435,N,1960.0,3-Sep-2021,Jun Chen and Balraj Singh,2023-10-18,194pb
82,113,Pb,5.4389,0.0045,,,,0.0,,,3/2-,15,AP,,m,900.0,,EC+B+,100.0,,,,,,,,,-1.124,0.007,0.306,0.015,-5712.4729,7.337,-15786.3376,7.3123,4428.8935,22.8527,4417.253,12.234,7601.4914,18.1607,4089.5129,14.8699,7864.0647,0.0261,194974516.167,5.461,-23738.039,5.088,N,1957.0,1-Mar-2014,Huang Xiaolong and Kang Mengxiao,2023-10-18,195pb
82,114,Pb,5.4444,0.0024,,,,0.0,,,0+,37,,3,m,2220.0,180.0,EC+B+,100.0,,A,3e-05,,,,,,-1.92,0.02,0.65,0.05,-7339.202,25.616,-15393.9859,9.3485,4238.3307,17.2767,2148.364,14.355,9681.5131,9.2336,4481.9136,13.52,7873.3374,0.0393,195972787.552,8.277,-25348.234,7.71,N,1957.0,1-Jan-2006,Huang Xiaolong,2023-10-18,196pb
82,115,Pb,5.4446,0.0024,,,,0.0,,,3/2-,8.1,,17,m,486.0,102.0,EC+B+,100.0,,,,,,,,,-1.0718,0.0023,-0.08,0.17,-5058.1894,9.619,-14807.6706,24.8962,3891.8643,16.2257,3608.837,14.4,7468.4686,9.0477,4537.7577,13.0277,7871.2822,0.0244,196973434.737,5.157,-24745.385,4.804,N,1955.0,1-Jan-2002,HUANG XIAOLONG and  ZHOU CHUNMEI,2023-10-18,197pb
82,116,Pb,5.4524,0.0022,,,,0.0,,,0+,2.4,,1,h,8640.0,360.0,EC+B+,100.0,,,,,,,,,,,,,-6693.5916,28.9259,-14451.5651,12.0831,3691.5934,9.214,1461.31,11.55,9393.3756,9.9609,5002.192,16.1441,7878.9695,0.0442,197972015.45,9.393,-26067.443,8.75,N,1955.0,1-Dec-2015,Huang Xiaolong and Kang Mengxiao,2023-10-18,198pb
82,117,Pb,5.4529,0.0022,,,,0.0,,,3/2-,90,,10,m,5400.0,600.0,EC+B+,100.0,,,,,,,,,-1.0707,0.0014,,9.0,-4434.1181,12.6179,-13929.2016,28.402,3356.6915,24.126,2827.663,28.765,7235.61,11.0945,4991.9527,10.1713,7875.7366,0.0343,198972912.62,7.322,-25231.734,6.821,N,1950.0,15-Oct-2006,BALRAJ SINGH,2023-10-18,199pb
82,118,Pb,5.4611,0.002,,,,0.0,,,0+,21.5,,4,h,77400.0,1440.0,EC,100.0,,,,,,,,,,,,,-5880.2841,24.8094,-13524.5593,14.5741,3150.1704,10.4286,796.369,11.547,9090.4412,12.1117,5480.4318,29.683,7881.8101,0.05,199971818.546,10.744,-26250.858,10.008,N,1950.0,1-Aug-2006,F.G. KONDEV and  S. LALKOVSKI,2023-10-18,200pb
82,119,Pb,5.4629,0.0019,,,,0.0,,,5/2-,9.33,,5,h,33588.0,180.0,EC+B+,100.0,,,,,,,,,0.6731,0.0006,0.01,0.04,-3842.0269,18.3637,-12971.7772,26.5391,2844.2822,14.1158,1909.745,19.753,7091.4931,16.9979,5512.7766,14.9037,7877.8782,0.0684,200972870.431,14.758,-25271.033,13.747,N,1950.0,20-Sep-2022,F.G. KONDEV,2023-10-18,201pb
82,120,Pb,5.4705,0.0017,,,,0.0,,,0+,52.5E+3,,28,Y,1656738613666.08,88359392728.8576,EC,100.0,,A,1.0,,,,,,,,,,-5189.7539,14.507,-12582.9203,12.7528,2588.7914,3.822,39.811,4.218,8740.8934,14.2603,6048.8007,14.6731,7882.1505,0.0188,201972151.613,4.075,-25940.608,3.796,N,1954.0,1-May-2007,S. ZHU and F.G. KONDEV,2023-10-18,202pb
82,121,Pb,5.4727,0.0017,,,,0.0,,,5/2-,51.92,,3,h,186912.0,108.0,EC,100.0,,,,,,,,,0.6841,0.0006,0.1,0.05,-3261.5896,14.3559,-12106.9466,15.4549,2334.6679,6.5526,974.826,6.658,6917.1926,7.5494,6095.0347,6.6717,7877.397,0.0323,202973390.617,7.036,-24786.483,6.554,N,1942.0,4-Jul-2021,F.G. KONDEV,2023-10-18,203pb
82,122,Pb,5.4803,0.0014,1.4,0.6,,0.0,,,0+,1.4E+17,GE,,Y,4.41796963644288e+24,,A,,,,,,,,,,0.02,,0.23,0.09,-4463.8883,9.248,-11656.24,12.8238,1968.5365,1.1376,-763.745,1.627,8394.6504,6.455,6637.477,0.3378,7879.9326,0.0056,203973043.506,1.231,-25109.815,1.147,N,1932.0,1-Oct-2009,C.J. CHIARA and F.G. KONDEV,2023-10-18,204pb
82,123,Pb,5.4828,0.0015,,,,0.0,,,5/2-,1.70E+7,,9,Y,536467741568064.0,28401233377132.8,EC,100.0,,,,,,,,,0.7094,0.0006,0.23,0.04,-2704.5927,4.8196,-11195.5533,9.2477,1467.4514,1.0616,50.64,1.68,6731.665,0.1088,6713.0633,0.206,7874.3313,0.0056,204974481.682,1.228,-23770.162,1.145,N,1954.0,20-Apr-2020,F.G. KONDEV,2023-10-18,205pb
82,124,Pb,5.4902,0.0014,24.1,3.0,,0.0,,,0+,STABLE,,,,,,,,,,,,,,,,-0.152,0.003,0.05,0.09,-3757.3057,7.5461,-10791.255,4.8197,1134.8875,1.0497,-1532.213,1.721,8086.6623,0.0599,7253.6752,0.505,7875.362,0.0056,205974465.21,1.228,-23785.506,1.144,N,1927.0,31-Jan-2008,F.G. KONDEV,2023-10-18,206pb
82,125,Pb,5.4943,0.0014,22.1,5.0,,0.0,,,1/2-,STABLE,,,,,,,,,,,,,,,,0.5906,0.0004,,,-2397.414,2.1175,-10495.0859,7.5467,392.3186,1.2726,-1417.532,5.559,6737.7802,0.0953,7487.646,0.6189,7869.8664,0.0055,206975896.821,1.231,-22451.968,1.147,N,1927.0,1-Aug-2010,F.G. KONDEV and  S. LALKOVSKI,2023-10-18,207pb
82,126,Pb,5.5012,0.0013,52.4,7.0,,0.0,,,0+,STABLE,,,,,,,,,,,,,,,,,,,,-2878.368,2.0127,-9765.2826,2.1181,516.7129,1.1821,-4998.398,2.181,7367.8686,0.052,8003.0539,5.4026,7867.453,0.0055,207976652.005,1.232,-21748.519,1.148,N,1927.0,1-Jun-2007,M. J. MARTIN,2023-10-18,208pb
82,127,Pb,5.51,0.0014,,,,0.0,,,9/2+,3.234,,7,h,11642.4,25.2,B-,100.0,,,,,,,,,-1.4686,0.0019,-0.27,0.17,644.0152,1.1462,-6815.7406,2.1822,2248.2291,3.9266,-3969.781,6.355,3937.3726,1.3444,8153.4241,2.1338,7848.6488,0.0084,208981089.978,1.875,-17614.574,1.747,N,1940.0,30-Sep-2013,J. CHEN {+#} AND F.G. KONDEV,2023-10-18,209pb
82,128,Pb,5.5208,0.0016,,,,0.0,,,0+,22.20,,22,Y,700563756.6359425,6942523.71441024,B-,100.0,,A,1.9e-06,4e-07,,,,,,,,,63.4758,0.4992,-4541.1583,0.5053,3792.3827,20.3892,-5481.433,11.693,5185.1735,1.2521,8372.6074,6.1823,7835.9656,0.0069,209984188.381,1.554,-14728.429,1.448,N,1900.0,31-Mar-2014,M. SHAMSUZZOHA BASUNIA,2023-10-18,210pb
82,129,Pb,5.529,0.0017,,,,0.0,,,9/2+,36.1,,2,m,2166.0,12.0,B-,100.0,,,,,,,,,-1.3991,0.0012,0.09,0.06,1366.1041,5.4713,-3772.4252,2.5286,3569.5178,29.8934,-4415.013,41.978,3835.901,2.574,8534.9874,11.7735,7817.0079,0.0107,210988735.288,2.426,-10493.012,2.26,N,1904.0,28-FEB-2013,A. Sonzogni and  G. Mukherjee and  H. Huang and  A. Tarazaga and ,2023-10-18,211pb
82,130,Pb,5.5396,0.0019,,,,0.0,,,0+,10.622,,7,h,38239.2,25.2,B-,100.0,,,,,,,,,,,,,569.0133,1.8246,-3761.1315,5.5972,3291.5622,30.7943,-5997.929,200.008,5127.2356,2.4564,8759.9015,41.9576,7804.3203,0.0087,211991895.891,1.975,-7548.929,1.84,N,1905.0,1-Aug-2020,K. Auranen and E.A. McCutchan,2023-10-18,212pb
82,131,Pb,,,,,,0.0,,,(9/2+),10.2,,3,m,612.0,18.0,B-,100.0,,,,,,,,,,,,,2028.073,8.3708,-3156.9729,7.1159,2981.0,150.0,-4987.409,27.894,3725.9863,7.0416,8942.0,200.0,7785.1732,0.0326,212996560.796,7.465,-3203.598,6.954,N,1964.0,1-Jan-2022,M. S. Basunia,2023-10-18,213pb
82,132,Pb,5.5577,0.0023,,,,0.0,,,0+,27.06,,7,m,1623.6,4.2,B-,100.0,,,,,,,,,,,,,1017.7611,11.2559,-3022.6661,5.2644,2692.0,200.0,-6648.019,196.01,5050.739,7.0652,9255.8009,27.085,7772.3955,0.0092,213999803.521,2.114,-183.019,1.969,N,1904.0,1-May-2021,Shaofei Zhu and E. A. McCutchan,2023-10-18,214pb
82,133,Pb,,,,,,0.0,,,(9/2+),147,,12,s,147.0,12.0,B-,100.0,,,,,,,,,,,,,2712.9729,52.9848,-2528.2934,53.8646,2308.0,207.0,-5687.755,304.591,3546.0546,52.7223,9411.0,203.0,7752.7381,0.245,215004661.591,56.56,4342.245,52.685,N,1998.0,23-SEP-2013,B. SINGH,2023-10-18,215pb
82,134,Pb,,,,,,0.0,,,0+,300,GT,,ns,3e-07,,B-,,,,,,,,,,,,,,1636.0,201.0,-2191.0,200.0,2065.0,361.0,-7360.0,360.5,4904.0,207.0,9810.0,361.0,7740.0,1.0,216008062.0,215.0,7510.0,200.0,Y,2010.0,19-FEB-2015,BALRAJ SINGH,2023-10-18,216pb
82,135,Pb,,,,,,0.0,,,,19.9,,53,s,19.9,5.3,B-,100.0,,,,,,,,,,,,,3530.0,300.0,-1685.0,300.0,1635.0,424.0,-6400.0,500.0,3321.0,361.0,9899.0,424.0,7719.0,1.0,217013162.0,322.0,12260.0,300.0,Y,2010.0,1-DEC-2017,BALRAJ SINGH,2023-10-18,217pb
82,136,Pb,,,,,,0.0,,,0+,15,,7,s,15.0,7.0,B-,100.0,,,,,,,,,,,,,2414.0,301.0,-1172.0,300.0,1434.0,500.0,,,4702.0,424.0,10319.0,500.0,7705.0,1.0,218016779.0,322.0,15630.0,300.0,Y,2009.0,30-Oct-2019,Balraj Singh and  M.S. Basunia and  Murray Martin et al. and ,2023-10-18,218pb
82,137,Pb,,,,,,0.0,,,,,,,,,,B-,100.0,,,,,,,,,,,,,4300.0,447.0,-668.0,401.0,1085.0,565.0,,,3081.0,500.0,10380.0,565.0,7684.0,2.0,219022136.0,429.0,20620.0,400.0,Y,2009.0,19-May-2021,Balraj Singh et al. and ,2023-10-18,219pb
82,138,Pb,,,,,,0.0,,,0+,300,GT,,ns,3e-07,,B-,,,,,,,,,,,,,,3171.0,500.0,-261.0,447.0,785.0,565.0,,,4561.0,565.0,,,7670.0,2.0,220025905.0,429.0,24130.0,400.0,Y,2010.0,15-MAY-2011,BALRAJ SINGH AND MICHAEL BIRCH,2023-10-18,220pb
83,101,Bi,,,,,X,0.0,,150.0,,13,,2,ms,0.013,0.002,A,100.0,,,,,,,,,,,,,,,,,8220.0,100.0,12305.586,122.67,,,-1546.0,125.0,7712.0,1.0,184001347.0,131.0,1254.0,122.0,Y,2003.0,1-Oct-2009,CORAL M. BAGLIN,2023-10-18,184bi
83,102,Bi,,,,,,0.0,,,1/2+,58,,4,us,5.8e-05,4e-06,P,90.0,2.0,A,10.0,2.0,,,,,,,,,,,,,8138.0,81.0,9305.211,82.599,11562.0,147.0,-1527.0,81.0,7732.0,0.0,184997600.0,87.0,-2236.0,81.0,Y,1996.0,1-Nov-2005,S. -C. WU,2023-10-18,185bi
83,103,Bi,,,,,,0.0,,,(3+),14.8,,8,ms,0.0148,0.0008,A,95.5,,EC+B+,4.5,,SF+EC+B+,0.02,,,,,,,-7247.0279,24.9305,,,7756.7999,12.0,11535.4,20.2,8981.0,83.0,-1106.743,23.4317,7739.1175,0.0911,185996623.169,18.2,-3145.497,16.954,N,1997.0,1-Mar-2022,J. C. Batchelder and A. M. Hurst and  M. S. Basunia,2023-10-18,186bi
83,104,Bi,,,,,,0.0,,,(9/2-),37,,2,ms,0.037,0.002,A,100.0,,,,,,,,,,,,,-9207.0832,34.1302,-18556.124,20.8373,7779.0701,3.6197,8603.68,11.22,11309.0961,19.6856,-1008.6509,14.8722,7758.2083,0.0535,186993147.272,10.74,-6383.275,10.005,N,1999.0,1-Nov-2008,M. S. Basunia,2023-10-18,187bi
83,105,Bi,,,,,,0.0,,,(3+),60,,3,ms,0.06,0.003,A,100.0,,,,,,,,,,,,,-6650.4226,22.8861,-18089.9263,34.4928,7263.6388,4.9747,10616.224,15.082,8882.8431,15.0024,-503.1838,12.2851,7764.1904,0.0595,187992276.064,12.001,-7194.8,11.179,N,1980.0,1-Feb-2018,F.G. KONDEV and  S. JUUTINEN and  D.J. HARTLEY,2023-10-18,188bi
83,106,Bi,,,,,,0.0,,,(9/2-),688,,5,ms,0.688,0.005,A,100.0,,,,,,,,,3.7,0.3,,,-8642.6682,30.3542,-17591.6042,28.8714,7268.165,2.7117,7779.355,25.15,10941.1815,23.6588,-457.3896,23.179,7780.9999,0.1103,188989195.139,22.384,-10064.664,20.851,N,1973.0,31-AUG-2021,Balraj Singh,2023-10-18,189bi
83,107,Bi,,,,,,0.0,,,(3+),6.3,,1,s,6.3,0.1,A,90.0,,EC+B+,10.0,,SF+EC+B+,2.3e-05,,,3.85,0.09,,,-6033.1975,24.7615,-17245.228,30.4381,6862.1185,3.046,9820.701,24.423,8602.5599,29.5741,40.8574,25.251,7785.3239,0.1104,189988624.828,22.515,-10595.906,20.973,N,1972.0,15-Oct-2020,Balraj Singh and {+1} and Jun Chen{+2},2023-10-18,190bi
83,108,Bi,,,,,,0.0,,,(9/2-),12.4,,3,s,12.4,0.3,A,51.0,10.0,EC+B+,49.0,10.0,,,,,3.66,0.05,,,-8170.6205,10.3201,-16747.9612,15.1434,6780.325,3.0414,7051.892,9.989,10714.7638,22.2692,111.7154,14.5829,7800.6613,0.0392,190985786.972,8.037,-13239.351,7.487,N,1972.0,29-FEB-2016,BALRAJ SINGH,2023-10-18,191bi
83,109,Bi,,,,,,0.0,,,(3+),34.6,,9,s,34.6,0.9,EC+B+,88.0,5.0,A,12.0,5.0,,,,,4.16,0.17,,,-5468.0534,31.9348,-16537.1242,30.9385,6376.9499,3.5355,9017.309,30.652,8366.5038,31.029,532.2645,30.8298,7803.6084,0.1568,191985470.077,32.326,-13534.537,30.112,N,1971.0,15-Jun-2012,Coral M. Baglin,2023-10-18,192bi
83,110,Bi,,,,,,0.0,,,(9/2-),63.6,,30,s,63.6,3.0,EC+B+,96.5,1.5,A,3.5,1.5,,,,,3.72,0.1,-2.3,0.5,-7559.2614,16.3874,-15889.398,13.0568,6306.6261,4.9036,6344.692,12.776,10421.3446,31.0505,621.6887,9.4964,7817.1718,0.0393,192982947.22,8.132,-15884.563,7.576,N,1971.0,31-Mar-2017,M. Shamsuzzoha Basunia,2023-10-18,193bi
83,111,Bi,,,,,,0.0,,,(3+),95,,3,s,95.0,3.0,EC+B+,99.54,0.25,A,0.46,0.25,,,,,4.17,0.1,,,-5018.4029,13.9386,-15769.0359,15.4513,5918.2999,5.0,8184.846,18.209,8209.7745,9.2183,1082.7362,11.5509,7819.1955,0.0271,193982798.581,5.638,-16023.02,5.252,N,1971.0,3-Sep-2021,Jun Chen and Balraj Singh,2023-10-18,194bi
83,112,Bi,,,,,,0.0,,,[9/2-],183,,4,s,183.0,4.0,EC+B+,99.97,0.02,A,0.03,0.02,,,,,3.85,0.1,-1.7,0.6,-6908.9121,8.0284,-15092.2677,13.9515,5832.4683,5.1049,5712.472,7.338,10073.8648,7.4521,1106.6716,18.2193,7830.7579,0.0271,194980648.759,5.675,-18025.567,5.287,N,1971.0,1-Mar-2014,Huang Xiaolong and Kang Mengxiao,2023-10-18,195bi
83,113,Bi,,,,,,0.0,,,(3+),308,,12,s,308.0,12.0,EC+B+,100.0,,A,0.00115,0.00034,,,,,,,,,-4540.3012,25.0142,-14963.696,25.1643,5438.3004,39.9972,7339.202,25.616,8054.7839,24.9937,1559.964,24.9524,7831.9009,0.1246,195980666.509,26.224,-18009.032,24.428,N,1976.0,1-Jan-2006,Huang Xiaolong,2023-10-18,196bi
83,114,Bi,,,,,,0.0,,,(9/2-),9.33,,50,m,559.8,30.0,EC+B+,100.0,,A,0.0001,,,,,,3.9,0.11,-1.7,1.0,-6294.1172,12.9103,-14289.7823,9.9205,5365.1071,10.6969,5058.189,9.619,9749.4812,25.8104,1627.9321,11.3529,7841.6348,0.0423,196978864.927,8.946,-19687.196,8.333,N,1971.0,1-Jan-2002,HUANG XIAOLONG and  ZHOU CHUNMEI,2023-10-18,197bi
83,115,Bi,,,,,,0.0,,,(2+ 3+),10.3,,3,m,618.0,18.0,EC+B+,100.0,,,,,,,,,2.45,0.07,,,-3900.5727,32.6152,-14052.0906,29.2811,5138.7308,30.9092,6693.592,28.926,7757.9735,28.8026,1917.437,27.9863,7841.2123,0.1392,197979201.316,29.598,-19373.851,27.571,N,1950.0,1-Dec-2015,Huang Xiaolong and Kang Mengxiao,2023-10-18,198bi
83,116,Bi,,,,,,0.0,,,9/2-,27,,1,m,1620.0,60.0,EC+B+,100.0,,,,,,,,,4.6,0.4,,,-5558.7875,11.9224,-13395.6562,20.3909,4932.7597,6.7099,4434.118,12.618,9495.0835,29.5437,2019.1448,13.7446,7849.5232,0.0533,198977672.841,11.395,-20797.616,10.615,N,1950.0,15-Oct-2006,BALRAJ SINGH,2023-10-18,199bi
83,117,Bi,,,,,,0.0,,,7+,36.4,,5,m,2184.0,30.0,EC+B+,100.0,,,,,,,,,,,,,-3428.8901,23.9327,-13203.0628,23.3413,4701.1089,25.7289,5880.284,24.809,7644.2753,25.0604,2427.8101,23.7037,7848.4969,0.1135,199978131.29,24.37,-20370.574,22.701,N,1950.0,1-Aug-2006,F.G. KONDEV and  S. LALKOVSKI,2023-10-18,200bi
83,118,Bi,,,,,,0.0,,,9/2-,103,,3,m,6180.0,180.0,EC+B+,100.0,,,,,,,,,4.8,0.3,,,-4907.8397,13.1377,-12558.6405,14.3315,4500.2999,6.0,3842.027,18.365,9129.7503,25.7607,2467.1193,15.7533,7854.8713,0.0606,200976995.017,13.072,-21429.006,12.177,N,1950.0,20-Sep-2022,F.G. KONDEV,2023-10-18,201bi
83,119,Bi,5.484,0.0912,,,,0.0,,,5+,1.71,,4,h,6156.0,144.0,EC+B+,100.0,,,,,,,,,4.24,0.014,-1.0,0.09,-2809.285,16.466,-12301.0061,14.8472,4352.9828,15.9059,5189.754,14.507,7393.1664,18.5215,2768.7925,19.6223,7852.5857,0.0693,201977723.042,15.032,-20750.854,14.002,N,1951.0,1-May-2007,S. ZHU and F.G. KONDEV,2023-10-18,202bi
83,120,Bi,5.4911,0.0911,,,,0.0,,,9/2-,11.76,,5,h,42336.0,180.0,EC+B+,100.0,,,,,,,,,3.999,0.013,-0.93,0.07,-4214.0744,13.5942,-11654.642,15.4387,4109.5879,30.7276,3261.59,14.36,8845.357,18.9416,2873.2561,13.329,7857.4762,0.0629,202976892.077,13.717,-21524.893,12.778,N,1950.0,4-Jul-2021,F.G. KONDEV,2023-10-18,203bi
83,121,Bi,5.4934,0.091,,,,0.0,,,6+,11.22,,10,h,40392.0,360.0,EC+B+,100.0,,,,,,,,,4.302,0.015,-0.68,0.2,-2304.8814,13.6253,-11406.4261,10.2858,3976.3845,10.8365,4463.888,9.251,7192.3517,15.7273,3148.4152,11.2769,7854.2157,0.045,203977835.687,9.854,-20645.927,9.18,N,1947.0,1-Oct-2009,C.J. CHIARA and F.G. KONDEV,2023-10-18,204bi
83,122,Bi,5.5008,0.0909,,,,0.0,,,9/2-,14.91,,7,d,1288224.0,6048.0,EC+B+,100.0,,,,,,,,,4.047,0.007,-0.81,0.03,-3544.171,11.1458,-10795.8419,11.1151,3690.2933,14.943,2704.593,4.942,8490.9606,10.3613,3244.7253,4.8204,7857.3218,0.0235,204977385.182,5.161,-21065.569,4.808,N,1951.0,20-Apr-2020,F.G. KONDEV,2023-10-18,205bi
83,123,Bi,5.5034,0.0909,,,,0.0,,,6+,6.243,,3,d,539395.2,259.2,EC+B+,100.0,,,,,,,,,4.341,0.008,-0.54,0.04,-1839.5323,8.6005,-10578.1203,12.6211,3527.3026,7.7349,3757.305,7.717,7033.9493,8.9539,3547.0096,7.5463,7853.3249,0.0371,205978498.843,8.193,-20028.201,7.632,N,1947.0,31-Jan-2008,F.G. KONDEV,2023-10-18,206bi
83,124,Bi,5.5103,0.0907,,,,0.0,,,9/2-,31.55,,4,Y,995621014.4983776,1262277.03898368,EC+B+,100.0,,,,,,,,,4.0729,0.002,-0.76,0.02,-2908.8541,6.614,-9937.2043,4.6334,3281.8388,2.1344,2397.414,2.657,8097.6719,7.837,3558.0192,2.1155,7854.5053,0.0116,206978470.551,2.573,-20054.554,2.397,N,1950.0,1-Aug-2010,F.G. KONDEV and  S. LALKOVSKI,2023-10-18,207bi
83,125,Bi,5.5147,0.0907,,,,0.0,,,5+,3.68E+5,,4,Y,11612948758649.855,126227703898.368,EC+B+,100.0,,,,,,,,,4.572,0.01,-0.7,0.08,-1400.9438,2.3787,-9795.7687,6.8266,3051.0029,2.0126,2878.368,2.575,6886.9146,2.7126,3707.1536,2.0121,7849.8534,0.0111,207979742.06,2.474,-18870.151,2.305,N,1953.0,1-Jun-2007,M. J. MARTIN,2023-10-18,208bi
83,126,Bi,5.5211,0.0906,100.0,,,0.0,,,9/2-,2.01E19,,8,Y,6.342942120892992e+26,2.52455407796736e+25,A,100.0,,,,,,,,,4.092,0.002,-0.516,0.015,-1892.5741,1.5635,-8860.6997,1.4867,3137.2975,0.7716,-644.015,2.217,7459.7558,1.857,3799.0408,0.7763,7847.9869,0.0065,208980398.599,1.465,-18258.589,1.365,N,1924.0,30-Sep-2013,J. CHEN {+#} AND F.G. KONDEV,2023-10-18,209bi
83,127,Bi,5.53,0.0904,,,,0.0,,,1-,5.012,,5,d,433036.8,432.0,B-,100.0,,A,0.000132,1e-05,,,,,-0.0443,0.0001,0.19,0.006,1161.1549,0.7662,-6497.2081,1.5621,5036.4728,0.7762,-63.476,1.989,4604.6341,0.0785,4466.3022,1.1485,7832.5424,0.0065,209984120.237,1.463,-14791.905,1.364,N,1905.0,31-Mar-2014,M. SHAMSUZZOHA BASUNIA,2023-10-18,210bi
83,128,Bi,,,,,,0.0,,,9/2-,2.14,,2,m,128.4,1.2,A,99.724,0.004,B-,0.276,0.004,,,,,3.85,0.03,-0.7,0.3,573.3763,5.4297,-3977.3744,5.4063,6750.4042,0.4611,-1366.104,5.893,5138.5294,5.4542,4419.6582,5.4761,7819.7745,0.0258,210987268.715,5.842,-11859.116,5.442,N,1905.0,28-FEB-2013,E.A. McCutchan and  C.M. Baglin and  O. Gorbachenko and  N. Todorovic,2023-10-18,211bi
83,129,Bi,5.5489,0.0901,,,,0.0,,,1(-),60.55,,6,m,3633.0,3.6,B-,64.06,0.06,A,35.94,0.06,,,,,0.32,0.04,0.1,0.4,2251.4656,1.6671,-3756.7685,1.7456,6207.2619,0.028,-569.014,2.611,4330.1448,5.5996,4913.9019,2.6802,7803.314,0.0087,211991285.03,1.989,-8117.943,1.853,N,1905.0,1-Aug-2020,K. Auranen and E.A. McCutchan,2023-10-18,212bi
83,130,Bi,5.5586,0.09,,,,0.0,,,9/2-,45.59,,6,m,2735.4,3.6,B-,97.86,0.01,A,2.14,0.01,,,,,3.699,0.007,-0.83,0.05,1421.8481,5.4898,-2933.5803,5.1189,5988.2062,3.392,-2028.073,8.613,5185.0459,5.2737,4971.7122,5.2047,7791.0217,0.0239,212994383.57,5.455,-5231.671,5.082,N,1947.0,1-Jan-2022,M. S. Basunia,2023-10-18,213bi
83,131,Bi,,,,,,0.0,,,1-,19.71,,2,m,1182.6,1.2,B-,99.979,0.0013,A,0.021,0.0013,B-A,0.003,,,,,,,3269.1925,11.1649,-2618.5791,11.5056,5621.2999,3.0,-1017.761,11.381,4040.4272,12.2481,5286.1532,13.1517,7773.4955,0.0524,213998710.909,12.033,-1200.78,11.209,N,1904.0,1-May-2021,Shaofei Zhu and E. A. McCutchan,2023-10-18,214bi
83,132,Bi,,,,,,0.0,,,(9/2-),7.6,,2,m,456.0,12.0,B-,100.0,,,,,,,,,,,,,2171.0426,5.5297,-1972.0738,5.7717,5282.3552,42.2928,-2712.973,52.984,5241.2663,12.507,5476.6804,5.8065,7761.7177,0.0262,215001749.095,6.037,1629.272,5.624,N,1953.0,23-SEP-2013,D. Abriola and  P. Demetriou and  B. Singh and  R. Gowrishankar and  K. Vijay Sai,2023-10-18,215bi
83,133,Bi,,,,,,0.0,,,(6- 7-),2.25,,5,m,135.0,3.0,B-,100.0,,,,,,,,,,,,,4091.652,11.3243,-1655.5596,11.3773,5000.0,200.0,-1636.012,200.312,3826.6022,12.5129,5757.2281,53.8582,7743.4996,0.0518,216006305.985,12.0,5873.988,11.178,N,1989.0,1-Mar-2007,S. -C. WU,2023-10-18,216bi
83,134,Bi,,,,,,0.0,,,(9/2-),98.5,,13,s,98.5,1.3,B-,100.0,,,,,,,,,,,,,2846.5103,18.8695,-1123.6912,17.7912,4521.2357,32.2948,-3530.037,300.522,5215.3432,20.9327,6069.0,201.0,7731.8491,0.0816,217009372.0,19.0,8729.963,17.698,N,1998.0,1-DEC-2017,BALRAJ SINGH,2023-10-18,217bi
83,135,Bi,,,,,,0.0,,,(6- 7- 8-),33,,1,s,33.0,1.0,B-,100.0,,,,,,,,,,,,,4859.3866,27.0849,-738.7322,27.7947,4327.0,197.0,-2413.962,301.214,3585.2425,32.2948,6333.0,301.0,7712.828,0.1239,218014188.0,29.0,13216.038,27.013,N,1998.0,30-Oct-2019,Balraj Singh and  M.S. Basunia and  Murray Martin et al. and ,2023-10-18,218bi
83,136,Bi,,,,,,0.0,,,(9/2-),22,,7,s,22.0,7.0,B-,100.0,,,,,,,,,,,,,3638.0,201.0,-108.0,200.0,3865.0,361.0,-4300.0,447.2,4968.0,202.0,6599.0,361.0,7700.0,1.0,219017520.0,215.0,16320.0,200.0,Y,2009.0,19-May-2021,Balraj Singh et al. and ,2023-10-18,219bi
83,137,Bi,,,,,,0.0,,,,300,GT,,ns,3e-07,,B-,,,,,,,,,,,,,,5696.0,300.0,207.0,300.0,3664.0,424.0,-3170.0,500.0,3432.0,361.0,6949.0,500.0,7681.0,1.0,220022501.0,322.0,20960.0,300.0,Y,2010.0,15-MAY-2011,BALRAJ SINGH AND MICHAEL BIRCH,2023-10-18,220bi
83,138,Bi,,,,,,0.0,,,,300,GT,,ns,3e-07,,B-N,,,B-,,,,,,,,,,,4426.0,301.0,865.0,300.0,3116.0,500.0,,,4831.0,424.0,7219.0,500.0,7668.0,1.0,221025980.0,322.0,24200.0,300.0,Y,2009.0,15-MAY-2011,BALRAJ SINGH AND MICHAEL BIRCH,2023-10-18,221bi
83,139,Bi,,,,,,0.0,,,,300,GT,,ns,3e-07,,B-N,,,B-,,,,,,,,,,,6464.0,303.0,1105.0,301.0,2815.0,500.0,,,3322.0,424.0,,,7648.0,1.0,222031079.0,322.0,28950.0,300.0,Y,2009.0,20-DEC-2016,BALRAJ SINGH,2023-10-18,222bi
83,140,Bi,,,,,,0.0,,,,300,GT,,ns,3e-07,,B-N,,,B-,,,,,,,,,,,5161.0,445.0,1682.0,402.0,,,,,4781.0,500.0,,,7636.0,2.0,223034611.0,429.0,32240.0,400.0,Y,2009.0,15-MAY-2011,BALRAJ SINGH AND MICHAEL BIRCH,2023-10-18,223bi
83,141,Bi,,,,,,0.0,,,,,,,,,,B-,100.0,,B-N,,,,,,,,,,,7159.0,445.0,1920.0,445.0,,,,,3242.0,565.0,,,7616.0,2.0,224039796.0,429.0,37070.0,400.0,Y,2010.0,08-Mar-2022,Balraj Singh and  Sukhjeet Singh,2023-10-18,224bi
84,102,Po,,,,,,0.0,,,0+,28,,+16-6,us,2.8e-05,1.1e-05,A,100.0,,,,,,,,,,,,,,,,,8501.1712,13.7119,7247.028,24.93,,,952.0,83.0,7695.9488,0.0983,186004403.174,19.622,4101.531,18.278,N,2005.0,1-Mar-2022,J. C. Batchelder and A. M. Hurst and  M. S. Basunia,2023-10-18,186po
84,103,Po,,,,,,0.0,,,(1/2- 5/2-),1.40,,25,ms,0.0014,0.00025,A,100.0,,,,,,,,,,,,,,,,,7978.8999,15.0,9207.083,34.13,9349.0408,37.4015,1319.6659,36.7723,7704.7889,0.1745,187003031.482,35.03,2823.808,32.631,N,2005.0,1-Nov-2008,M. S. Basunia,2023-10-18,187po
84,104,Po,,,,,,0.0,,,0+,0.27,,3,ms,0.00027,3e-05,A,100.0,,,,,,,,,,,,,,,,,8082.2927,15.3267,6650.422,22.886,11439.5036,38.2491,1450.0734,22.3359,7724.6544,0.1062,187999415.586,21.438,-544.378,19.97,N,1999.0,1-Feb-2018,F.G. KONDEV and  S. JUUTINEN and  D.J. HARTLEY,2023-10-18,188po
84,105,Po,,,,,,0.0,,,(5/2-),3.5,,5,ms,0.0035,0.0005,A,100.0,,,,,,,,,,,,,,,,,7694.2999,15.0,8642.668,30.354,8948.936,29.7538,1516.1663,24.7305,7731.1321,0.1167,188998473.425,23.681,-1421.996,22.059,N,1999.0,31-Aug-2021,Balraj Singh,2023-10-18,189po
84,106,Po,,,,,,0.0,,,0+,2.45,,5,ms,0.00245,5e-05,A,100.0,,,,,,,,,,,,,,,,,7693.2733,7.2234,6033.198,24.761,11212.0306,25.6845,1787.0154,24.6583,7749.4526,0.0693,189995101.731,14.131,-4562.708,13.163,N,1996.0,15-Oct-2020,Balraj Singh and {+1} and Jun Chen{+2},2023-10-18,190po
84,107,Po,,,,,,0.0,,,(3/2-),22,,1,ms,0.022,0.001,A,99.0,1.0,,,,,,,,,,,,-8932.644,17.5997,,,7493.3085,4.9498,8170.62,10.32,8577.3408,14.9525,1761.7963,22.1429,7753.7871,0.0372,190994558.494,7.624,-5068.731,7.103,N,1993.0,1-Dec-2006,V.R. Vanin et al.,2023-10-18,191po
84,108,Po,5.522,0.0178,,,,0.0,,,0+,32.2,,3,ms,0.0322,0.0003,A,99.5,,EC+B+,0.5,,,,,,,,,,-10992.2252,29.8328,-20001.7148,19.2975,7319.625,3.2536,5468.054,31.935,11069.0708,12.7827,2116.1033,13.0056,7771.0542,0.0554,191991340.274,11.416,-8066.483,10.634,N,1977.0,15-Jun-2012,Coral M. Baglin,2023-10-18,192po
84,109,Po,,,,,,0.0,,,(3/2-),399,,34,ms,0.399,0.034,A,100.0,,,,,,,,,,,-1.3,0.3,-8257.9789,26.0594,-19322.3619,31.4335,7093.8012,3.6617,7559.261,16.387,8330.1367,17.9989,2079.7363,33.435,7773.951,0.0753,192991062.421,15.599,-8325.302,14.531,N,1967.0,31-Mar-2017,M. Shamsuzzoha Basunia,2023-10-18,193po
84,110,Po,5.5167,0.0178,,,,0.0,,,0+,0.392,,4,s,0.392,0.004,A,93.0,7.0,EC+B+,7.0,7.0,,,,,,,,,-10288.1273,26.8153,-19008.6119,25.1919,6987.074,3.1772,5018.403,13.938,10750.6329,19.4308,2409.0246,14.9696,7789.2947,0.0666,193988186.058,13.86,-11004.617,12.911,N,1967.0,3-Sep-2021,Jun Chen and Balraj Singh,2023-10-18,194po
84,111,Po,,,,,,0.0,,,(3/2-),4.64,,9,s,4.64,0.09,A,94.0,4.0,EC+B+,6.0,4.0,,,,,-0.6,0.04,-0.9,0.3,-7646.3554,11.3199,-18471.4829,24.2666,6749.673,2.7855,6908.912,8.029,8183.3556,14.255,2382.6057,8.0058,7791.3155,0.031,194988065.781,6.486,-11116.655,6.042,N,1967.0,1-Mar-2014,Huang Xiaolong and Kang Mengxiao,2023-10-18,195po
84,112,Po,5.5136,0.0178,,,,0.0,,,0+,5.8,,2,s,5.8,0.2,A,98.0,,EC+B+,2.0,,,,,,,,,,-9555.5564,30.7105,-18069.7502,10.9821,6658.1987,2.3802,4540.301,25.014,10423.3948,8.092,2732.1357,7.5446,7804.7445,0.0275,195985540.722,5.778,-13468.731,5.383,N,1967.0,1-Jan-2006,Huang Xiaolong,2023-10-18,196po
84,113,Po,,,,,,0.0,,,(3/2-),84,,16,s,84.0,16.0,EC+B+,56.0,7.0,A,44.0,7.0,,,,,-0.88,0.07,-0.4,0.2,-7037.8235,12.6871,-17551.2215,31.8025,6411.2605,3.1793,6294.118,12.91,7995.6651,11.2342,2673.017,26.3433,7805.7136,0.0501,196985621.939,10.585,-13393.078,9.861,N,1965.0,1-Jan-2002,HUANG XIAOLONG and  ZHOU CHUNMEI,2023-10-18,197po
84,114,Po,5.5146,0.0178,,,,0.0,,,0+,1.760,,24,m,105.6,1.44,A,57.0,2.0,EC+B+,43.0,2.0,,,,,7.3,0.2,,,-8764.5316,18.1013,-17189.3415,19.1659,6309.672,1.3683,3900.573,32.615,10151.518,20.021,3075.0538,19.3144,7817.5611,0.088,197983388.753,18.705,-15473.278,17.424,N,1965.0,1-Dec-2015,Huang Xiaolong and Kang Mengxiao,2023-10-18,198po
84,115,Po,,,,,,0.0,,,(3/2-),5.47,,15,m,328.2,9.0,EC+B+,92.5,0.3,A,7.5,0.3,,,,,-0.91,0.07,-0.27,0.15,-6415.4515,7.6464,-16601.4002,7.3163,6074.2948,1.8951,5558.787,11.923,7836.8686,18.2486,3153.949,28.1002,7817.6582,0.0273,198983640.445,5.828,-15238.829,5.429,N,1965.0,01-DEC-2015,BALRAJ SINGH,2023-10-18,199po
84,116,Po,5.5199,0.0178,,,,0.0,,,0+,11.51,,8,m,690.6,4.8,EC+B+,88.9,0.3,A,11.1,0.3,,,,,,,,,-7953.7897,25.6119,-16189.6242,9.2967,5981.6352,1.847,3428.891,23.933,9774.1726,9.3188,3433.0381,13.0231,7827.4407,0.0379,199981812.355,8.136,-16941.683,7.579,N,1951.0,1-Aug-2006,F.G. KONDEV and  S. LALKOVSKI,2023-10-18,200po
84,117,Po,,,,,,0.0,,,3/2-,15.50,,22,m,930.0,13.2,EC+B+,98.87,0.03,A,1.13,0.03,,,,,-0.98,0.07,0.1,0.1,-5731.7247,9.5606,-15604.5905,24.959,5799.303,1.6972,4907.84,13.14,7650.8008,9.0069,3439.5636,23.2327,7826.5619,0.0246,200982263.799,5.305,-16521.166,4.942,N,1951.0,20-Sep-2022,F.G. KONDEV,2023-10-18,201po
84,118,Po,5.5281,0.0177,,,,0.0,,,0+,44.6,,4,m,2676.0,24.0,EC+B+,98.08,0.07,A,1.92,0.07,,,,,7.45,0.12,,,-7346.4628,28.9311,-15223.4457,11.9227,5700.9575,1.6915,2809.285,16.469,9491.7211,9.9563,3801.5344,14.9412,7834.8053,0.0429,201980738.934,9.307,-17941.569,8.67,N,1951.0,1-May-2007,S. ZHU and F.G. KONDEV,2023-10-18,202po
84,119,Po,,,,,,0.0,,,5/2-,36.7,,5,m,2202.0,30.0,EC+B+,99.89,0.02,A,0.11,0.02,,,,,0.74,0.05,0.17,0.1,-5148.2116,11.5921,-14787.0304,27.9887,5495.9999,5.0,4214.074,13.594,7440.5676,9.8333,3848.9356,14.7511,7832.8632,0.0229,202981416.072,4.981,-17310.819,4.64,N,1951.0,4-Jul-2021,F.G. KONDEV,2023-10-18,203po
84,120,Po,5.5378,0.0177,,,,0.0,,,0+,3.519,,12,h,12668.4,43.2,EC+B+,99.33,0.03,A,0.67,0.03,,,,,,,,,-6465.7939,24.8047,-14249.7563,14.6231,5484.8964,1.3668,2304.882,13.627,9101.5448,11.0886,4105.1234,16.2661,7839.0823,0.0494,203980310.078,10.811,-18341.045,10.071,N,1951.0,1-Oct-2009,C.J. CHIARA and F.G. KONDEV,2023-10-18,204po
84,121,Po,5.5389,0.0177,,,,0.0,,,5/2-,1.74,,8,h,6264.0,288.0,EC+B+,99.96,0.012,A,0.04,0.012,,,,,0.76,0.06,,,-4536.8793,15.6996,-13717.4648,24.7995,5324.7186,9.9356,3544.171,11.149,7251.671,14.23,4164.4426,13.6177,7836.2168,0.0491,204981190.006,10.798,-17521.398,10.059,N,1951.0,20-Apr-2020,F.G. KONDEV,2023-10-18,205po
84,122,Po,5.548,0.0177,,,,0.0,,,0+,8.8,,1,d,760320.0,8640.0,EC+B+,94.55,0.05,A,5.45,0.05,,,,,,,,,-5749.2803,14.1099,-13275.4673,12.703,5327.024,1.2972,1839.533,8.622,8738.588,10.8281,4412.07,6.2479,7840.5973,0.0195,205980473.662,4.306,-18188.668,4.012,N,1947.0,31-Jan-2008,F.G. KONDEV,2023-10-18,206po
84,123,Po,5.5501,0.0177,,,,0.0,,,5/2-,5.80,,2,h,20880.0,72.0,EC+B+,99.979,0.002,A,0.021,0.002,,,,,0.79,0.06,0.28,0.03,-3918.2186,14.0754,-12777.6305,15.0727,5215.8665,2.5023,2908.854,7.077,7028.3502,7.75,4406.4708,10.0002,7836.6734,0.0322,206981593.334,7.148,-17145.7,6.659,N,1947.0,1-Aug-2010,F.G. KONDEV and  S. LALKOVSKI,2023-10-18,207po
84,124,Po,5.5584,0.0176,,,,0.0,,,0+,2.898,,2,Y,91451971.47436762,63113.851949184,A,99.996,0.0004,EC+B+,0.004,0.0004,,,,,7.37,0.05,-0.9,0.04,-4999.3061,9.0736,-12313.0435,12.5132,5215.692,1.2716,1400.944,2.848,8394.8249,6.6835,4703.6238,2.4685,7839.3568,0.008,207981246.035,1.795,-17469.207,1.672,N,1947.0,1-Jun-2007,M. J. MARTIN,2023-10-18,208po
84,125,Po,5.5628,0.0176,,,,0.0,,,1/2-,124,,3,Y,3913058820.849408,94670777.923776,A,99.546,0.007,EC+B+,0.454,0.007,,,,,0.68,0.08,-0.39,0.08,-3482.2417,4.9599,-11967.4317,9.0936,4979.2314,1.3608,1892.574,2.242,6968.1256,1.8654,4784.8348,2.4275,7835.1882,0.0085,208982430.361,1.909,-16366.015,1.778,N,1949.0,30-Sep-2013,J. CHEN {+#} AND F.G. KONDEV,2023-10-18,209po
84,126,Po,5.5704,0.0176,,,,0.0,,,0+,138.376,,2,d,11955686.4,172.8,A,100.0,,,,,,,,,5.48,0.05,,,-3980.9605,7.6101,-11140.6047,4.7701,5407.5307,0.0713,-1161.155,1.782,7658.3631,1.364,4983.442,0.7692,7834.3462,0.0055,209982873.686,1.23,-15953.06,1.146,N,1898.0,31-Mar-2014,M. SHAMSUZZOHA BASUNIA,2023-10-18,210po
84,127,Po,,,,,,0.0,,,9/2+,0.516,,3,s,0.516,0.003,A,100.0,,,,,,,,,-1.2,0.08,-0.77,0.15,-785.3012,2.5385,-8531.7112,7.6274,7594.5602,0.5097,-573.376,5.585,4550.7508,0.5234,4929.5587,0.9249,7818.7842,0.006,210986653.171,1.347,-12432.492,1.255,N,1913.0,28-FEB-2013,J.K. Tuli and  P. Blokhin and  J. Kaur and  J.Y. Lee and N. Sharma,2023-10-18,211po
84,128,Po,,,,,,0.0,,,0+,294.3,,8,ns,2.943e-07,8e-10,A,100.0,,,,,,,,,,,,,-1741.2596,2.1066,-6793.5353,2.4899,8954.1948,0.114,-2251.465,2.182,6008.234,0.5249,5799.2633,5.4069,7810.2438,0.0054,211988867.982,1.237,-10369.408,1.153,N,1906.0,1-Aug-2020,K. Auranen and E.A. McCutchan,2023-10-18,212po
84,129,Po,,,,,,0.0,,,9/2+,3.706,,1,us,3.706e-06,1e-09,A,100.0,,,,,,,,,,,,,-73.9972,5.4646,-6096.688,3.3996,8536.139,2.5581,-1421.848,5.929,4355.4284,2.8619,5824.547,3.294,7794.024,0.0143,212992857.154,3.277,-6653.519,3.053,N,1947.0,1-Jan-2022,M. S. Basunia,2023-10-18,213po
84,130,Po,,,,,,0.0,,,0+,163.46,,4,us,0.00016346,4e-08,A,100.0,,,,,,,,,,,,,-1090.8208,3.775,-5961.7688,4.7314,7833.5408,0.0611,-3269.192,11.302,5887.7716,2.8269,6527.2727,5.1691,7785.1163,0.0068,213995201.287,1.556,-4469.972,1.449,N,1912.0,1-May-2021,Shaofei Zhu and E. A. McCutchan,2023-10-18,214po
84,131,Po,,,,,,0.0,,,9/2+,1.781,,5,ms,0.001781,5e-06,A,99.99977,2e-05,B-,0.00023,2e-05,,,,,,,,,714.8128,6.6491,-5233.9372,4.4488,7526.3255,0.8129,-2171.043,6.01,4143.1164,2.4554,6629.9619,11.3582,7768.1768,0.0099,214999418.385,2.276,-541.771,2.12,N,1911.0,23-SEP-2013,J.K. Tuli and  B. Singh and  S. Bhattacharya and  S. Dasgupta and  J.Y. Lee,2023-10-18,215po
84,132,Po,5.6359,0.0174,,,,0.0,,,0+,0.145,,2,s,0.145,0.002,A,100.0,,,,,,,,,,,,,-474.3423,3.5713,-5032.3988,6.7496,6906.3495,0.505,-4091.652,11.324,5747.2116,2.294,7135.9072,5.7455,7758.8205,0.0084,216001913.416,1.948,1782.336,1.815,N,1910.0,1-Mar-2007,S. -C. WU,2023-10-18,216po
84,133,Po,,,,,,0.0,,,(9/2+),1.53,,5,s,1.53,0.05,A,95.0,,B-,5.0,,,,,,-1.11,0.1,,,1488.8543,7.9791,-4444.5437,7.3786,6662.1342,2.3529,-2846.511,18.869,3970.2015,6.6259,7279.5065,12.9526,7741.3614,0.0302,217006316.145,7.025,5883.452,6.544,N,1956.0,1-DEC-2017,B. SINGH and  T. ROY and  K. BANERJEE,2023-10-18,217po
84,134,Po,5.6558,0.0173,,,,0.0,,,0+,3.097,,12,m,185.82,0.72,A,99.98,0.002,B-,0.02,0.002,,,,,,,,,256.4334,11.549,-4109.2646,5.1835,6114.7544,0.0917,-4859.386,27.085,5598.1188,6.6612,7662.2821,17.8074,7731.53,0.009,218008971.234,2.112,8356.652,1.967,N,1904.0,30-Oct-2019,Balraj Singh and  M.S. Basunia and  Murray Martin et al. and ,2023-10-18,218po
84,135,Po,,,,,,0.0,,,(9/2+),620,,59,s,620.0,59.0,B-,71.8,2.0,A,28.2,2.0,,,,,,,,,2285.3395,16.1628,-3490.1757,19.5726,5914.1999,50.2494,-3638.639,200.626,3746.6091,15.9571,7823.6487,31.3126,7713.334,0.0723,219013614.0,17.0,12681.361,15.835,N,1998.0,19-May-2021,Balraj Singh et al. and ,2023-10-18,219po
84,136,Po,,,,,,0.0,,,0+,300,GT,,ns,3e-07,,B-,,,,,,,,,,,,,,887.7139,22.5491,-3203.8769,17.9919,5329.0,201.0,-5696.538,300.522,5489.2164,23.7485,8345.0,201.0,7703.2244,0.0804,220016386.0,19.0,15263.462,17.698,N,1998.0,31-Oct-2010,E. BROWNE and  J. K. TULI,2023-10-18,220po
84,137,Po,,,,,,0.0,,,,112,,+58-28,s,112.0,43.0,B-,100.0,,,,,,,,,,,,,2991.0276,24.039,-2673.3097,24.039,5089.0,301.0,-4426.243,300.637,3561.0236,26.3795,8475.0,301.0,7684.4814,0.0885,221021228.0,21.0,19773.757,19.561,N,2010.0,15-JUN-2013,BALRAJ SINGH,2023-10-18,221po
84,138,Po,,,,,,0.0,,,0+,550,,430,s,550.0,430.0,,,,,,,,,,,,,,,1533.2393,43.0709,-2367.7797,42.4214,4432.0,303.0,-6463.732,302.662,5358.8072,44.5757,9003.0,303.0,7674.0054,0.1804,222024140.0,43.0,22486.268,40.054,N,2010.0,31-Mar-2011,Sukhjeet Singh and  A. K. Jain and  Jagdish K. Tuli,2023-10-18,222po
84,139,Po,,,,,,0.0,,,,300,GT,,ns,3e-07,,B-,,,,,,,,,,,,,,3651.0,196.0,-1946.0,196.0,4034.0,445.0,-5161.0,445.4,3479.0,200.0,9160.0,358.0,7655.0,1.0,223029070.0,210.0,27079.0,196.0,Y,2010.0,15-MAY-2011,BALRAJ SINGH AND MICHAEL BIRCH,2023-10-18,223po
84,140,Po,,,,,,0.0,,,0+,,,,,,,B-,100.0,,,,,,,,,,,,,2199.0,197.0,-1589.0,196.0,3355.0,445.0,-7160.0,445.4,5240.0,277.0,9619.0,445.0,7644.0,1.0,224032110.0,210.0,29910.0,196.0,Y,2010.0,08-Mar-2022,Balraj Singh and  Sukhjeet Singh,2023-10-18,224po
84,141,Po,,,,,,0.0,,,,300,GT,,ns,3e-07,,B-,,,,,,,,,,,,,,4280.0,424.0,-1202.0,301.0,,,,,3402.0,358.0,9779.0,500.0,7626.0,1.0,225037123.0,322.0,34580.0,300.0,Y,2010.0,15-MAY-2011,BALRAJ SINGH AND MICHAEL BIRCH,2023-10-18,225po
84,142,Po,,,,,,0.0,,,0+,300,GT,,ns,3e-07,,B-,,,,,,,,,,,,,,2889.0,500.0,-822.0,500.0,,,,,5103.0,500.0,,,7614.0,2.0,226040310.0,430.0,37549.0,401.0,Y,2010.0,15-MAY-2011,BALRAJ SINGH AND MICHAEL BIRCH,2023-10-18,226po
84,143,Po,,,,,,0.0,,,,300,GT,,ns,3e-07,,B-,,,,,,,,,,,,,,4850.0,500.0,-451.0,500.0,,,,,3339.0,566.0,,,7596.0,2.0,227045390.0,430.0,42281.0,401.0,Y,2010.0,15-Jan-2016,ICTP-2014 Workshop Group,2023-10-18,227po
85,106,At,,,,,,0.0,,,(1/2+),1.7,,+11-5,ms,0.0017,0.0008,A,100.0,,,,,,,,,,,,,,,,,7822.2726,13.6136,8932.644,17.6,,,-1137.6502,20.7983,7702.9233,0.0843,191004148.081,17.287,3863.913,16.103,N,2003.0,1-Dec-2006,V.R. Vanin et al.,2023-10-18,191at
85,107,At,,,,,X,0.0,,40.0,(9- 10-),88,,6,ms,0.088,0.006,A,100.0,,,,,,,,,,,,,,,,,7695.6261,25.5329,10992.225,29.833,9009.4896,32.1903,-705.5014,28.7638,7709.7283,0.1452,192003140.912,29.922,2925.742,27.873,N,2006.0,15-Jun-2012,Coral M. Baglin,2023-10-18,192at
85,108,At,,,,,,0.0,,,(1/2+),28,,+5-4,ms,0.028,0.0045,A,100.0,,,,,,,,,,,,,-9110.2435,33.1444,,,7572.4246,6.9193,8257.979,26.059,11064.383,35.2823,-710.1892,24.1044,7727.1099,0.1121,192999927.725,23.222,-67.323,21.632,N,2003.0,31-Mar-2017,M. Shamsuzzoha Basunia,2023-10-18,193at
85,109,At,,,,,X,0.0,,0.0,(4- 5-),286,,7,ms,0.286,0.007,A,100.0,,SF+EC+B+,0.8,,EC+B+,,,,,,,,-6441.1134,28.8079,-17830.728,34.3945,7454.4999,10.6066,10288.127,26.815,8720.4846,31.9421,-319.8413,27.6319,7732.2304,0.1211,193999230.816,25.23,-716.49,23.502,N,2009.0,3-Sep-2021,Jun Chen and Balraj Singh,2023-10-18,194at
85,110,At,,,,,,0.0,,,(1/2+),290,,20,ms,0.29,0.02,A,100.0,,,,,,,,,,,,,-8520.5842,52.565,-17266.2409,19.2136,7344.1362,6.0089,7646.356,11.32,10825.1275,25.3771,-245.3468,16.0727,7748.0914,0.0491,194996274.48,10.276,-3470.299,9.573,N,1999.0,1-Mar-2014,Huang Xiaolong and Kang Mengxiao,2023-10-18,195at
85,111,At,,,,,,0.0,,,(3+),0.388,,7,s,0.388,0.007,A,95.1,,EC+B+,4.9,,,,,,3.72,0.14,-0.6,0.4,-5888.3439,33.3417,-17034.778,59.88,7196.4462,2.7244,9555.556,30.71,8514.1938,31.7143,85.4914,30.833,7752.0001,0.1543,195995799.034,32.458,-3913.175,30.235,N,1967.0,1-Jan-2006,Huang Xiaolong,2023-10-18,196at
85,112,At,,,,,,0.0,,,(9/2-),0.388,,6,s,0.388,0.006,A,96.1,1.2,EC+B+,3.9,1.2,,,,,,,-1.2,0.6,-7865.6231,18.0538,-16401.7419,16.1627,7104.3928,3.0737,7037.823,12.687,10513.398,31.2713,175.4946,9.6282,7766.0174,0.0405,196993177.353,8.57,-6355.255,7.983,N,1967.0,1-Jan-2002,HUANG XIAOLONG and  ZHOU CHUNMEI,2023-10-18,197at
85,113,At,,,,,,0.0,,,(3+),4.2,,2,s,4.2,0.2,A,90.0,10.0,EC+B+,10.0,10.0,,,,,,,-0.6,0.3,-5478.4271,14.2879,-16290.433,16.9194,6889.3574,1.8798,8764.531,18.101,8424.8099,9.3691,604.6394,11.013,7769.3446,0.0248,197992797.864,5.265,-6708.747,4.904,N,1967.0,1-Dec-2015,Huang Xiaolong and Kang Mengxiao,2023-10-18,198at
85,114,At,,,,,,0.0,,,(9/2-),7.03,,15,s,7.03,0.15,A,90.0,5.0,EC+B+,10.0,5.0,,,,,,,-1.0,0.5,-7263.5308,9.0686,-15664.3758,14.4597,6777.2734,1.1509,6415.452,7.646,10185.9487,7.2832,639.0701,18.2372,7781.4883,0.0271,198990527.715,5.78,-8823.377,5.384,N,1967.0,15-Oct-2006,BALRAJ SINGH,2023-10-18,199at
85,115,At,,,,,,0.0,,,(3+),43,,1,s,43.0,1.0,A,52.0,3.0,EC+B+,48.0,3.0,,,,,4.28,0.15,-0.5,0.5,-4987.4394,25.1411,-15499.3652,25.5299,6596.2229,1.3399,7953.789,25.612,8235.8344,25.0504,1038.0359,25.0601,7783.7601,0.1223,199990351.099,26.264,-8987.894,24.465,N,1963.0,1-Aug-2006,F.G. KONDEV and  S. LALKOVSKI,2023-10-18,200at
85,116,At,,,,,,0.0,,,9/2-,87.6,,13,s,87.6,1.3,A,71.0,7.0,EC+B+,29.0,7.0,,,,,4.01,0.07,-1.0,0.5,-6682.0288,13.0163,-14860.3052,10.0265,6472.8382,1.5677,5731.725,9.56,9872.8659,25.7976,1136.7291,11.1544,7794.1536,0.0407,200988417.058,8.786,-10789.441,8.184,N,1963.0,20-Sep-2022,F.G. KONDEV,2023-10-18,201at
85,117,At,,,,,,0.0,,,(2+ 3+),184,,1,s,184.0,1.0,EC+B+,63.0,7.0,A,37.0,7.0,,,,,,,-0.5,0.3,-4320.5458,32.6924,-14559.0118,29.3987,6353.8287,1.3377,7346.463,28.931,7876.983,28.7894,1362.9113,28.0404,7794.5637,0.1366,201988625.686,29.631,-10595.106,27.601,N,1961.0,1-May-2007,S. ZHU and F.G. KONDEV,2023-10-18,202at
85,118,At,,,,,,0.0,,,9/2-,7.4,,2,m,444.0,12.0,EC+B+,69.0,3.0,A,31.0,3.0,,,,,4.0,0.07,-0.7,0.4,-5978.5623,12.1098,-13959.3646,20.4768,6210.0934,0.8401,5148.212,11.592,9638.8188,29.5752,1510.009,13.7,7803.6487,0.0523,202986942.904,11.404,-12162.607,10.623,N,1951.0,4-Jul-2021,F.G. KONDEV,2023-10-18,203at
85,119,At,,,,,,0.0,,,7+,9.12,,11,m,547.2,6.6,EC+B+,96.09,0.16,A,3.91,0.16,,,,,4.82,0.18,-0.6,0.3,-3905.136,23.8592,-13762.5248,23.402,6070.4062,1.224,6465.793,24.805,7783.9625,25.0338,1853.4039,23.138,7803.5522,0.1111,203987251.393,24.335,-11875.252,22.668,N,1961.0,1-Oct-2009,C.J. CHIARA and F.G. KONDEV,2023-10-18,204at
85,120,At,,,,,,0.0,,,9/2-,26.9,,8,m,1614.0,48.0,EC+B+,90.0,2.0,A,10.0,2.0,,,,,4.09,0.07,-0.6,0.3,-5274.7547,13.0777,-13085.7215,14.1571,6019.571,1.7179,4536.879,15.701,9180.5855,25.6741,1932.4446,15.6997,7810.2694,0.0588,204986060.546,12.941,-12984.519,12.055,N,1951.0,20-Apr-2020,F.G. KONDEV,2023-10-18,205at
85,121,At,,,,,,0.0,,,(5)+,30.6,,8,m,1836.0,48.0,EC+B+,99.1,0.08,A,0.9,0.08,,,,,4.37,0.17,-0.4,0.2,-3306.4697,16.0227,-12800.9417,14.449,5886.5504,4.9397,5749.28,14.11,7526.187,18.0833,2206.9607,16.8579,7808.8904,0.0657,205986645.768,14.523,-12439.388,13.529,N,1961.0,31-Jan-2008,F.G. KONDEV,2023-10-18,206at
85,122,At,,,,,,0.0,,,9/2-,1.81,,3,h,6516.0,108.0,EC+B+,91.4,1.0,A,8.6,1.0,,,,,4.13,0.07,-0.5,0.3,-4592.74,13.2815,-12165.8816,15.0879,5872.4955,3.0592,3918.218,14.08,8859.4119,18.3401,2327.7845,13.0379,7813.9653,0.0599,206985799.715,13.318,-13227.482,12.406,N,1951.0,1-Aug-2010,F.G. KONDEV and  S. LALKOVSKI,2023-10-18,207at
85,123,At,,,,,,0.0,,,6+,1.63,,3,h,5868.0,108.0,EC+B+,99.45,0.06,A,0.55,0.06,,,,,4.46,0.18,-0.4,0.3,-2814.5118,13.5215,-11906.4775,10.1032,5751.1098,2.163,4999.306,9.076,7313.7374,15.2745,2613.1718,11.1299,7811.5604,0.0429,207986613.011,9.577,-12469.901,8.921,N,1950.0,1-Jun-2007,M. J. MARTIN,2023-10-18,208at
85,124,At,,,,,,0.0,,,9/2-,5.42,,5,h,19512.0,180.0,EC+B+,95.9,0.5,A,4.1,0.5,,,,,4.12,0.07,-0.4,0.2,-3942.7237,11.0298,-11299.7018,11.1763,5756.8804,1.9932,3482.242,5.067,8485.19,10.1036,2703.5369,4.9288,7814.7835,0.0227,208986168.701,5.094,-12883.773,4.745,N,1951.0,30-Sep-2013,J. CHEN {+#} AND F.G. KONDEV,2023-10-18,209at
85,125,At,,,,,,0.0,,,(5)+,8.1,,4,h,29160.0,1440.0,EC+B+,99.825,0.02,A,0.175,0.02,,,,,4.72,0.16,-0.4,0.2,-2367.3352,8.9225,-11102.368,12.5809,5631.1855,0.9824,3980.961,7.78,7159.6442,8.9809,2895.0556,7.7307,7811.6638,0.0366,209987147.423,8.261,-11972.099,7.695,N,1949.0,31-Mar-2014,M. SHAMSUZZOHA BASUNIA,2023-10-18,210at
85,126,At,,,,,,0.0,,,9/2-,7.214,,7,h,25970.4,25.2,EC,58.2,0.08,A,41.8,0.08,,,,,4.14,0.04,,,-2891.8615,6.8937,-10113.7452,5.2769,5982.4474,1.304,785.301,3.004,7746.41,8.0052,2983.1025,2.4851,7811.3545,0.0129,210987496.226,2.929,-11647.191,2.729,N,1940.0,28-FEB-2013,B. SINGH and  S. SINGH and  H.X. Nguyen and  M. Patial,2023-10-18,211at
85,127,At,,,,,,0.0,,,(1-),0.314,,3,s,0.314,0.003,A,100.0,,,,,,,,,,,,,31.0705,3.5927,-7944.1372,7.0039,7817.0863,0.6116,1741.259,2.649,5052.2757,3.0713,3484.6275,2.1639,7798.34,0.0113,211990737.301,2.559,-8628.149,2.385,N,1954.0,1-Aug-2020,K. Auranen and E.A. McCutchan,2023-10-18,212at
85,128,At,,,,,,0.0,,,9/2-,125,,6,ns,1.25e-07,6e-09,A,100.0,,,,,,,,,,,,,-883.5727,5.7243,-5991.6203,5.5868,9254.1513,4.7039,73.997,5.772,6022.6908,5.094,3499.0843,4.7689,7790.0036,0.023,212992936.593,5.258,-6579.522,4.898,N,1968.0,1-Jan-2022,M. S. Basunia,2023-10-18,213at
85,129,At,,,,,,0.0,,,1-,558,,10,ns,5.58e-07,1e-08,A,100.0,,,,,,,,,,,,,940.5125,9.8827,-5754.5207,4.9633,8987.8374,3.7414,1090.821,4.237,4870.948,6.0109,4014.6038,4.6624,7776.3632,0.0186,213996372.331,4.274,-3379.151,3.982,N,1949.0,1-May-2021,Shaofei Zhu and E. A. McCutchan,2023-10-18,214at
85,130,At,,,,,,0.0,,,9/2-,0.10,,2,ms,0.0001,2e-05,A,100.0,,,,,,,,,,,,,-87.5935,8.9062,-5008.2375,11.2531,8177.6168,3.7845,-714.812,6.96,5948.75,7.6202,4075.5822,6.6568,7767.8627,0.0308,214998651.002,7.116,-1256.583,6.629,N,1944.0,23-SEP-2013,S.K. Basu and  G. Mukherjee and  B. Singh and  S. Bhattacharya and  A. De and  D. Mondal,2023-10-18,215at
85,131,At,,,,,,0.0,,,1-,0.30,,3,ms,0.0003,3e-05,A,100.0,,B-,0.006,,EC,3e-07,,,,,,,2003.3657,6.6383,-4645.65,6.9215,7949.705,3.0567,474.342,4.009,4558.0565,7.4176,4490.5224,3.9898,7753.0024,0.0166,216002422.643,3.837,2256.678,3.575,N,1948.0,1-Mar-2007,S. -C. WU,2023-10-18,216at
85,132,At,,,,,,0.0,,,9/2-,32.6,,3,ms,0.0326,0.0003,A,99.993,0.003,B-,0.007,0.003,,,,,3.8,0.2,-1.4,0.08,736.032,6.1505,-3930.0323,7.5731,7201.3529,1.2191,-1488.854,8.236,5933.398,6.0287,4676.7087,5.1115,7744.6172,0.023,217004717.794,5.368,4394.598,5.001,N,1947.0,1-DEC-2017,F.G. KONDEV and  S. KUMAR,2023-10-18,217at
85,133,At,,,,,,0.0,,,(3- 2-),1.28,,6,s,1.28,0.06,A,99.95,0.05,B-,0.05,0.05,,,,,,,0.6,0.4,2882.8048,11.6054,-3629.666,12.1395,6876.0822,2.5858,-256.434,11.67,4365.698,12.486,5072.2052,13.1953,7729.1175,0.0528,218008695.941,12.349,8100.218,11.503,N,1943.0,30-Oct-2019,Balraj Singh and  M.S. Basunia and  Murray Martin et al. and ,2023-10-18,218at
85,134,At,,,,,,0.0,,,(9/2-),56,,4,s,56.0,4.0,A,93.6,1.0,B-,6.4,1.0,,,,,,,-1.17,0.06,1566.6838,2.9473,-2892.7103,3.9123,6341.8333,4.8314,-2285.34,16.16,5775.5152,11.9105,5249.6015,3.5137,7720.197,0.0148,219011160.587,3.474,10396.021,3.237,N,1953.0,19-May-2021,Balraj Singh et al. and ,2023-10-18,219at
85,135,At,,,,,,0.0,,,3,3.71,,4,m,222.6,2.4,B-,92.0,2.0,A,8.0,2.0,,,,,,,,,3763.755,14.0896,-2524.907,14.1293,6076.8447,17.8934,-887.714,22.549,4091.5908,14.3424,5594.5833,21.1184,7703.7033,0.0635,220015433.0,15.0,14375.748,13.972,N,1989.0,31-Oct-2010,E. BROWNE and  J. K. TULI,2023-10-18,220at
85,136,At,,,,,,0.0,,,,2.3,,2,m,138.0,12.0,B-,100.0,,,,,,,,,,,,,2311.375,15.0957,-1900.5823,14.0896,5627.8506,22.5491,-2991.028,24.039,5664.3373,19.76,5769.7042,22.5491,7694.4754,0.0632,221018017.0,15.0,16782.729,13.972,N,1989.0,15-Jan-2007,Ashok Jain and  Sukhjeet Singh and  Suresh Kumar and  Jagdish Tuli,2023-10-18,221at
85,137,At,,,,,,0.0,,,,54,,10,s,54.0,10.0,B-,100.0,,,,,,,,,,,,,4581.0714,15.9542,-1589.644,16.8349,5312.0741,31.3126,-1533.24,43.07,3901.019,21.1184,6109.6995,25.1676,7677.3878,0.0713,222022494.0,17.0,20953.028,15.835,N,1989.0,31-Mar-2011,Sukhjeet Singh and  A. K. Jain and  Jagdish K. Tuli,2023-10-18,222at
85,138,At,,,,,,0.0,,,,50,,7,s,50.0,7.0,B-,100.0,,,,,,,,,,,,,3038.2698,16.0129,-1015.2669,14.107,4683.0,201.0,-3650.992,196.497,5596.3382,21.1184,6347.2305,42.4214,7668.0557,0.0627,223025151.0,15.0,23428.008,13.972,N,1989.0,1-May-2001,E. BROWNE,2023-10-18,223at
85,139,At,,,,,,0.0,,,,1.3,,+23-4,m,78.0,81.0,B-,,,,,,,,,,,,,,5265.9197,24.4153,-750.0384,23.6848,4327.0,301.0,-2198.982,197.271,3788.3082,26.3631,6656.0,197.0,7650.7354,0.0998,224029749.0,24.0,27711.018,22.356,N,2010.0,08-Mar-2022,Balraj Singh and  Sukhjeet Singh,2023-10-18,224at
85,140,At,,,,,,0.0,,,,300,GT,,ns,3e-07,,B-,,,,,,,,,,,,,,3765.0,300.0,-217.0,300.0,3675.0,424.0,-4280.0,424.2,5483.0,301.0,6900.0,358.0,7641.0,1.0,225032528.0,322.0,30300.0,300.0,Y,2010.0,15-MAY-2011,BALRAJ SINGH AND MICHAEL BIRCH,2023-10-18,225at
85,141,At,,,,,,0.0,,,,300,GT,,ns,3e-07,,B-,,,,,,,,,,,,,,5913.0,300.0,55.0,300.0,3285.0,424.0,-2889.0,500.8,3711.0,424.0,7209.0,424.0,7624.0,1.0,226037209.0,322.0,34660.0,300.0,Y,2010.0,15-MAY-2011,BALRAJ SINGH AND MICHAEL BIRCH,2023-10-18,226at
85,142,At,,,,,,0.0,,,,300,GT,,ns,3e-07,,B-,,,B-N,,,,,,,,,,,4544.0,300.0,612.0,300.0,2765.0,500.0,-4851.0,500.8,5301.0,424.0,7407.0,500.0,7613.0,1.0,227040183.0,322.0,37430.0,300.0,Y,2010.0,15-Jan-2016,ICTP-2014 Workshop Group,2023-10-18,227at
85,143,At,,,,,,0.0,,,,300,GT,,ns,3e-07,,B-,,,,,,,,,,,,,,6637.0,400.0,923.0,400.0,2385.0,565.0,,,3622.0,500.0,7690.0,566.0,7596.0,2.0,228044960.0,429.0,41880.0,400.0,Y,2010.0,31-Dec-2012,KHALIFEH ABUSALEEM,2023-10-18,228at
85,144,At,,,,,,0.0,,,,300,GT,,ns,3e-07,,B-N,,,B-,,,,,,,,,,,5527.0,400.0,1575.0,400.0,,,,,5062.0,565.0,,,7585.0,2.0,229048191.0,429.0,44890.0,400.0,Y,2010.0,15-MAY-2011,BALRAJ SINGH AND MICHAEL BIRCH,2023-10-18,229at
86,107,Rn,,,,,,0.0,,,,1.15,,27,ms,0.00115,0.00027,A,100.0,,,,,,,,,,,,,,,,,8039.9999,12.0,9110.243,33.144,,,1171.7925,37.517,7675.853,0.1301,193009707.973,26.958,9042.92,25.112,N,2006.0,31-Mar-2017,M. Shamsuzzoha Basunia,2023-10-18,193rn
86,108,Rn,,,,,,0.0,,,0+,0.78,,16,ms,0.00078,0.00016,A,100.0,,,,,,,,,,,,,,,,,7862.4159,10.2109,6441.114,28.807,11389.6146,30.1323,1497.0241,27.3032,7694.9961,0.0859,194006145.636,17.884,5724.624,16.659,N,2006.0,3-Sep-2021,Jun Chen and Balraj Singh,2023-10-18,194rn
86,109,Rn,,,,,,0.0,,,3/2-,6,,+3-2,ms,0.006,0.0025,A,100.0,,,,,,,,,,,,,,,,,7694.0999,51.1957,8520.584,52.565,8745.6567,54.3032,1522.1963,56.7786,7700.3841,0.2651,195005421.703,55.487,5050.285,51.686,N,2001.0,1-Mar-2014,Huang Xiaolong and Kang Mengxiao,2023-10-18,195rn
86,110,Rn,,,,,,0.0,,,0+,4.4,,+13-9,ms,0.0044,0.0011,A,99.9,0.2,EC+B+,0.06,,,,,,,,,,,,,,7616.7366,9.1879,5888.344,33.342,11146.4341,53.5613,1843.5029,17.0041,7717.966,0.0717,196002120.431,15.087,1975.169,14.054,N,1995.0,1-Jan-2006,Huang Xiaolong,2023-10-18,196rn
86,111,Rn,,,,,,0.0,,,(3/2-),65,,+25-14,ms,0.065,0.0195,A,100.0,,,,,,,,,,,,,-8743.5996,58.711,,,7410.7546,7.1454,7865.623,18.054,8536.1188,21.4344,1865.4279,34.2984,7722.119,0.0822,197001621.446,17.383,1510.368,16.193,N,1995.0,1-Jan-2002,HUANG XIAOLONG and  ZHOU CHUNMEI,2023-10-18,197rn
86,112,Rn,,,,,,0.0,,,0+,65,,3,ms,0.065,0.003,EC+B+,,,A,,,,,,,,,,,-10808.0177,33.8991,-19555.6055,58.0074,7349.3816,3.6598,5478.427,14.288,10812.0059,21.0239,2164.0358,15.6147,7737.7245,0.0678,197998679.197,14.406,-1230.32,13.42,N,1984.0,1-Dec-2015,Huang Xiaolong and Kang Mengxiao,2023-10-18,198rn
86,113,Rn,,,,,,0.0,,,(3/2-),0.59,,3,s,0.59,0.03,A,94.0,,EC+B+,6.0,,,,,,,,,,-8331.2349,15.5446,-19208.8627,31.9735,7131.8922,4.0913,7263.531,9.068,8400.845,15.2754,2140.0709,8.792,7741.0568,0.0367,198998325.436,7.833,-1559.846,7.297,N,1980.0,15-Oct-2006,BALRAJ SINGH,2023-10-18,199rn
86,114,Rn,,,,,,0.0,,,0+,1.03,,+20-11,s,1.03,0.155,A,86.0,,EC+B+,14.0,,,,,,,,,,-10134.0327,31.0688,-18843.1608,14.8975,7043.3611,2.1381,4987.44,25.14,10511.9259,9.3162,2466.0481,7.9081,7754.9111,0.029,199995705.335,6.217,-4000.454,5.792,N,1971.0,1-Jun-2022,F.G. KONDEV and  S. LALKOVSKI,2023-10-18,200rn
86,115,Rn,,,,,,0.0,,,(3/2-),7.0,,4,s,7.0,0.4,EC+B+,,,A,,,,,,,,,,,-7695.9856,13.5972,-18312.3092,32.1585,6860.7498,2.2816,6682.028,13.016,8178.2764,11.6613,2408.4901,26.4759,7757.0174,0.0504,200995590.511,10.865,-4107.413,10.121,N,1967.0,20-Sep-2022,F.G. KONDEV,2023-10-18,201rn
86,116,Rn,5.5521,0.0181,,,,0.0,,,0+,9.7,,1,s,9.7,0.1,A,78.0,8.0,EC+B+,22.0,8.0,,,,,,,,,-9376.0984,18.5296,-17934.4515,19.7331,6773.8018,1.8291,4320.545,32.692,10238.4659,20.2334,2774.0901,19.3374,7769.3018,0.0867,201993263.982,18.808,-6274.561,17.52,N,1967.0,1-May-2007,S. ZHU and F.G. KONDEV,2023-10-18,202rn
86,117,Rn,,,,,,0.0,,,3/2-,44.2,,16,s,44.2,1.6,A,66.0,9.0,EC+B+,34.0,9.0,,,,,-0.9555,0.0018,1.28,0.13,-7060.4572,8.5231,-17356.9007,8.3789,6629.8682,2.0824,5978.562,12.11,7980.8023,18.4579,2877.9094,28.2073,7770.3437,0.0286,202993361.155,6.242,-6184.045,5.815,N,1967.0,4-Jul-2021,F.G. KONDEV,2023-10-18,203rn
86,118,Rn,5.5568,0.018,,,,0.0,,,0+,74.5,,14,s,74.5,1.4,A,72.4,0.9,EC+B+,27.6,0.9,,,,,,,,,-8577.4239,25.684,-16917.846,9.7083,6546.652,1.8199,3905.137,23.859,9857.3888,9.4424,3096.4795,12.9518,7780.5743,0.0365,203991443.729,7.991,-7970.115,7.444,N,1967.0,1-Oct-2009,C.J. CHIARA and F.G. KONDEV,2023-10-18,204rn
86,119,Rn,5.5569,0.018,,,,0.0,,,5/2-,170,,4,s,170.0,4.0,EC+B+,75.4,0.9,A,24.6,0.9,,,,,0.798,0.0016,0.062,0.006,-6399.9479,9.3288,-16388.3907,25.1009,6386.486,1.8383,5274.755,13.082,7810.9668,8.9678,3123.4838,23.2304,7780.7226,0.0248,204991723.228,5.453,-7709.764,5.08,N,1967.0,20-Apr-2020,F.G. KONDEV,2023-10-18,205rn
86,120,Rn,5.564,0.0178,,,,0.0,,,0+,5.67,,17,m,340.2,10.2,A,62.0,3.0,EC+B+,38.0,3.0,,,,,6.6,0.4,,,-7886.0592,29.1075,-15894.4199,11.6203,6383.7351,1.6439,3306.47,16.02,9494.472,9.9558,3437.3703,14.7965,7789.0417,0.0417,205990195.409,9.223,-9132.918,8.591,N,1954.0,31-Jan-2008,F.G. KONDEV,2023-10-18,206rn
86,121,Rn,5.5652,0.0178,,,,0.0,,,5/2-,9.25,,17,m,555.0,10.2,EC+B+,79.0,3.0,A,21.0,3.0,,,,,0.8124,0.0016,0.22,0.02,-5785.7211,18.1857,-15459.2008,28.212,6251.1611,1.6269,4592.74,13.28,7573.1416,9.8131,3484.3248,14.3355,7787.9987,0.0229,206990730.224,5.09,-8634.742,4.742,N,1954.0,1-Aug-2010,F.G. KONDEV and  S. LALKOVSKI,2023-10-18,207rn
86,122,Rn,5.5725,0.0177,,,,0.0,,,0+,24.35,,14,m,1461.0,8.4,A,62.0,7.0,EC+B+,38.0,7.0,,,,,,,,,-6990.4614,15.4656,-14877.6867,20.2851,6260.7403,1.665,2814.512,13.523,9091.9656,11.2149,3716.8786,16.034,7794.2678,0.0489,207989634.513,10.91,-9655.389,10.163,N,1955.0,1-Jun-2007,M. J. MARTIN,2023-10-18,208rn
86,123,Rn,5.5743,0.0177,,,,0.0,,,5/2-,28.8,,10,m,1728.0,60.0,EC+B+,83.0,2.0,A,17.0,2.0,,,,,0.8348,0.0012,0.31,0.03,-5158.9051,15.2153,-14347.4395,15.3326,6155.4331,1.9512,3942.724,11.033,7356.9781,14.2258,3760.1193,13.3709,7792.1755,0.0477,208990401.389,10.692,-8941.049,9.96,N,1952.0,30-Sep-2013,J. CHEN {+#} AND F.G. KONDEV,2023-10-18,209rn
86,124,Rn,5.5813,0.0177,,,,0.0,,,0+,2.4,,1,h,8640.0,360.0,A,96.0,1.0,EC+B+,4.0,1.0,,,,,12.16,0.11,,,-6261.2558,14.172,-13893.9378,12.3713,6158.9884,2.1626,2367.335,8.943,8735.0327,10.9519,4009.962,6.5675,7796.6653,0.0217,209989688.862,4.892,-9604.764,4.557,N,1952.0,31-Mar-2014,M. SHAMSUZZOHA BASUNIA,2023-10-18,210rn
86,125,Rn,5.585,0.0176,,,,0.0,,,1/2-,14.6,,2,h,52560.0,720.0,EC,72.6,1.7,A,27.4,1.7,,,,,0.5984,0.0012,,,-4615.0152,13.7862,-13483.1396,15.0444,5965.4548,1.4416,2891.861,7.339,7221.8838,8.1742,4072.2015,10.1512,7793.9412,0.0323,210990600.767,7.314,-8755.33,6.813,N,1952.0,28-FEB-2013,T.D. Johnson and  Y.J. Chen and  S. Enkhbold and  G. Khalil and  B. Yang,2023-10-18,211rn
86,126,Rn,5.5915,0.0176,,,,0.0,,,0+,23.9,,12,m,1434.0,72.0,A,100.0,,,,,,,,,15.0,0.4,,,-5143.221,9.3064,-12590.2228,12.3821,6385.072,2.622,-31.07,3.91,7975.2076,7.3228,4300.9992,3.83,7794.7963,0.0147,211990703.946,3.338,-8659.219,3.11,N,1950.0,1-Aug-2020,K. Auranen and E.A. McCutchan,2023-10-18,212rn
86,127,Rn,,,,,,0.0,,,(9/2+),19.4,,2,ms,0.0194,0.0002,A,100.0,,,,,,,,,9.86,0.08,,,-2141.7493,5.6996,-10251.2686,9.3965,8245.15,2.8629,883.573,5.945,5108.0476,4.3071,4356.7711,3.803,7782.1824,0.0158,212993885.147,3.618,-5695.949,3.37,N,1967.0,1-Jan-2022,M. S. Basunia,2023-10-18,213rn
86,128,Rn,,,,,,0.0,,,0+,259,,3,ns,2.59e-07,3e-09,A,100.0,,,,,,,,,,,,,-3361.3369,12.4238,-8836.7826,10.2726,9208.4798,9.115,-940.513,10.013,6695.0333,9.6509,5029.1135,10.286,7777.1023,0.0429,213995362.65,9.862,-4319.664,9.187,N,1970.0,1-May-2021,Shaofei Zhu and E. A. McCutchan,2023-10-18,214rn
86,129,Rn,,,,,,0.0,,,9/2+,2.30,,10,us,2.3e-06,1e-07,A,100.0,,,,,,,,,,,,,-1487.1274,9.189,-8281.9809,10.3464,8838.5865,5.9595,87.593,9.002,4920.644,10.9029,5078.8095,7.0972,7763.8164,0.0283,214998745.037,6.538,-1168.99,6.09,N,1952.0,23-SEP-2013,S.K. Basu and  G. Mukherjee and  B. Singh and  S. Bhattacharya and  A. De and  D. Mondal,2023-10-18,215rn
86,130,Rn,,,,,,0.0,,,0+,45,,5,us,4.5e-05,5e-06,A,100.0,,,,,,,,,,,,,-2717.7096,6.9366,-8136.1431,8.9789,8197.8049,5.6519,-2003.366,6.786,6649.0156,8.2301,5779.0752,8.6891,7758.6553,0.0267,216000271.942,6.192,253.312,5.768,N,1949.0,1-Mar-2007,S. -C. WU,2023-10-18,216rn
86,131,Rn,,,,,,0.0,,,9/2+,0.54,,5,ms,0.00054,5e-05,A,100.0,,,,,,,,,,,,,-656.0967,7.5383,-7383.7739,5.621,7887.1691,2.8816,-736.032,6.529,4666.0643,6.9598,5887.083,5.3383,7744.4037,0.0193,217003927.632,4.506,3658.566,4.198,N,1949.0,1-DEC-2017,E.A. MCCUTCHAN and  J. LEE and  N. JOVANCEVIC,2023-10-18,217rn
86,132,Rn,5.654,0.0187,,,,0.0,,,0+,33.75,,15,ms,0.03375,0.00015,A,100.0,,,,,,,,,,,,,-1842.0267,4.4418,-7168.5675,6.667,7262.4699,1.8507,-2882.805,11.734,6512.4708,4.4364,6466.1558,5.4001,7738.7527,0.0106,218005601.123,2.486,5217.413,2.316,N,1948.0,30-Oct-2019,Balraj Singh and  M.S. Basunia and  Murray Martin et al. and ,2023-10-18,218rn
86,133,Rn,5.6648,0.0191,,,,0.0,,,5/2+,3.96,,1,s,3.96,0.01,A,100.0,,,,,,,,,-0.4399,0.0012,1.15,0.12,212.3984,6.8938,-6301.4208,4.6672,6946.1921,0.3055,-1566.684,3.859,4459.3941,3.021,6559.8519,11.6452,7723.7784,0.0096,219009478.683,2.254,8829.337,2.1,N,1903.0,19-May-2021,Balraj Singh et al. and ,2023-10-18,219rn
86,134,Rn,5.6731,0.0194,,,,0.0,,,0+,55.6,,1,s,55.6,0.1,A,100.0,,,,,,,,,,,,,-870.3384,4.0256,-6076.2636,6.991,6404.7417,0.1018,-3763.754,14.089,6288.662,2.2734,7072.9988,3.4104,7717.2552,0.0082,220011392.443,1.947,10611.994,1.814,N,1900.0,31-Oct-2010,E. BROWNE and  J. K. TULI,2023-10-18,220rn
86,135,Rn,5.6834,0.0199,,,,0.0,,,7/2+,25,,2,m,1500.0,120.0,B-,78.0,1.0,A,22.0,1.0,,,,,-0.0201,0.0006,-0.47,0.05,1194.1032,7.2312,-5082.2957,6.908,6162.9859,3.1893,-2311.375,15.095,4211.9573,5.8073,7193.3653,15.0957,7701.3941,0.0259,221015535.637,6.134,14471.354,5.714,N,1956.0,15-Jan-2007,Ashok Jain and  Sukhjeet Singh and  Suresh Kumar and  Jagdish Tuli,2023-10-18,221rn
86,136,Rn,5.6915,0.0203,,,,0.0,,,0+,3.8235,,3,d,330350.4,25.92,A,100.0,,,,,,,,,0.92,0.14,,,-6.1461,7.7013,-4976.6121,5.061,5590.3894,0.3055,-4581.071,15.954,6170.7153,5.8402,7699.7433,14.107,7694.4991,0.0088,222017576.017,2.086,16371.957,1.944,N,1899.0,31-Mar-2011,Sukhjeet Singh and  A. K. Jain and  Jagdish K. Tuli,2023-10-18,222rn
86,137,Rn,,,,,,0.0,,,7/2,24.3,,4,m,1458.0,24.0,B-,100.0,,,,,,,,,-0.772,0.008,0.8,0.08,2007.4091,8.0568,-4059.6828,10.8035,5283.4618,17.6619,-3038.27,16.01,4053.5366,8.0599,7852.261,17.6619,7678.172,0.0351,223021889.283,8.397,20389.738,7.822,N,1964.0,1-May-2001,E. BROWNE,2023-10-18,223rn
86,138,Rn,,,,,,0.0,,,0+,107,,3,m,6420.0,180.0,B-,100.0,,,,,,,,,,,,,696.484,14.875,-4008.549,10.0025,4756.7202,20.2374,-5265.92,24.41,6015.9581,12.5501,8271.8808,17.0748,7670.7514,0.0438,224024095.803,10.536,22445.098,9.814,N,1964.0,08-Mar-2022,Balraj Singh and  Sukhjeet Singh,2023-10-18,224rn
86,139,Rn,,,,,,0.0,,,7/2-,4.66,,4,m,279.6,2.4,B-,100.0,,,,,,,,,-0.693,0.008,0.84,0.08,2713.5412,16.3492,-3285.7893,15.7809,4335.4705,22.5108,-3765.857,300.207,3982.2733,14.8462,8465.846,24.9775,7654.3581,0.0495,225028485.572,11.958,26534.143,11.14,N,1969.0,1-Dec-2008,A. K. Jain (a) and  R. Raut (b) and  J. K. Tuli,2023-10-18,225rn
86,140,Rn,,,,,,0.0,,,0+,7.4,,1,m,444.0,6.0,B-,100.0,,,,,,,,,,,,,1226.6542,12.1895,-3144.7263,15.9052,3836.0102,41.4018,-5912.806,300.183,5858.2675,15.2924,8841.0,300.0,7646.4108,0.0464,226030861.38,11.247,28747.194,10.477,N,1969.0,1-Feb-1996,Y. A. AKOVALI,2023-10-18,226rn
86,141,Rn,,,,,,0.0,,,(5/2),20.2,,4,s,20.2,0.4,B-,100.0,,,,,,,,,,,,,3203.3894,15.2755,-2706.023,15.4067,3382.0,196.0,-4544.165,300.331,3932.6771,17.559,9063.0,300.0,7630.0508,0.0621,227035304.393,15.127,32885.835,14.091,N,1986.0,15-Jan-2016,ICTP-2014 Workshop Group,2023-10-18,227rn
86,142,Rn,,,,,,0.0,,,0+,65,,2,s,65.0,2.0,B-,100.0,,,,,,,,,,,,,1859.2451,18.9157,-2510.2969,18.6354,2908.0,196.0,-6636.534,400.39,5713.6863,22.6061,9476.0,300.0,7621.6457,0.0775,228037835.415,18.977,35243.466,17.677,N,1989.0,31-Dec-2012,KHALIFEH ABUSALEEM,2023-10-18,228rn
86,143,Rn,,,,,,0.0,,,,12.0,,+12-13,s,12.0,1.25,B-,100.0,,,,,,,,,,,,,3694.1465,13.967,-2093.1393,14.6758,2358.0,300.0,-5527.6,400.2,3952.3845,21.9671,9807.0,400.0,7605.6227,0.0569,229042257.272,14.0,39362.4,13.041,N,2009.0,14-MAY-2009,BALRAJ SINGH,2023-10-18,229rn
86,144,Rn,,,,,,0.0,,,,,,,,,,,,,,,,,,,,,,,,2683.0,200.0,-1570.0,200.0,2196.0,448.0,,,5264.0,201.0,10009.0,447.0,7595.0,1.0,230045271.0,215.0,42170.0,200.0,Y,2010.0,1-May-2022,E. BROWNE and  J. K. TULI,2023-10-18,230rn
86,145,Rn,,,,,,0.0,,,(1/2+),,,,,,,B-,100.0,,,,,,,,,,,,,4469.0,300.0,-1009.0,300.0,1844.0,500.0,,,3691.0,361.0,,,7579.0,1.0,231049973.0,322.0,46550.0,300.0,Y,2010.0,31-Aug-2022,Balraj Singh and  Jagdish K. Tuli and  and Edgardo Browne,2023-10-18,231rn
87,110,Fr,,,,,,0.0,,,(7/2-),0.6,,+30-3,ms,0.0006,0.00165,A,100.0,,,,,,,,,,,,,,,,,7896.3752,52.895,8743.6,58.7,,,-989.8278,58.1573,7673.764,0.2865,197011008.086,60.584,10253.968,56.434,N,2013.0,20-JAN-2014,BALRAJ SINGH,2023-10-18,197fr
87,111,Fr,,,,,X,0.0,,0.0,,15,,3,ms,0.015,0.003,A,100.0,,,,,,,,,,,,,,,,,7869.272,20.4132,10808.018,33.899,8747.5878,64.4502,-778.3588,35.0895,7679.1873,0.1572,198010282.081,33.419,9577.698,31.13,N,2013.0,1-Dec-2015,Huang Xiaolong and Kang Mengxiao,2023-10-18,198fr
87,112,Fr,,,,,,0.0,,,,12,,+10-4,ms,0.012,0.007,A,0.0,,EC+B+,,,,,,,,,,,,,,,7816.7717,9.8365,8331.234,15.545,10877.6278,34.0213,-712.7369,19.1958,7695.2599,0.069,199007269.384,14.734,6771.388,13.726,N,1999.0,15-Oct-2006,BALRAJ SINGH,2023-10-18,199fr
87,113,Fr,,,,,,0.0,,,(3+),49,,4,ms,0.049,0.004,A,100.0,,,,,,,,,,,,,,,,,7621.8374,4.1908,10134.032,31.069,8709.1281,33.4681,-404.4538,31.3843,7700.3292,0.1526,200006584.666,32.769,6133.578,30.524,N,1995.0,1-Aug-2006,F.G. KONDEV and  S. LALKOVSKI,2023-10-18,200fr
87,114,Fr,,,,,,0.0,,,9/2-,63,,4,ms,0.063,0.004,A,100.0,,,,,,,,,,,,,-8348.2439,22.2391,,,7518.9119,4.3262,7695.986,13.597,10616.3236,31.8461,-300.0562,10.7699,7714.8367,0.0452,201003852.491,9.747,3588.573,9.08,N,1980.0,20-Sep-2022,F.G. KONDEV,2023-10-18,201fr
87,115,Fr,,,,,,0.0,,,(3+),0.30,,5,s,0.3,0.05,A,100.0,,,,,,,,,3.9,0.05,,,-5973.362,16.1841,-16906.597,21.1784,7385.3686,3.5132,9376.099,18.53,8558.3531,10.9014,80.0205,11.7828,7719.0125,0.0299,202003329.637,6.476,3101.538,6.033,N,1980.0,1-May-2007,S. ZHU and F.G. KONDEV,2023-10-18,202fr
87,116,Fr,,,,,,0.0,,,9/2-,0.55,,1,s,0.55,0.01,A,100.0,,,,,,,,,3.74,0.04,-0.47,0.02,-7724.9182,11.5191,-16269.8055,16.2592,7274.8739,3.5745,7060.457,8.524,10296.4435,8.6733,137.9981,18.5952,7731.7092,0.0307,203000940.867,6.689,876.412,6.232,N,1967.0,4-Jul-2021,F.G. KONDEV,2023-10-18,203fr
87,117,Fr,,,,,,0.0,,,(3+),1.8,,3,s,1.8,0.3,A,92.0,2.0,EC+B+,8.0,2.0,,,,,3.99,0.03,-0.141,0.009,-5453.7889,26.1514,-16065.3404,26.4217,7170.2862,2.3908,8577.423,25.683,8340.4221,25.359,497.6179,25.2598,7734.6931,0.1205,204000651.972,26.389,607.308,24.581,N,1964.0,1-Oct-2009,C.J. CHIARA and F.G. KONDEV,2023-10-18,204fr
87,118,Fr,,,,,,0.0,,,9/2-,3.90,,7,s,3.9,0.07,A,98.5,0.4,EC+B+,1.5,0.4,,,,,3.8,0.03,-0.305,0.018,-7113.6693,24.0784,-15442.2317,11.8686,7054.7093,2.4013,6399.948,9.329,9988.4428,25.7966,628.6719,10.7999,7745.687,0.0382,204998593.854,8.399,-1309.816,7.824,N,1964.0,20-Apr-2020,F.G. KONDEV,2023-10-18,205fr
87,119,Fr,,,,,,0.0,,,(2+ 3+),16,AP,,s,16.0,,A,84.0,,EC,16.0,,,,,,3.97,0.05,-0.354,0.009,-4812.4721,33.1318,-15122.03,35.9442,6923.3316,3.4993,7886.059,29.108,8008.3607,28.8904,826.0658,28.2709,7746.9621,0.135,205998661.441,29.856,-1246.859,27.811,N,1964.0,31-Jan-2008,F.G. KONDEV,2023-10-18,206fr
87,120,Fr,5.572,0.0176,,,,0.0,,,9/2-,14.8,,1,s,14.8,0.1,A,95.0,2.0,EC+B+,5.0,2.0,,,,,3.87,0.04,-0.24,0.02,-6363.0084,60.8726,-14485.9517,25.149,6888.6707,20.0083,5785.721,18.186,9673.4797,32.8887,1005.0735,19.5453,7756.2689,0.0848,206996941.45,18.847,-2849.021,17.557,N,1964.0,1-Aug-2010,F.G. KONDEV and  S. LALKOVSKI,2023-10-18,207fr
87,121,Fr,5.5729,0.0176,,,,0.0,,,7+,59.1,,3,s,59.1,0.3,A,89.0,3.0,EC+B+,11.0,3.0,,,,,4.71,0.04,0.052,0.011,-4392.8615,14.7413,-14250.2338,59.4401,6785.4078,24.5899,6990.461,15.465,7887.2253,21.0744,1319.1572,12.5848,7756.8985,0.056,207997139.082,12.514,-2664.928,11.657,N,1964.0,1-Jun-2007,M. J. MARTIN,2023-10-18,208fr
87,122,Fr,5.5799,0.0176,,,,0.0,,,9/2-,50.5,,7,s,50.5,0.7,A,89.0,3.0,EC+B+,11.0,3.0,,,,,3.93,0.05,-0.26,0.02,-5640.3845,12.8549,-13581.3959,14.609,6777.4589,3.6047,5158.905,15.216,9188.5344,16.3775,1415.726,15.3411,7763.7485,0.055,208995939.701,12.349,-3782.144,11.503,N,1964.0,30-Sep-2013,J. CHEN {+#} AND F.G. KONDEV,2023-10-18,209fr
87,123,Fr,5.5818,0.0176,,,,0.0,,,6+,3.18,,6,m,190.8,3.6,A,60.0,30.0,EC+B+,40.0,30.0,,,,,4.38,0.05,0.21,0.02,-3786.3467,16.2633,-13273.0665,14.5968,6670.9639,5.0066,6261.256,14.173,7632.682,17.6354,1691.4299,16.7119,7763.1243,0.0639,209996410.596,14.407,-3343.508,13.42,N,1964.0,31-Mar-2014,M. SHAMSUZZOHA BASUNIA,2023-10-18,210fr
87,124,Fr,5.5882,0.0176,,,,0.0,,,9/2-,3.10,,2,m,186.0,1.2,A,80.0,,EC,20.0,,,,,,3.97,0.05,-0.21,0.02,-4972.1844,12.9786,-12654.4711,15.1062,6662.2514,3.1839,4615.016,13.791,8868.1244,17.9796,1824.5216,12.8268,7768.3613,0.0568,210995555.189,12.872,-4140.314,11.991,N,1964.0,28-FEB-2013,A. Sonzogni and  G. Mukherjee and  H. Huang and  A. Tarazaga and  J. Wang,2023-10-18,211fr
87,125,Fr,5.5915,0.0176,,,,0.0,,,5+,20.0,,6,m,1200.0,36.0,EC+B+,57.0,2.0,A,43.0,2.0,,,,,4.59,0.05,-0.1,0.002,-3317.2355,13.4939,-12419.1862,10.0827,6528.987,1.6113,5143.221,9.31,7447.0018,14.8518,2049.6396,11.1066,7766.8455,0.0414,211996225.42,9.419,-3515.998,8.775,N,1950.0,1-Aug-2020,K. Auranen and E.A. McCutchan,2023-10-18,212fr
87,126,Fr,5.5977,0.0176,,,,0.0,,,9/2-,34.17,,6,s,34.17,0.06,A,99.44,0.05,EC+B+,0.56,0.05,,,,,3.99,0.01,-0.138,0.003,-3899.7568,10.8862,-11426.7548,11.2447,6904.6577,1.3078,2141.75,5.78,8109.5193,9.9563,2183.9513,5.5547,7768.4543,0.0221,212996184.41,5.053,-3554.199,4.707,N,1964.0,1-Jan-2022,M. S. Basunia,2023-10-18,213fr
87,127,Fr,,,,,,0.0,,,(1-),5.5,,3,ms,0.0055,0.0003,A,100.0,,,,,,,,,,,,,-1051.0675,9.9879,-9375.2025,12.9941,8588.8563,3.6543,3361.337,12.529,5475.4457,9.6799,2551.3493,9.0174,7757.7393,0.0398,213998971.193,9.145,-958.327,8.519,N,1967.0,1-May-2021,Shaofei Zhu and E. A. McCutchan,2023-10-18,214fr
87,128,Fr,,,,,,0.0,,,9/2-,86,,5,ns,8.6e-08,5e-09,A,100.0,,,,,,,,,,,,,-2213.8573,9.7691,-7845.921,8.7816,9540.4127,6.5175,1487.127,9.328,6794.8535,10.9506,2651.1696,11.4777,7753.2607,0.0329,215000341.534,7.585,318.137,7.066,N,1970.0,23-SEP-2013,A.K. Jain and  S. Singh and  B. Singh and  N. Kaur and  S. Lakshmai and  B. Maheshwari,2023-10-18,215fr
87,129,Fr,,,,,,0.0,,,(1-),0.70,,2,us,7e-07,2e-08,A,100.0,,EC,2e-07,,,,,,,,,,-320.4441,8.8904,-7632.2907,8.1377,9174.255,3.4256,2717.71,7.12,5418.4334,7.9778,3148.959,7.2065,7742.4513,0.0193,216003189.523,4.48,2971.022,4.174,N,1970.0,1-Mar-2007,S. -C. WU,2023-10-18,216fr
87,130,Fr,,,,,,0.0,,,9/2-,22,,5,us,2.2e-05,5e-06,A,100.0,,,,,,,,,,,,,-1574.8729,9.4723,-7048.1214,10.2112,8469.2686,4.3198,656.097,7.764,6727.6772,7.5063,3227.6206,8.5643,7737.775,0.0301,217004631.98,7.011,4314.663,6.531,N,1968.0,1-DEC-2017,S. KUMAR AND F.G. KONDEV,2023-10-18,217fr
87,131,Fr,,,,,,0.0,,,1-,1.1,,+5-4,ms,0.0011,0.00045,A,100.0,,,,,,,,,,,,,413.8838,10.5603,-6901.4137,8.0626,8013.6758,1.4407,1842.027,4.827,5326.5408,7.541,3888.0971,5.6672,7726.7143,0.0194,218007578.62,4.546,7059.44,4.235,N,1949.0,30-Oct-2019,Balraj Singh and  M.S. Basunia and  Murray Martin et al. and ,2023-10-18,218fr
87,132,Fr,,,,,,0.0,,,9/2-,24,,4,ms,0.024,0.004,A,100.0,,,,,,,,,,,-1.19,0.02,-776.9137,9.5906,-6099.9355,11.905,7448.6065,1.8222,-212.398,7.188,6513.8192,7.9664,3889.4455,7.1354,7721.1759,0.0314,219009250.664,7.38,8616.939,6.874,N,1948.0,19-May-2021,Balraj Singh et al. and ,2023-10-18,219fr
87,133,Fr,5.6688,0.0177,,,,0.0,,,1+,27.4,,3,s,27.4,0.3,A,99.65,0.05,B-,0.35,0.05,,,,,-0.66,0.01,0.487,0.008,1210.2406,8.4809,-5982.8389,7.7906,6800.7379,1.857,870.338,4.418,5205.9252,7.8607,4635.9766,4.391,7709.743,0.0183,220012326.789,4.324,11482.332,4.028,N,1948.0,31-Oct-2010,E. BROWNE and  J. K. TULI,2023-10-18,220fr
87,134,Fr,5.679,0.0177,,,,0.0,,,5/2-,4.9,,2,m,294.0,12.0,A,100.0,,B-,0.1,,,,,,1.57,0.02,-1.02,0.03,313.3741,6.3858,-5066.1583,8.9809,6457.737,1.4043,-1194.103,7.518,6276.3989,6.2181,4623.7135,4.9964,7703.2572,0.0221,221014253.714,5.245,13277.251,4.886,N,1947.0,15-Jan-2007,Ashok Jain and  Sukhjeet Singh and  Suresh Kumar and  Jagdish Tuli,2023-10-18,221fr
87,135,Fr,5.689,0.0177,,,,0.0,,,2-,14.2,,3,m,852.0,18.0,B-,100.0,,,,,,,,,0.63,0.01,0.51,0.04,2057.898,8.6816,-4657.0919,8.7732,5852.9689,13.7061,6.146,7.701,4970.466,8.911,5382.2222,9.3907,7690.9474,0.0336,222017582.615,8.0,16378.103,7.452,N,1975.0,31-Mar-2011,Sukhjeet Singh and  A. K. Jain and  Jagdish K. Tuli,2023-10-18,222fr
87,136,Fr,5.6951,0.0178,,,,0.0,,,3/2(-),22.00,,7,m,1320.0,4.2,B-,99.994,,A,0.006,,,,,,1.16,0.01,1.18,0.02,1149.0844,0.8476,-4009.1938,4.7255,5561.3922,2.8173,-2007.409,8.057,6067.0918,7.6981,5278.5987,2.2644,7683.6655,0.0087,223019734.241,2.073,18382.329,1.931,N,1939.0,1-May-2001,E. BROWNE,2023-10-18,223fr
87,137,Fr,5.7061,0.0178,,,,0.0,,,1(-),3.33,,10,m,199.8,6.0,B-,100.0,,,,,,,,,0.4,0.01,0.523,0.009,2922.7819,11.3237,-3555.9486,11.3716,4947.95,17.8934,-696.484,14.875,4705.033,11.3435,5930.0951,13.6429,7670.368,0.0499,224023348.096,12.0,21748.614,11.178,N,1969.0,08-Mar-2022,Balraj Singh and  Sukhjeet Singh,2023-10-18,224fr
87,138,Fr,5.7112,0.0178,,,,0.0,,,3/2-,3.95,,14,m,237.0,8.4,B-,100.0,,,,,,,,,1.06,0.01,1.33,0.02,1827.5584,12.1574,-3076.5486,12.0886,4612.9568,18.3966,-2713.541,16.35,5999.3305,16.3754,5913.4675,15.4767,7662.9412,0.0532,225025572.466,12.847,23820.602,11.967,N,1969.0,1-Dec-2008,A. K. Jain (a) and  R. Raut (b) and  J. K. Tuli,2023-10-18,225fr
87,139,Fr,5.719,0.0178,,,,0.0,,,1-,49,,1,s,49.0,1.0,B-,100.0,,,,,,,,,0.0712,0.0014,-1.37,0.03,3852.9638,6.5215,-2543.8221,6.7494,4142.5952,17.0169,-1226.655,12.189,4371.3805,13.4916,6302.5747,12.7634,7648.3768,0.0276,226029544.512,6.688,27520.539,6.23,N,1969.0,1-Feb-1996,Y. A. AKOVALI,2023-10-18,226fr
87,140,Fr,5.7335,0.0179,,,,0.0,,,1/2+,2.47,,3,m,148.2,1.8,B-,100.0,,,,,,,,,1.49,0.02,,,2504.9813,6.2112,-2056.4486,6.2053,3829.5211,15.1664,-3203.39,15.27,5909.4124,8.5795,6353.7196,12.0233,7640.7162,0.026,227031865.413,6.332,29682.445,5.898,N,1972.0,15-Jan-2016,ICTP-2014 Workshop Group,2023-10-18,227fr
87,141,Fr,5.7399,0.0179,,,,0.0,,,2-,38,,1,s,38.0,1.0,B-,100.0,,,,,,,,,-0.76,0.01,2.41,0.06,4444.027,7.021,-1864.5606,7.0073,3248.2873,23.3474,-1859.245,18.916,4369.542,8.9502,6790.5844,15.6162,7626.3689,0.0295,228035839.433,7.226,33384.221,6.732,N,1972.0,31-Dec-2012,KHALIFEH ABUSALEEM,2023-10-18,228fr
87,142,Fr,,,,,,0.0,,,,50.2,,20,s,50.2,2.0,B-,100.0,,,,,,,,,,,,,3106.2907,16.2305,-1343.2588,5.3522,2944.0,300.0,-3694.147,13.967,5787.2858,8.386,6864.184,18.3711,7618.338,0.0218,229038291.443,5.368,35668.253,5.001,N,1975.0,1-Jun-2008,E. BROWNE and  J. K. TULI,2023-10-18,229fr
87,143,Fr,,,,,,0.0,,,,19.1,,5,s,19.1,0.5,B-,100.0,,,,,,,,,,,,,4970.4627,12.1984,-1146.5122,16.7693,2402.0,300.0,-2683.231,200.107,4252.8029,8.2341,7164.6024,14.5896,7603.7052,0.0284,230042390.787,7.022,39486.769,6.541,N,1987.0,1-May-2012,E. BROWNE and  J. K. TULI,2023-10-18,230fr
87,144,Fr,,,,,,0.0,,,(1/2+),17.6,,6,s,17.6,0.6,B-,100.0,,,,,,,,,,,,,3864.0868,13.7495,-507.049,12.8758,2225.0,300.0,-4469.425,300.1,5477.5117,10.1274,7378.0,200.0,7594.5009,0.0335,231045175.353,8.3,42080.575,7.731,N,1985.0,31-Aug-2022,Balraj Singh and  Jagdish K. Tuli and  and Edgardo Browne,2023-10-18,231fr
87,145,Fr,,,,,,0.0,,,(5),5.5,,6,s,5.5,0.6,B-,100.0,,,,,,,,,,,,,5575.8791,16.7023,-214.9718,18.0139,1768.0,400.0,,,4079.0586,15.9688,7766.0,300.0,7579.3481,0.0602,232049461.219,15.0,46072.834,13.972,N,1990.0,1-Nov-2004,E. BROWNE,2023-10-18,232fr
87,146,Fr,,,,,,0.0,,,(1/2+),0.9,,1,s,0.9,0.1,B-,100.0,,B-N,,,,,,,,,,,4585.9906,21.3694,351.779,21.596,1606.0,400.0,,,5224.1,24.039,,,7569.2398,0.084,233052517.833,21.0,48920.052,19.561,N,2010.0,8-Oct-2020,B. Singh and  J. K. Tuli and  E. Browne,2023-10-18,233fr
88,113,Ra,,,,,,0.0,,,3/2-,8,,+40-4,ms,0.008,0.022,A,100.0,,,,,,,,,,,,,,,,,8001.5326,12.2441,8348.244,22.239,,,1485.7327,36.6587,7669.4108,0.101,201012814.699,21.794,11936.817,20.301,N,2005.0,20-Sep-2022,F.G. KONDEV,2023-10-18,201ra
88,114,Ra,,,,,,0.0,,,0+,16,,+30-7,ms,0.016,0.0185,A,100.0,,,,,,,,,,,,,,,,,7880.3036,6.7407,5973.362,16.184,10933.2349,25.246,1802.6441,17.5492,7685.5684,0.0743,202009742.305,16.122,9074.9,15.018,N,2005.0,1-May-2007,S. ZHU and F.G. KONDEV,2023-10-18,202ra
88,115,Ra,,,,,,0.0,,,3/2-,31,,+17-9,ms,0.031,0.013,A,100.0,,,,,,,,,,,,,,,,,7736.2613,6.3728,7724.919,11.519,8544.8873,17.8714,1789.1782,11.4129,7689.8015,0.0477,203009233.907,10.4,8601.331,9.688,N,1996.0,4-Jul-2021,F.G. KONDEV,2023-10-18,203ra
88,116,Ra,,,,,,0.0,,,0+,57,,+11-5,ms,0.057,0.008,A,100.0,,,,,,,,,,,,,,,,,7636.6358,6.7898,5453.789,26.151,10611.5514,13.1721,2104.2862,10.8848,7704.1238,0.0437,204006506.855,9.58,6061.097,8.924,N,1995.0,1-Oct-2009,C.J. CHIARA and F.G. KONDEV,2023-10-18,204ra
88,117,Ra,,,,,,0.0,,,(3/2-),210,,+60-40,ms,0.21,0.05,A,100.0,,,,,,,,,,,,,-8302.8357,63.5402,,,7486.3498,20.3988,7113.669,24.079,8328.5624,24.458,2092.4265,33.5082,7707.1698,0.1111,205006230.692,24.446,5803.853,22.772,N,1987.0,20-Apr-2020,F.G. KONDEV,2023-10-18,205ra
88,118,Ra,,,,,,0.0,,,0+,0.24,,2,s,0.24,0.02,A,100.0,,,,,,,,,,,,,-9919.1406,67.5328,-18612.3937,61.9927,7415.2578,4.1635,4812.472,33.132,10309.5579,29.0316,2413.5416,19.6342,7719.8028,0.0874,206003827.842,19.332,3565.613,18.008,N,1967.0,31-Jan-2008,F.G. KONDEV,2023-10-18,206ra
88,119,Ra,,,,,,0.0,,,(3/2- 5/2-),1.35,,+22-13,s,1.35,0.175,A,86.0,,EC+B+,14.0,,,,,,,,,,-7632.2404,81.0004,-18042.0838,87.3707,7273.1168,57.995,6363.009,60.873,8122.9433,61.0037,2528.1242,64.5807,7721.7503,0.2816,207003772.42,62.572,3513.988,58.286,N,1967.0,1-Aug-2010,F.G. KONDEV and  S. LALKOVSKI,2023-10-18,207ra
88,120,Ra,5.585,0.0183,,,,0.0,,,0+,1.3,,2,s,1.3,0.2,A,95.0,,EC+B+,5.0,,,,,,,,,,-9032.9208,65.1111,-17489.6127,56.967,7273.1333,5.0982,4392.862,14.741,9857.3723,58.9795,2712.0168,19.7383,7732.0177,0.0434,208001855.012,9.686,1727.934,9.023,N,1967.0,1-Jun-2007,M. J. MARTIN,2023-10-18,208ra
88,121,Ra,5.5853,0.0182,,,,0.0,,,5/2-,4.8,,2,s,4.8,0.2,A,100.0,,,,,,,,,0.861,0.013,0.39,0.04,-6986.6464,56.1409,-16973.9322,64.7385,7143.0886,2.686,5640.384,12.859,7941.0114,10.6597,2765.803,12.9968,7733.0177,0.0275,209001994.902,6.169,1858.24,5.747,N,1967.0,30-Sep-2013,J. CHEN {+#} AND F.G. KONDEV,2023-10-18,209ra
88,122,Ra,5.5917,0.018,,,,0.0,,,0+,3.7,,2,s,3.7,0.2,A,96.0,,EC+B+,4.0,,,,,,,,,,-8321.2403,62.8832,-16473.3662,56.5976,7150.8409,3.27,3786.347,16.267,9486.7198,10.8178,3063.9883,14.7185,7741.3687,0.0438,210000475.406,9.868,442.839,9.193,N,1967.0,31-Mar-2014,M. SHAMSUZZOHA BASUNIA,2023-10-18,210ra
88,123,Ra,5.5929,0.0179,,,,0.0,,,5/2(-),13,,2,s,13.0,2.0,A,93.0,,EC+B+,7.0,,,,,,0.874,0.004,0.46,0.04,-6311.6152,53.9818,-16003.5271,62.4055,7041.6957,2.9334,4972.184,12.979,7682.2867,10.4486,3113.593,14.3097,7741.0887,0.0235,211000893.049,5.331,831.87,4.966,N,1967.0,28-FEB-2013,D. ABRIOLA and  P. DEMETRIOU and  M. HASSANVAND and  M. HUSSAIN,2023-10-18,211ra
88,124,Ra,5.5991,0.0177,,,,0.0,,,0+,13.0,,2,s,13.0,0.2,A,85.0,,EC+B+,15.0,,,,,,,,,,-7498.3626,24.1666,-15413.5658,54.7218,7031.7107,1.669,3317.235,13.496,9101.9506,11.3932,3347.4193,15.7735,7747.5078,0.0484,211999786.619,11.007,-198.763,10.254,N,1967.0,1-Aug-2020,K. Auranen and E.A. McCutchan,2023-10-18,212ra
88,125,Ra,5.602,0.0177,,,,0.0,,,1/2-,2.73,,5,m,163.8,3.0,A,86.0,2.0,EC+B+,14.0,2.0,,,,,0.61,0.002,,,-5795.4721,15.2463,-15025.3606,23.9852,6861.6908,2.2765,3899.756,10.888,7526.9981,14.1928,3427.4155,13.1679,7746.4726,0.0461,213000370.971,10.54,345.557,9.818,N,1955.0,1-Jan-2022,M. S. Basunia,2023-10-18,213ra
88,126,Ra,5.6079,0.0177,,,,0.0,,,0+,2.438,,20,s,2.438,0.02,A,99.941,0.004,EC,0.059,0.004,,,,,,,,,-6340.5313,14.5317,-14119.6071,12.7899,7272.5886,2.6063,1051.067,10.007,8324.1349,11.1331,3642.0311,7.0406,7749.1719,0.0245,214000099.56,5.636,92.74,5.25,N,1967.0,1-May-2021,Shaofei Zhu and E. A. McCutchan,2023-10-18,214ra
88,127,Ra,,,,,,0.0,,,(9/2+),1.66,,2,ms,0.00166,2e-05,A,100.0,,,,,,,,,,,,,-3498.5554,14.3395,-11972.595,15.3395,8862.4086,2.3309,2213.858,10.089,5632.0637,8.8906,3798.6492,11.0379,7739.3249,0.0335,215002718.208,7.73,2531.995,7.201,N,1967.0,23-SEP-2013,S. Kumar and  B. Singh and  K. Rojeeta Devi and  A. Rohilla,2023-10-18,215ra
88,128,Ra,,,,,,0.0,,,0+,182,,10,ns,1.82e-07,1e-08,A,100.0,,EC,1e-08,,,,,,,,,,-4858.2701,12.2147,-10810.402,14.7595,9525.7696,7.3754,320.444,9.027,7311.8466,10.6514,4315.6423,10.5614,7737.3458,0.0371,216003533.534,8.592,3291.466,8.004,N,1972.0,1-Mar-2007,S. -C. WU,2023-10-18,216ra
88,129,Ra,,,,,,0.0,,,(9/2+),1.6,,2,us,1.6e-06,2e-07,A,100.0,,,,,,,,,,,,,-2812.7853,13.2129,-10331.5186,11.6095,9160.5687,6.1884,1574.873,9.608,5473.2485,10.5472,4370.4574,8.0308,7726.9122,0.0325,217006322.676,7.564,5889.536,7.047,N,1970.0,1-DEC-2017,E.A. MCCUTCHAN and  S.K. RATHI and  S. GARG,2023-10-18,217ra
88,130,Ra,,,,,,0.0,,,0+,25.91,,14,us,2.591e-05,1.4e-07,A,100.0,,,,,,,,,,,,,-4205.2887,58.4224,-10128.0828,14.8695,8540.3045,3.4317,-413.884,10.682,7315.2974,11.9671,4958.0776,11.6721,7725.0241,0.045,218007134.297,10.528,6645.556,9.807,N,1970.0,30-Oct-2019,Balraj Singh and  M.S. Basunia and  Murray Martin et al. and ,2023-10-18,218ra
88,131,Ra,,,,,,0.0,,,(7/2+),9,,2,ms,0.009,0.002,A,100.0,,,,,,,,,,,,,-2175.7005,51.9016,-9528.3104,57.9952,8137.9268,3.0559,776.914,9.679,5323.0217,11.8317,4954.5585,7.8603,7714.056,0.0311,219010084.715,7.315,9393.853,6.814,N,1952.0,19-May-2021,Balraj Singh et al. and ,2023-10-18,219ra
88,132,Ra,5.6683,0.0215,,,,0.0,,,0+,18,,2,ms,0.018,0.002,A,100.0,,,,,,,,,,,,,-3471.664,9.6266,-9368.7801,52.0099,7593.8629,4.9407,-1210.241,8.597,7193.0796,10.074,5633.8188,10.1603,7711.6879,0.0345,220011027.542,8.153,10272.091,7.595,N,1949.0,31-Oct-2010,E. BROWNE and  J. K. TULI,2023-10-18,220ra
88,133,Ra,5.6795,0.0228,,,,0.0,,,5/2+,28,,2,s,28.0,2.0,A,100.0,,,,,,,,,-0.179,0.0017,1.92,0.06,-1567.1715,57.0591,-8851.1963,7.4535,6880.3948,1.9528,-313.374,6.731,5379.5324,8.7557,5807.426,5.98,7701.1352,0.021,221013917.293,4.97,12963.877,4.63,N,1949.0,15-Jan-2007,Ashok Jain and  Sukhjeet Singh and  Suresh Kumar and  Jagdish Tuli,2023-10-18,221ra
88,134,Ra,5.6874,0.0239,,,,0.0,,,0+,38.0,,5,s,38.0,0.5,A,100.0,,14C,3e-08,1e-08,,,,,,,,,-2301.5922,6.2737,-8282.1614,57.0529,6677.8757,4.2266,-2057.898,8.682,6714.9899,6.2331,6246.017,6.499,7696.6931,0.0201,222015373.371,4.781,14320.205,4.454,N,1948.0,31-Mar-2011,Sukhjeet Singh and  A. K. Jain and  Jagdish K. Tuli,2023-10-18,222ra
88,135,Ra,5.6973,0.0253,,,,0.0,,,3/2+,11.43,,5,d,987552.0,4320.0,A,100.0,,14C,8.9e-08,4e-09,14C,7.7e-08,,,0.2692,0.0008,1.22,0.03,-591.8099,6.9657,-7459.8704,5.0882,5978.9916,0.2121,-1149.084,2.845,5158.2782,4.7922,6433.8292,7.7395,7685.3101,0.0094,223018500.648,2.243,17233.245,2.09,N,1905.0,1-May-2001,E. BROWNE,2023-10-18,223ra
88,136,Ra,5.7046,0.0263,,,,0.0,,,0+,3.6316,,23,d,313770.24,198.72,A,100.0,,14C,4e-09,1e-09,,,,,0.9,0.2,,,-1408.3152,4.0869,-7070.5404,7.0615,5788.9231,0.1526,-2922.782,11.324,6478.7305,2.2609,6845.4679,2.113,7679.9236,0.0081,224020210.361,1.944,18825.832,1.811,N,1902.0,08-Mar-2022,Balraj Singh and  Sukhjeet Singh,2023-10-18,224ra
88,137,Ra,5.715,0.0279,,,,0.0,,,1/2+,14.9,,2,d,1287360.0,17280.0,B-,100.0,,A,0.026,,,,,,-0.73,0.002,,,355.7386,5.0067,-6312.4222,4.7218,5096.7734,5.0907,-1827.558,12.245,4904.107,2.7922,7044.5419,11.4754,7667.5866,0.0115,225023610.502,2.786,21993.044,2.596,N,1947.0,1-Dec-2008,A. K. Jain (a) and  R. Raut (b) and  J. K. Tuli,2023-10-18,225ra
88,138,Ra,5.7211,0.0288,,,,0.0,,,0+,1600,,7,Y,50491081559.3472,220898481.822144,A,100.0,,14C,3.2e-09,1.6e-09,,,,,,,,,-641.6252,3.273,-6041.0473,4.928,4870.7028,0.2545,-3852.963,6.521,6396.7859,2.8511,7441.9973,12.1059,7661.9636,0.0085,226025408.186,2.068,23667.576,1.927,N,1898.0,1-Feb-1996,Y. A. AKOVALI,2023-10-18,226ra
88,139,Ra,5.7283,0.03,,,,0.0,,,3/2+,42.2,,5,m,2532.0,30.0,B-,100.0,,,,,,,,,-0.401,0.0011,1.53,0.06,1327.9489,2.2622,-5203.0552,3.2841,4362.8095,8.0604,-2504.981,6.211,4561.43,0.27,7632.0467,6.5271,7648.3048,0.0086,227029176.205,2.089,27177.464,1.946,N,1953.0,15-Jan-2016,ICTP-2014 Workshop Group,2023-10-18,227ra
88,140,Ra,5.737,0.0315,,,,0.0,,,0+,5.75,,3,Y,181452324.353904,946707.77923776,B-,100.0,,,,,,,,,,,,,45.5402,0.6344,-4980.6388,2.3398,4070.1799,10.015,-4444.027,7.021,6308.5876,2.3347,8031.222,6.2267,7642.4289,0.0088,228031068.574,2.141,28940.194,1.995,N,1907.0,31-Dec-2012,KHALIFEH ABUSALEEM,2023-10-18,228ra
88,141,Ra,5.7455,0.0329,,,,0.0,,,5/2+,4.0,,2,m,240.0,12.0,B-,100.0,,A,100.0,,,,,,0.4992,0.0014,2.99,0.12,1872.0266,19.6229,-4404.0093,15.5821,3602.9038,19.0396,-3106.29,16.23,4449.5495,15.5692,8111.2295,16.8444,7628.4862,0.0674,229034956.703,16.576,32561.963,15.441,N,1975.0,1-Jun-2008,E. BROWNE and  J. K. TULI,2023-10-18,229ra
88,142,Ra,5.7551,0.0346,,,,0.0,,,0+,93,,2,m,5580.0,120.0,B-,100.0,,,,,,,,,,,,,677.9196,18.8884,-4244.9484,15.895,3344.1964,14.6895,-4970.463,12.198,6116.9749,18.5589,8440.9186,11.4465,7621.9144,0.0448,230037054.776,11.053,34516.306,10.296,N,1978.0,1-May-2012,E. BROWNE and  J. K. TULI,2023-10-18,230ra
88,143,Ra,,,,,,0.0,,,(5/2+),103.9,,14,s,103.9,1.4,B-,100.0,,,,,,,,,-0.3554,0.0011,,,2453.6351,17.3014,-3693.2162,19.4944,2905.7377,18.1059,-3864.087,13.749,4371.1358,15.339,8559.2515,13.1173,7607.8418,0.0492,231041027.085,12.206,38216.488,11.37,N,1983.0,31-Aug-2022,Balraj Singh and  Jagdish K. Tuli and  and Edgardo Browne,2023-10-18,231ra
88,144,Ra,5.7714,0.0375,,,,0.0,,,0+,4.2,,8,m,252.0,48.0,B-,100.0,,,,,,,,,,,,,1342.5322,15.9313,-3337.2158,15.9313,2828.5731,19.9055,-5575.879,16.702,5790.8509,14.595,8872.5907,11.9798,7600.0099,0.0394,232043475.267,9.823,40496.955,9.151,N,1983.0,1-Nov-2004,E. BROWNE,2023-10-18,232ra
88,145,Ra,,,,,,0.0,,,(1/2+),30,,5,s,30.0,5.0,B-,100.0,,,,,,,,,,,,,3026.0244,15.6228,-2891.6793,15.6228,2546.746,15.6227,-4585.99,21.36,4234.2115,12.5596,9027.7436,16.4083,7585.5644,0.0369,233047594.57,9.235,44334.062,8.603,N,1990.0,8-Oct-2020,B. Singh and  J. K. Tuli and  E. Browne,2023-10-18,233ra
88,146,Ra,,,,,,0.0,,,0+,30,,10,s,30.0,10.0,B-,100.0,,,,,,,,,,,,,2089.4348,16.2945,-2448.7262,15.5032,2336.0,200.0,,,5474.7506,12.012,9278.3941,21.2821,7576.5439,0.0358,234050382.1,9.0,46930.629,8.383,N,1990.0,1-Jun-2006,E. BROWNE and  J. K. TULI,2023-10-18,234ra
89,116,Ac,,,,,,0.0,,,(9/2-),20,,+97-9,ms,0.02,0.053,A,100.0,,,,,,,,,,,,,,,,,8093.1999,58.6205,8302.836,63.541,,,-756.6203,59.9871,7662.8519,0.2894,205015144.152,63.682,14106.689,59.32,N,2014.0,20-Apr-2020,F.G. KONDEV,2023-10-18,205ac
89,117,Ac,,,,,,0.0,,,(3+),22,,+9-5,ms,0.022,0.007,A,100.0,,,,,,,,,,,,,,,,,7958.2999,64.8074,9919.141,67.533,8693.2531,88.0636,-391.9296,68.9561,7667.8538,0.316,206014476.477,69.874,13484.754,65.088,N,1998.0,31-Jan-2008,F.G. KONDEV,2023-10-18,206ac
89,118,Ac,,,,,,0.0,,,(9/2-),27,,+11-6,ms,0.027,0.0085,A,100.0,,,,,,,,,,,,,,,,,7844.8999,55.9017,7632.24,81.0,10409.8435,86.0246,-291.6441,59.0603,7681.1001,0.2717,207011965.967,60.384,11146.228,56.248,N,1994.0,1-Aug-2010,F.G. KONDEV and  S. LALKOVSKI,2023-10-18,207ac
89,119,Ac,,,,,,0.0,,,(3+),95,,+24-16,ms,0.095,0.02,A,99.0,,EC,1.0,,,,,,,,,,-5927.1868,71.9264,,,7728.6302,59.6138,9032.92,65.11,8456.6919,85.568,42.1045,86.9211,7684.8289,0.31,208011552.251,69.225,10760.854,64.483,N,1994.0,1-Jun-2007,M. J. MARTIN,2023-10-18,208ac
89,120,Ac,,,,,,0.0,,,(9/2-),0.087,,+12-9,s,0.087,0.0105,A,100.0,,,,,,,,,,,,,-7550.0,117.0,-15914.4727,64.2972,7729.7872,55.2952,6986.647,56.141,9987.2858,85.3043,172.018,56.5702,7695.8455,0.2672,209009495.375,59.953,8844.887,55.846,N,1968.0,30-Sep-2013,J. CHEN {+#} AND F.G. KONDEV,2023-10-18,209ac
89,121,Ac,,,,,,0.0,,,,0.35,,5,s,0.35,0.05,A,100.0,,EC+B+,,,,,,,,,,,-5295.442,65.018,-15702.0,120.0,7586.022,57.4594,8321.24,62.88,8152.1259,83.5976,383.1324,62.4725,7698.0182,0.2962,210009408.625,66.782,8764.079,62.208,N,1968.0,31-Mar-2014,M. SHAMSUZZOHA BASUNIA,2023-10-18,210ac
89,122,Ac,,,,,,0.0,,,9/2-,0.21,,3,s,0.21,0.03,A,100.0,,EC+B+,0.2,,,,,,,,,,-6732.9111,101.4758,-14987.3539,56.9815,7567.5897,52.476,6311.615,53.982,9691.9119,82.214,588.3246,54.533,7707.468,0.2548,211007668.846,57.706,7143.485,53.753,N,1968.0,28-FEB-2013,D. ABRIOLA and  P. DEMETRIOU and  M. HASSANVAND and  M. HUSSAIN,2023-10-18,211ac
89,123,Ac,,,,,,0.0,,,(7+),880,,35,ms,0.88,0.035,A,95.0,,EC+B+,5.0,,,,,,5.0,0.3,,,-4811.2864,24.1055,-14648.1143,88.808,7539.6118,23.9586,7498.363,24.166,7915.2032,58.0366,821.2411,22.44,7708.4479,0.1032,212007836.442,23.492,7299.6,21.883,N,1968.0,1-Aug-2020,K. Auranen and E.A. McCutchan,2023-10-18,212ac
89,124,Ac,,,,,,0.0,,,9/2-,738,,16,ms,0.738,0.016,A,100.0,,,,,,,,,4.2,0.4,,,-5979.0781,14.8635,-14041.1749,15.4257,7498.2578,4.2486,5795.472,15.247,9229.8885,24.7982,949.1789,15.5226,7715.5908,0.0548,213006592.665,12.522,6141.029,11.665,N,1968.0,1-Jan-2022,M. S. Basunia,2023-10-18,213ac
89,125,Ac,,,,,,0.0,,,5(+),8.2,,2,s,8.2,0.2,A,89.0,3.0,EC,11.0,3.0,,,,,4.83,0.2,0.14,0.08,-4261.6599,17.2389,-13758.1539,16.3871,7351.864,2.4984,6340.532,14.532,7779.0758,17.8427,1201.2566,16.734,7715.8874,0.0633,214006906.4,14.547,6433.272,13.551,N,1968.0,1-May-2021,Shaofei Zhu and E. A. McCutchan,2023-10-18,214ac
89,126,Ac,,,,,,0.0,,,9/2-,0.17,,1,s,0.17,0.01,A,99.91,0.02,EC+B+,0.09,0.02,,,,,4.14,0.06,0.04,0.1,-4890.8833,13.9296,-12735.6995,16.3548,7745.9488,3.1828,3498.555,14.344,8474.0396,18.3558,1351.1613,13.4703,7719.4137,0.0577,215006474.061,13.318,6030.55,12.406,N,1968.0,23-SEP-2013,A.K. Jain and  S. Singh and  B. Singh and  N. Kaur and  S. Lakshmai and  B. Maheshwari,2023-10-18,215ac
89,127,Ac,,,,,,0.0,,,(1-),440,,16,us,0.00044,1.6e-05,A,100.0,,,,,,,,,,,,,-2148.8006,14.4375,-10843.0152,11.1943,9240.8187,2.8621,4858.27,12.21,5952.1319,15.4563,1671.2295,11.7039,7711.2319,0.0427,216008749.101,9.908,8149.736,9.23,N,1967.0,1-Mar-2007,S. -C. WU,2023-10-18,216ac
89,128,Ac,,,,,,0.0,,,9/2-,69,,4,ns,6.9e-08,4e-09,A,100.0,,EC+B+,2.0,,,,,,3.83,0.05,,,-3503.459,15.4454,-9667.5339,15.761,9831.6047,10.1882,2812.785,13.252,7518.7333,14.5299,1878.1162,13.7496,7710.3448,0.0517,217009342.325,12.048,8702.321,11.223,N,1972.0,1-DEC-2017,B. SINGH and  A. CHAKRABORTY and  S. BHATTACHARYA,2023-10-18,217ac
89,129,Ac,,,,,,0.0,,,(1-),1.03,,5,us,1.03e-06,5e-08,A,100.0,,,,,,,,,,,,,-1515.9019,58.5648,-9426.2531,58.5846,9384.2563,56.9829,4205.289,58.445,5922.7941,58.6903,2327.6618,58.023,7702.145,0.2643,218011648.86,61.853,10850.845,57.616,N,1970.0,30-Oct-2019,Balraj Singh and  M.S. Basunia and  Murray Martin et al. and ,2023-10-18,218ac
89,130,Ac,,,,,,0.0,,,9/2-,11.8,,15,us,1.18e-05,1.5e-06,A,100.0,,,,,,,,,,,,,-2893.2268,76.3627,-8868.5117,52.5371,8826.4999,50.9902,2175.7,51.9,7352.6098,77.2462,2364.9742,52.3786,7700.5489,0.2351,219012420.425,55.263,11569.553,51.477,N,1970.0,19-May-2021,Balraj Singh et al. and ,2023-10-18,219ac
89,131,Ac,,,,,,0.0,,,(3-),26.4,,2,ms,0.0264,0.0002,A,100.0,,EC,0.0005,,,,,,,,,,-945.7825,14.9144,-8790.3429,56.7644,8347.8172,4.4884,3471.664,9.76,5897.1161,51.8053,2939.0686,9.0231,7692.3515,0.0279,220014754.527,6.579,13743.755,6.129,N,1970.0,31-Oct-2010,E. BROWNE and  J. K. TULI,2023-10-18,220ac
89,132,Ac,,,,,,0.0,,,(3/2-),52,,2,ms,0.052,0.002,A,100.0,,,,,,,,,,,,,-2408.8773,57.4376,-8229.8074,58.5032,7791.4696,56.5253,1567.171,57.089,7284.0249,57.1978,3030.0139,57.3835,7690.5039,0.2575,221015599.721,61.086,14531.048,56.901,N,1968.0,15-Jan-2007,Ashok Jain and  Sukhjeet Singh and  Suresh Kumar and  Jagdish Tuli,2023-10-18,221ac
89,133,Ac,,,,,,0.0,,,1-,5.0,,5,s,5.0,0.5,A,99.0,1.0,EC+B+,1.0,1.0,,,,,,,,,-581.2415,11.1289,-8389.4465,9.1328,7137.4413,2.0368,2301.592,6.474,5980.5691,57.0624,3631.0507,6.3308,7682.8015,0.0212,222017844.232,5.044,16621.797,4.699,N,1949.0,31-Mar-2011,Sukhjeet Singh and  A. K. Jain and  Jagdish K. Tuli,2023-10-18,222ac
89,134,Ac,,,,,,0.0,,,(5/2-),2.10,,5,m,126.0,3.0,A,99.0,,EC,1.0,,,,,,,,,,-1560.3471,10.4712,-7449.3021,12.2847,6783.1999,1.0,591.81,7.25,6868.0606,8.2833,3784.1214,8.1549,7679.1479,0.0312,223019135.982,7.457,17825.055,6.947,N,1948.0,1-May-2001,E. BROWNE,2023-10-18,223ac
89,135,Ac,,,,,,0.0,,,(0-),2.78,,16,h,10008.0,576.0,EC,90.9,,A,9.1,,,,,,,,,,238.5672,10.3428,-7222.5723,8.8233,6326.8999,0.7,1408.316,4.472,5662.2252,7.9549,4288.0683,4.4418,7670.1438,0.0183,224021722.249,4.389,20234.148,4.089,N,1948.0,08-Mar-2022,Balraj Singh and  Sukhjeet Singh,2023-10-18,224ac
89,136,Ac,,,,,,0.0,,,(3/2-),9.920,,3,d,857088.0,259.2,A,100.0,,14C,5.3e-10,1.3e-10,,,,,,,,,-672.8878,6.6576,-6429.5936,10.6775,5935.138,1.4294,-355.739,5.42,6668.1608,6.1585,4477.4986,4.8675,7665.6906,0.0211,225023228.601,5.107,21637.305,4.758,N,1947.0,25-OCT-2019,BALRAJ SINGH,2023-10-18,225ac
89,137,Ac,,,,,,0.0,,,(1),29.37,,12,h,105732.0,432.0,B-,83.0,3.0,EC,17.0,3.0,A,0.006,0.002,,,,,,1111.5517,4.5626,-6072.3099,5.8762,5506.1819,8.071,641.625,3.65,5399.4221,5.5019,4972.8137,3.7703,7655.6628,0.0137,226026096.999,3.327,24309.201,3.1,N,1950.0,1-Feb-1996,Y. A. AKOVALI,2023-10-18,226ac
89,138,Ac,,,,,,0.0,,,3/2-,21.772,,3,Y,687057392.318817,94670.777923776,B-,98.62,0.0036,A,1.38,0.0036,,,,,1.1,,1.74,0.1,44.7559,0.8297,-5419.4524,4.7467,5042.2697,0.1425,-1327.949,2.738,6531.0041,3.3355,5107.0318,2.246,7650.7084,0.0085,227027750.594,2.068,25849.515,1.926,N,1851.0,15-Jan-2016,ICTP-2014 Workshop Group,2023-10-18,227ac
89,139,Ac,,,,,,0.0,,,3+,6.15,,2,h,22140.0,72.0,B-,100.0,,,,,,,,,,,,,2123.7545,2.6446,-4981.4231,2.5566,4721.1237,11.3723,-45.54,2.89,5026.179,2.4243,5571.7809,2.4193,7639.1973,0.0092,228031019.685,2.247,28894.654,2.093,N,1908.0,31-Dec-2012,KHALIFEH ABUSALEEM,2023-10-18,228ac
89,140,Ac,,,,,,0.0,,,(3/2+),62.7,,5,m,3762.0,30.0,B-,100.0,,,,,,,,,,,,,1104.4191,12.3458,-4152.2814,12.2433,4444.4184,17.0248,-1872.027,19.623,6276.0358,12.289,5539.2291,12.2726,7633.2446,0.0529,229032947.0,13.0,30689.936,12.109,N,1952.0,1-Jun-2008,E. BROWNE and  J. K. TULI,2023-10-18,229ac
89,141,Ac,,,,,,0.0,,,(1+),122,,3,s,122.0,3.0,B-,100.0,,B-SF,1.2e-06,4e-07,,,,,,,,,2975.8745,15.8815,-3818.4489,16.0169,3892.9309,17.0169,-677.92,18.88,4922.868,19.9348,6012.5476,22.1174,7621.4604,0.0689,230036327.0,17.0,33838.386,15.835,N,1973.0,1-May-2012,E. BROWNE and  J. K. TULI,2023-10-18,230ac
89,142,Ac,,,,,,0.0,,,1/2+,7.5,,1,m,450.0,6.0,B-,100.0,,,,,,,,,,,,,1947.0425,13.0976,-3170.9767,13.0968,3655.4921,14.3128,-2453.635,17.302,6146.8512,20.514,6042.4239,16.6156,7615.0768,0.0565,231038393.0,14.0,35762.853,13.041,N,1973.0,31-Aug-2022,Balraj Singh and  Jagdish K. Tuli and  and Edgardo Browne,2023-10-18,231ac
89,143,Ac,,,,,,0.0,,,(1+),119,,5,s,119.0,5.0,B-,100.0,,,,,,,,,,,,,3707.7131,13.1181,-2732.7056,13.0976,3345.286,14.6758,-1342.532,15.931,4679.748,18.4426,6351.0361,17.3014,7602.4245,0.0562,232042034.0,14.0,39154.423,13.041,N,1986.0,1-Nov-2004,E. BROWNE,2023-10-18,232ac
89,144,Ac,,,,,,0.0,,,(1/2+),143,,10,s,143.0,10.0,B-,100.0,,,,,,,,,,,,,2576.395,13.1184,-2209.9906,13.1181,3214.8682,13.967,-3026.025,15.623,5917.7037,18.4426,6477.8889,15.9313,7595.1939,0.056,233044346.0,14.0,41308.037,13.041,N,1983.0,8-Oct-2020,B. Singh and  J. K. Tuli and  E. Browne,2023-10-18,233ac
89,145,Ac,,,,,,0.0,,,,44,,7,s,44.0,7.0,B-,100.0,,,,,,,,,,,,,4228.2364,14.2103,-1961.7659,14.0448,2929.5101,15.4278,-2089.434,16.294,4538.1609,19.1127,6781.8383,16.4083,7582.1297,0.0597,234048139.0,15.0,44841.195,13.972,N,1986.0,1-Jun-2006,E. BROWNE and  J. K. TULI,2023-10-18,234ac
89,146,Ac,,,,,,0.0,,,,62,,4,s,62.0,4.0,,,,,,,,,,,,,,,3339.4064,19.1127,-1327.1161,14.2103,2851.6694,15.9688,,,5555.3525,19.76,6862.4403,16.2945,7573.5051,0.0595,235050840.0,15.0,47357.16,13.972,N,2006.0,1-Feb-2014,E. BROWNE and  J. K. TULI,2023-10-18,235ac
89,147,Ac,,,,,,0.0,,,,1.2,,+58-5,m,72.0,189.0,B-,100.0,,,,,,,,,,,,,4965.7951,40.6669,-868.0742,40.3564,2723.2474,40.6669,,,4207.4805,40.6669,7198.0,302.0,7559.2423,0.1618,236054988.0,41.0,51220.998,38.191,N,2010.0,1-Apr-2022,Shaofei Zhu,2023-10-18,236ac
90,117,Th,,,,,,0.0,,,,10,,+46-5,ms,0.01,0.0255,A,100.0,,,,,,,,,,,,,,,,,,,,,,,,,,,,,,,,,31-AUG-2022,BALRAJ SINGH,2023-10-18,207th
90,118,Th,,,,,,0.0,,,0+,1.7,,+17-6,ms,0.0017,0.00115,A,100.0,,,,,,,,,,,,,,,,,8202.0281,30.5894,5927.187,71.927,,,1747.158,64.6466,7652.5716,0.1532,208017915.348,34.208,16688.041,31.865,N,2010.0,15-MAY-2011,BALRAJ SINGH AND MICHAEL BIRCH,2023-10-18,208th
90,119,Th,,,,,X,0.0,,470.0,(13/2+),2.5,,+17-7,ms,0.0025,0.0012,A,100.0,,,,,,,,,,,,,,,,,8166.0,106.0,7550.113,117.166,8364.0,108.0,1655.0,122.0,7656.0,0.0,209017601.0,111.0,16395.0,103.0,Y,,30-Sep-2013,J. CHEN {+#} AND F.G. KONDEV,2023-10-18,209th
90,120,Th,,,,,,0.0,,,0+,16,,4,ms,0.016,0.004,A,100.0,,EC+B+,,,,,,,,,,,,,,,8068.9919,5.768,5295.442,65.018,10407.0,105.0,2074.3369,58.9604,7669.0764,0.09,210015093.515,20.299,14059.521,18.909,N,1995.0,31-Mar-2014,M. SHAMSUZZOHA BASUNIA,2023-10-18,210th
90,121,Th,,,,,,0.0,,,,37,,+28-11,ms,0.037,0.0195,A,,,EC+B+,,,,,,,,,,,-8175.8296,110.6091,,,7937.4924,63.3304,6732.911,101.476,8254.4428,88.1219,2176.6538,106.1968,7671.8506,0.4079,211014896.923,92.399,13876.396,86.07,N,1995.0,28-FEB-2013,BALRAJ SINGH,2023-10-18,211th
90,122,Th,,,,,,0.0,,,0+,31.7,,13,ms,0.0317,0.0013,A,100.0,,,,,,,,,,,,,-9485.6366,88.1858,-18012.6576,70.2038,7958.0367,4.5583,4811.286,24.105,9836.828,86.6608,2321.5699,54.6948,7682.0628,0.0477,212013001.57,10.852,12110.886,10.109,N,1980.0,1-Aug-2020,K. Auranen and E.A. McCutchan,2023-10-18,212th
90,123,Th,,,,,,0.0,,,5/2-,146,,+22-19,ms,0.146,0.0205,A,100.0,,,,,,,,,,,,,-7534.0866,57.9078,-17547.7333,88.088,7836.9514,7.2067,5979.079,14.867,8062.0967,13.6507,2468.4634,23.7454,7683.847,0.0433,213013011.47,9.895,12120.108,9.217,N,1968.0,1-Jan-2022,M. S. Basunia,2023-10-18,213th
90,124,Th,,,,,,0.0,,,0+,87,,10,ms,0.087,0.01,A,100.0,,,,,,,,,,,,,-8764.963,81.9051,-17030.5806,58.1551,7827.1772,5.3992,4261.66,17.24,9496.494,14.0753,2735.0689,15.7966,7692.3173,0.0498,214011481.48,11.445,10694.932,10.661,N,1968.0,1-May-2021,Shaofei Zhu and E. A. McCutchan,2023-10-18,214th
90,125,Th,,,,,,0.0,,,(1/2-),1.2,,2,s,1.2,0.2,A,100.0,,,,,,,,,,,,,-6883.1037,82.6932,-16609.7792,81.455,7664.6478,3.9321,4890.884,13.93,7844.8162,12.401,2800.8093,14.9587,7693.0266,0.0295,215011724.64,6.8,10921.434,6.335,N,1968.0,23-SEP-2013,B. SINGH,2023-10-18,215th
90,126,Th,,,,,,0.0,,,0+,26.0,,2,ms,0.026,0.0002,A,100.0,,EC+B+,0.01,,,,,,,,,,-7525.2616,27.0327,-15577.3184,83.1944,8072.3838,4.2621,2148.801,14.439,8694.2146,12.7841,3020.9843,16.6462,7697.6617,0.0514,216011055.933,11.92,10298.537,11.104,N,1968.0,1-Mar-2007,S. -C. WU,2023-10-18,216th
90,127,Th,,,,,,0.0,,,(9/2+),0.252,,4,ms,0.000252,4e-06,A,100.0,,,,,,,,,,,,,-4848.968,16.3966,-13689.3365,26.835,9435.3069,4.0315,3503.459,15.447,6164.0749,15.3576,3232.9273,14.0655,7690.5945,0.0489,217013103.443,11.394,12205.78,10.614,N,1968.0,1-DEC-2017,B. SINGH and  R. SHEARMAN,2023-10-18,217th
90,128,Th,,,,,,0.0,,,0+,122,,5,ns,1.22e-07,5e-09,A,100.0,,,,,,,,,,,,,-6282.8212,20.7132,-12759.3193,16.3326,9849.0906,9.1118,1515.902,58.568,7910.3513,14.9407,3624.5453,15.3751,7691.6026,0.0482,218013276.248,11.289,12366.747,10.516,N,1973.0,10-Jun-2021,Balraj Singh,2023-10-18,218th
90,129,Th,,,,,,0.0,,,(9/2+),1.025,,30,us,1.025e-06,3e-08,A,100.0,,,,,,,,,,,,,-4120.4434,89.701,-12258.1061,59.2112,9505.8694,55.9984,2893.227,76.404,5975.285,57.4273,3677.0361,80.6518,7683.7655,0.2578,219015526.432,60.611,14462.78,56.46,N,1973.0,19-May-2021,Balraj Singh et al. and ,2023-10-18,219th
90,130,Th,,,,,,0.0,,,0+,9.7,,6,us,9.7e-06,6e-07,A,100.0,,EC,2e-07,,,,,,,,,,-5588.8595,20.0508,-11965.0038,71.0347,8973.1556,11.102,945.783,14.997,7844.5604,58.0735,4168.9866,53.2428,7684.4964,0.0622,220015769.866,14.693,14689.538,13.687,N,1973.0,30-Nov-2014,E. BROWNE and  J. K. TULI,2023-10-18,220th
90,131,Th,,,,,,0.0,,,(7/2+),1.74,,3,ms,0.00174,3e-05,A,100.0,,,,,,,,,,,,,-3435.0112,59.9069,-11409.7895,16.6918,8625.474,3.7755,2408.878,57.46,5820.93,15.7719,4092.8006,9.9445,7676.064,0.0362,221018185.757,8.582,16939.926,7.994,N,1970.0,15-Jan-2007,Ashok Jain and  Sukhjeet Singh and  Suresh Kumar and  Jagdish Tuli,2023-10-18,221th
90,132,Th,,,,,,0.0,,,0+,2.24,,3,ms,0.00224,3e-05,A,100.0,,,,,,,,,,,,,-4861.322,87.1915,-11243.2162,60.2435,8132.5665,2.8606,581.242,11.245,7808.205,12.8705,4616.9806,57.7886,7676.6592,0.046,222018468.22,10.966,17203.039,10.216,N,1970.0,31-Mar-2011,Sukhjeet Singh and  A. K. Jain and  Jagdish K. Tuli,2023-10-18,222th
90,133,Th,,,,,,0.0,,,(5/2)+,0.60,,2,s,0.6,0.02,A,100.0,,,,,,,,,,,,,-2952.2124,76.0305,-10750.277,86.9546,7566.6333,4.0825,1560.347,10.552,5888.955,12.8389,4525.3665,9.0884,7668.6426,0.0356,223020811.083,8.527,19385.402,7.943,N,1952.0,1-May-2001,E. BROWNE,2023-10-18,223th
90,134,Th,,,,,,0.0,,,0+,1.04,,2,s,1.04,0.02,A,100.0,,,,,,,,,,,,,-3866.7705,12.1339,-10413.3519,76.222,7298.5734,5.8787,-238.567,10.438,7461.1394,12.3576,5118.4454,11.7809,7667.7162,0.0429,224021466.137,10.31,19995.581,9.604,N,1949.0,08-Mar-2022,Balraj Singh and  Sukhjeet Singh,2023-10-18,224th
90,135,Th,,,,,,0.0,,,(3/2+),8.75,,4,m,525.0,2.4,A,90.0,,EC,10.0,,,,,,,,,,-2046.4473,82.0038,-9623.4763,8.9473,6921.3999,2.1213,672.888,6.97,5756.7058,10.7574,5212.926,6.3836,7659.2229,0.0226,225023950.975,5.467,22310.193,5.093,N,1949.0,1-Dec-2008,A. K. Jain (a) and  R. Raut (b) and  J. K. Tuli,2023-10-18,225th
90,136,Th,,,,,,0.0,,,0+,30.57,,10,m,1834.2,6.0,A,100.0,,,,,,,,,,,,,-2835.9504,11.9702,-9230.3089,81.9738,6452.5282,1.0117,-1111.552,5.449,7183.8616,6.6054,5728.6268,6.4225,7657.1195,0.0198,226024903.699,4.81,23197.649,4.481,N,1948.0,1-Feb-1996,Y. A. AKOVALI,2023-10-18,226th
90,137,Th,5.7404,0.0165,,,,0.0,,,(1/2+),18.697,,7,d,1615420.8,604.8,A,100.0,,,,,,,,,,,,,-1025.6117,7.2815,-8300.1587,11.3809,6146.5981,0.1,-44.756,2.841,5464.2083,4.8141,5793.413,3.4323,7647.4591,0.0092,227027702.546,2.241,25804.759,2.088,N,1906.0,15-Jan-2016,ICTP-2014 Workshop Group,2023-10-18,227th
90,138,Th,5.7488,0.0152,,,,0.0,,,0+,1.9116,,16,Y,60324219.69303007,50491.0815593472,A,100.0,,,,,,,,,,,,,-2152.6993,4.3399,-8130.7892,7.372,5520.1511,0.2236,-2123.755,2.764,7105.1775,2.2521,6367.5865,2.1013,7645.0807,0.0079,228028739.741,1.938,26770.899,1.806,N,1905.0,31-Dec-2012,KHALIFEH ABUSALEEM,2023-10-18,228th
90,139,Th,5.7557,0.0143,,,,0.0,,,5/2+,7880,,120,Y,248668576679.78497,3786831116.95104,A,100.0,,,,,,,,,0.46,0.04,3.11,0.06,-311.331,3.7152,-7409.3997,4.8432,5167.5578,1.0244,-1104.419,12.345,5256.7004,2.609,6598.1079,2.7791,7634.651,0.0105,229031761.357,2.581,29585.517,2.404,N,1947.0,1-Jun-2008,E. BROWNE and  J. K. TULI,2023-10-18,229th
90,140,Th,5.767,0.0131,0.02,0.02,,0.0,,,0+,7.54E+4,,3,Y,2379392218484.237,9467077792.3776,A,100.0,,24NE,5.8e-11,1.3e-11,SF,4e-12,,,,,,,-1311.0313,2.8334,-7105.6545,3.1402,4770.0202,1.5149,-2975.874,15.881,6794.3235,2.2089,7116.3955,12.1696,7630.9974,0.0053,230033132.267,1.297,30862.512,1.209,N,1907.0,1-May-2012,E. BROWNE and  J. K. TULI,2023-10-18,230th
90,141,Th,,,,,,0.0,,,5/2+,25.57,,8,h,92052.0,288.0,B-,100.0,,,,,,,,,,,,,391.4727,1.4598,-6429.0505,2.8401,4213.431,1.5514,-1947.042,13.098,5118.0192,0.1981,7311.5467,15.8821,7620.1188,0.0053,231036302.764,1.306,33815.811,1.217,N,1911.0,31-Aug-2022,Balraj Singh and  Jagdish K. Tuli and  and Edgardo Browne,2023-10-18,231th
90,142,Th,5.7848,0.0124,99.98,0.02,,0.0,,,0+,1.40E10,,1,Y,4.41796963644288e+17,3155692597459200.0,A,100.0,,SF,1.1e-09,4e-10,,,,,,,,,-499.8388,7.7338,-6048.9459,1.7035,4081.5999,1.4,-3707.713,13.118,6440.4187,1.0715,7605.1141,13.1181,7615.0338,0.0061,232038053.606,1.525,35446.71,1.421,N,1898.0,1-Nov-2004,E. BROWNE,2023-10-18,232th
90,143,Th,,,,,,0.0,,,1/2+,21.83,,4,m,1309.8,2.4,B-,100.0,,,,,,,,,,,,,1242.232,1.1224,-5286.2244,7.7342,3744.7638,15.5063,-2576.395,13.119,4786.3856,0.0928,7711.7517,13.1184,7602.8937,0.0061,233041580.126,1.528,38731.642,1.424,N,1935.0,8-Oct-2020,B. Singh and  J. K. Tuli and  E. Browne,2023-10-18,233th
90,144,Th,,,,,,0.0,,,0+,24.10,,3,d,2082240.0,2592.0,B-,100.0,,,,,,,,,,,,,274.0882,3.1716,-4947.7703,2.5322,3671.7365,10.6168,-4228.237,14.21,6190.0023,2.5741,7984.0503,13.2954,7596.8557,0.0111,234043599.801,2.779,40612.958,2.589,N,1900.0,1-Jun-2006,E. BROWNE and  J. K. TULI,2023-10-18,234th
90,145,Th,,,,,,0.0,,,(1/2+),7.2,,1,m,432.0,6.0,B-,100.0,,,,,,,,,,,,,1728.8531,19.1127,-4392.4342,13.6685,3376.3498,17.3014,-3339.406,19.112,4666.5225,13.2954,8112.4119,19.1127,7584.3862,0.0555,235047255.0,14.0,44017.754,13.041,N,1969.0,1-Feb-2014,E. BROWNE and  J. K. TULI,2023-10-18,235th
90,146,Th,,,,,,0.0,,,0+,37.5,,2,m,2250.0,12.0,B-,100.0,,,,,,,,,,,,,921.2477,19.76,-4105.0162,19.76,3333.3314,16.7023,-4965.795,40.667,5833.8692,19.1127,8390.9286,19.76,7576.9688,0.0592,236049657.0,15.0,46255.203,13.972,N,1973.0,1-Apr-2022,Shaofei Zhu,2023-10-18,236th
90,147,Th,,,,,,0.0,,,(5/2+),4.8,,5,m,288.0,30.0,B-,100.0,,,,,,,,,,,,,2427.4736,20.514,-3450.1758,21.1184,3196.1195,18.0212,,,4371.4235,21.1184,8554.8715,41.3441,7563.4433,0.0668,237053629.0,17.0,49955.097,15.835,N,1993.0,15-Mar-2006,M. S. Basunia,2023-10-18,237th
90,148,Th,,,,,,0.0,,,0+,9.4,,20,m,564.0,120.0,B-,100.0,,,,,,,,,,,,,1631.0,284.0,-3074.0,284.0,3169.0,283.0,,,5501.0,284.0,8784.0,490.0,7555.0,1.0,238056388.0,304.0,52525.0,283.0,Y,1999.0,1-Jun-2014,E. BROWNE and  J. K. TULI,2023-10-18,238th
91,120,Pa,,,,,,0.0,,,,300,GT,,ns,3e-07,,A,,,EC+B+,,,P,,,,,,,,,,,,8481.0817,40.7744,8175.83,110.6,,,-703.7339,71.9996,7629.3948,0.3293,211023674.036,74.581,22052.226,69.472,N,2006.0,28-FEB-2013,BALRAJ SINGH,2023-10-18,211pa
91,121,Pa,,,,,,0.0,,,,5.1,,+51-17,ms,0.0051,0.0034,A,100.0,,,,,,,,,,,,,,,,,8410.7525,59.3,9485.637,88.185,8527.021,111.8076,-431.1556,122.8109,7633.6289,0.4132,212023184.819,94.047,21596.523,87.604,N,1997.0,1-Aug-2020,K. Auranen and E.A. McCutchan,2023-10-18,212pa
91,122,Pa,,,,,,0.0,,,9/2-,5.3,,+40-16,ms,0.0053,0.0028,A,100.0,,,,,,,,,,,,,,,,,8384.3916,12.2301,7534.086,57.908,10013.6467,104.6083,-254.3369,58.0564,7644.8027,0.2684,213021099.644,61.374,19654.194,57.17,N,1995.0,1-Jan-2022,M. S. Basunia,2023-10-18,213pa
91,123,Pa,,,,,,0.0,,,,17,,3,ms,0.017,0.003,A,100.0,,,,,,,,,,,,,,,,,8270.8999,52.2015,8764.963,81.905,8265.6176,99.3133,-50.8161,81.7297,7647.7037,0.3795,214020891.055,87.18,19459.895,81.208,N,1995.0,1-May-2021,Shaofei Zhu and E. A. McCutchan,2023-10-18,214pa
91,124,Pa,,,,,,0.0,,,(9/2-),14,,2,ms,0.014,0.002,A,100.0,,,,,,,,,,,,,-7084.7747,132.8246,,,8236.1363,62.5194,6883.103,82.693,9726.6755,115.7273,179.3655,83.1365,7657.3733,0.3835,215019113.955,88.513,17804.537,82.45,N,1979.0,1-JUN-2021,E.A. MCCUTCHAN,2023-10-18,215pa
91,125,Pa,,,,,,0.0,,,,0.15,,+6-4,s,0.15,0.05,A,98.0,,EC,2.0,,,,,,,,,,-5242.6308,37.3721,-15136.8315,107.0131,8099.2828,11.3392,7525.262,27.033,8052.0568,86.0552,386.6061,25.4478,7659.2006,0.1141,216019134.633,26.459,17823.799,24.647,N,1972.0,1-Mar-2007,S. -C. WU,2023-10-18,216pa
91,126,Pa,,,,,,0.0,,,(9/2-),3.8,,2,ms,0.0038,0.0002,A,100.0,,,,,,,,,,,,,-5916.0,81.0,-14082.9992,30.7428,8488.8028,4.4886,4848.968,16.397,8840.3684,27.6346,532.7599,16.7111,7664.6438,0.0576,217018309.024,13.417,17054.748,12.498,N,1968.0,1-DEC-2017,BALRAJ SINGH,2023-10-18,217pa
91,127,Pa,,,,,,0.0,,,(8-),109,,5,us,0.000109,5e-06,A,100.0,,,,,,,,,,,,,-3245.0869,22.5042,-12392.0,82.0,9791.3805,11.6121,6282.821,20.714,6476.4981,21.7566,845.1831,20.7635,7659.1935,0.0819,218020021.133,19.158,18649.568,17.846,N,1979.0,10-Jun-2021,Balraj Singh,2023-10-18,218pa
91,128,Pa,,,,,,0.0,,,9/2-,54,,10,ns,5.4e-08,1e-08,A,100.0,,,,,,,,,,,,,-4712.7298,70.9693,-11382.7496,71.0403,10127.7574,68.5918,4120.443,89.702,8137.6627,71.9486,1072.4945,70.4933,7661.3783,0.3183,219019949.909,74.831,18583.223,69.705,N,2005.0,19-May-2021,Balraj Singh et al. and ,2023-10-18,219pa
91,129,Pa,,,,,X,0.0,,,,0.78,,16,us,7.8e-07,1.6e-07,A,100.0,,EC+B+,3e-07,,,,,,,,,,-2735.0,102.0,-11088.8742,19.8161,9703.745,11.3834,5588.859,20.053,6376.1443,71.2272,1473.3539,58.33,7655.5364,0.0666,220021769.753,15.732,20278.397,14.655,N,1987.0,31-Oct-2010,E. BROWNE and  J. K. TULI,2023-10-18,220pa
91,130,Pa,,,,,,0.0,,,9/2-,5.9,,17,us,5.9e-06,1.7e-06,A,100.0,,,,,,,,,,,,,-4145.059,93.4311,-10710.0,117.0,9247.6999,58.3095,3435.011,59.916,7974.7783,61.1613,1603.5718,60.9287,7656.9809,0.2687,221021873.393,63.746,20374.937,59.38,N,1983.0,15-Jan-2007,Ashok Jain and  Sukhjeet Singh and  Suresh Kumar and  Jagdish Tuli,2023-10-18,221pa
91,131,Pa,,,,,,0.0,,,,2.9,,+6-4,ms,0.0029,0.0005,A,100.0,,,,,,,,,,,,,-2208.4729,101.0129,-10526.9531,112.7119,8788.5999,64.6607,4861.322,87.206,6381.8941,105.0026,2164.5359,86.9593,7651.2373,0.3901,222023687.064,92.975,22064.361,86.606,N,1970.0,31-Mar-2011,Sukhjeet Singh and  A. K. Jain and  Jagdish K. Tuli,2023-10-18,222pa
91,132,Pa,,,,,,0.0,,,,5.1,,6,ms,0.0051,0.0006,A,100.0,,,,,,,,,,,,,-3707.6637,95.9225,-10006.5375,91.7775,8343.1452,55.4094,2952.212,76.048,7798.0646,114.9703,2154.3956,76.3013,7651.8957,0.3392,223023980.414,81.193,22337.614,75.632,N,1970.0,1-May-2001,E. BROWNE,2023-10-18,223pa
91,133,Pa,,,,,,0.0,,,(5-),0.846,,20,s,0.846,0.02,A,100.0,,,,,,,,,,,,,-1880.3393,16.9711,-10254.2451,59.5136,7693.6799,4.4721,3866.77,12.23,6546.5814,75.9868,2812.0219,10.8666,7646.9612,0.0339,224025617.286,8.145,23862.351,7.587,N,1958.0,08-Mar-2022,Balraj Singh and  Sukhjeet Singh,2023-10-18,224pa
91,134,Pa,,,,,,0.0,,,,1.7,,2,s,1.7,0.2,A,100.0,,,,,,,,,,,,,-3015.361,82.4514,-9457.3684,83.2622,7400.6757,58.859,2046.447,82.025,7577.0291,82.1947,2927.9116,82.4124,7646.6504,0.3639,225026147.927,87.887,24356.64,81.867,N,1958.0,1-Dec-2008,A. K. Jain (a) and  R. Raut (b) and  J. K. Tuli,2023-10-18,225pa
91,135,Pa,,,,,,0.0,,,,1.8,,2,m,108.0,12.0,A,74.0,5.0,EC+B+,26.0,5.0,,,,,,,,,-1295.1978,15.6747,-9409.7194,14.8938,6986.8864,10.1805,2835.951,12.075,6394.3584,82.6084,3565.5642,12.1746,7641.1093,0.0496,226027948.217,12.037,26033.6,11.213,N,1949.0,1-Feb-1996,Y. A. AKOVALI,2023-10-18,226pa
91,136,Pa,,,,,,0.0,,,(5/2-),38.3,,3,m,2298.0,18.0,A,85.0,2.0,EC,15.0,2.0,,,,,,,,,-2214.6629,11.1118,-8569.7449,13.1763,6580.3999,2.1213,1025.612,7.557,7274.5471,13.2949,3656.2496,8.441,7639.4945,0.032,227028803.586,7.797,26830.371,7.263,N,1948.0,15-Jan-2016,ICTP-2014 Workshop Group,2023-10-18,227pa
91,137,Pa,,,,,,0.0,,,3+,22,,1,h,79200.0,3600.0,EC+B+,98.15,0.17,A,1.85,0.17,,,,,3.5,0.5,,,-296.402,14.0858,-8192.7528,9.4496,6264.5352,1.4552,2152.7,4.7,5978.0899,8.3605,4170.1312,4.6731,7632.2076,0.019,228031050.758,4.659,28923.599,4.34,N,1948.0,31-Dec-2012,KHALIFEH ABUSALEEM,2023-10-18,228pa
91,138,Pa,,,,,,0.0,,,(5/2+),1.50,,5,d,129600.0,4320.0,EC,99.52,0.05,A,0.48,0.05,,,,,,,,,-1313.7716,6.6554,-7394.4707,13.846,5834.6274,4.2622,311.331,4.067,7098.0687,5.3116,4163.0224,3.3941,7629.8752,0.0143,229032095.585,3.521,29896.848,3.28,N,1949.0,1-Jun-2008,E. BROWNE and  J. K. TULI,2023-10-18,229pa
91,139,Pa,,,,,,0.0,,,2-,17.4,,5,d,1503360.0,43200.0,EC+B+,92.2,0.7,B-,7.8,0.7,A,0.0032,0.0001,,2.0,0.2,,,558.5262,4.5919,-7108.3949,6.5947,5439.4263,0.7102,1311.031,3.27,5794.6232,4.2208,4700.9452,3.5863,7621.8958,0.0132,230034539.717,3.261,32173.543,3.038,N,1948.0,17-FEB-2014,BALRAJ SINGH,2023-10-18,230pa
91,140,Pa,,,100.0,,,0.0,,,3/2-,32570,,130,Y,1027809078992.4614,4102400376.69696,A,100.0,,SF,3e-10,,,,,,1.99,0.02,,,-381.6138,2.0325,-6261.997,4.7117,5149.9071,0.8253,-391.473,2.149,6820.5232,3.1819,4727.1449,1.464,7618.4267,0.0077,231035882.5,1.901,33424.338,1.771,N,1918.0,31-Aug-2022,Balraj Singh and  Jagdish K. Tuli and  and Edgardo Browne,2023-10-18,231pa
91,141,Pa,,,,,,0.0,,,(2-),1.32,,2,d,114048.0,1728.0,B-,100.0,,EC,,,,,,,,,,,1337.1034,7.4278,-5930.721,7.9386,4626.9789,7.8851,499.839,7.776,5549.1072,7.68,5158.2329,7.5199,7609.5072,0.033,232038590.205,8.206,35946.549,7.645,N,1949.0,1-Nov-2004,E. BROWNE,2023-10-18,232pa
91,142,Pa,,,,,,0.0,,,3/2-,26.975,,13,d,2330640.0,1123.2,B-,100.0,,,,,,,,,4.0,0.7,-3.0,0.4,570.2993,1.975,-5191.353,1.8061,4374.5584,12.1829,-1242.232,1.953,6528.4564,7.6442,5246.2706,1.1197,7604.8675,0.0057,233040246.535,1.433,37489.41,1.336,N,1938.0,8-Oct-2020,B. Singh and  J. K. Tuli and  E. Browne,2023-10-18,233pa
91,143,Pa,,,,,,0.0,,,4+,6.70,,5,h,24120.0,180.0,B-,100.0,,,,,,,,,,,,,2193.9105,3.9998,-4651.5592,4.4539,4075.5678,16.3561,-274.088,4.844,5221.8585,4.0585,5681.7435,4.0847,7594.6837,0.0175,234043305.555,4.395,40338.87,4.094,N,1921.0,1-Jun-2006,E. BROWNE and  J. K. TULI,2023-10-18,234pa
91,144,Pa,,,,,,0.0,,,(3/2-),24.4,,2,m,1464.0,12.0,B-,100.0,,,,,,,,,,,,,1370.1184,14.0169,-3927.3768,14.018,4101.1318,19.1127,-1728.853,19.112,6121.2873,14.5599,5613.0285,14.2103,7588.4139,0.0595,235045399.0,15.0,42288.901,13.972,N,1950.0,1-Feb-2014,E. BROWNE and  J. K. TULI,2023-10-18,235pa
91,145,Pa,,,,,,0.0,,,1(+),9.1,,1,m,546.0,6.0,B-,100.0,,,,,,,,,,,,,2889.373,14.0166,-3656.1455,14.0169,3754.616,19.1127,-921.248,19.759,5026.2638,19.76,5972.7699,19.1127,7577.5573,0.0592,236048668.0,15.0,45333.955,13.972,N,1963.0,1-Apr-2022,Shaofei Zhu,2023-10-18,236pa
91,146,Pa,,,,,,0.0,,,(1/2+),8.7,,2,m,522.0,12.0,B-,100.0,,,,,,,,,,,,,2137.4905,13.0962,-2988.2765,13.0883,3794.6703,18.4426,-2427.473,20.514,5877.6495,19.1127,6016.5501,19.1127,7570.3847,0.055,237051023.0,14.0,47527.624,13.041,N,1954.0,15-Mar-2006,M. S. Basunia,2023-10-18,237pa
91,147,Pa,,,,,,0.0,,,(3-),2.28,,10,m,136.8,6.0,B-,100.0,,,,,,,,,,,,,3586.3111,15.9056,-2567.4079,15.881,3627.9328,21.1184,-1630.957,283.443,4704.8984,20.514,6350.025,22.3946,7558.3449,0.0665,238054637.0,17.0,50894.043,15.835,N,1968.0,1-Jun-2014,E. BROWNE and  J. K. TULI,2023-10-18,238pa
91,148,Pa,,,,,,0.0,,,(3/2),1.8,,5,h,6480.0,1800.0,B-,100.0,,,,,,,,,,,,,2765.0,196.0,-2042.0,196.0,3555.0,196.0,,,5628.0,196.0,6477.0,344.0,7550.0,1.0,239057260.0,210.0,53337.0,196.0,Y,1995.0,30-Jun-2013,E. BROWNE and  J. K. TULI,2023-10-18,239pa
92,122,U,,,,,,0.0,,,0+,0.52,,+95-21,ms,0.00052,0.00058,A,100.0,,,,,,,,,,,,,,,,,,,,,,,,,,,,,,,,,1-May-2021,Shaofei Zhu and E. A. McCutchan,2023-10-18,214u
92,123,U,,,,,,0.0,,,,0.7,,+13-3,ms,0.0007,0.0008,A,0.0,,EC+B+,,,,,,,,,,,,,,,8587.9999,58.6205,7084.775,132.824,,,1859.5538,132.0573,7620.7821,0.4844,215026719.774,111.794,24889.312,104.136,N,2015.0,15-Sep-2015,M. Trudel and L.A.Bernstein,2023-10-18,215u
92,124,U,,,,,,0.0,,,0+,4.5,,+47-16,ms,0.0045,0.00315,A,100.0,,,,,,,,,,,,,,,,,8530.6272,26.2111,5242.63,37.37,9894.2007,107.8586,2027.079,87.1046,7631.3072,0.1301,216024762.829,30.158,23066.429,28.093,N,2015.0,20-DEC-2015,BALRAJ SINGH,2023-10-18,216u
92,125,U,,,,,,0.0,,,,16,,+21-6,ms,0.016,0.0135,A,100.0,,EC+B+,,,,,,,,,,,,,,,8426.0,80.0,5916.252,81.959,8167.0,85.0,2142.0,84.0,7634.0,0.0,217024660.0,86.0,22971.0,81.0,Y,2000.0,1-DEC-2017,BALRAJ SINGH,2023-10-18,217u
92,126,U,,,,,,0.0,,,0+,0.65,,+8-7,ms,0.00065,7.5e-05,A,100.0,,,,,,,,,,,,,,,,,8774.8074,8.6266,3245.087,22.507,9147.0,82.0,2449.0643,18.5499,7640.7191,0.0629,218023504.877,14.722,21894.655,13.714,N,1992.0,10-Jun-2021,Balraj Singh,2023-10-18,218u
92,127,U,,,,,,0.0,,,,60,,7,us,6e-05,7e-06,A,100.0,,,,,,,,,,,,,-6140.9976,92.9309,,,9949.6039,11.7381,4712.73,70.97,6670.0197,19.1308,2642.5859,22.2798,7636.2867,0.0609,219025009.233,14.319,23295.953,13.338,N,1993.0,19-May-2021,Balraj Singh et al. and ,2023-10-18,219u
92,129,U,,,,,,0.0,,,(9/2+),0.66,,14,us,6.6e-07,1.4e-07,A,100.0,,,,,,,,,,,,,-5390.0,213.0,-14026.3444,78.4032,9889.2999,71.3499,4145.059,93.431,6565.0,124.0,3047.3723,73.6086,7634.6849,0.3264,221026323.297,77.44,24519.996,72.135,N,2015.0,18-DEC-2015,BALRAJ SINGH,2023-10-18,221u
92,130,U,,,,,,0.0,,,0+,4.7,,7,us,4.7e-06,7e-07,A,100.0,,,,,,,,,,,,,-7001.8072,64.43,-13709.0,207.0,9481.171,50.9193,2208.473,101.015,8318.4802,88.9202,3391.0742,78.9251,7637.7651,0.2342,222026057.957,55.817,24272.834,51.994,N,1983.0,18-DEC-2015,BALRAJ SINGH,2023-10-18,222u
92,131,U,,,,,,0.0,,,,18,,+10-5,us,1.8e-05,7.5e-06,A,100.0,,EC+B+,0.2,,,,,,,,,,-4613.3046,101.752,-13300.681,70.25,9157.5821,17.3111,3707.664,95.956,6298.8738,78.6787,3308.0539,104.8112,7631.7611,0.2648,223027960.754,63.396,26045.278,59.054,N,1991.0,1-May-2001,E. BROWNE,2023-10-18,223u
92,132,U,,,,,,0.0,,,0+,396,,17,us,0.000396,1.7e-05,A,100.0,,,,,,,,,,,,,-6289.5572,32.7036,-12987.2104,84.2557,8628.2368,6.7512,1880.339,17.043,8373.9058,60.9737,3883.895,77.14,7635.0742,0.0681,224027635.913,16.383,25742.69,15.261,N,1991.0,08-Mar-2022,Balraj Singh and  Sukhjeet Singh,2023-10-18,224u
92,133,U,,,,,,0.0,,,,69,,15,ms,0.069,0.015,A,100.0,,,,,,,,,,,,,-4246.0969,92.1491,-12731.5646,30.5827,8007.1594,5.8969,3015.361,82.468,6442.0074,18.1413,3779.3211,12.3962,7629.7717,0.0442,225029385.05,10.664,27372.001,9.934,N,1989.0,1-Dec-2008,A. K. Jain (a) and  R. Raut (b) and  J. K. Tuli,2023-10-18,225u
92,134,U,,,,,,0.0,,,0+,268,,9,ms,0.268,0.009,A,100.0,,,,,,,,,,,,,-5488.0792,102.6485,-12360.6185,92.2786,7700.8428,4.2662,1295.197,15.757,8114.5216,14.7859,4316.8136,82.5961,7631.9166,0.049,226029338.669,11.884,27328.797,11.071,N,1973.0,31-MAR-2014,B. SINGH and S. SINGH,2023-10-18,226u
92,135,U,,,,,,0.0,,,(3/2+),1.1,,1,m,66.0,6.0,A,100.0,,,,,,,,,,,,,-3533.9848,77.4417,-11843.1612,102.4041,7234.7157,3.0539,2214.663,11.188,6355.082,13.8696,4277.5372,13.9846,7626.2918,0.0375,227031181.124,9.136,29045.034,8.51,N,1952.0,15-Jan-2016,ICTP-2014 Workshop Group,2023-10-18,227u
92,136,U,,,,,,0.0,,,0+,9.1,,2,m,546.0,12.0,A,95.0,,EC,5.0,,,,,,,,,,-4605.0,101.0,-11430.3355,78.1432,6799.5044,9.4509,296.402,14.156,7896.3508,15.8542,4899.3409,15.2515,7627.4763,0.0591,228031368.959,14.465,29220.001,13.474,N,1949.0,31-Dec-2012,KHALIFEH ABUSALEEM,2023-10-18,228u
92,137,U,,,,,,0.0,,,(3/2+),58,,3,m,3480.0,180.0,EC,80.0,,A,20.0,,,,,,,,,,-2590.7577,101.3342,-10686.0,100.0,6475.5112,3.0534,1313.772,6.784,6080.699,14.6412,5001.95,7.2243,7620.7218,0.0259,229033505.976,6.374,31210.62,5.938,N,1949.0,1-Jun-2008,E. BROWNE and  J. K. TULI,2023-10-18,229u
92,138,U,,,,,,0.0,,,0+,20.23,,2,d,1747872.0,1728.0,A,100.0,,{+22}Ne,4.8e-12,2e-12,,,,,,,,,-3621.5986,55.1683,-10257.6788,101.2651,5992.4518,0.5038,-558.526,5.437,7666.9211,7.2944,5570.8024,5.4561,7620.9227,0.0196,230033940.114,4.841,31615.017,4.509,N,1948.0,1-May-2012,E. BROWNE and  J. K. TULI,2023-10-18,230u
92,139,U,,,,,,0.0,,,(5/2-),4.2,,1,d,362880.0,8640.0,EC,100.0,,A,0.004,0.001,,,,,,,,,-1817.7347,51.1839,-9501.9818,55.0663,5576.2769,1.6641,381.614,3.204,5880.3832,5.1184,5656.5624,3.7627,7613.3879,0.0116,231036292.18,2.866,33805.952,2.67,N,1949.0,31-Aug-2022,Balraj Singh and  Jagdish K. Tuli and  and Edgardo Browne,2023-10-18,231u
92,140,U,,,,,,0.0,,,0+,68.9,,4,Y,2174272199.649389,12622770.3898368,A,100.0,,{+24}Ne,8.9e-10,7e-11,SF,2.7e-12,6e-13,,,,,,-2750.0,100.0,-9085.5592,51.1699,5413.63,0.09,-1337.104,7.856,7267.8244,2.8016,6103.8636,1.9519,7611.8984,0.0078,232037154.765,1.941,34609.445,1.808,N,1949.0,1-Nov-2004,E. BROWNE,2023-10-18,232u
92,141,U,5.8203,0.0049,,,,0.0,,,5/2+,1.5919E5,,15,Y,5023547045895.301,4733538896.1888,A,100.0,,24NE,7.2e-11,9e-12,SF,6e-11,,,-0.59,0.05,3.663,0.008,-1029.4197,51.005,-8512.0,100.0,4908.6781,1.18,-570.299,2.62,5761.6522,2.4922,6316.4087,7.8348,7603.9574,0.0097,233039634.294,2.42,36919.111,2.254,N,1947.0,8-Oct-2020,B. Singh and  J. K. Tuli and  E. Browne,2023-10-18,233u
92,142,U,5.8291,0.0052,0.0054,0.0005,,0.0,,,0+,2.455E+5,,6,Y,7747225326762.336,18934155584.7552,A,100.0,,SF,1.64e-09,2.2e-10,Mg,1.4e-11,3e-12,,,,,,-1809.8462,8.3205,-7874.8895,50.972,4857.5319,0.6763,-2193.911,4.247,6845.4697,2.0011,6633.422,0.8246,7600.716,0.0048,234040950.296,1.212,38144.959,1.129,N,1912.0,1-Jun-2006,E. BROWNE and  J. K. TULI,2023-10-18,234u
92,143,U,5.8337,0.0041,0.7204,0.0006,,0.0,,,7/2-,7.04E+8,,1,Y,2.221607588611277e+16,31556925974592.0,A,100.0,,SF,7e-09,2e-09,{+25}Ne,8e-10,,,-0.38,0.03,4.936,0.006,-124.2619,0.8524,-7107.3413,8.3237,4678.0559,0.6911,-1370.119,14.016,5297.4952,0.2319,6709.0586,3.9947,7590.9151,0.0048,235043928.117,1.198,40918.782,1.116,N,1935.0,1-Feb-2014,E. BROWNE and  J. K. TULI,2023-10-18,235u
92,144,U,5.8431,0.0038,,,,0.0,,,0+,2.342E7,,4,Y,739063206324944.6,1262277038983.68,A,100.0,,SF,9.4e-08,4e-09,,,,,,,,,-933.5116,50.4152,-6669.7803,0.8894,4572.9562,0.8731,-2889.373,14.016,6545.5184,0.259,7133.2898,14.0166,7586.4854,0.0047,236045566.13,1.193,42444.582,1.112,N,1951.0,1-Apr-2022,Shaofei Zhu,2023-10-18,236u
92,145,U,,,,,,0.0,,,1/2+,6.752,,2,d,583372.8,172.8,B-,100.0,,,,,,,,,,,,,518.5338,0.52,-6059.2786,50.4173,4233.5748,0.9911,-2137.491,13.096,5125.7669,0.4621,7232.7929,14.024,7576.1026,0.0051,237048728.309,1.29,45390.133,1.202,N,1940.0,15-Mar-2006,M. S. Basunia,2023-10-18,237u
92,146,U,5.8571,0.0033,99.2742,0.001,,0.0,,,0+,4.468E9,,6,Y,1.4099634525447706e+17,189341555847552.0,A,100.0,,SF,5.45e-05,7e-07,,,,,,,,,-146.8652,1.2006,-5635.1852,1.1838,4269.8581,2.1157,-3586.311,15.905,6153.719,1.2606,7508.8625,13.126,7570.1262,0.0063,238050786.936,1.601,47307.732,1.492,N,1896.0,1-Jun-2014,E. BROWNE and  J. K. TULI,2023-10-18,238u
92,147,U,,,,,,0.0,,,5/2+,23.45,,2,m,1407.0,1.2,B-,100.0,,,,,,,,,,,,,1261.6634,1.4935,-4953.2474,1.2128,4129.9984,13.1271,-2764.332,196.006,4806.3822,0.172,7610.3463,15.9065,7558.5624,0.0063,239054291.989,1.612,50572.668,1.502,N,1937.0,30-Jun-2013,E. BROWNE and  J. K. TULI,2023-10-18,239u
92,148,U,,,,,,0.0,,,0+,14.1,,1,h,50760.0,360.0,B-,100.0,,,,,,,,,,,,,399.2685,17.083,-4666.8254,2.7866,4035.3789,14.2038,,,5928.4888,2.8589,7911.0,196.0,7551.7705,0.0106,240056592.411,2.74,52715.497,2.553,N,1953.0,31-Jul-2008,BALRAJ SINGH and  E. BROWNE,2023-10-18,240u
92,149,U,,,,,,0.0,,,,,,,,,,B-,,,,,,,,,,,,,,1882.0,220.0,-4191.0,196.0,3817.0,196.0,,,4590.0,196.0,8102.0,280.0,7539.0,1.0,241060330.0,210.0,56197.0,196.0,Y,,23-Jun-2015,A.A. Sonzogni and B. Singh,2023-10-18,241u
92,150,U,,,,,,0.0,,,0+,16.8,,5,m,1008.0,30.0,B-,100.0,,,,,,,,,,,,,1203.0,283.0,-3767.0,224.0,3670.0,200.0,,,5649.0,280.0,8410.0,361.0,7532.0,1.0,242062931.0,215.0,58620.0,201.0,Y,1979.0,31-Dec-2021,M.J. Martin and  C.D. Nesaraja,2023-10-18,242u
92,151,U,,,,,,0.0,,,,,,,,,,B-,,,,,,,,,,,,,,2674.0,302.0,-3008.0,361.0,3555.0,500.0,,,4211.0,361.0,,,7518.0,1.0,243067075.0,322.0,62480.0,300.0,Y,,23-Jun-2015,A.A. Sonzogni and B. Singh,2023-10-18,243u
92,152,U,,,,,,0.0,,,0+,,,,,,,B-,,,,,,,,,,,,,,,,,,,,,,,,,,,,,,,,,,31-Aug-2017,C.D. Nesaraja,2023-10-18,244u
92,153,U,,,,,,0.0,,,,,,,,,,B-,,,,,,,,,,,,,,,,,,,,,,,,,,,,,,,,,,22-Jun-2015,A.A. Sonzogni and B. Singh,2023-10-18,245u
92,154,U,,,,,,0.0,,,0+,,,,,,,B-,,,,,,,,,,,,,,,,,,,,,,,,,,,,,,,,,,23-Jun-2015,A.A. Sonzogni and B. Singh,2023-10-18,246u
92,155,U,,,,,,0.0,,,,,,,,,,B-,,,,,,,,,,,,,,,,,,,,,,,,,,,,,,,,,,23-Jun-2015,A.A. Sonzogni and B. Singh,2023-10-18,247u
92,156,U,,,,,,0.0,,,0+,,,,,,,B-,,,,,,,,,,,,,,,,,,,,,,,,,,,,,,,,,,23-Jun-2015,A.A. Sonzogni and B. Singh,2023-10-18,248u
92,157,U,,,,,,0.0,,,,,,,,,,B-,,,,,,,,,,,,,,,,,,,,,,,,,,,,,,,,,,23-Jun-2015,A.A. Sonzogni and B. Singh,2023-10-18,249u
92,158,U,,,,,,0.0,,,0+,,,,,,,B-,,,,,,,,,,,,,,,,,,,,,,,,,,,,,,,,,,23-Jun-2015,A.A. Sonzogni and B. Singh,2023-10-18,250u
92,159,U,,,,,,0.0,,,,,,,,,,B-,,,,,,,,,,,,,,,,,,,,,,,,,,,,,,,,,,23-Jun-2015,A.A. Sonzogni and B. Singh,2023-10-18,251u
92,161,U,,,,,,0.0,,,,,,,,,,B-,,,B-N,,,,,,,,,,,,,,,,,,,,,,,,,,,,,,,23-Jun-2015,A.A. Sonzogni and B. Singh,2023-10-18,253u
92,162,U,,,,,,0.0,,,0+,,,,,,,B-,100.0,,B-N,,,,,,,,,,,,,,,,,,,,,,,,,,,,,,,31-Jan-2019,BALRAJ SINGH,2023-10-18,254u
92,163,U,,,,,,0.0,,,,,,,,,,B-,,,B-N,,,,,,,,,,,,,,,,,,,,,,,,,,,,,,,23-Jun-2015,A.A. Sonzogni and B. Singh,2023-10-18,255u
93,126,Np,,,,,,0.0,,,(9/2-),0.15,,+72-7,ms,0.00015,0.000395,A,100.0,,P,,,,,,,,,,,,,,,9207.4978,40.7456,6140.998,92.931,,,-253.3249,92.9855,7604.6732,0.4199,219031601.865,98.732,29436.951,91.969,N,2015.0,19-May-2021,Balraj Singh et al. and ,2023-10-18,219np
93,127,Np,,,,,,0.0,,,,25,,+14-7,us,2.5e-05,1.05e-05,A,100.0,,,,,,,,,,,,,,,,,10226.3078,18.334,,,7033.2467,96.9631,109.9021,33.489,7602.0758,0.1396,220032716.28,32.977,30475.022,30.718,N,2019.0,07-JUN-2019,BALRAJ SINGH,2023-10-18,220np
93,129,Np,,,,,,0.0,,,,0.38,,+26-11,us,3.8e-07,1.85e-07,A,100.0,,,,,,,,,,,,,-3785.0,302.0,-12726.0,302.0,10200.157,33.6067,,,6707.0,204.0,534.326,81.5558,7602.7013,0.1714,222033574.706,40.849,31274.641,38.051,N,2020.0,15-AUG-2022,Balraj Singh,2023-10-18,222np
93,130,Np,,,,,,0.0,,,(9/2-),2.2,,+10-5,us,2.2e-06,7.5e-07,A,100.0,,,,,,,,,,,,,-5462.0,311.0,-12472.0,311.0,9650.4434,44.8053,4613.305,101.753,8687.3764,91.1786,903.2222,97.8243,7607.5654,0.3716,223032913.34,88.956,30658.583,82.863,N,2017.0,07-JUN-2019,BALRAJ SINGH,2023-10-18,223np
93,131,Np,,,,,,0.0,,,,38,,+26-11,us,3.8e-05,1.85e-05,A,100.0,,,,,,,,,,,,,-3248.0,301.0,-12160.0,301.0,9328.9344,29.6829,6289.558,32.704,6697.6533,87.7652,1302.0016,65.7569,7603.5032,0.1291,224034388.03,31.052,32032.248,28.925,N,2018.0,08-Mar-2022,Balraj Singh and  Sukhjeet Singh,2023-10-18,224np
93,132,Np,,,,,,0.0,,,,3.6,,+76-27,ms,0.0036,0.00515,A,100.0,,EC+B+,,,,,,,,,,,-4682.0,314.0,-11734.0,314.0,8818.2451,69.77,4246.097,92.155,8485.4677,96.0753,1413.5635,92.8749,7607.4231,0.4072,225033943.422,98.355,31618.098,91.618,N,1994.0,20-DEC-2015,BALRAJ SINGH,2023-10-18,225np
93,133,Np,,,,,,0.0,,,,35,,10,ms,0.035,0.01,A,100.0,,,,,,,,,,,,,-2813.0,225.0,-11555.0,317.0,8327.5999,54.0015,5488.08,102.66,6872.5393,137.148,1844.0954,102.5322,7604.1714,0.4516,226035230.364,109.568,32816.877,102.063,N,1990.0,1-Feb-1996,Y. A. AKOVALI,2023-10-18,226np
93,134,Np,,,,,,0.0,,,,0.51,,6,s,0.51,0.06,A,100.0,,,,,,,,,,,,,-4191.0,126.0,-11122.0,215.0,7816.4881,14.3963,3533.984,77.458,8309.1764,127.8342,2038.7502,77.7647,7607.2771,0.3392,227034975.012,82.651,32579.018,76.989,N,1990.0,15-Jan-2016,ICTP-2014 Workshop Group,2023-10-18,227np
93,135,Np,,,,,,0.0,,,,61.4,,14,s,61.4,1.4,EC,60.0,7.0,A,40.0,7.0,,,,,,,,,-2283.0,103.0,-11016.0,141.0,7538.0,100.0,4604.999,100.904,6825.0,126.0,2509.0,101.0,7604.0,0.0,228036313.0,108.0,33825.0,100.0,Y,1994.0,31-Dec-2012,KHALIFEH ABUSALEEM,2023-10-18,228np
93,136,Np,,,,,,0.0,,,,4.0,,2,m,240.0,12.0,A,68.0,11.0,EC,32.0,11.0,,,,,,,,,-3593.5462,117.9433,-10377.7494,103.8252,7019.8216,59.4531,2590.758,101.351,8095.0,142.0,2707.5944,102.0578,7605.9921,0.4418,229036287.269,108.618,33801.378,101.177,N,1968.0,1-Jun-2008,E. BROWNE and  J. K. TULI,2023-10-18,229np
93,137,Np,,,,,,0.0,,,,4.6,,3,m,276.0,18.0,EC+B+,97.0,,A,3.0,,,,,,,,,,-1695.5543,56.8505,-10229.6264,81.8508,6778.0999,53.8516,3621.598,55.191,6636.0801,115.1469,3262.9755,55.2951,7601.7751,0.2392,230037828.06,59.051,35236.615,55.007,N,1968.0,1-May-2012,E. BROWNE and  J. K. TULI,2023-10-18,230np
93,138,Np,,,,,,0.0,,,(5/2-),48.8,,2,m,2928.0,12.0,EC+B+,98.0,,A,2.0,,,,,,,,,,-2684.8905,55.6931,-9379.8014,53.1403,6368.3999,50.636,1817.734,51.224,7684.2471,75.105,3280.3015,51.3372,7602.1321,0.2214,231038243.598,54.916,35623.686,51.154,N,1950.0,31-Aug-2022,Balraj Singh and  Jagdish K. Tuli and  and Edgardo Browne,2023-10-18,231np
93,139,Np,,,,,,0.0,,,(4+),14.7,,3,m,882.0,18.0,EC+B+,100.0,,A,0.0002,,,,,,,,,,-1001.0,101.0,-9020.0,102.0,6011.0,100.0,2749.555,100.016,6336.0,112.0,3735.0,100.0,7597.0,0.0,232040107.0,107.0,37359.0,100.0,Y,1950.0,1-Nov-2004,E. BROWNE,2023-10-18,232np
93,140,Np,,,,,,0.0,,,(5/2+),36.2,,1,m,2172.0,6.0,EC,100.0,,A,0.0007,,,,,,,,,,-2103.3047,74.3811,-8483.7019,53.6984,5626.7668,50.8749,1029.42,51.03,7482.0,112.0,3949.8855,50.9881,7596.1816,0.2188,233040739.421,54.729,37948.531,50.981,N,1950.0,8-Oct-2020,B. Singh and  J. K. Tuli and  E. Browne,2023-10-18,233np
93,141,Np,,,,,,0.0,,,(0+),4.4,,1,d,380160.0,8640.0,EC+B+,100.0,,,,,,,,,,,,,-395.1807,10.7522,-8168.348,54.8204,5356.3467,8.8129,1809.847,8.473,6065.0433,51.6466,4253.2766,8.5578,7589.6382,0.0359,234042893.245,9.014,39954.806,8.397,N,1949.0,1-Jun-2006,E. BROWNE and  J. K. TULI,2023-10-18,234np
93,142,Np,,,,,,0.0,,,5/2+,396.1,,12,d,34223040.0,103680.0,EC,99.9974,0.00013,A,0.0026,0.00013,,,,,,,,,-1139.3021,20.4992,-7378.2602,6.8573,5193.7905,1.472,124.262,1.781,6983.0794,8.367,4390.8863,0.8804,7587.0571,0.0059,235044061.518,1.49,41043.044,1.388,N,1949.0,1-Feb-2014,E. BROWNE and  J. K. TULI,2023-10-18,235np
93,143,Np,,,,,,0.0,,,6(-),1.55E+5,,1,Y,4891323526061.76,31556925974.592,EC,87.8,0.2,B-,12.0,0.1,A,0.16,0.04,,,,,,476.5854,50.3887,-6875.5708,54.4139,5006.629,50.9333,933.512,50.433,5736.2687,50.4196,4829.6598,50.4139,7579.2148,0.2136,236046568.296,54.129,43378.094,50.421,N,1949.0,1-Apr-2022,Shaofei Zhu,2023-10-18,236np
93,144,Np,,,,,,0.0,,,5/2+,2.144E+6,,7,Y,67658049289525.25,220898481822.144,A,100.0,,SF,2e-10,,,,,,3.16,0.1,3.886,0.006,-220.063,1.2944,-6101.227,1.6407,4957.273,0.7363,-518.534,1.643,6577.8124,50.4154,4861.9538,0.2517,7574.9895,0.0047,237048171.64,1.201,44871.599,1.12,N,1948.0,15-Mar-2006,M.S. Basunia,2023-10-18,237np
93,145,Np,,,,,,0.0,,,2+,2.099,,2,d,181353.6,172.8,B-,100.0,,,,,,,,,,,,,1291.4491,0.4573,-5708.383,1.3098,4690.8116,3.9971,146.865,1.876,5488.32,0.2,5224.5068,0.5572,7566.222,0.0048,238050944.603,1.22,47454.597,1.137,N,1949.0,1-Jun-2014,E. BROWNE and  J. K. TULI,2023-10-18,238np
93,146,Np,,,,,,0.0,,,5/2+,2.356,,3,d,203558.4,259.2,B-,100.0,,,,,,,,,2.2,0.4,,,722.7849,0.9304,-4923.4616,0.977,4597.1881,14.0337,-1261.663,1.993,6214.9108,0.9939,5285.6986,1.4835,7560.568,0.0055,239052937.538,1.406,49311.005,1.31,N,1940.0,30-Jun-2013,E. BROWNE and  J. K. TULI,2023-10-18,239np
93,147,Np,,,,,,0.0,,,(5+),61.9,,2,m,3714.0,12.0,B-,100.0,,,,,,,,,,,,,2190.9095,17.0151,-4343.309,17.0163,4557.358,22.0297,-399.268,17.222,5066.0939,17.0381,5545.4103,17.0515,7550.1743,0.071,240056163.778,18.284,52316.229,17.032,N,1953.0,31-Jul-2008,BALRAJ SINGH and  E. BROWNE,2023-10-18,240np
93,148,Np,,,,,,0.0,,,5/2+,13.9,,2,m,834.0,12.0,B-,100.0,,,,,,,,,,,,,1360.0,100.0,-3881.522,100.0,4362.5759,100.8528,-1881.885,220.039,6072.4315,101.4372,5689.353,100.0361,7544.0426,0.415,241058309.671,107.36,54315.115,100.006,N,1959.0,30-Sep-2015,C.D. NESARAJA,2023-10-18,241np
93,149,Np,,,,,,0.0,,,(1+),2.2,,2,m,132.0,12.0,B-,100.0,,,,,,,,,,,,,2700.0,200.0,-3609.5572,200.0012,4097.9171,200.6298,-1203.124,283.554,4969.5572,223.6078,6069.0,280.0,7533.4042,0.8265,242061639.548,214.712,57416.876,200.004,N,1979.0,31-Dec-2021,M.J. Martin and  C.D. Nesaraja,2023-10-18,242np
93,150,Np,,,,,,0.0,,,(5/2),1.85,,15,m,111.0,9.0,B-,100.0,,,,,,,,,,,,,2051.0,32.0,-2982.0,32.0,4044.0,198.0,-2674.0,301.7,5682.0,203.0,6103.0,203.0,7526.0,0.0,243064204.0,34.0,59806.0,32.0,Y,1979.0,30-Sep-2013,C.D. Nesaraja and  E.A. McCutchan,2023-10-18,243np
93,151,Np,,,,,,0.0,,,(7-),2.29,,16,m,137.4,9.6,B-,100.0,,,,,,,,,,,,,3434.0,100.0,-2586.0,100.0,3805.0,224.0,,,4637.0,105.0,6529.0,316.0,7514.0,0.0,244067891.0,107.0,63240.0,100.0,Y,1987.0,31-Aug-2017,C.D. Nesaraja,2023-10-18,244np
94,134,Pu,,,,,,0.0,,,0+,1.1,,+20-5,s,1.1,1.25,A,100.0,,,,,,,,,,,,,-6742.0,202.0,-14143.0,202.0,7940.2027,17.6755,2282.809,102.69,8733.0,102.0,3760.1805,80.4379,7590.4039,0.1024,228038763.325,25.069,36107.809,23.352,N,1994.0,31-Dec-2012,KHALIFEH ABUSALEEM,2023-10-18,228pu
94,135,Pu,,,,,,0.0,,,(3/2+),90,,+71-27,s,90.0,49.0,A,100.0,,,,,,,,,,,,,-4785.4899,122.4147,-13526.0,209.0,7598.0069,59.8141,3593.546,117.954,6784.2032,64.9558,3719.0,117.0,7586.8834,0.2648,229040145.099,65.092,37394.924,60.633,N,1994.0,1-Jun-2008,E. BROWNE and  J. K. TULI,2023-10-18,229pu
94,136,Pu,,,,,,0.0,,,,102,,10,s,102.0,10.0,A,100.0,,,,,,,,,,,,,-5940.0,144.0,-13319.562,107.3209,7178.4564,9.2888,1695.555,56.874,8534.072,62.3108,4158.1788,102.1913,7591.0016,0.0628,230039648.313,15.514,36932.17,14.451,N,1990.0,1-May-2012,E. BROWNE and  J. K. TULI,2023-10-18,230pu
94,137,Pu,,,,,,0.0,,,(3/2+),8.6,,5,m,516.0,30.0,EC+B+,90.0,,A,10.0,,,,,,,,,,-4101.0,301.0,-12635.0,145.0,6838.6275,20.3531,2684.891,55.708,6694.9109,26.3229,4217.0096,59.2437,7587.1224,0.0955,231041125.946,23.683,38308.577,22.061,N,1999.0,31-Aug-2022,Balraj Singh and  Jagdish K. Tuli and  and Edgardo Browne,2023-10-18,231pu
94,138,Pu,,,,,,0.0,,,0+,33.8,,7,m,2028.0,42.0,EC,90.0,,A,10.0,,,,,,,,,,-5059.0,300.0,-12120.0,300.0,6715.998,10.1758,1001.915,101.415,8018.9803,27.7335,4551.7428,53.8531,7588.9839,0.0728,232041182.133,18.126,38360.915,16.885,N,1973.0,1-Nov-2004,E. BROWNE,2023-10-18,232pu
94,139,Pu,,,,,,0.0,,,,20.9,,4,m,1254.0,24.0,EC+B+,99.88,0.05,A,0.12,0.05,,,,,,,,,-3233.0,126.0,-11439.0,305.0,6416.2999,53.8516,2103.305,74.393,6380.3971,56.7266,4597.0,114.0,7583.7968,0.2325,233042997.411,58.162,40051.836,54.178,N,1957.0,8-Oct-2020,B. Singh and  J. K. Tuli and  E. Browne,2023-10-18,233pu
94,140,Pu,,,,,,0.0,,,0+,8.8,,1,h,31680.0,360.0,EC,94.0,,A,6.0,,,,,,,,,,-4112.0,160.0,-11006.0,114.0,6310.0537,5.0871,395.18,10.8,7773.1673,54.581,4887.5156,51.4189,7584.6061,0.0291,234043317.489,7.298,40349.986,6.798,N,1949.0,1-Jun-2006,E. BROWNE and  J. K. TULI,2023-10-18,234pu
94,141,Pu,,,,,,0.0,,,(5/2+),25.3,,5,m,1518.0,30.0,EC+B+,99.9972,0.0007,A,0.0028,0.0007,,,,,,,,,-2442.2558,56.5932,-10351.0,161.0,5951.4789,20.3469,1139.302,20.568,6238.958,21.5888,5061.4303,22.1235,7578.8799,0.0873,235045284.609,22.03,42182.346,20.521,N,1957.0,1-Feb-2014,E. BROWNE and  J. K. TULI,2023-10-18,235pu
94,142,Pu,,,,,,0.0,,,0+,2.858,,8,Y,90189694.43538392,252455.407796736,A,100.0,,SF,1.9e-07,4e-08,,,,,,,,,-3139.0,119.0,-9794.412,52.7955,5867.1471,0.0814,-476.586,50.453,7352.1562,20.5391,5430.5071,1.7644,7577.9192,0.0077,236046056.661,1.942,42901.508,1.81,N,1949.0,1-Apr-2022,Shaofei Zhu,2023-10-18,236pu
94,143,Pu,,,,,,0.0,,,7/2-,45.64,,4,d,3943296.0,3456.0,EC,99.9958,0.0004,A,0.0042,0.0004,,,,,-0.68,0.05,,,-1478.0,59.0,-9020.0,119.0,5747.6353,2.2559,220.063,2.033,5881.164,2.0756,5575.4024,50.4315,7570.7599,0.0072,237048407.888,1.821,45091.662,1.697,N,1949.0,15-Mar-2006,M. S. Basunia,2023-10-18,237pu
94,144,Pu,5.8535,0.0378,,,,0.0,,,0+,87.7,,1,Y,2767542407.9717183,3155692.5974592,A,100.0,,SF,1.9e-07,1e-08,,,,,,,,,-2258.2731,58.9005,-8478.0,59.0,5593.2729,0.1927,-1291.449,1.609,6999.8321,1.3459,5997.4221,0.4112,7568.3611,0.0048,238049558.175,1.221,46163.148,1.138,N,1949.0,1-Jun-2014,E. BROWNE and  J. K. TULI,2023-10-18,238pu
94,145,Pu,5.8601,0.0378,,,,0.0,,,1/2+,24110,,30,Y,760837485247.4131,946707779.23776,A,100.0,,SF,3.1e-10,6e-11,,,,,0.202,0.004,-2.319,0.007,-802.1402,1.6635,-7904.5197,58.9009,5244.5216,0.2066,-722.785,1.718,5646.2465,0.3079,6155.3486,0.3683,7560.3187,0.0047,239052161.596,1.194,48588.22,1.112,N,1946.0,30-Jun-2013,E. BROWNE and  J. K. TULI,2023-10-18,239pu
94,146,Pu,5.8701,0.0379,,,,0.0,,,0+,6561,,7,Y,207044991319.29813,220898481.822144,A,100.0,,SF,5.7e-06,2e-07,{+34}Si,1.3e-11,,,,,,,-1384.7902,13.7882,-7336.3588,1.6706,5255.8215,0.1448,-2190.91,17.06,6534.2186,0.2311,6474.6564,0.9526,7556.0433,0.0046,240053811.74,1.186,50125.319,1.105,N,1949.0,31-Jul-2008,BALRAJ SINGH and  E. BROWNE,2023-10-18,240pu
94,147,Pu,5.8748,0.0379,,,,0.0,,,5/2+,14.329,,29,Y,452179192.2899288,915150.853263168,B-,99.998,,A,0.00247,,SF,2.4e-14,,,-0.678,0.014,6.0,2.0,20.7799,0.1658,-6626.3122,13.7882,5140.0664,0.4784,-1360.0,100.0,5241.522,0.03,6650.0846,17.0151,7546.4395,0.0046,241056849.651,1.186,52955.115,1.105,N,1949.0,30-Sep-2015,C.D. NESARAJA,2023-10-18,241pu
94,148,Pu,5.8823,0.038,,,,0.0,,,0+,3.73E+5,,2,Y,11770733388522.816,63113851949.184,A,100.0,,SF,0.000553,5e-06,,,,,,,,,-751.1373,0.708,-6288.7773,0.7009,4984.2282,0.986,-2700.0,200.0,6309.5572,0.6814,6887.2102,100.0023,7541.3284,0.0052,242058740.979,1.336,54716.876,1.245,N,1950.0,31-Dec-2021,M.J. Martin and  C.D. Nesaraja,2023-10-18,242pu
94,149,Pu,,,,,,0.0,,,7/2+,4.956,,3,h,17841.6,10.8,B-,100.0,,,,,,,,,,,,,579.5559,2.6216,-5784.7703,2.4392,4756.9774,2.576,-2051.439,32.101,5033.633,2.3895,6951.286,200.0143,7531.0087,0.0105,243062002.068,2.728,57754.561,2.542,N,1951.0,30-Sep-2013,C.D. Nesaraja and  E.A. McCutchan,2023-10-18,243pu
94,150,Pu,5.8948,0.0382,,,,0.0,,,0+,8.13E+7,,3,Y,2565578081734329.0,9467077792377.6,A,99.877,0.006,SF,0.123,0.006,,,,,,,,,-73.1143,2.6856,-5440.3026,2.6458,4665.6077,1.0159,-3433.979,100.028,6019.8585,2.9335,7289.0,32.0,7524.8154,0.0096,244064204.401,2.518,59806.021,2.346,N,1954.0,31-Aug-2017,C.D. Nesaraja,2023-10-18,244pu
94,151,Pu,,,,,,0.0,,,(9/2-),10.5,,1,h,37800.0,360.0,B-,100.0,,,,,,,,,,,,,1277.7559,13.7334,-4772.2804,13.6826,4556.0,196.0,,,4699.1662,13.4164,7351.0,101.0,7513.2822,0.0556,245067824.554,14.621,63178.173,13.62,N,1955.0,1-Jun-2010,E. BROWNE and  J. K. TULI,2023-10-18,245pu
94,152,Pu,,,,,,0.0,,,0+,10.84,,2,d,936576.0,1728.0,B-,100.0,,,,,,,,,,,,,401.0,14.0,-4576.9627,15.0652,4350.0,200.0,,,5854.7185,20.0905,7744.0,201.0,7506.5401,0.0609,246070204.172,16.087,65394.772,14.985,N,1955.0,1-Jan-2011,E. BROWNE and  J. K. TULI,2023-10-18,246pu
94,153,Pu,,,,,,0.0,,,(1/2+),2.27,,23,d,196128.0,19872.0,B-,100.0,,,,,,,,,,,,,2057.0,224.0,-3855.0,201.0,4305.0,361.0,,,4256.0,201.0,,,7493.0,1.0,247074300.0,215.0,69210.0,200.0,Y,1983.0,31-Mar-2014,C. D. NESARAJA,2023-10-18,247pu
95,128,Am,,,,,,0.0,,,,5,,+12-4,ms,0.005,0.008,A,100.0,,,,,,,,,,,,,,,,,10838.0,314.0,,,,,-351.0,424.0,7547.0,1.0,223045840.0,322.0,42700.0,300.0,Y,2015.0,20-DEC-2015,BALRAJ SINGH,2023-10-18,223am
95,134,Am,,,,,,0.0,,,,0.9,,+21-7,s,0.9,1.4,A,91.0,,EC+B+,9.0,,,,,,,,,,,,,,8137.3999,54.0015,4785.49,122.41,8741.0,227.0,1216.3663,108.8776,7562.5697,0.4644,229045282.534,114.169,42180.414,106.348,N,2015.0,20-DEC-2015,BALRAJ SINGH,2023-10-18,229am
95,135,Am,,,,,,0.0,,,,31,,,s,31.0,,EC,100.0,,SF,,,,,,,,,,,,,,,7630.0,100.0,5939.83,143.72,7380.0,178.0,1812.0,155.0,7562.0,1.0,230046025.0,153.0,42872.0,143.0,Y,2003.0,1-May-2012,E. BROWNE and  J. K. TULI,2023-10-18,230am
95,137,Am,,,,,,0.0,,,,79,,2,s,79.0,2.0,EC,97.0,,A,3.0,,ECSF,0.069,0.01,,,,,,-2913.0,361.0,-11921.0,424.0,7170.0,316.0,5059.085,300.475,7062.0,424.0,2178.0,301.0,7564.0,1.0,232046613.0,322.0,43420.0,300.0,Y,1967.0,1-Nov-2004,E. BROWNE,2023-10-18,232am
95,138,Am,,,,,,0.0,,,,3.2,,8,m,192.0,48.0,EC+B+,95.5,1.5,A,4.5,1.5,,,,,,,,,-4008.0,140.0,-11119.0,231.0,7059.0,53.0,3233.164,126.219,8206.0,321.0,2365.0,115.0,7567.0,0.0,233046468.0,123.0,43285.0,114.0,Y,2000.0,8-Oct-2020,B. Singh and  J. K. Tuli and  E. Browne,2023-10-18,233am
95,139,Am,,,,,,0.0,,,,2.32,,8,m,139.2,4.8,EC,100.0,,A,,,,,,,,,,,-2261.0,161.0,-10903.0,179.0,6800.0,150.0,4112.014,160.144,6895.0,196.0,2879.0,169.0,7564.0,1.0,234047731.0,172.0,44462.0,160.0,Y,1967.0,1-Jun-2006,E. BROWNE and  J. K. TULI,2023-10-18,234am
95,140,Am,,,,,,0.0,,,5/2-,10.3,,6,m,618.0,36.0,EC,99.6,0.05,A,0.4,0.05,,,,,,,,,-3389.0,115.0,-10169.1269,55.4591,6575.9999,13.0,2442.256,56.629,7908.0,168.0,3014.3552,53.2013,7565.1582,0.2246,235047906.478,56.661,44624.602,52.78,N,1996.0,1-Feb-2014,E. BROWNE and  J. K. TULI,2023-10-18,235am
95,141,Am,,,,,,0.0,,,5-,3.6,,2,m,216.0,12.0,EC,100.0,,A,0.004,,,,,,,,,,-1812.0,120.0,-10044.0,157.0,6256.1999,64.0312,3139.492,119.014,6655.0,130.0,3431.0,121.0,7561.0,1.0,236049427.0,127.0,46041.0,119.0,Y,1998.0,1-Apr-2022,Shaofei Zhu,2023-10-18,236am
95,142,Am,,,,,,0.0,,,5/2(-),73.6,,8,m,4416.0,48.0,EC+B+,99.975,0.003,A,0.025,0.003,,,,,,,,,-2677.0,95.0,-9354.0,62.0,6196.0,30.0,1478.338,59.024,7542.0,133.0,3621.0,59.0,7561.0,0.0,237049995.0,64.0,46570.0,59.0,Y,1970.0,15-Mar-2006,M. S. Basunia,2023-10-18,237am
95,143,Am,,,,,,0.0,,,1+,98,,2,m,5880.0,120.0,EC+B+,100.0,,A,0.0001,4e-05,,,,,,,,,-1023.7818,60.1587,-8897.048,94.8961,6041.6999,58.3095,2258.273,58.922,6220.0,84.0,3959.2119,58.9154,7555.5853,0.2475,238051982.531,63.243,48421.421,58.911,N,1950.0,1-Jun-2014,E. BROWNE and  J. K. TULI,2023-10-18,238am
95,144,Am,,,,,,0.0,,,(5/2)-,11.9,,1,h,42840.0,360.0,EC,99.99,0.001,A,0.01,0.001,,,,,,,,,-1756.6021,150.074,-8126.1613,12.3481,5922.3999,1.4142,802.14,2.27,7102.3794,58.9237,4061.7593,1.6732,7553.6891,0.0083,239053022.729,2.127,49390.36,1.982,N,1949.0,30-Jun-2013,E. BROWNE and  J. K. TULI,2023-10-18,239am
95,145,Am,,,,,,0.0,,,(3-),50.8,,3,h,182880.0,1080.0,EC,100.0,,A,0.00019,7e-05,,,,,,,,,-214.1127,13.8967,-7708.1707,150.6996,5707.1,52.2665,1384.791,13.876,5951.5686,13.889,4367.0814,13.7901,7547.0136,0.0576,240055298.374,14.849,51510.11,13.832,N,1949.0,31-Jul-2008,BALRAJ SINGH and  E. BROWNE,2023-10-18,240am
95,146,Am,5.8928,0.0042,,,,0.0,,,5/2-,432.6,,6,Y,13651526176.6085,18934155.5847552,A,100.0,,SF,3.6e-10,9e-11,,,,,1.6,0.01,4.34,0.05,-767.4346,1.1685,-6861.2048,1.7413,5637.8203,0.1199,-20.78,1.56,6647.0921,13.7872,4479.9549,0.1685,7543.2795,0.0046,241056827.343,1.195,52934.335,1.113,N,1949.0,30-Sep-2015,C.D. NESARAJA,2023-10-18,241am
95,147,Am,,,,,,0.0,,,1-,16.01,,2,h,57636.0,72.0,B-,83.0,0.3,EC,17.0,0.3,A,0.0001,,,0.3854,0.0017,-2.44,0.03,664.3145,0.4143,-6305.0745,1.1727,5588.5003,0.2537,751.138,1.673,5537.64,0.1,4776.0729,0.1936,7534.9917,0.0046,242059547.358,1.199,55468.014,1.118,N,1949.0,31-Dec-2021,M.J. Martin and  C.D. Nesaraja,2023-10-18,242am
95,148,Am,5.9048,0.0035,,,,0.0,,,5/2-,7364,,22,Y,232385202876.89548,694252371.441024,A,100.0,,SF,3.7e-09,9e-10,,,,,1.52,0.01,4.32,0.06,-6.9302,1.5692,-5700.0117,1.2458,5439.0849,0.9304,-579.556,2.896,6364.3262,1.2358,4830.8419,1.377,7530.1742,0.0057,243061379.889,1.49,57175.005,1.388,N,1950.0,30-Sep-2013,C.D. Nesaraja and  E.A. McCutchan,2023-10-18,243am
95,149,Am,,,,,,0.0,,,(6-),10.1,,1,h,36360.0,360.0,B-,100.0,,,,,,,,,,,,,1427.3,1.0,-5374.1186,1.4333,5137.9904,17.0445,73.114,2.78,5367.1883,1.5791,5164.3972,2.6299,7521.3095,0.0061,244064282.892,1.6,59879.135,1.491,N,1950.0,31-Aug-2017,C.D. Nesaraja,2023-10-18,244am
95,150,Am,,,,,,0.0,,,(5/2)+,2.05,,1,h,7380.0,36.0,B-,100.0,,,,,,,,,,,,,895.8929,1.5491,-4622.7363,1.6187,5160.3857,100.0131,-1277.756,13.75,6050.0363,1.9027,5194.575,2.9337,7515.3043,0.0077,245066452.827,2.024,61900.417,1.886,N,1955.0,1-Jun-2010,E. BROWNE and  J. K. TULI,2023-10-18,245am
95,151,Am,,,,,,0.0,,,(7-),39,,3,m,2340.0,180.0,B-,100.0,,,,,,,,,,,,,2377.0,18.0,-4082.0,18.0,5152.0,201.0,-400.772,23.421,4978.0,18.0,5473.0,22.0,7505.0,0.0,246069774.0,19.0,64994.0,18.0,Y,1955.0,1-Jan-2011,E. BROWNE and  J. K. TULI,2023-10-18,246am
95,152,Am,,,,,,0.0,,,(5/2),23.0,,13,m,1380.0,78.0,B-,100.0,,,,,,,,,,,,,1620.0,100.0,-3535.0,100.0,4922.0,105.0,-2057.0,223.6,5912.0,102.0,5531.0,101.0,7499.0,0.0,247072092.0,107.0,67153.0,100.0,Y,1967.0,31-Mar-2014,C. D. NESARAJA,2023-10-18,247am
95,153,Am,,,,,,0.0,,,,,,,,,,,,,,,,,,,,,,,,3170.0,200.0,-3042.0,200.0,4898.0,223.0,,,4662.0,224.0,5936.0,283.0,7487.0,1.0,248075752.0,215.0,70563.0,200.0,Y,,1-Sep-2014,M. J. MARTIN,2023-10-18,248am
96,137,Cm,,,,,,0.0,,,,23,,+13-6,s,23.0,9.5,EC+B+,80.0,10.0,A,20.0,10.0,,,,,,,,,-5478.0,247.0,,,7473.4999,53.8516,4008.34,139.9,7111.0,217.0,3415.0,311.0,7546.002,0.348,233050771.485,87.059,47293.34,81.095,N,2001.0,8-Oct-2020,B. Singh and  J. K. Tuli and  E. Browne,2023-10-18,233cm
96,138,Cm,,,,,,0.0,,,0+,51,,12,s,51.0,12.0,A,40.0,,SF,40.0,,EC+B+,20.0,,,,,,,-6673.0,154.0,-14120.0,233.0,7365.3254,9.1001,2260.411,160.909,8642.2466,82.858,3851.0,115.0,7550.6868,0.073,234050158.568,18.333,46722.411,17.078,N,2001.0,1-Jun-2006,E. BROWNE and  J. K. TULI,2023-10-18,234cm
96,139,Cm,,,,,,0.0,,,,,,,,,,A,1.1,,,,,,,,,,,,,-4757.0,413.0,-13453.0,184.0,7280.0,100.0,3388.398,114.847,6780.0,104.0,3737.0,190.0,7547.0,0.0,235051545.0,110.0,48013.0,102.0,Y,1981.0,1-Feb-2014,E. BROWNE and  J. K. TULI,2023-10-18,235cm
96,140,Cm,,,,,,0.0,,,0+,6.8,,8,m,408.0,48.0,EC,82.0,2.0,A,18.0,2.0,,,,,,,,,-5689.0,361.0,-12989.0,401.0,7066.9897,5.0864,1811.82,120.3,8232.0,104.0,4060.7531,55.633,7550.309,0.0747,236051372.112,18.931,47852.82,17.635,N,2010.0,1-Apr-2022,Shaofei Zhu,2023-10-18,236cm
96,141,Cm,,,,,,0.0,,,,,,,,,,A,1.0,,,,,,,,,,,,,-3963.0,242.0,-12366.0,368.0,6770.3999,50.9902,2677.151,94.954,6676.9869,76.4446,4082.0,140.0,7546.6241,0.3139,237052868.988,79.87,49247.151,74.399,N,2002.0,15-Mar-2006,M. S. Basunia,2023-10-18,237cm
96,142,Cm,,,,,,0.0,,,0+,2.2,,4,h,7920.0,1440.0,EC,96.16,0.18,A,3.84,0.18,SF,0.048,0.002,,,,,,-4771.0,256.0,-11836.0,231.0,6670.301,10.1712,1023.782,60.168,7873.2662,75.3826,4413.0,61.0,7547.9966,0.0514,238053081.606,13.133,49445.203,12.234,N,1994.0,1-Jun-2014,E. BROWNE and  J. K. TULI,2023-10-18,238cm
96,143,Cm,,,,,,0.0,,,(7/2-),2.7,,8,h,9720.0,2880.0,EC,100.0,,A,0.001,,,,,,,,,,-3103.0,256.0,-11141.0,297.0,6539.6999,148.6607,1756.602,150.083,6369.5591,150.564,4563.4303,161.2124,7543.0659,0.6279,239054908.519,161.107,51146.962,150.07,N,1952.0,30-Jun-2013,E. BROWNE and  J. K. TULI,2023-10-18,239cm
96,144,Cm,,,,,,0.0,,,0+,27,,1,d,2332800.0,86400.0,A,99.5,,EC,0.5,,SF,3.9e-06,8e-07,,,,,,-3940.0,150.0,-10597.0,207.0,6397.7981,0.5997,214.112,13.963,7494.058,150.074,4955.1089,2.3385,7542.8617,0.0079,240055528.233,2.045,51724.222,1.905,N,1949.0,31-Jul-2008,BALRAJ SINGH and  E. BROWNE,2023-10-18,240cm
96,145,Cm,,,,,,0.0,,,1/2+,32.8,,2,d,2833920.0,17280.0,EC,99.0,0.1,A,1.0,0.1,,,,,,,,,-2279.0,165.0,-10034.0,150.0,6185.1919,0.5717,767.435,1.955,6093.7702,2.0909,5097.3105,13.8366,7536.8488,0.0067,241057651.218,1.725,53701.77,1.607,N,1952.0,30-Sep-2015,C.D. NESARAJA,2023-10-18,241cm
96,146,Cm,5.8285,0.0192,,,,0.0,,,0+,162.88,,8,d,14072832.0,6912.0,A,100.0,,SF,6.2e-06,3e-07,34SI,1e-14,,,,,,,-2948.0,135.0,-9248.0,165.0,6215.6349,0.0813,-664.315,1.597,6969.389,1.2338,5419.6075,0.402,7534.504,0.0047,242058834.187,1.224,54803.699,1.141,N,1949.0,31-Dec-2021,M.J. Martin and  C.D. Nesaraja,2023-10-18,242cm
96,147,Cm,,,,,,0.0,,,5/2+,29.1,,1,Y,918306545.8606272,3155692.5974592,A,99.71,0.03,EC,0.29,0.03,SF,5.3e-09,9e-10,,0.4,0.08,,,-1507.6936,4.5065,-8641.0,135.0,6168.7999,1.0,6.931,2.041,5693.0815,1.0495,5575.049,1.0447,7526.9261,0.0062,243061387.329,1.605,57181.936,1.496,N,1950.0,30-Sep-2013,C.D. Nesaraja and  E.A. McCutchan,2023-10-18,243cm
96,148,Cm,5.8429,0.0181,,,,0.0,,,0+,18.11,,3,Y,571495929.3998611,946707.77923776,A,100.0,,SF,0.000137,2e-06,,,,,,,,,-2261.9902,14.3567,-8309.1122,4.3969,5901.5999,0.03,-1427.3,1.8,6801.4186,1.0268,6012.1413,1.2221,7523.9527,0.0045,244062750.622,1.187,58451.835,1.106,N,1950.0,31-Aug-2017,C.D. Nesaraja,2023-10-18,244cm
96,149,Cm,5.8475,0.0182,,,,0.0,,,7/2+,8423,,74,Y,265803987483.9884,2335212522.119808,A,100.0,,SF,6.1e-07,9e-08,,,,,0.5,0.1,,,-809.2519,1.4964,-7780.6194,14.365,5624.4928,0.4895,-895.893,2.208,5518.6292,0.4913,6163.5822,1.1142,7515.7677,0.0047,245065491.047,1.233,61004.524,1.149,N,1954.0,1-Jun-2010,E. BROWNE and  J. K. TULI,2023-10-18,245cm
96,150,Cm,5.8562,0.0184,,,,0.0,,,0+,4706,,40,Y,148506893636.42996,1262277038.98368,A,99.97385,7e-05,SF,0.02615,7e-05,,,,,,,,,-1350.0,60.0,-7268.1822,1.8031,5475.1197,0.8897,-2377.088,18.064,6458.9303,1.2178,6572.4762,1.963,7511.4716,0.0062,246067222.016,1.637,62616.912,1.525,N,1954.0,1-Jan-2011,E. BROWNE and  J. K. TULI,2023-10-18,246cm
96,151,Cm,,,,,,0.0,,,9/2-,1.56E+7,,5,Y,492288045203635.2,15778462987296.0,A,100.0,,,,,,,,,0.36,0.07,,,43.5841,6.3245,-6505.1245,60.1187,5353.6281,3.3621,-1619.895,100.072,5155.1245,3.7755,6750.0,18.0,7501.9318,0.0154,247070352.678,4.076,65533.105,3.797,N,1954.0,31-Mar-2014,C. D. NESARAJA,2023-10-18,247cm
96,152,Cm,5.8687,0.0193,,,,0.0,,,0+,3.48E+5,,6,Y,10981810239158.016,189341555847.552,A,91.61,0.16,SF,8.39,0.16,,,,,,,,,-738.3049,50.0026,-6168.0917,5.6619,5161.8109,0.254,-3170.252,200.014,6211.6758,3.97,7049.0,100.0,7496.7291,0.0095,248072349.086,2.531,67392.748,2.358,N,1956.0,1-Sep-2014,M. J. MARTIN,2023-10-18,248cm
96,153,Cm,,,,,,0.0,,,1/2+,64.15,,3,m,3849.0,1.8,B-,100.0,,,,,,,,,,,,,904.363,2.5934,-5451.6748,50.0032,5147.6071,13.4211,-2353.304,298.009,4713.37,0.25,7101.0,200.0,7485.551,0.0095,249075953.992,2.545,70750.696,2.371,N,1956.0,31-Dec-2010,KHALIFEH ABUSALEEM,2023-10-18,249cm
96,154,Cm,,,,,,0.0,,,0+,8.3E+3,AP,,Y,261922485589.1136,,SF,74.0,,A,18.0,,B-,8.0,,,,,,,37.582,10.6414,-4928.0633,10.3278,5169.8993,17.9913,,,5832.4263,10.0031,7403.0,298.0,7478.9385,0.0411,250078357.541,11.029,72989.588,10.274,N,1966.0,1-Aug-2001,Y. Akovali,2023-10-18,250cm
96,155,Cm,,,,,,0.0,,,(1/2+),16.8,,2,m,1008.0,12.0,B-,100.0,,,,,,,,,,,,,1420.0,20.0,-4375.3424,22.8281,5013.0,202.0,,,4412.9244,24.8306,,,7466.7233,0.0904,251082284.988,24.367,76647.981,22.698,N,1978.0,1-Jan-2012,E. BROWNE and  J. K. TULI,2023-10-18,251cm
97,136,Bk,,,,,,0.0,,,,21,,+48-17,s,21.0,32.5,EC+B+,,,A,,,,,,,,,,,,,,,8166.0,207.0,5477.66,246.7,,,850.0,308.0,7519.0,1.0,233056652.0,250.0,52771.0,233.0,Y,2015.0,8-Oct-2020,B. Singh and  J. K. Tuli and  E. Browne,2023-10-18,233bk
97,137,Bk,,,,,,0.0,,,,1.4E2,,+14-5,s,140.0,95.0,A,80.0,,EC,20.0,,,,,,,,,,,,,,8098.5999,53.9638,6672.589,153.95,7447.0,278.0,1187.0,173.0,7519.0,1.0,234057322.0,164.0,53395.0,153.0,Y,2003.0,1-Jun-2006,E. BROWNE and  J. K. TULI,2023-10-18,234bk
97,139,Bk,,,,,,0.0,,,(4+ 6-),22,,+13-6,s,22.0,9.5,EC+B+,83.0,,A,17.0,,SF+EC+B+,4.0,2.0,,,,,,,,,,7697.0,200.0,5689.18,361.43,7300.0,539.0,1761.0,375.0,7523.0,2.0,236057479.0,387.0,53542.0,361.0,Y,2017.0,1-Apr-2022,Shaofei Zhu,2023-10-18,236bk
97,141,Bk,,,,,,0.0,,,,144,,5,s,144.0,5.0,EC+B+,100.0,,SF+EC+B+,0.048,0.02,,,,,,,,,-3061.0,393.0,-11793.0,274.0,7330.0,200.0,4770.797,256.292,7065.0,344.0,2320.0,267.0,7525.0,1.0,238058204.0,275.0,54216.0,256.0,Y,1994.0,1-Jun-2014,E. BROWNE and  J. K. TULI,2023-10-18,238bk
97,142,Bk,,,,,,0.0,,,(3/2- 7/2+),,,,,,,EC,99.0,,SF,1.0,,A,1.0,,,,,,,-3952.0,239.0,-11099.0,363.0,7200.0,200.0,3103.038,255.676,8038.0,329.0,2485.0,207.0,7527.0,1.0,239058239.0,222.0,54250.0,207.0,Y,1989.0,30-Jun-2013,E. BROWNE and  J. K. TULI,2023-10-18,239bk
97,143,Bk,,,,,,0.0,,,,4.8,,8,m,288.0,48.0,ECSF,0.002,0.0013,EC+B+,,,,,,,,,,,-2324.0,151.0,-10609.0,192.0,7199.0,191.0,3939.778,150.012,6657.0,256.0,2772.0,212.0,7523.0,1.0,240059758.0,161.0,55664.0,150.0,Y,1980.0,31-Jul-2008,BALRAJ SINGH and  E. BROWNE,2023-10-18,240bk
97,144,Bk,,,,,,0.0,,,(7/2+),4.6,,4,m,276.0,24.0,A,,,EC+B+,,,,,,,,,,,-3346.0,235.0,-10079.0,166.0,6986.0,176.0,2279.23,165.0,7755.0,223.0,3033.0,165.0,7524.0,1.0,241060098.0,178.0,55981.0,165.0,Y,2003.0,30-Sep-2015,C.D. NESARAJA,2023-10-18,241bk
97,145,Bk,,,,,,0.0,,,,7.0,,13,m,420.0,78.0,EC+B+,99.5,0.5,A,0.5,0.5,,,,,,,,,-1635.0,135.0,-9646.0,215.0,6906.0,147.0,2948.301,135.005,6300.0,213.0,3239.0,135.0,7519.0,1.0,242061999.0,144.0,57752.0,135.0,Y,1972.0,31-Dec-2021,M.J. Martin and  C.D. Nesaraja,2023-10-18,242bk
97,146,Bk,,,,,,0.0,,,(3/2-),4.6,,2,h,16560.0,720.0,EC+B+,99.85,,A,0.15,,,,,,,,,,-2300.0,181.0,-8768.6705,13.6221,6874.3533,4.0671,1507.693,4.765,7134.0,135.0,3403.0409,4.3986,7517.5021,0.0186,243063005.905,4.856,58689.629,4.524,N,1950.0,30-Sep-2013,C.D. Nesaraja and  E.A. McCutchan,2023-10-18,243bk
97,147,Bk,,,,,,0.0,,,(4-),5.02,,3,h,18072.0,108.0,EC,99.994,0.003,A,0.006,0.003,,,,,,,,,-764.2709,14.5724,-8347.0,181.0,6778.7999,4.0,2261.99,14.44,6047.122,15.0148,3757.0814,14.3933,7511.4759,0.059,244065178.969,15.457,60713.825,14.399,N,1972.0,31-Aug-2017,C.D. Nesaraja,2023-10-18,244bk
97,148,Bk,,,,,,0.0,,,3/2-,4.95,,3,d,427680.0,2592.0,EC,99.88,0.01,A,0.12,0.01,,,,,,,,,-1571.3755,2.5861,-7735.6383,2.8707,6454.5246,1.4045,809.252,2.129,6971.3675,14.4242,3927.0303,1.4149,7509.2714,0.0073,245066359.814,1.923,61813.776,1.792,N,1951.0,1-Jun-2010,E. BROWNE and  J. K. TULI,2023-10-18,245bk
97,149,Bk,,,,,X,0.0,,,2(-),1.80,,2,d,155520.0,1728.0,EC+B+,100.0,,,,,,,,,,,,,-123.3159,60.0198,-7489.5577,60.0499,6073.9824,60.0107,1350.0,60.0,5918.1822,60.0271,4326.5833,60.0124,7502.8035,0.244,246068671.3,64.433,63966.912,60.019,N,1954.0,1-Jan-2011,E. BROWNE and  J. K. TULI,2023-10-18,246bk
97,150,Bk,,,,,,0.0,,,3/2-,1380,,250,Y,43548557844.93696,7889231493.648,A,100.0,,,,,,,,,,,,,-619.8711,15.2376,-6672.0245,5.2485,5889.5999,5.0,-43.584,6.43,6548.7086,60.2302,4416.3616,5.261,7498.9408,0.021,247070305.889,5.57,65489.521,5.189,N,1965.0,31-Mar-2014,C. D. NESARAJA,2023-10-18,247bk
97,151,Bk,,,,,Z,0.0,,0.0,(6+ 8-),9,GT,,Y,284012333.771328,,,,,,,,,,,,,,,,893.1015,50.3143,-6049.6579,52.068,5827.0015,50.0752,738.305,50.114,5429.7868,50.3221,4691.0239,50.16,7490.5975,0.2018,248073141.689,53.739,68131.053,50.058,N,1956.0,1-Sep-2014,M. J. MARTIN,2023-10-18,248bk
97,152,Bk,,,,,,0.0,,,7/2+,330,,4,d,28512000.0,345600.0,B-,99.99855,8e-05,A,0.00145,8e-05,SF,4.7e-08,2e-09,,2.0,0.4,,,123.6,0.4,-5462.9363,5.0616,5520.9999,1.4142,-904.363,2.679,6356.0378,50.0692,4835.386,2.5813,7486.041,0.005,249074983.118,1.339,69846.333,1.248,N,1954.0,31-Dec-2010,KHALIFEH ABUSALEEM,2023-10-18,249bk
97,153,Bk,,,,,,0.0,,,2-,3.212,,5,h,11563.2,18.0,B-,100.0,,,,,,,,,,,,,1781.6696,2.4561,-4842.0453,2.7862,5533.0,18.0,-37.582,10.675,4965.6453,2.8148,5087.6613,3.6472,7475.9594,0.0116,250078317.195,3.11,72952.006,2.898,N,1954.0,1-Aug-2001,Y. Akovali,2023-10-18,250bk
97,154,Bk,,,,,,0.0,,,(3/2-),55.6,,11,m,3336.0,66.0,B-,100.0,,,,,,,,,,,,,1093.0,10.0,-4013.6728,10.7281,5650.0,101.0,-1420.0,25.1,5795.3424,11.0056,5050.5774,14.716,7469.2637,0.0428,251080760.555,11.523,75227.981,10.734,N,1967.0,1-Jan-2012,E. BROWNE and  J. K. TULI,2023-10-18,251bk
97,156,Bk,,,,,X,,,,,10,GT,,m,600.0,,,,,,,,,,,,,,,,1627.0,359.0,-3177.0,359.0,5400.0,200.0,,,5677.0,411.0,5416.0,467.0,7451.0,1.0,253086880.0,385.0,80929.0,359.0,Y,1991.0,1-Mar-2012,E. BROWNE and  J. K. TULI,2023-10-18,253bk
98,138,Cf,,,,,,0.0,,,,,,,,,,,,,,,,,,,,,,,,,,,,,,,,,,,,,,,,,,,,1-Apr-2022,Shaofei Zhu,2023-10-18,236cf
98,139,Cf,,,,,,0.0,,,,2.1,,3,s,2.1,0.3,A,70.0,,SF,10.0,,,,,,,,,,,,,,8219.9999,53.8516,,,,,2892.0,373.0,7503.3507,0.4107,237062199.272,104.506,57938.255,97.347,N,1995.0,15-Mar-2006,M. S. Basunia,2023-10-18,237cf
98,140,Cf,,,,,,0.0,,,0+,21.1,,13,ms,0.0211,0.0013,SF,95.0,,A,5.0,,,,,,,,,,,,,,8130.0,299.0,3062.0,392.8,8732.0,314.0,3221.0,377.0,7509.0,1.0,238061490.0,320.0,57278.0,298.0,Y,1995.0,1-Jun-2014,E. BROWNE and  J. K. TULI,2023-10-18,238cf
98,141,Cf,,,,,,0.0,,,,39,,+37-12,s,39.0,24.5,EC,,,A,,,,,,,,,,,-5429.0,323.0,,,7763.4507,62.5174,3952.0,239.2,7147.0,321.0,3304.0,283.0,7507.0,1.0,239062482.0,129.0,58202.0,120.0,Y,1981.0,30-Jun-2013,E. BROWNE and  J. K. TULI,2023-10-18,239cf
98,142,Cf,,,,,,0.0,,,0+,0.96,,15,m,57.6,9.0,A,98.0,,SF,2.0,,EC+B+,,,,,,,,-6237.0,366.0,-13713.0,300.0,7710.9834,3.777,2324.719,151.08,8284.0,121.0,3550.0,208.0,7510.24,0.0751,240062253.447,19.36,57988.719,18.034,N,1970.0,31-Jul-2008,BALRAJ SINGH and  E. BROWNE,2023-10-18,240cf
98,143,Cf,,,,,,0.0,,,(7/2-),3.78,,70,m,226.8,42.0,EC+B+,75.0,,A,25.0,,,,,,,,,,-4567.0,285.0,-12970.0,402.0,7655.0,150.0,3346.0,234.7,6733.0,168.0,3626.0,225.0,7507.0,1.0,241063690.0,180.0,59327.0,167.0,Y,1970.0,30-Sep-2015,C.D. NESARAJA,2023-10-18,241cf
98,144,Cf,,,,,,0.0,,,0+,3.5,,2,m,210.0,12.0,A,61.0,3.0,EC+B+,39.0,3.0,SF,0.014,,,,,,,-5414.0,257.0,-12578.0,231.0,7516.8626,4.0673,1634.982,135.614,8011.0,168.0,3883.0,166.0,7509.0991,0.0533,242063754.544,13.84,59386.982,12.892,N,1967.0,31-Dec-2021,M.J. Martin and  C.D. Nesaraja,2023-10-18,242cf
98,145,Cf,,,,,,0.0,,,(1/2+),10.7,,5,m,642.0,30.0,EC+B+,86.0,,A,14.0,,,,,,,,,,-3757.0,275.0,-11883.0,314.0,7418.0,100.0,2300.371,181.057,6468.0,181.0,4051.0,225.0,7505.0,1.0,243065475.0,194.0,60990.0,181.0,Y,1967.0,30-Sep-2013,C.D. Nesaraja and  E.A. McCutchan,2023-10-18,243cf
98,146,Cf,,,,,,0.0,,,0+,19.4,,6,m,1164.0,36.0,A,100.0,,,,,,,,,,,,,-4547.0,181.0,-11340.0,207.0,7328.9581,1.8113,764.271,14.635,7583.0,181.0,4500.5042,5.0247,7505.1373,0.0107,244065999.447,2.809,61478.096,2.617,N,1956.0,31-Aug-2017,C.D. Nesaraja,2023-10-18,244cf
98,147,Cf,,,,,,0.0,,,1/2+,45.0,,15,m,2700.0,90.0,EC,64.7,2.5,A,35.3,2.5,,,,,,,,,-2930.0,165.0,-10712.0,181.0,7258.4655,1.8422,1571.375,3.018,6164.2629,3.3088,4617.645,14.519,7499.6644,0.0099,245068046.755,2.606,63385.151,2.428,N,1956.0,1-Jun-2010,E. BROWNE and  J. K. TULI,2023-10-18,245cf
98,148,Cf,,,,,,0.0,,,0+,35.7,,5,h,128520.0,1800.0,A,100.0,,EC,0.004,,SF,0.00024,4e-05,,,,,,-3728.5741,89.9373,-10296.0,165.0,6861.6127,0.9987,123.316,60.038,7366.2418,2.4223,5012.5193,1.7695,7499.122,0.0062,246068803.685,1.625,64090.228,1.514,N,1951.0,1-Jan-2011,E. BROWNE and  J. K. TULI,2023-10-18,246cf
98,149,Cf,,,,,,0.0,,,(7/2+),3.11,,3,h,11196.0,108.0,EC,99.965,0.005,A,0.035,0.005,,,,,,,,,-2469.0006,24.1495,-9780.7275,91.0587,6502.5408,14.4047,619.871,15.238,6052.1534,14.4066,5146.4905,61.7056,7493.2638,0.058,247070971.348,15.38,66109.392,14.327,N,1954.0,31-Mar-2014,C. D. NESARAJA,2023-10-18,247cf
98,150,Cf,,,,,,0.0,,,0+,333.5,,28,d,28814400.0,241920.0,A,99.9971,0.0003,SF,0.0029,0.0003,,,,,,,,,-3061.0,53.0,-9411.7601,20.1039,6361.1999,5.0,-893.102,50.319,6942.7595,15.2145,5540.5413,7.1759,7491.044,0.0207,248072182.905,5.497,67237.951,5.121,N,1954.0,1-Sep-2014,M. J. MARTIN,2023-10-18,248cf
98,151,Cf,,,,,,0.0,,,9/2-,351,,2,Y,11076481017.081793,63113851.949184,A,100.0,,SF,5e-07,4e-08,,,,,,,,,-1452.0,30.0,-8648.0,52.0,6293.2928,0.4895,-123.6,1.7,5586.5363,5.0458,5697.2908,50.0676,7483.3954,0.0048,249074850.428,1.269,69722.733,1.182,N,1954.0,31-Dec-2010,KHALIFEH ABUSALEEM,2023-10-18,249cf
98,152,Cf,,,,,,0.0,,,0+,13.08,,9,Y,412764591.7476634,2840123.33771328,A,99.923,0.003,SF,0.077,0.003,,,,,,,,,-2055.0,100.0,-8076.0,30.0,6128.5082,0.1925,-1781.67,3.28,6623.7149,1.3155,5964.9679,1.375,7479.9567,0.0062,250076404.494,1.65,71170.336,1.538,N,1954.0,1-Aug-2001,Y. Akovali,2023-10-18,250cf
98,153,Cf,,,,,,0.0,,,1/2+,898,,44,Y,28338119525.183617,1388504742.882048,A,100.0,,SF,,,,,,,,,,,-376.566,6.4677,-7162.0,100.0,6176.9599,0.8944,-1093.0,11.4,5106.6728,3.8848,6105.9954,4.5961,7470.5014,0.0155,251079587.171,4.187,74134.981,3.901,N,1954.0,1-Jan-2012,E. BROWNE and  J. K. TULI,2023-10-18,251cf
98,154,Cf,,,,,,0.0,,,0+,2.647,,3,Y,83531183.05474502,94670.777923776,A,96.898,0.003,SF,3.102,0.003,,,,,,,,,-1260.0,50.0,-6548.2548,5.7525,6216.9469,0.0406,-2500.39,200.01,6171.6888,4.0697,6482.3418,10.7964,7465.3474,0.0094,252081626.507,2.531,76034.61,2.358,N,1954.0,1-Jan-2021,A.M. MATTERA and  S. ZHU and  A.B. HAYES and  E.A. MCCUTCHAN,2023-10-18,252cf
98,155,Cf,,,,,,0.0,,,(7/2+),17.81,,8,d,1538784.0,6912.0,B-,99.69,0.04,A,0.31,0.04,,,,,,,,,291.0753,4.385,-6064.3669,50.1255,6125.9499,3.5355,-1627.438,359.025,4804.3669,3.5446,6522.0,200.0,7454.8297,0.0168,253085133.723,4.57,79301.562,4.257,N,1954.0,1-Mar-2012,E. BROWNE and  J. K. TULI,2023-10-18,253cf
98,156,Cf,,,,,,0.0,,,0+,60.5,,2,d,5227200.0,17280.0,SF,99.69,0.02,A,0.31,0.02,,,,,,,,,-652.7561,11.8014,-5740.409,11.5097,5926.8918,5.0801,-3051.605,298.22,6031.4844,11.7631,6876.0,359.0,7449.2259,0.0451,254087323.575,12.304,81341.395,11.462,N,1955.0,31-Jan-2019,BALRAJ SINGH,2023-10-18,254cf
98,157,Cf,,,,,,0.0,,,(7/2+),85,,18,m,5100.0,1080.0,B-,100.0,,,,,,,,,,,,,720.0,200.0,-5256.0,200.0,5736.0,201.0,,,4603.0,201.0,6873.0,359.0,7438.0,1.0,255091046.0,215.0,84809.0,200.0,Y,1981.0,1-Nov-2011,E. BROWNE and  J. K. TULI,2023-10-18,255cf
98,158,Cf,,,,,,0.0,,,0+,12.3,,12,m,738.0,72.0,SF,100.0,,A,1e-06,,,,,,,,,,-144.0,330.0,-5120.0,315.0,5560.0,100.0,,,5840.0,373.0,,,7432.0,1.0,256093442.0,338.0,87041.0,314.0,Y,1980.0,22-Mar-2017,BALRAJ SINGH,2023-10-18,256cf
99,141,Es,,,,,,0.0,,,(1+),6,,2,s,6.0,2.0,A,70.0,10.0,EC+B+,30.0,10.0,ECSF,4.8,1.8,,,,,,,,,,8258.7789,62.6509,6236.281,366.444,7476.0,473.0,1265.0,385.0,7481.0,2.0,240068949.0,393.0,64225.0,366.0,Y,2017.0,22-DEC-2016,F.G. KONDEV,2023-10-18,240es
99,142,Es,,,,,,0.0,,,,8,,+6-5,s,8.0,5.5,A,,,EC+B+,,,,,,,,,,,-5327.0,379.0,,,8258.6223,16.9224,4566.0,285.0,8403.0,433.0,1384.0,232.0,7485.0,1.0,241068592.0,248.0,63893.0,231.0,Y,1996.0,30-Sep-2015,C.D. NESARAJA,2023-10-18,241es
99,143,Es,,,,,,0.0,,,,17.8,,16,s,17.8,1.6,A,57.0,3.0,EC+B+,43.0,3.0,,,,,,,,,-3598.0,476.0,-12490.0,395.0,8160.1152,20.3367,5414.018,257.323,7163.0,345.0,1814.0,307.0,7483.0,1.0,242069567.0,276.0,64801.0,257.0,Y,1994.0,31-Dec-2021,M.J. Martin and  C.D. Nesaraja,2023-10-18,242es
99,144,Es,,,,,X,0.0,,,(7/2+),21,,2,s,21.0,2.0,A,61.0,6.0,EC+B+,39.0,6.0,SF,1.0,,,,,,,-4569.0,245.0,-11724.0,451.0,8072.1077,10.1677,3757.0,274.9,8126.0,330.0,1929.0,207.0,7486.0,1.0,243069508.0,222.0,64747.0,207.0,Y,1973.0,30-Sep-2013,C.D. Nesaraja and  E.A. McCutchan,2023-10-18,243es
99,145,Es,,,,,,0.0,,,,37,,4,s,37.0,4.0,EC,96.0,,A,4.0,,,,,,,,,,-2938.0,271.0,-11362.0,223.0,7936.0,102.0,4547.904,181.019,6792.0,275.0,2253.0,256.0,7483.0,1.0,244070881.0,195.0,66026.0,181.0,Y,1973.0,31-Aug-2017,C.D. Nesaraja,2023-10-18,244es
99,146,Es,,,,,,0.0,,,(3/2-),1.1,,1,m,66.0,6.0,EC,60.0,10.0,A,40.0,10.0,,,,,,,,,-3877.0,256.0,-10720.0,260.0,7909.3581,3.0499,2929.849,165.018,7782.0,245.0,2452.0,165.0,7485.0,1.0,245071192.0,178.0,66315.0,165.0,Y,1967.0,1-Jun-2010,E. BROWNE and  J. K. TULI,2023-10-18,245es
99,147,Es,,,,,X,0.0,,0.0,,7.5,,5,m,450.0,30.0,EC+B+,90.1,1.8,A,9.9,1.8,,,,,,,,,-2372.3848,90.9577,-10444.0,215.0,7642.0,100.0,3728.574,89.938,6567.0,188.0,2855.3207,89.9574,7480.7849,0.3655,246072806.474,96.538,67818.802,89.925,N,1954.0,1-Jan-2011,E. BROWNE and  J. K. TULI,2023-10-18,246es
99,148,Es,,,,,,0.0,,,(3/2-),,,,,,,,,,,,,,,,,,,,,-3094.0,182.0,-9684.1117,23.766,7463.8478,19.9602,2469.001,24.15,7311.7269,92.002,2800.8057,19.4996,7480.1005,0.0787,247073621.929,20.87,68578.393,19.441,N,1967.0,31-Mar-2014,C. D. NESARAJA,2023-10-18,247es
99,149,Es,,,,,,0.0,,,(2- 0+),24,,3,m,1440.0,180.0,EC,99.7,0.3,A,0.25,,,,,,,,,,-1599.0,53.0,-9445.0,188.0,7160.0,50.0,3061.049,52.252,6351.0,56.0,3099.0,54.0,7476.0,0.0,248075469.0,56.0,70299.0,52.0,Y,1956.0,1-Sep-2014,M. J. MARTIN,2023-10-18,248es
99,150,Es,,,,,,0.0,,,7/2+,102.2,,6,m,6132.0,36.0,EC+B+,99.43,0.08,A,0.57,0.08,,,,,,,,,-2344.0,31.0,-8794.0,31.0,6936.0,30.0,1452.267,30.023,7196.0,60.0,3352.0,31.0,7474.0,0.0,249076409.0,32.0,71175.0,30.0,Y,1956.0,31-Dec-2010,KHALIFEH ABUSALEEM,2023-10-18,249es
99,151,Es,,,,,,0.0,,,(6+),8.6,,1,h,30960.0,360.0,EC,97.0,,A,3.0,,,,,,,,,,-847.0,100.0,-8365.0,100.0,6834.0,117.0,2054.664,100.012,6021.0,104.0,3786.0,100.0,7469.0,0.0,250078611.0,107.0,73225.0,100.0,Y,1956.0,1-Aug-2001,Y. Akovali,2023-10-18,250es
99,152,Es,,,,,,0.0,,,3/2-,33,,1,h,118800.0,3600.0,EC,99.5,0.2,A,0.5,0.2,,,,,,,,,-1447.261,15.2387,-7631.9637,9.4257,6597.11,1.0162,376.566,6.571,6785.0,100.0,3947.7598,5.3617,7465.8842,0.0211,251079991.431,5.676,74511.547,5.288,N,1956.0,1-Jan-2012,E. BROWNE and  J. K. TULI,2023-10-18,251es
99,153,Es,,,,,,0.0,,,(5-),471.7,,19,d,40754880.0,164160.0,A,78.0,2.0,EC,22.0,2.0,,,,,,,,,477.9998,50.322,-6735.5159,52.0559,6738.642,0.5081,1260.0,50.1,5288.2548,50.3298,4129.3418,50.1654,7457.2428,0.1986,252082979.173,53.736,77294.61,50.056,N,1956.0,1-Jan-2021,A.M. MATTERA and  S. ZHU and  A.B. HAYES and  E.A. MCCUTCHAN,2023-10-18,252es
99,154,Es,,,,,,0.0,,,7/2+,20.47,,3,d,1768608.0,2592.0,A,100.0,,SF,8.7e-06,3e-07,,,,,4.1,0.07,6.7,0.8,-335.0623,1.0782,-5877.4424,5.1629,6739.2376,0.0508,-291.076,4.436,6355.4422,50.0666,4313.0952,2.5822,7452.8879,0.0049,253084821.241,1.341,79010.486,1.249,N,1954.0,1-Mar-2012,E. BROWNE and  J. K. TULI,2023-10-18,253es
99,155,Es,,,,,,0.0,,,(7+),275.7,,5,d,23820480.0,43200.0,A,100.0,,B-,0.000174,8e-06,SF,3e-06,,,4.4,0.4,,,1091.63,2.2858,-5422.7153,2.998,6617.2299,0.4743,652.756,11.832,5087.653,2.8549,4596.3813,5.1017,7443.5759,0.0116,254088024.337,3.152,81994.151,2.936,N,1954.0,31-Jan-2019,BALRAJ SINGH,2023-10-18,254es
99,156,Es,,,,,,0.0,,,(7/2+),39.8,,12,d,3438720.0,103680.0,B-,92.0,0.4,A,8.0,0.4,SF,0.0041,0.0002,,,,,,288.7717,10.1024,-4884.6024,10.8593,6436.3399,1.3416,-719.763,200.292,5976.2324,11.0972,4541.1293,15.6259,7437.8216,0.0424,255090273.504,11.612,84089.237,10.817,N,1954.0,1-Nov-2011,E. BROWNE and  J. K. TULI,2023-10-18,255es
99,157,Es,,,,,,0.0,,,(1+ 0-),25.4,,24,m,1524.0,144.0,B-,100.0,,,,,,,,,,,,,1700.0,100.0,-4687.0,100.0,6225.0,224.0,144.0,329.5,4976.0,101.0,4913.0,224.0,7428.0,0.0,256093597.0,107.0,87185.0,100.0,Y,1976.0,22-Mar-2017,BALRAJ SINGH,2023-10-18,256es
99,158,Es,,,,,,0.0,,,,7.7,,2,d,665280.0,17280.0,B-,,,SF,,,,,,,,,,,813.0,411.0,-4153.0,411.0,6050.0,200.0,,,5853.0,423.0,4926.0,517.0,7422.0,2.0,257095979.0,441.0,89403.0,411.0,Y,1987.0,1-Mar-2012,E. BROWNE and  J. K. TULI,2023-10-18,257es
100,141,Fm,,,,,,0.0,,,,0.73,,6,ms,0.00073,6e-05,SF,78.0,,A,14.0,,EC,12.0,,,,,,,,,,,8857.0,315.0,5327.0,378.6,,,2294.0,473.0,7459.0,1.0,241074311.0,322.0,69220.0,300.0,Y,2008.0,30-Sep-2015,C.D. NESARAJA,2023-10-18,241fm
100,142,Fm,,,,,,0.0,,,0+,0.8,,2,ms,0.0008,0.0002,SF,100.0,,,,,,,,,,,,,,,,,8697.0,499.0,3599.0,476.2,8892.0,500.0,2783.0,462.0,7465.0,2.0,242073430.0,430.0,68400.0,401.0,Y,1975.0,31-Dec-2021,M.J. Martin and  C.D. Nesaraja,2023-10-18,242fm
100,143,Fm,,,,,,0.0,,,(7/2-),231,,9,ms,0.231,0.009,A,91.0,3.0,EC+B+,10.0,,SF,9.0,1.0,,,,,,,,,,8689.1999,50.6519,4569.0,244.4,7155.0,421.0,2774.0,288.0,7464.0,1.0,243074414.0,140.0,69316.0,130.0,Y,1981.0,30-Sep-2013,C.D. Nesaraja and  E.A. McCutchan,2023-10-18,243fm
100,144,Fm,,,,,,0.0,,,0+,3.12,,8,ms,0.00312,8e-05,SF,97.0,,EC,2.0,,A,1.0,,,,,,,-6634.0,425.0,,,8550.0,200.0,2938.0,270.4,8424.0,239.0,3072.0,288.0,7468.0,1.0,244074036.0,216.0,68964.0,201.0,Y,1967.0,31-Aug-2017,C.D. Nesaraja,2023-10-18,244fm
100,145,Fm,,,,,,0.0,,,,4.2,,13,s,4.2,1.3,A,100.0,,,,,,,,,,,,,-5133.0,325.0,-13477.0,422.0,8440.0,100.0,3877.0,255.4,6843.0,280.0,3123.0,266.0,7465.0,1.0,245075354.0,210.0,70192.0,195.0,Y,1967.0,1-Jun-2010,E. BROWNE and  J. K. TULI,2023-10-18,245fm
100,146,Fm,,,,,,0.0,,,0+,1.54,,4,s,1.54,0.04,A,93.2,0.6,SF,6.8,0.6,EC,1.3,,,,,,,-5924.0,260.0,-13205.0,260.0,8379.289,4.5462,2372.385,90.958,8072.0,196.0,3413.0,166.0,7467.9608,0.0556,246075353.334,14.675,70191.187,13.67,N,1966.0,1-Jan-2011,E. BROWNE and  J. K. TULI,2023-10-18,246fm
100,147,Fm,,,,,,0.0,,,(7/2+),31,,1,s,31.0,1.0,A,64.0,,EC+B+,36.0,,,,,,,,,,-4263.0,275.0,-12514.0,317.0,8257.6677,9.7405,3093.607,182.041,6590.0,181.0,3435.0,202.0,7464.0,1.0,247076944.0,194.0,71672.0,181.0,Y,1967.0,31-Mar-2014,C. D. NESARAJA,2023-10-18,247fm
100,148,Fm,,,,,,0.0,,,0+,34.5,,12,s,34.5,1.2,A,95.0,5.0,EC,5.0,5.0,SF,0.1,0.05,,,,,,-5050.0,184.0,-12109.0,208.0,7994.7808,8.2669,1598.793,52.69,7846.0,181.0,3969.5712,21.2167,7465.9451,0.0343,248077185.451,9.122,71897.793,8.497,N,1958.0,1-Sep-2014,M. J. MARTIN,2023-10-18,248fm
100,149,Fm,,,,,,0.0,,,(7/2+),2.6,,7,m,156.0,42.0,EC+B+,67.0,9.0,A,33.0,9.0,,,,,,,,,-3661.8091,164.5418,-11500.0,184.0,7709.0754,5.929,2344.143,30.636,6449.9683,10.4729,4069.0,53.0,7461.8649,0.0249,249078926.042,6.668,73519.143,6.212,N,1960.0,31-Dec-2010,KHALIFEH ABUSALEEM,2023-10-18,249fm
100,150,Fm,,,,,,0.0,,,0+,30,,3,m,1800.0,180.0,A,90.0,,EC,10.0,,SF,0.0069,0.001,,,,,,-4326.9476,91.2615,-11180.0771,164.6136,7557.0492,7.8003,847.193,100.311,7518.268,9.967,4392.0,31.0,7462.0905,0.0316,250079519.765,8.468,74072.193,7.888,N,1954.0,1-Aug-2001,Y. Akovali,2023-10-18,250fm
100,151,Fm,,,,,,0.0,,,(9/2-),5.30,,8,h,19080.0,288.0,EC+B+,98.2,0.13,A,1.8,0.13,,,,,,,,,-3007.9406,23.7108,-10511.6502,92.0364,7424.4999,1.0,1447.261,15.239,6184.7026,16.3242,4555.0,101.0,7457.0013,0.0569,251081545.13,15.342,75958.808,14.292,N,1957.0,1-Jan-2012,E. BROWNE and  J. K. TULI,2023-10-18,251fm
100,152,Fm,,,,,,0.0,,,0+,25.39,,4,h,91404.0,144.0,A,99.9977,0.0002,SF,0.0023,0.0002,,,,,,,,,-3650.5075,91.4356,-10221.4563,19.6265,7153.7437,1.0162,-477.999,50.328,7213.5157,15.2156,4983.9076,7.3184,7456.0351,0.0207,252082466.019,5.604,76816.611,5.221,N,1956.0,1-Jan-2021,A.M. MATTERA and  S. ZHU and  A.B. HAYES and  E.A. MCCUTCHAN,2023-10-18,252fm
100,153,Fm,,,,,,0.0,,,1/2+,3.00,,12,d,259200.0,10368.0,EC,88.0,1.0,A,12.0,1.0,,,,,,,,,-1827.0,31.0,-9192.8876,91.2996,7197.8999,1.0,335.063,1.99,5542.3801,5.2434,5238.0329,50.075,7448.4712,0.0061,253085180.945,1.662,79345.549,1.549,N,1957.0,1-Mar-2012,E. BROWNE and  J. K. TULI,2023-10-18,253fm
100,154,Fm,,,,,,0.0,,,0+,3.240,,2,h,11664.0,7.2,A,99.9408,0.0003,SF,0.0592,0.0003,,,,,,,,,-2550.0,100.0,-8342.0,31.0,7307.2696,1.016,-1091.63,3.46,6514.3453,1.9398,5396.936,1.7104,7444.7936,0.0073,254086852.424,1.978,80902.521,1.843,N,1954.0,31-Jan-2019,BALRAJ SINGH,2023-10-18,254fm
100,155,Fm,,,,,,0.0,,,7/2+,20.07,,7,h,72252.0,252.0,A,100.0,,SF,2.4e-05,1e-05,,,,,,,,,-1041.6037,6.7172,-7723.0,100.0,7240.5682,0.508,-288.772,11.51,5173.3741,4.0475,5482.6571,4.6483,7435.886,0.0154,255089963.495,4.223,83800.465,3.934,N,1954.0,1-Nov-2011,E. BROWNE and  J. K. TULI,2023-10-18,255fm
100,156,Fm,,,,,,0.0,,,0+,157.1,,13,m,9426.0,78.0,SF,91.9,0.3,A,8.1,0.3,,,,,,,,,-1971.0,124.0,-7428.5906,6.2992,7025.2702,1.8865,-1700.204,100.046,6386.9869,4.5144,5893.4116,11.0418,7431.7888,0.0118,256091771.699,3.241,85484.796,3.02,N,1955.0,22-Mar-2017,BALRAJ SINGH,2023-10-18,256fm
100,157,Fm,,,,,,0.0,,,(9/2+),100.5,,2,d,8683200.0,17280.0,A,99.79,0.004,SF,0.21,0.004,,,,,,,,,-402.3347,4.5748,-6937.0,124.0,6863.6599,0.8944,-812.863,411.023,4965.9772,4.1138,5884.0,100.0,7422.1942,0.0169,257095105.419,4.669,88590.137,4.35,N,1964.0,1-Mar-2012,E. BROWNE and  J. K. TULI,2023-10-18,257fm
100,158,Fm,,,,,,0.0,,,0+,370,,14,us,0.00037,1.4e-05,SF,100.0,,,,,,,,,,,,,-1264.0,200.0,-6637.0,200.0,6660.0,200.0,,,6235.0,200.0,6266.0,457.0,7418.0,1.0,258097077.0,215.0,90426.0,200.0,Y,1971.0,25-Aug-2017,BALRAJ SINGH,2023-10-18,258fm
100,159,Fm,,,,,,0.0,,,,1.5,,2,s,1.5,0.2,SF,100.0,,,,,,,,,,,,,140.0,300.0,-6058.0,283.0,6470.0,200.0,,,4793.0,347.0,6287.0,490.0,7407.0,1.0,259100596.0,304.0,93704.0,283.0,Y,1980.0,1-Aug-2011,E. BROWNE and  J. K. TULI,2023-10-18,259fm
101,143,Md,,,,,,0.0,,,,0.38,,+19-9,s,0.38,0.14,A,100.0,,EC+B+,14.0,,,,,,,,,,,,,,8946.9999,78.8733,6633.0,424.5,,,1008.0,396.0,7438.0,2.0,244081157.0,402.0,75597.0,374.0,Y,2020.0,15-FEB-2021,BALRAJ SINGH,2023-10-18,244md
101,144,Md,,,,,,0.0,,,(1/2-),0.90,,25,ms,0.0009,0.00025,A,,,SF,,,,,,,,,,,,,,,9006.0,119.0,5133.0,325.0,8344.0,456.0,928.0,328.0,7441.0,1.0,245080864.0,279.0,75325.0,260.0,Y,1996.0,1-Jun-2010,E. BROWNE and  J. K. TULI,2023-10-18,245md
101,145,Md,,,,,X,0.0,,0.0,,0.9,,2,s,0.9,0.2,A,100.0,,SF,,,EC,,,,,,,,,,,,8888.7896,40.6623,5923.813,260.359,7281.0,367.0,1365.0,325.0,7441.0,1.0,246081713.0,279.0,76115.0,260.0,Y,1996.0,1-Jan-2011,E. BROWNE and  J. K. TULI,2023-10-18,246md
101,146,Md,,,,,,0.0,,,(7/2-),1.2,,1,s,1.2,0.1,A,99.9,,SF,0.1,,,,,,,,,,,,,,8764.3999,10.0,4264.0,274.9,8251.0,333.0,1544.0,208.0,7444.0,1.0,247081520.0,223.0,75936.0,207.0,Y,1981.0,31-Mar-2014,C. D. NESARAJA,2023-10-18,247md
101,147,Md,,,,,,0.0,,,,7,,3,s,7.0,3.0,EC,80.0,10.0,A,20.0,10.0,,,,,,,,,-3741.0,290.0,,,8497.2929,30.4927,5050.207,184.196,7059.0,277.0,2014.0,258.0,7442.0,1.0,248082607.0,198.0,76948.0,184.0,Y,1973.0,1-Sep-2014,M. J. MARTIN,2023-10-18,248md
101,148,Md,,,,,,0.0,,,(7/2-),21.7,,20,s,21.7,2.0,A,60.0,,EC+B+,40.0,,,,,,,,,,-4606.0,324.0,-11579.0,278.0,8441.0,18.0,3661.809,164.542,7838.0,247.0,2005.8122,164.6439,7444.0169,0.6603,249082857.155,176.516,77180.952,164.425,N,1973.0,31-Dec-2010,KHALIFEH ABUSALEEM,2023-10-18,249md
101,149,Md,,,,,,0.0,,,,52,,6,s,52.0,6.0,EC,93.0,3.0,A,7.0,3.0,,,,,,,,,-3167.0,220.0,-11459.0,294.0,8155.4227,27.6804,4326.947,91.262,6853.1295,187.8879,2408.9734,91.1319,7441.6533,0.3637,250084164.934,97.606,78399.14,90.92,N,1973.0,1-Aug-2001,Y. Akovali,2023-10-18,250md
101,150,Md,,,,,,0.0,,,(7/2-),4.0,,5,m,240.0,30.0,EC+B+,90.0,,A,10.0,,,,,,,,,,-3882.0,182.0,-10671.0,201.0,7963.4399,4.4721,3007.941,23.711,7503.7096,92.8676,2394.415,20.4979,7441.9005,0.0754,251084774.287,20.31,78966.749,18.919,N,1973.0,1-Jan-2012,E. BROWNE and  J. K. TULI,2023-10-18,251md
101,151,Md,,,,,,0.0,,,,2.3,,8,m,138.0,48.0,EC,100.0,,,,,,,,,,,,,-2404.2523,91.7581,-10453.0,203.0,7743.0,105.0,3650.507,91.435,6570.9488,93.2264,2780.6612,92.3984,7438.4444,0.3622,252086385.0,98.0,80467.118,91.286,N,1973.0,1-Jan-2021,A.M. MATTERA and  S. ZHU and  A.B. HAYES and  E.A. MCCUTCHAN,2023-10-18,252md
101,152,Md,,,,,,0.0,,,(7/2-),6,,+12-3,m,360.0,450.0,EC+B+,99.3,,A,0.7,,,,,,,,,,-3186.0,32.0,-9770.0,33.0,7573.0769,8.3205,1827.451,31.039,7366.0,96.0,2933.0,32.0,7438.0,0.0,253087143.0,34.0,81173.0,31.0,Y,1992.0,1-Mar-2012,E. BROWNE and  J. K. TULI,2023-10-18,253md
101,153,Md,,,,,,0.0,,,,10,,3,m,600.0,180.0,EC+B+,100.0,,,,,,,,,,,,,-1271.0,100.0,-8977.0,100.0,7802.0,141.0,2550.479,100.017,5792.0,105.0,3182.0,100.0,7432.0,0.0,254089590.0,107.0,83453.0,100.0,Y,1970.0,31-Jan-2019,BALRAJ SINGH,2023-10-18,254md
101,154,Md,,,,,,0.0,,,(7/2-),27,,2,m,1620.0,120.0,EC,93.0,1.0,A,7.0,1.0,,,,,,,,,-1969.8648,15.1096,-7952.5608,11.1032,7905.606,1.7408,1041.604,6.817,6682.0,100.0,3349.4234,5.728,7428.7333,0.0218,255091081.702,5.976,84842.069,5.567,N,1958.0,1-Nov-2011,E. BROWNE and  J. K. TULI,2023-10-18,255md
101,155,Md,,,,,,0.0,,,(1-),77.7,,18,m,4662.0,108.0,EC,90.8,0.7,A,9.2,0.7,SF,3.0,,,,,,,-367.0,124.0,-7427.0,124.0,7737.0,113.0,1971.204,124.037,5457.0,124.0,3633.0,124.0,7421.0,0.0,256093888.0,133.0,87456.0,124.0,Y,1955.0,22-Mar-2017,BALRAJ SINGH,2023-10-18,256md
101,156,Md,,,,,,0.0,,,(7/2-),5.52,,5,h,19872.0,180.0,EC,85.0,3.0,A,15.0,3.0,SF,1.0,,,,,,,-1254.5923,6.1695,-6901.8919,7.5683,7557.0699,0.9487,402.335,4.624,6535.0,124.0,3781.2955,3.3356,7417.5845,0.0061,257095537.343,1.683,88992.472,1.569,N,1965.0,1-Mar-2012,E. BROWNE and  J. K. TULI,2023-10-18,257md
101,157,Md,,,,,,0.0,,,(8-),51.50,,29,d,4449600.0,25056.0,A,100.0,,,,,,,,,,,,,213.0,100.0,-6628.0325,6.9596,7271.2827,1.857,1264.35,200.03,5373.4402,3.5353,4188.7585,5.5023,7409.6615,0.0135,258098433.634,3.729,91690.35,3.474,N,1970.0,25-Aug-2017,BALRAJ SINGH,2023-10-18,258md
101,158,Md,,,,,,0.0,,,,1.60,,6,h,5760.0,216.0,SF,100.0,,A,1.3,,,,,,,,,,-515.0,101.0,-5985.0,142.0,7050.0,100.0,-140.0,300.4,6198.0,101.0,4151.0,224.0,7405.0,0.0,259100445.0,108.0,93564.0,101.0,Y,1982.0,1-Aug-2011,E. BROWNE and  J. K. TULI,2023-10-18,259md
101,159,Md,,,,,,0.0,,,,31.8,,5,d,2747520.0,43200.0,SF,42.0,,A,25.0,,EC,23.0,,,,,,,940.0,374.0,-5601.0,316.0,6940.0,300.0,,,5086.0,332.0,4443.0,424.0,7396.0,1.0,260103650.0,339.0,96550.0,316.0,Y,1989.0,1-Oct-1998,Y. A. AKOVALI,2023-10-18,260md
102,146,No,,,,,,0.0,,,,2,LT,,us,2e-06,,,,,,,,,,,,,,,,,,,,9300.0,100.0,3741.0,289.8,,,2536.0,305.0,7424.0,1.0,248086623.0,241.0,80689.0,224.0,Y,2003.0,1-Sep-2014,M. J. MARTIN,2023-10-18,248no
102,147,No,,,,,,0.0,,,(5/2+),38.1,,28,ms,0.0381,0.0028,A,100.0,,SF,0.23,,ECP,,,,,,,,,,,,9170.0,200.0,4606.048,323.847,6973.0,358.0,2450.0,335.0,7422.0,1.0,249087802.0,300.0,81787.0,279.0,Y,2003.0,12-Feb-2023,Balraj Singh,2023-10-18,249no
102,148,No,,,,,,0.0,,,0+,4.2,,+12-9,us,4.2e-06,1.05e-06,SF,100.0,,A,2.0,,,,,,,,,,,,,,8950.0,200.0,3166.86,219.69,8292.0,344.0,2904.0,259.0,7426.0,1.0,250087565.0,215.0,81566.0,200.0,Y,2003.0,15-SEP-2006,BALRAJ SINGH,2023-10-18,250no
102,149,No,,,,,,0.0,,,(7/2+),0.80,,1,s,0.8,0.01,A,91.0,,SF,0.3,,EC+B+,,,,,,,,-4981.0,270.0,,,8751.714,4.0649,3882.251,181.986,6788.0,270.0,2839.0,202.0,7423.0,1.0,251088942.0,194.0,82849.0,181.0,Y,1967.0,1-Jan-2012,E. BROWNE and  J. K. TULI,2023-10-18,251no
102,150,No,,,,,,0.0,,,0+,2.46,,2,s,2.46,0.02,A,65.3,0.5,SF,33.0,0.8,EC+B+,1.7,0.9,,,,,,-5666.0,185.0,-13030.0,200.0,8548.6616,5.3226,2404.252,91.758,8049.0,181.0,3384.3495,21.078,7425.7992,0.0369,252088966.07,9.975,82871.37,9.292,N,1967.0,1-Jan-2021,A.M. MATTERA and  S. ZHU and  A.B. HAYES and  E.A. MCCUTCHAN,2023-10-18,252no
102,151,No,,,,,,0.0,,,(9/2-),1.62,,15,m,97.2,9.0,A,55.0,3.0,EC+B+,45.0,3.0,,,,,-0.53,0.08,5.9,1.7,-4164.7752,164.6791,-12250.0,185.0,8414.6374,4.3296,3185.696,31.761,6583.9925,11.543,3397.3932,91.5478,7422.4719,0.0273,253090562.78,7.42,84358.696,6.912,N,1967.0,1-Mar-2012,E. BROWNE and  J. K. TULI,2023-10-18,253no
102,152,No,,,,,,0.0,,,0+,51.2,,4,s,51.2,0.4,A,90.0,1.0,EC,10.0,1.0,SF,0.17,0.02,,,,,,-4922.5753,91.8208,-11871.4774,164.8171,8226.2032,8.0482,1270.312,100.465,7706.7022,11.8367,3738.0,33.0,7423.5909,0.038,254090954.211,10.367,84723.312,9.658,N,1966.0,31-Jan-2019,BALRAJ SINGH,2023-10-18,254no
102,153,No,,,,,,0.0,,,(1/2+),3.52,,21,m,211.2,12.6,EC+B+,70.0,5.0,A,30.0,5.0,,,,,,,,,-3135.3716,22.5952,-10905.2713,92.3856,8428.2098,2.9932,1969.865,15.11,5982.696,17.0463,3930.0,101.0,7417.9403,0.0551,255093196.439,15.079,86811.934,14.047,N,1967.0,1-Nov-2011,E. BROWNE and  J. K. TULI,2023-10-18,255no
102,154,No,,,,,,0.0,,,0+,2.91,,5,s,2.91,0.05,A,99.47,0.06,SF,0.53,0.06,,,,,,,,,-3923.5573,83.2459,-10195.5777,19.2409,8581.5194,5.4519,367.046,124.23,7060.2061,15.9464,4307.9942,9.2904,7416.5429,0.0295,256094281.912,8.103,87823.046,7.548,N,1963.0,22-Mar-2017,BALRAJ SINGH,2023-10-18,256no
102,155,No,,,,,,0.0,,,(3/2+),24.5,,5,s,24.5,0.5,A,85.0,15.0,EC,30.0,,SF,1.5,,,,,,,-2418.0,45.0,-9570.8568,83.1342,8476.5999,6.0,1254.592,6.393,5647.2996,9.6548,4498.0,124.0,7409.6587,0.0241,257096884.203,6.652,90247.064,6.197,N,1967.0,1-Mar-2012,E. BROWNE and  J. K. TULI,2023-10-18,257no
102,156,No,,,,,,0.0,,,0+,1.2,,2,ms,0.0012,0.0002,SF,100.0,,,,,,,,,,,,,-3304.0,143.0,-9259.0,109.0,8150.0,100.0,-213.35,100.06,6841.0,100.0,4804.0,100.0,7407.0,0.0,258098205.0,107.0,91477.0,100.0,Y,1989.0,25-Aug-2017,BALRAJ SINGH,2023-10-18,258no
102,157,No,,,,,,0.0,,,(9/2+),58,,5,m,3480.0,300.0,A,75.0,4.0,EC+B+,25.0,4.0,SF,10.0,,,,,,,-1771.0,71.0,-8774.0,102.0,7853.9999,5.0,515.381,101.2,5469.0,100.0,4899.9399,7.075,7399.9714,0.0246,259100998.364,6.829,94079.381,6.362,N,1973.0,1-Aug-2011,E. BROWNE and  J. K. TULI,2023-10-18,259no
102,158,No,,,,,,0.0,,,0+,106,,8,ms,0.106,0.008,SF,100.0,,,,,,,,,,,,,-2667.0,236.0,-8312.0,212.0,7700.0,200.0,-940.0,373.9,6541.0,200.0,5243.0,224.0,7397.0,1.0,260102641.0,215.0,95610.0,200.0,Y,1985.0,1-Oct-1998,Y. A. AKOVALI,2023-10-18,260no
102,160,No,,,,,,0.0,,,0+,5,AP,,ms,0.005,,SF,100.0,,,,,,,,,,,,,-2004.0,412.0,-7527.0,412.0,7250.0,300.0,,,6425.0,412.0,5766.0,624.0,7385.0,1.0,262107463.0,387.0,100101.0,361.0,Y,1988.0,1-Aug-2001,Y. Akovali,2023-10-18,262no
103,149,Lr,,,,,,0.0,,,,0.33,,+8-7,s,0.33,0.075,EC+B+,60.0,,A,40.0,,SF,2.0,,,,,,,,,,,9164.3375,16.9099,5665.63,185.23,7364.0,272.0,1601.0,259.0,7400.0,1.0,252095048.0,198.0,88537.0,185.0,Y,2001.0,1-Jan-2021,A.M. MATTERA and  S. ZHU and  A.B. HAYES and  E.A. MCCUTCHAN,2023-10-18,252lr
103,150,Lr,,,,,,0.0,,,(7/2-),0.57,,+7-6,s,0.57,0.065,A,98.7,,SF,1.3,,,,,,,,,,-5118.0,442.0,,,8917.6035,20.2833,4164.775,164.679,8085.0,247.0,1636.8703,164.7961,7402.918,0.6503,253095033.85,176.634,88523.471,164.534,N,1985.0,1-Mar-2012,E. BROWNE and  J. K. TULI,2023-10-18,253lr
103,151,Lr,,,,,,0.0,,,,18.1,,18,s,18.1,1.8,A,71.7,1.9,EC+B+,28.3,1.9,SF,0.1,,,,,,,-3555.0,298.0,-12067.0,420.0,8821.8308,8.4473,4922.575,91.821,6948.9021,188.1734,2001.7799,91.5728,7401.1306,0.3595,254096238.813,98.026,89645.887,91.312,N,1981.0,31-Jan-2019,BALRAJ SINGH,2023-10-18,254lr
103,152,Lr,,,,,,0.0,,,[1/2-],31.1,,11,s,31.1,1.1,A,99.7,0.1,EC,0.3,0.1,SF,0.1,,,,,,,-4382.0,182.0,-11325.0,284.0,8555.6408,6.6865,3135.371,22.595,7769.8997,93.0109,2064.9774,20.1619,7402.5767,0.0694,255096562.399,19.0,89947.305,17.698,N,1971.0,1-Nov-2011,E. BROWNE and  J. K. TULI,2023-10-18,255lr
103,153,Lr,,,,,,0.0,,,,27.9,,10,s,27.9,1.0,A,85.0,10.0,EC,15.0,10.0,SF,0.03,,,,,,,-2475.3893,84.8025,-10654.0,199.0,8854.5692,123.3131,3923.557,83.246,6272.0204,84.7711,2354.3018,84.0846,7398.1605,0.3238,256098494.024,89.0,91746.603,82.903,N,1965.0,22-Mar-2017,BALRAJ SINGH,2023-10-18,256lr
103,154,Lr,,,,,,0.0,,,,4,AP,,s,4.0,,A,100.0,,EC,15.0,,SF,0.033,,,,,,,-3201.0,45.0,-9628.0,48.0,9067.744,31.2138,2417.936,44.434,7153.0,94.0,2447.0,45.0,7397.0,0.0,257099480.0,47.0,92665.0,44.0,Y,1971.0,1-Mar-2012,E. BROWNE and  J. K. TULI,2023-10-18,257lr
103,155,Lr,,,,,,0.0,,,,3.92,,33,s,3.92,0.33,A,97.4,1.8,EC,2.6,1.8,,,,,,,,,-1562.0,103.0,-9156.0,102.0,8904.4827,18.5695,3305.0,142.8,5955.0,111.0,2754.0,102.0,7392.0,0.0,258101753.0,109.0,94782.0,102.0,Y,1971.0,25-Aug-2017,BALRAJ SINGH,2023-10-18,258lr
103,156,Lr,,,,,,0.0,,,,6.2,,3,s,6.2,0.3,A,78.0,2.0,SF,22.0,2.0,,,,,,,,,-2516.0,101.0,-8565.0,73.0,8584.0,71.0,1771.619,71.284,7002.0,124.0,2916.0,123.0,7390.0,0.0,259102900.0,76.0,95851.0,71.0,Y,1971.0,1-Aug-2011,E. BROWNE and  J. K. TULI,2023-10-18,259lr
103,157,Lr,,,,,,0.0,,,,180,,30,s,180.0,30.0,A,80.0,20.0,EC,40.0,,,,,,,,,,-871.0,236.0,-8162.0,145.0,8396.0,143.0,2667.0,235.8,5645.0,144.0,3092.0,125.0,7383.0,0.0,260105504.0,134.0,98277.0,125.0,Y,1971.0,1-Oct-1998,Y. A. AKOVALI,2023-10-18,260lr
103,158,Lr,,,,,,0.0,,,,39,,12,m,2340.0,720.0,SF,,,,,,,,,,,,,,-1761.0,211.0,-7662.0,283.0,8140.0,200.0,,,6791.0,236.0,3341.0,283.0,7381.0,1.0,261106879.0,215.0,99557.0,200.0,Y,1987.0,31-Jul-1999,AGDA ARTNA-COHEN,2023-10-18,261lr
103,159,Lr,,,,,,0.0,,,,4,AP,,h,14400.0,,SF,10.0,,A,,,EC+B+,,,,,,,,-287.0,300.0,-7284.0,211.0,7990.0,200.0,2004.0,412.7,5523.0,283.0,3639.0,283.0,7374.0,1.0,262109615.0,215.0,102105.0,200.0,Y,1987.0,1-Aug-2001,Y. Akovali,2023-10-18,262lr
103,161,Lr,,,,,,0.0,,,,4.9,,+21-13,h,17640.0,6120.0,SF,100.0,,,,,,,,,,,,,300.0,566.0,-6453.0,462.0,7400.0,300.0,,,5366.0,490.0,4043.0,656.0,7363.0,2.0,264114198.0,468.0,106375.0,436.0,Y,,27-Jan-2023,Balraj Singh,2023-10-18,264lr
103,163,Lr,,,,,,0.0,,,,11,,+21-5,h,39600.0,46800.0,SF,100.0,,,,,,,,,,,,,1526.0,679.0,-5099.0,648.0,7570.0,300.0,,,4643.0,768.0,,,7349.0,2.0,266119874.0,579.0,111662.0,539.0,Y,2014.0,31-Jan-2019,BALRAJ SINGH,2023-10-18,266lr
104,149,Rf,,,,,,0.0,,,(1/2+),9.9,,12,ms,0.0099,0.0012,SF,83.0,6.0,A,17.0,6.0,,,,,,,,,,,,,9430.0,300.0,5118.529,441.782,,,2184.0,450.0,7380.0,2.0,253100528.0,440.0,93642.0,410.0,Y,1997.0,12-Feb-2023,Balraj Singh,2023-10-18,253rf
104,150,Rf,,,,,,0.0,,,0+,23.2,,11,us,2.32e-05,1.1e-06,SF,100.0,,A,1.5,,,,,,,,,,,,,,9210.0,200.0,3555.113,297.367,8512.0,498.0,2611.0,328.0,7384.0,1.0,254100055.0,304.0,93201.0,283.0,Y,1997.0,31-Jan-2019,BALRAJ SINGH,2023-10-18,254rf
104,151,Rf,,,,,,0.0,,,(9/2-),1.68,,9,s,1.68,0.09,SF,58.0,9.0,A,42.0,9.0,EC+B+,1.0,,,,,,,-5265.0,336.0,,,9055.4615,3.9223,4381.695,181.863,6943.0,336.0,2605.0,203.0,7382.0,1.0,255101267.0,194.0,94329.0,181.0,Y,1975.0,1-Nov-2011,E. BROWNE and  J. K. TULI,2023-10-18,255rf
104,152,Rf,,,,,,0.0,,,0+,6.67,,10,ms,0.00667,0.0001,SF,99.68,0.17,A,0.32,0.17,,,,,,,,,-6076.0,188.0,-13444.0,284.0,8925.7062,15.2385,2475.389,84.802,8179.0,182.0,3014.2841,25.1353,7385.4349,0.0697,256101151.464,19.16,94221.992,17.848,N,1975.0,22-Mar-2017,BALRAJ SINGH,2023-10-18,256rf
104,153,Rf,,,,,,0.0,,,(1/2+),4.4,,+6-5,s,4.4,0.55,A,79.3,1.4,EC,19.4,1.4,SF,1.3,0.3,,,,,,-4287.8969,164.9888,-12503.0,188.0,9082.7769,8.3205,3201.389,45.31,6426.9219,20.8491,3169.1855,83.6057,7381.7053,0.0421,257102916.796,11.612,95866.389,10.817,N,1969.0,1-Mar-2012,E. BROWNE and  J. K. TULI,2023-10-18,257rf
104,154,Rf,,,,,,0.0,,,0+,12.0,,12,ms,0.012,0.0012,SF,95.1,1.6,A,4.9,1.6,,,,,,,,,-5163.3651,93.2584,-11881.2658,165.4195,9196.1101,12.8867,1562.338,103.263,7593.3689,19.3754,3610.0,47.0,7382.5257,0.0624,258103429.895,17.288,96344.338,16.104,N,1969.0,25-Aug-2017,BALRAJ SINGH,2023-10-18,258rf
104,155,Rf,,,,,,0.0,,,,2.4,,4,s,2.4,0.4,A,92.0,2.0,EC,15.0,,SF,8.0,2.0,,,,,,-3624.0,92.0,-11212.0,117.0,9130.0,71.0,2516.0,101.1,6049.0,74.0,3704.0,125.0,7377.0,0.0,259105601.0,78.0,98367.0,72.0,Y,1969.0,1-Aug-2011,E. BROWNE and  J. K. TULI,2023-10-18,259rf
104,156,Rf,,,,,,0.0,,,0+,21,,1,ms,0.021,0.001,SF,100.0,,,,,,,,,,,,,-4525.0,221.0,-10914.0,208.0,8900.0,200.0,871.0,235.8,7290.0,213.0,3992.0,212.0,7377.0,1.0,260106440.0,215.0,99148.0,200.0,Y,1985.0,1-Oct-1998,Y. A. AKOVALI,2023-10-18,260rf
104,157,Rf,,,,,X,,,,,68,,3,s,68.0,3.0,A,100.0,,,,,,,,,,,,,-2990.0,128.0,-10426.0,114.0,8646.2528,65.3701,1761.233,210.503,5901.0,211.0,4247.0,141.0,7371.3858,0.2516,261108769.591,70.492,101318.233,65.663,N,1970.0,1-Aug-2015,M. GUPTA,2023-10-18,261rf
104,158,Rf,,,,,,0.0,,,0+,2.3,,4,s,2.3,0.4,SF,100.0,,,,,,,,,,,,,-3861.0,265.0,-9987.0,249.0,8490.0,200.0,287.0,300.2,6997.0,233.0,4454.0,300.0,7370.0,1.0,262109923.0,240.0,102392.0,224.0,Y,1985.0,1-Aug-2001,Y. Akovali,2023-10-18,262rf
104,159,Rf,,,,,,0.0,,,,10,,2,m,600.0,120.0,A,30.0,,SF,,,,,,,,,,,-2353.0,227.0,-9568.0,209.0,8252.0,153.0,,,5707.0,271.0,4638.0,252.0,7364.0,1.0,263112461.0,164.0,104757.0,153.0,Y,2003.0,31-Jul-1999,AGDA ARTNA-COHEN,2023-10-18,263rf
104,161,Rf,,,,,,0.0,,,,1.0,,+12-3,m,60.0,45.0,SF,100.0,,,,,,,,,,,,,-1692.0,424.0,-8643.0,431.0,7810.0,300.0,,,5456.0,510.0,4974.0,566.0,7354.0,1.0,265116683.0,387.0,108690.0,361.0,Y,2010.0,31-OCT-2015,BALRAJ SINGH,2023-10-18,265rf
104,163,Rf,,,,,,0.0,,,,1.3,,+23-5,h,4680.0,5040.0,SF,100.0,,A,33.3,,,,,,,,,,-570.0,686.0,-7368.0,640.0,7890.0,300.0,,,4763.0,707.0,5507.0,788.0,7342.0,2.0,267121787.0,617.0,113444.0,575.0,Y,2004.0,14-Sep-2021,C. Morse,2023-10-18,267rf
105,150,Db,,,,,,0.0,,,,1.6,,+6-4,s,1.6,0.5,A,80.0,,SF,20.0,,,,,,,,,,,,,,9340.0,200.0,5266.0,335.9,,,895.0,400.0,7359.0,1.0,255106919.0,304.0,99595.0,283.0,Y,1976.0,1-Nov-2011,E. BROWNE and  J. K. TULI,2023-10-18,255db
105,151,Db,,,,,,0.0,,,,1.6,,+5-3,s,1.6,0.4,A,70.0,11.0,EC,30.0,11.0,SF,,,,,,,,,,,,9336.131,30.477,6076.008,187.85,7368.0,339.0,1320.0,260.0,7359.0,1.0,256107674.0,201.0,100298.0,187.0,Y,2001.0,22-Mar-2017,BALRAJ SINGH,2023-10-18,256db
105,152,Db,,,,,,0.0,,,(9/2+),2.3,,2,s,2.3,0.2,A,94.0,,SF,6.0,,,,,,,,,,,,,,9205.8985,20.2783,4287.896,164.989,8215.0,249.0,1356.678,165.5984,7361.9767,0.6406,257107520.042,176.741,100154.285,164.634,N,1985.0,1-Mar-2012,E. BROWNE and  J. K. TULI,2023-10-18,257db
105,153,Db,,,,,,0.0,,,(5+ 6+),4.3,,5,s,4.3,0.5,A,77.0,8.0,EC+B+,23.0,8.0,,,,,,,,,-3788.0,423.0,,,9436.8999,10.0,5163.365,93.258,6717.9007,188.5261,1647.6568,92.4922,7359.4803,0.356,258108972.995,98.613,101507.703,91.857,N,1985.0,25-Aug-2017,BALRAJ SINGH,2023-10-18,258db
105,154,Db,,,,,,0.0,,,[9/2+],0.51,,16,s,0.51,0.16,A,,,,,,,,,,,,,,-4528.0,190.0,-11376.0,416.0,9618.7999,53.8516,3624.021,91.636,7587.9997,107.9399,1642.2876,58.9285,7360.3626,0.2189,259109491.859,60.854,101991.021,56.685,N,2001.0,1-Aug-2011,E. BROWNE and  J. K. TULI,2023-10-18,259db
105,155,Db,,,,,,0.0,,,,1.52,,13,s,1.52,0.13,A,90.4,0.6,SF,9.6,0.6,EC,2.5,,,,,,,-2875.0,95.0,-10918.0,204.0,9501.0,42.0,4525.0,220.5,6390.0,109.0,1983.0,118.0,7357.0,0.0,260111297.0,100.0,103673.0,93.0,Y,1970.0,1-Oct-1998,Y. A. AKOVALI,2023-10-18,260db
105,156,Db,,,,,,0.0,,,,1.8,,4,s,1.8,0.4,A,82.0,,SF,18.0,,,,,,,,,,-3697.0,112.0,-10311.0,112.0,9218.0,101.0,2989.767,128.108,7436.0,144.0,2129.0,228.0,7357.0,0.0,261111979.0,118.0,104308.0,110.0,Y,1970.0,31-Jul-1999,AGDA ARTNA-COHEN,2023-10-18,261db
105,157,Db,,,,,,0.0,,,,35,,5,s,35.0,5.0,A,67.0,,,,,,,,,,,,,-2116.0,145.0,-9823.0,144.0,9046.0,101.0,3861.0,265.7,6126.0,181.0,2354.0,157.0,7352.0,1.0,262114067.0,154.0,106253.0,143.0,Y,1971.0,1-Aug-2001,Y. Akovali,2023-10-18,262db
105,158,Db,,,,,,0.0,,,,27,,+10-7,s,27.0,8.5,SF,57.0,14.0,A,43.0,14.0,,,,,,,,,-3085.0,193.0,-9330.0,170.0,8834.0,152.0,2353.0,227.2,7214.0,221.0,2571.0,280.0,7352.0,1.0,263114987.0,180.0,107110.0,168.0,Y,1992.0,31-Jul-1999,AGDA ARTNA-COHEN,2023-10-18,263db
105,161,Db,,,,,,0.0,,,,0.4,,+17-2,h,1440.0,3420.0,SF,100.0,,EC,,,A,,,,,,,,-877.0,374.0,-8125.0,315.0,8210.0,200.0,,,5713.0,361.0,3239.0,458.0,7339.0,1.0,266121032.0,304.0,112740.0,283.0,Y,2007.0,31-Jan-2019,BALRAJ SINGH,2023-10-18,266db
105,162,Db,,,,,,0.0,,,,79,,+94-28,m,4740.0,3660.0,SF,100.0,,A,25.0,,,,,,,,,,-1792.0,457.0,-7675.0,447.0,7920.0,300.0,570.0,685.9,6798.0,469.0,3411.0,557.0,7337.0,1.0,267122399.0,402.0,114014.0,374.0,Y,2004.0,14-Sep-2021,C. Morse,2023-10-18,267db
105,163,Db,,,,,,0.0,,,,28,,3,h,100800.0,10800.0,SF,100.0,,EC+B+,,,A,,,,,,,,260.0,707.0,-6818.0,590.0,8260.0,300.0,,,5026.0,648.0,3673.0,781.0,7328.0,2.0,268125669.0,568.0,117060.0,529.0,Y,2004.0,31-Jan-2019,BALRAJ SINGH,2023-10-18,268db
105,165,Db,,,,,,0.0,,,,15,,+10-4,h,54000.0,25200.0,SF,100.0,,A,,,,,,,,,,,966.0,735.0,-5367.0,683.0,8310.0,200.0,,,4823.0,848.0,,,7314.0,2.0,270131399.0,617.0,122397.0,575.0,Y,2010.0,31-Jan-2019,BALRAJ SINGH,2023-10-18,270db
106,152,Sg,,,,,,0.0,,,0+,2.5,,+9-7,ms,0.0025,0.0008,SF,90.0,10.0,A,20.0,,,,,,,,,,,,,,9670.0,300.0,3788.297,423.092,,,2147.0,444.0,7342.0,2.0,258113040.0,443.0,105296.0,413.0,Y,1997.0,25-Aug-2017,BALRAJ SINGH,2023-10-18,258sg
106,153,Sg,,,,,,0.0,,,,0.29,,5,s,0.29,0.05,A,90.0,10.0,SF,20.0,,EC,13.0,,,,,,,,,,,9765.0775,8.1257,4527.979,189.669,6848.0,451.0,2277.0,203.0,7340.0,1.0,259114353.0,194.0,106519.0,181.0,Y,1985.0,1-Aug-2011,E. BROWNE and  J. K. TULI,2023-10-18,259sg
106,154,Sg,,,,,,0.0,,,0+,3.6,,9,ms,0.0036,0.0009,A,50.0,,SF,50.0,,,,,,,,,,-6576.0,197.0,,,9900.5871,10.1565,2874.495,95.24,8043.0,182.0,2732.4969,60.2905,7342.5632,0.079,260114383.435,22.045,106547.495,20.536,N,1984.0,1-Oct-1998,Y. A. AKOVALI,2023-10-18,260sg
106,155,Sg,,,,,,0.0,,,,0.23,,6,s,0.23,0.06,A,100.0,,SF,1.0,,,,,,,,,,-5074.4052,180.7519,-13190.0,197.0,9713.6999,15.0,3697.004,111.544,6613.809,27.6196,2957.0,95.0,7339.771,0.0709,261115948.135,19.853,108005.004,18.494,N,1984.0,31-Jul-1999,AGDA ARTNA-COHEN,2023-10-18,261sg
106,156,Sg,,,,,,0.0,,,0+,6.9,,+38-18,ms,0.0069,0.0028,SF,78.0,,A,22.0,,,,,,,,,,-5883.0463,95.6774,-12781.6554,181.1646,9599.8187,15.233,2116.072,144.708,7707.2502,28.8522,3228.0,112.0,7341.1736,0.0846,262116338.978,23.797,108369.072,22.167,N,2001.0,1-Aug-2001,Y. Akovali,2023-10-18,262sg
106,157,Sg,,,,,,0.0,,,,1.0,,2,s,1.0,0.2,A,70.0,,SF,30.0,,,,,,,,,,-4301.0,320.0,-12128.0,133.0,9403.263,60.9283,3085.0,193.0,6245.0,97.0,3347.0,171.0,7337.0,0.0,263118299.0,101.0,110195.0,95.0,Y,1974.0,31-Jul-1999,AGDA ARTNA-COHEN,2023-10-18,263sg
106,158,Sg,,,,,,0.0,,,0+,37,,+27-11,ms,0.037,0.019,SF,100.0,,A,36.0,,,,,,,,,,-5175.0,334.0,-11784.0,416.0,9210.0,200.0,,,7484.0,298.0,3616.0,329.0,7338.0,1.0,264118930.0,304.0,110783.0,283.0,Y,2006.0,25-Nov-2006,BALRAJ SINGH,2023-10-18,264sg
106,159,Sg,,,,,X,,,,,14.4,,+37-25,s,14.4,3.1,SF,50.0,,A,50.0,,,,,,,,,,-3601.0,277.0,-11235.0,225.0,9051.0,123.0,,,6060.0,315.0,3757.0,274.0,7333.0,1.0,265121089.0,149.0,112794.0,139.0,Y,1994.0,1-Aug-2015,M. GUPTA,2023-10-18,265sg
106,160,Sg,,,,,,0.0,,,0+,0.34,,+19-9,s,0.34,0.14,SF,100.0,,A,18.0,,,,,,,,,,-4487.0,294.0,-10849.0,342.0,8800.0,100.0,877.0,374.3,7248.0,282.0,4054.0,332.0,7332.0,1.0,266121973.0,263.0,113617.0,245.0,Y,2006.0,31-Jan-2019,BALRAJ SINGH,2023-10-18,266sg
106,161,Sg,,,,,,0.0,,,,84,,+55-24,s,84.0,39.5,SF,83.0,,A,17.0,,,,,,,,,,-2958.0,371.0,-10369.0,308.0,8625.0,212.0,,,5882.0,358.0,4223.0,385.0,7327.0,1.0,267124323.0,281.0,115806.0,261.0,Y,2008.0,14-Sep-2021,C. Morse,2023-10-18,267sg
106,163,Sg,,,,,,0.0,,,,1.3E2,,+10-4,s,130.0,70.0,A,100.0,,SF,15.0,,,,,,,,,,-1785.0,525.0,-9086.0,530.0,8577.4408,74.9312,,,5179.0,596.0,4656.0,645.0,7318.0,1.0,269128495.0,395.0,119692.0,368.0,Y,2010.0,14-Sep-2021,C. Morse,2023-10-18,269sg
106,165,Sg,,,,,,0.0,,,,96,,+88-31,s,96.0,59.5,A,50.0,,SF,50.0,,,,,,,,,,-1242.0,705.0,-7684.0,662.0,8748.0,138.0,,,4885.0,748.0,5069.0,824.0,7305.0,2.0,271133782.0,634.0,124617.0,591.0,Y,2004.0,14-Sep-2021,C. Morse,2023-10-18,271sg
107,153,Bh,,,,,,0.0,,,,35,,+19-9,ms,0.035,0.014,A,100.0,,SF,18.0,,EC,18.0,,,,,,,,,,,10400.2999,58.5683,6575.505,197.073,,,685.0,267.0,7314.0,1.0,260121443.0,211.0,113123.0,196.0,Y,2008.0,15-MAR-2016,B. SINGH,2023-10-18,260bh
107,154,Bh,,,,,,0.0,,,,12,,+5-3,ms,0.012,0.004,A,95.0,5.0,SF,10.0,,,,,,,,,,,,,,10500.2083,72.2838,5074.406,180.752,8115.0,266.0,757.0568,180.9722,7317.3313,0.6889,261121395.733,193.026,113079.41,179.803,N,1989.0,31-Jul-1999,AGDA ARTNA-COHEN,2023-10-18,261bh
107,155,Bh,,,,,X,0.0,,0.0,,102,,26,ms,0.102,0.026,A,100.0,,,,,,,,,,,,,,,,,10319.4999,15.0,5883.047,95.677,6898.6091,202.4649,1041.8568,94.8937,7315.7331,0.3552,262122654.688,99.919,114252.119,93.074,N,1981.0,1-Aug-2001,Y. Akovali,2023-10-18,262bh
107,156,Bh,,,,,,0.0,,,,,,,,,,,,,,,,,,,,,,,,-5182.0,363.0,,,10080.0,300.0,4301.0,319.4,7827.0,319.0,1162.0,306.0,7318.0,1.0,263122916.0,328.0,114496.0,305.0,Y,,31-Jul-1999,AGDA ARTNA-COHEN,2023-10-18,263bh
107,157,Bh,,,,,,0.0,,,,0.44,,+60-16,s,0.44,0.38,A,100.0,,,,,,,,,,,,,-3605.0,180.0,-11791.0,265.0,9860.0,151.0,5175.0,333.7,6610.0,353.0,1526.0,201.0,7315.0,1.0,264124486.0,190.0,115958.0,177.0,Y,1995.0,1-Nov-1998,Y. A. AKOVALI,2023-10-18,264bh
107,158,Bh,,,,,,0.0,,,,,,,,,,,,,,,,,,,,,,,,-4505.0,240.0,-11239.0,241.0,9662.0,212.0,3601.0,276.4,7634.0,298.0,1677.0,370.0,7316.0,1.0,265124955.0,257.0,116395.0,239.0,Y,2004.0,31-Jul-1999,AGDA ARTNA-COHEN,2023-10-18,265bh
107,159,Bh,,,,,,0.0,,,,2.1,,+29-8,s,2.1,1.85,A,100.0,,SF,,,,,,,,,,,-3036.0,165.0,-10867.0,164.0,9426.0,77.0,4487.0,294.2,6362.0,289.0,1979.0,214.0,7313.0,1.0,266126790.0,175.0,118104.0,163.0,Y,2000.0,31-Jan-2019,BALRAJ SINGH,2023-10-18,266bh
107,160,Bh,,,,,,0.0,,,,14,,+6-3,s,14.0,4.5,A,100.0,,SF,8.0,,,,,,,,,,-3893.0,279.0,-10446.0,264.0,9230.0,202.0,,,7411.0,309.0,2141.0,359.0,7313.0,1.0,267127499.0,282.0,118765.0,263.0,Y,2000.0,14-Sep-2021,C. Morse,2023-10-18,267bh
107,163,Bh,,,,,,0.0,,,,1.0,,+49-5,m,60.0,162.0,A,100.0,,SF,,,,,,,,,,,-882.0,388.0,-8335.0,326.0,9064.4999,95.3595,,,5319.0,479.0,2752.0,474.0,7301.0,1.0,270133366.0,320.0,124230.0,299.0,Y,2007.0,31-Jan-2019,BALRAJ SINGH,2023-10-18,270bh
107,164,Bh,,,,,,0.0,,,,1.5,,+28-6,s,1.5,1.7,A,100.0,,SF,25.0,,,,,,,,,,-1832.0,473.0,-7325.0,457.0,9419.9999,86.0233,1242.0,704.7,6442.0,486.0,2861.0,598.0,7298.0,1.0,271135115.0,412.0,125859.0,384.0,Y,2013.0,14-Sep-2021,C. Morse,2023-10-18,271bh
107,165,Bh,,,,,,0.0,,,,10.5,,+15-11,s,10.5,1.3,A,100.0,,,,,,,,,,,,,-217.0,737.0,-6975.0,599.0,9302.9999,53.8516,,,5143.0,656.0,3119.0,795.0,7290.0,2.0,272138259.0,571.0,128787.0,532.0,Y,2004.0,31-Jan-2019,BALRAJ SINGH,2023-10-18,272bh
107,167,Bh,,,,,,0.0,,,,44,,+34-13,s,44.0,23.5,A,100.0,,SF,,,,,,,,,,,356.0,744.0,-6077.0,688.0,8939.9999,60.0,,,4993.0,873.0,3447.0,703.0,7278.0,2.0,274143599.0,620.0,133762.0,578.0,Y,2010.0,31-Jan-2019,BALRAJ SINGH,2023-10-18,274bh
107,171,Bh,,,,,,0.0,,,,19,,+55-5,m,1140.0,1800.0,SF,100.0,,A,50.0,,,,,,,,,,1150.0,500.0,-5076.0,599.0,,,,,4801.0,721.0,,,7251.0,1.0,278154988.0,429.0,144370.0,400.0,Y,2016.0,31-Jan-2019,BALRAJ SINGH,2023-10-18,278bh
108,155,Hs,,,,,,0.0,,,,,,,,,,A,100.0,,,,,,,,,,,,,,,,,10733.4999,78.1025,5182.0,363.0,,,1863.0,218.0,7295.0,1.0,263128479.0,212.0,119678.0,197.0,Y,2009.0,31-Jul-1999,AGDA ARTNA-COHEN,2023-10-18,263hs
108,156,Hs,,,,,,0.0,,,0+,0.8,AP,,ms,0.0008,,A,50.0,,SF,50.0,,,,,,,,,,,,,,10590.7541,20.3083,3605.165,179.341,8186.0,199.0,2222.0,307.0,7298.3762,0.1094,264128356.33,31.005,119563.165,28.881,N,1986.0,1-Nov-1998,Y. A. AKOVALI,2023-10-18,264hs
108,157,Hs,,,,,,0.0,,,,2.0,,+3-2,ms,0.002,0.00025,A,100.0,,SF,1.0,,,,,,,,,,-5724.0,439.0,,,10470.3244,15.2303,4505.245,240.198,6734.2386,37.513,2346.0,179.0,7296.2474,0.0904,265129791.744,25.719,120900.245,23.958,N,1984.0,31-Jul-1999,AGDA ARTNA-COHEN,2023-10-18,265hs
108,158,Hs,,,,,,0.0,,,0+,2.97,,+78-51,ms,0.00297,0.000645,A,76.0,9.0,SF,24.0,9.0,,,,,,,,,-6533.0066,100.2087,-13556.0,439.0,10345.6864,15.5994,3035.675,165.238,7831.8882,36.1629,2544.0,241.0,7298.2611,0.1019,266130048.783,29.099,121139.675,27.106,N,2001.0,15-Dec-2021,BALRAJ SINGH,2023-10-18,266hs
108,159,Hs,,,,,,0.0,,,,43,,+9-6,ms,0.043,0.0075,A,100.0,,,,,,,,,,,,,-5133.0,512.0,-13086.0,136.0,10037.5052,13.0051,3893.0,279.6,6553.0,99.0,2736.0,189.0,7295.0,0.0,267131678.0,102.0,122658.0,95.0,Y,1995.0,14-Sep-2021,C. Morse,2023-10-18,267hs
108,160,Hs,,,,,,0.0,,,0+,0.4,,+18-2,s,0.4,1.0,A,100.0,,,,,,,,,,,,,-6183.0,380.0,-12894.0,586.0,9760.0,100.0,,,7761.0,315.0,3086.0,399.0,7297.0,1.0,268132011.0,322.0,122968.0,300.0,Y,2010.0,31-Jan-2019,BALRAJ SINGH,2023-10-18,268hs
108,161,Hs,,,,,,0.0,,,,13,,+10-4,s,13.0,7.0,A,100.0,,SF,5.0,,,,,,,,,,-4807.0,338.0,-12729.0,267.0,9274.0,167.0,,,6546.0,327.0,3502.0,404.0,7294.0,0.0,269133649.0,141.0,124493.0,131.0,Y,1996.0,14-Sep-2021,C. Morse,2023-10-18,269hs
108,162,Hs,,,,,,0.0,,,0+,7.6,,+49-22,s,7.6,3.55,A,50.0,,SF,50.0,,,,,,,,,,-5597.0,313.0,-12259.0,398.0,9069.8978,37.7008,882.0,388.4,7453.0,280.0,3654.0,449.0,7295.0,1.0,270134313.0,266.0,125112.0,248.0,Y,2003.0,31-Jan-2019,BALRAJ SINGH,2023-10-18,270hs
108,163,Hs,,,,,,0.0,,,,,,,,,,A,100.0,,SF,15.0,,,,,,,,,,-3409.0,430.0,-11089.0,335.0,9460.0,87.0,,,5492.0,371.0,3828.0,406.0,7288.0,1.0,271137082.0,296.0,127691.0,276.0,Y,2008.0,14-Sep-2021,C. Morse,2023-10-18,271hs
108,165,Hs,,,,,,0.0,,,,0.51,,+30-13,s,0.51,0.215,A,100.0,,SF,12.5,,,,,,,,,,-3015.0,565.0,-9786.0,613.0,9649.9999,64.0312,,,5309.0,632.0,4309.0,650.0,7279.0,1.0,273141458.0,401.0,131767.0,374.0,Y,2010.0,14-Sep-2021,C. Morse,2023-10-18,273hs
108,167,Hs,,,,,,0.0,,,,0.20,,+19-7,s,0.2,0.13,A,100.0,,SF,20.0,,,,,,,,,,-2275.0,709.0,-8829.0,703.0,9449.9999,53.8516,,,4985.0,756.0,4559.0,828.0,7268.0,2.0,275146530.0,637.0,136492.0,593.0,Y,2004.0,14-Sep-2021,C. Morse,2023-10-18,275hs
108,169,Hs,,,,,,0.0,,,,3,,+15-1,ms,0.003,0.008,SF,100.0,,A,50.0,,,,,,,,,,-1633.0,799.0,-8009.0,695.0,9030.0,200.0,,,4882.0,848.0,4864.0,748.0,7256.0,2.0,277151772.0,480.0,141375.0,447.0,Y,2010.0,14-Sep-2021,C. Morse,2023-10-18,277hs
108,170,Hs,,,,,,0.0,,,0+,19,,+55-5,m,1140.0,1800.0,SF,100.0,,A,50.0,,,,,,,,,,-2547.0,652.0,-7859.0,727.0,,,-1150.0,500.0,6226.0,538.0,5169.0,671.0,7252.0,1.0,278153753.0,322.0,143220.0,300.0,Y,2016.0,31-Jan-2019,BALRAJ SINGH,2023-10-18,278hs
109,157,Mt,,,,,,0.0,,,,2.1,,7,ms,0.0021,0.0007,A,75.0,,SF,25.0,,,,,,,,,,,,,,10995.6467,25.3824,6533.006,100.209,7023.0,449.0,516.5345,99.4034,7270.7598,0.3627,266137062.253,103.568,127672.681,96.473,N,1982.0,31-Jan-2019,BALRAJ SINGH,2023-10-18,266mt
109,159,Mt,,,,,,0.0,,,,21,,+8-5,ms,0.021,0.0065,A,100.0,,,,,,,,,,,,,-4497.0,381.0,-12800.0,309.0,10768.0,151.0,6183.0,379.8,6711.0,555.0,796.0,252.0,7271.0,1.0,268138649.0,250.0,129151.0,233.0,Y,1995.0,31-Jan-2019,BALRAJ SINGH,2023-10-18,268mt
109,161,Mt,,,,,,0.0,,,,0.48,,+66-18,s,0.48,0.42,A,100.0,,,,,,,,,,,,,-3973.0,195.0,-12197.0,193.0,10180.0,100.0,5597.0,313.0,6662.0,365.0,1073.0,232.0,7271.0,1.0,270140322.0,205.0,130709.0,191.0,Y,2004.0,31-Jan-2019,BALRAJ SINGH,2023-10-18,270mt
109,165,Mt,,,,,,0.0,,,,0.44,,+81-17,s,0.44,0.49,A,100.0,,SF,,,,,,,,,,,-1948.0,542.0,-9107.0,402.0,10595.0,230.0,,,5604.0,567.0,1807.0,531.0,7259.0,1.0,274147343.0,404.0,137249.0,377.0,Y,2007.0,31-Jan-2019,BALRAJ SINGH,2023-10-18,274mt
109,166,Mt,,,,,,0.0,,,,20,,+24-7,ms,0.02,0.0155,A,100.0,,SF,25.0,,,,,,,,,,-2899.0,516.0,-8502.0,549.0,10482.6999,51.0099,2275.0,708.1,6554.0,540.0,1928.0,608.0,7257.0,1.0,275148972.0,416.0,138767.0,387.0,Y,2004.0,14-Sep-2021,C. Morse,2023-10-18,275mt
109,167,Mt,,,,,,0.0,,,,0.69,,+9-7,s,0.69,0.08,A,100.0,,,,,,,,,,,,,-1227.0,764.0,-8425.0,632.0,10099.9999,10.0,,,5525.0,658.0,2469.0,797.0,7250.0,2.0,276151705.0,571.0,141312.0,532.0,Y,2004.0,31-Jan-2019,BALRAJ SINGH,2023-10-18,276mt
109,168,Mt,,,,,,0.0,,,,4,,+4-1,ms,0.004,0.0025,SF,100.0,,A,20.0,,,,,,,,,,-2084.0,770.0,-7603.0,860.0,9900.0,100.0,1633.0,798.7,6376.0,850.0,2466.0,979.0,7247.0,2.0,277153525.0,711.0,143008.0,662.0,Y,2013.0,14-Sep-2021,C. Morse,2023-10-18,277mt
109,169,Mt,,,,,,0.0,,,,4.5,,+35-13,s,4.5,2.4,A,100.0,,SF,,,,,,,,,,,-484.0,771.0,-7397.0,699.0,9579.9999,30.0,2547.0,652.1,5313.0,880.0,2897.0,731.0,7240.0,2.0,278156487.0,621.0,145767.0,579.0,Y,2010.0,31-Jan-2019,BALRAJ SINGH,2023-10-18,278mt
109,173,Mt,,,,,,0.0,,,,1.1,,+53-5,m,66.0,174.0,A,100.0,,SF,50.0,,,,,,,,,,665.0,538.0,-5889.0,665.0,8660.0,200.0,,,5016.0,748.0,,,7218.0,2.0,282166888.0,480.0,155455.0,447.0,Y,2016.0,31-Jan-2019,BALRAJ SINGH,2023-10-18,282mt
110,157,Ds,,,,,,0.0,,,,3,,+13-1,us,3e-06,7e-06,A,100.0,,,,,,,,,,,,,,,,,11776.7587,50.7619,,,,,1082.0,225.0,7248.0,1.0,267143726.0,219.0,133880.0,204.0,Y,1995.0,14-Sep-2021,C. Morse,2023-10-18,267ds
110,159,Ds,,,,,,0.0,,,,0.18,,+21-6,ms,0.00018,0.000135,A,100.0,,SF,25.0,,,,,,,,,,,,,,11509.5104,29.5992,,,6885.0,303.0,1605.0,235.0,7250.1551,0.1167,269144750.965,33.712,134834.671,31.403,N,1995.0,14-Sep-2021,C. Morse,2023-10-18,269ds
110,160,Ds,,,,,,0.0,,,0+,0.20,,+7-4,ms,0.0002,5.5e-05,A,100.0,,SF,,,,,,,,,,,,,,,11116.9933,28.4218,3972.584,194.996,8224.4052,50.2767,1907.0,314.0,7253.7634,0.1455,270144586.62,42.163,134681.584,39.275,N,2001.0,31-Jan-2019,BALRAJ SINGH,2023-10-18,270ds
110,161,Ds,,,,,,0.0,,,,1.6,,+4-3,ms,0.0016,0.00035,A,100.0,,,,,,,,,,,,,,,,,10869.9743,17.6255,,,6800.0,105.0,2046.0,214.0,7252.0,0.0,271145951.0,104.0,135952.0,97.0,Y,1998.0,14-Sep-2021,C. Morse,2023-10-18,271ds
110,163,Ds,,,,,,0.0,,,,0.19,,+14-6,ms,0.00019,0.0001,A,100.0,,SF,17.0,,,,,,,,,,-4600.0,424.0,-12559.0,273.0,11366.8999,53.9638,,,5869.0,447.0,2485.0,506.0,7250.0,1.0,273148455.0,152.0,138285.0,142.0,Y,1996.0,14-Sep-2021,C. Morse,2023-10-18,273ds
110,167,Ds,,,,,,0.0,,,,3.5,,+21-10,ms,0.0035,0.00155,A,100.0,,SF,12.5,,,,,,,,,,-3315.0,611.0,-10366.0,741.0,10900.0,119.0,2084.0,769.3,5519.0,674.0,3509.0,661.0,7237.0,1.0,277155763.0,421.0,145092.0,392.0,Y,2010.0,14-Sep-2021,C. Morse,2023-10-18,277ds
110,169,Ds,,,,,,0.0,,,,0.216,,+47-33,s,0.216,0.04,SF,88.5,,A,12.5,,,,,,,,,,-2697.0,737.0,-9568.0,719.0,10107.0,117.0,,,5298.0,791.0,4032.0,837.0,7229.0,2.0,279159984.0,649.0,149024.0,605.0,Y,2004.0,14-Sep-2021,C. Morse,2023-10-18,279ds
110,170,Ds,,,,,,0.0,,,0+,7,,+32-2,ms,0.007,0.017,SF,100.0,,,,,,,,,,,,,-3566.0,918.0,-9472.0,859.0,9710.0,200.0,,,6775.0,962.0,4554.0,1004.0,7227.0,3.0,280161375.0,803.0,150320.0,748.0,Y,1999.0,31-Jan-2019,BALRAJ SINGH,2023-10-18,280ds
110,171,Ds,,,,,,0.0,,,,12,,+4-2,s,12.0,3.0,SF,94.0,,A,6.0,,,,,,,,,,-2060.0,918.0,-8684.0,725.0,9473.0,208.0,,,5119.0,896.0,4526.0,776.0,7220.0,2.0,281164545.0,529.0,153273.0,493.0,Y,2004.0,14-Sep-2021,C. Morse,2023-10-18,281ds
110,172,Ds,,,,,,0.0,,,0+,1.1,,+53-5,m,66.0,174.0,A,100.0,,SF,50.0,,,,,,,,,,-2952.0,660.0,-8614.0,830.0,9145.0,424.0,-665.0,538.3,6554.0,577.0,4899.0,671.0,7217.0,1.0,282166174.0,322.0,154790.0,300.0,Y,2016.0,31-Jan-2019,BALRAJ SINGH,2023-10-18,282ds
111,161,Rg,,,,,,0.0,,,,3.8,,+14-8,ms,0.0038,0.0011,A,100.0,,,,,,,,,,,,,,,,,11197.4272,13.3083,,,,,468.0,253.0,7227.0,1.0,272153273.0,251.0,142773.0,233.0,Y,1995.0,31-Jan-2019,BALRAJ SINGH,2023-10-18,272rg
111,163,Rg,,,,,,0.0,,,,12,,+17-5,ms,0.012,0.011,A,100.0,,,,,,,,,,,,,,,,,11477.8999,86.0233,,,6344.0,451.0,962.0,253.0,7227.0,1.0,274155247.0,225.0,144612.0,209.0,Y,2004.0,31-Jan-2019,BALRAJ SINGH,2023-10-18,274rg
111,167,Rg,,,,,,0.0,,,,4.2,,+75-17,ms,0.0042,0.0046,A,100.0,,SF,,,,,,,,,,,-2321.0,585.0,-9883.0,418.0,10846.2999,95.3595,,,5958.0,609.0,1861.0,552.0,7218.0,1.0,278161590.0,417.0,150521.0,389.0,Y,2007.0,31-Jan-2019,BALRAJ SINGH,2023-10-18,278rg
111,168,Rg,,,,,,0.0,,,,0.09,,+17-4,s,0.09,0.105,A,100.0,,SF,25.0,,,,,,,,,,-3299.0,578.0,-9192.0,608.0,10529.9999,167.6305,2697.0,737.6,6870.0,574.0,1818.0,662.0,7216.0,2.0,279162880.0,453.0,151721.0,422.0,Y,2004.0,14-Sep-2021,C. Morse,2023-10-18,279rg
111,169,Rg,,,,,,0.0,,,,4.4,,+5-4,s,4.4,0.45,A,100.0,,,,,,,,,,,,,-1768.0,789.0,-9206.0,663.0,10148.7999,10.2,3566.0,917.8,5907.0,679.0,2427.0,806.0,7212.0,2.0,280165204.0,571.0,153886.0,532.0,Y,2004.0,31-Jan-2019,BALRAJ SINGH,2023-10-18,280rg
111,170,Rg,,,,,,0.0,,,,15,,+4-3,s,15.0,3.5,SF,82.0,,A,18.0,,,,,,,,,,-2614.0,870.0,-8393.0,969.0,9900.0,400.0,2060.0,917.6,6624.0,939.0,2276.0,1076.0,7209.0,3.0,281166757.0,831.0,155333.0,774.0,Y,2010.0,14-Sep-2021,C. Morse,2023-10-18,281rg
111,171,Rg,,,,,,0.0,,,,100,,+70-30,s,100.0,50.0,A,100.0,,SF,,,,,,,,,,,-1084.0,804.0,-8277.0,710.0,9550.0,104.0,2952.0,660.1,5663.0,972.0,2820.0,767.0,7204.0,2.0,282169343.0,631.0,157742.0,588.0,Y,2010.0,31-Jan-2019,BALRAJ SINGH,2023-10-18,282rg
111,175,Rg,,,,,,0.0,,,,11,,+51-5,m,660.0,1680.0,A,100.0,,SF,54.0,,,,,,,,,,61.0,836.0,-6647.0,683.0,8630.0,100.0,,,5291.0,755.0,,,7185.0,2.0,286178756.0,492.0,166510.0,458.0,Y,2016.0,31-Jan-2019,BALRAJ SINGH,2023-10-18,286rg
112,165,Cn,,,,,,0.0,,,,0.61,,+46-18,ms,0.00061,0.00032,A,100.0,,SF,17.0,,,,,,,,,,,,,,11622.1999,58.3095,,,6099.0,523.0,2343.0,647.0,7205.0,1.0,277163535.0,165.0,152332.0,153.0,Y,1996.0,14-Sep-2021,C. Morse,2023-10-18,277cn
112,169,Cn,,,,,,0.0,,,,0.18,,+10-5,s,0.18,0.075,A,100.0,,SF,12.5,,,,,,,,,,-3863.0,498.0,-11364.0,564.0,10429.9999,64.0312,2614.0,869.8,5779.0,706.0,3228.0,664.0,7197.0,1.0,281169563.0,427.0,157947.0,397.0,Y,2010.0,14-Sep-2021,C. Morse,2023-10-18,281cn
112,170,Cn,,,,,,0.0,,,0+,0.96,,+35-20,ms,0.00096,0.000275,SF,100.0,,A,7.0,,,,,,,,,,-4903.0,678.0,-11055.0,625.0,10150.0,200.0,1084.0,803.7,7193.0,677.0,3796.0,948.0,7197.0,2.0,282170507.0,588.0,158826.0,548.0,Y,2004.0,31-Jan-2019,BALRAJ SINGH,2023-10-18,282cn
112,171,Cn,,,,,,0.0,,,,4.6,,+10-7,s,4.6,0.85,A,85.0,,SF,15.0,,,,,,,,,,-3226.0,754.0,-10463.0,734.0,9888.0,113.0,,,5560.0,824.0,3694.0,851.0,7192.0,2.0,283173202.0,660.0,161337.0,615.0,Y,2004.0,14-Sep-2021,C. Morse,2023-10-18,283cn
112,172,Cn,,,,,,0.0,,,0+,108,,+20-14,ms,0.108,0.017,SF,100.0,,A,3.0,,,,,,,,,,-4176.0,931.0,-10219.0,879.0,9670.0,150.0,,,6993.0,980.0,4254.0,1020.0,7191.0,3.0,284174360.0,819.0,162415.0,762.0,Y,2004.0,31-Jan-2019,BALRAJ SINGH,2023-10-18,284cn
112,173,Cn,,,,,,0.0,,,,33,,+10-6,s,33.0,8.0,A,100.0,,SF,6.0,,,,,,,,,,-2682.0,926.0,-9576.0,736.0,9388.0,116.0,,,5400.0,915.0,4173.0,712.0,7185.0,2.0,285177227.0,544.0,165086.0,507.0,Y,2004.0,14-Sep-2021,C. Morse,2023-10-18,285cn
112,174,Cn,,,,,,0.0,,,0+,11,,+51-5,m,660.0,1680.0,A,100.0,,SF,50.0,,,,,,,,,,-3507.0,915.0,-9390.0,1044.0,9235.0,761.0,-60.0,836.5,6708.0,864.0,4569.0,922.0,7183.0,2.0,286178691.0,751.0,166450.0,700.0,Y,2016.0,31-Jan-2019,BALRAJ SINGH,2023-10-18,286cn
113,165,Nh,,,,,,0.0,,,,1.4,,+19-5,ms,0.0014,0.0012,A,100.0,,,,,,,,,,,,,,,,,11992.7999,78.8733,,,,,592.0,271.0,7181.0,1.0,278170725.0,240.0,159030.0,224.0,Y,2004.0,31-Jan-2019,BALRAJ SINGH,2023-10-18,278nh
113,169,Nh,,,,,,0.0,,,,0.07,,+14-3,s,0.07,0.085,A,100.0,,SF,,,,,,,,,,,,,,,10783.1999,95.3595,4903.0,678.4,6153.0,500.0,1507.0,564.0,7177.0,1.0,282175770.0,430.0,163729.0,400.0,Y,2007.0,31-Jan-2019,BALRAJ SINGH,2023-10-18,282nh
113,170,Nh,,,,,,0.0,,,,0.07,,+14-3,s,0.07,0.085,A,100.0,,SF,25.0,,,,,,,,,,,,,,10417.0,112.0,3226.0,754.4,7237.0,592.0,1552.0,701.0,7177.0,2.0,283176666.0,469.0,164563.0,437.0,Y,2004.0,14-Sep-2021,C. Morse,2023-10-18,283nh
113,171,Nh,,,,,,0.0,,,,0.97,,+12-10,s,0.97,0.11,A,100.0,,,,,,,,,,,,,-2188.0,845.0,,,10280.0027,38.1184,4176.0,929.9,6044.0,689.0,2035.0,814.0,7173.0,2.0,284178843.0,573.0,166591.0,533.0,Y,2004.0,31-Jan-2019,BALRAJ SINGH,2023-10-18,284nh
113,172,Nh,,,,,,0.0,,,,0.93,,+45-23,s,0.93,0.34,A,100.0,,SF,5.0,,,,,,,,,,-3164.0,874.0,-9083.0,1015.0,10009.9999,40.0,2682.0,926.1,6894.0,941.0,1936.0,1087.0,7172.0,3.0,285180106.0,832.0,167768.0,775.0,Y,2010.0,14-Sep-2021,C. Morse,2023-10-18,285nh
113,173,Nh,,,,,,0.0,,,,9.5,,+63-27,s,9.5,4.5,A,100.0,,SF,,,,,,,,,,,-1649.0,806.0,-9047.0,715.0,9789.9999,50.0,3507.0,915.4,5883.0,974.0,2419.0,778.0,7168.0,2.0,286182456.0,634.0,169957.0,590.0,Y,2010.0,31-Jan-2019,BALRAJ SINGH,2023-10-18,286nh
113,177,Nh,,,,,,0.0,,,,2,,+10-1,s,2.0,5.5,A,100.0,,SF,50.0,,,,,,,,,,-416.0,843.0,-7222.0,693.0,9380.0,100.0,,,5306.0,685.0,,,7152.0,2.0,290191429.0,503.0,178315.0,469.0,Y,2016.0,31-Jan-2019,BALRAJ SINGH,2023-10-18,290nh
114,170,Fl,,,,,,0.0,,,0+,2.5,,+18-8,ms,0.0025,0.0013,SF,100.0,,A,25.0,,,,,,,,,,,,,,10700.0,300.0,2188.0,845.2,,,3073.0,788.0,7163.0,2.0,284181192.0,704.0,168779.0,656.0,Y,2015.0,31-Jan-2019,BALRAJ SINGH,2023-10-18,284fl
114,171,Fl,,,,,,0.0,,,,101,,+59-27,ms,0.101,0.043,A,100.0,,SF,12.5,,,,,,,,,,,,,,10559.9999,70.7107,3164.0,873.9,5919.0,770.0,2948.0,669.0,7159.0,1.0,285183503.0,433.0,170932.0,404.0,Y,2010.0,14-Sep-2021,C. Morse,2023-10-18,285fl
114,172,Fl,,,,,,0.0,,,0+,166,,+40-27,ms,0.166,0.0335,A,60.0,,SF,40.0,,,,,,,,,,,,,,10355.0663,40.5683,1649.0,805.9,7398.0,682.0,3451.0,950.0,7159.0,2.0,286184226.0,590.0,171606.0,549.0,Y,2004.0,31-Jan-2019,BALRAJ SINGH,2023-10-18,286fl
114,173,Fl,,,,,,0.0,,,,0.40,,+13-8,s,0.4,0.105,A,100.0,,SF,5.0,,,,,,,,,,-3819.0,759.0,,,10166.7999,52.2594,,,5748.0,826.0,3317.0,854.0,7155.0,2.0,287186720.0,663.0,173929.0,617.0,Y,2004.0,14-Sep-2021,C. Morse,2023-10-18,287fl
114,174,Fl,,,,,,0.0,,,0+,0.64,,+14-10,s,0.64,0.12,A,100.0,,SF,3.0,,,,,,,,,,-4749.0,932.0,-10903.0,882.0,10076.4873,11.933,,,7083.0,981.0,3827.0,1040.0,7154.0,3.0,288187781.0,819.0,174917.0,763.0,Y,2004.0,31-Jan-2019,BALRAJ SINGH,2023-10-18,288fl
114,175,Fl,,,,,,0.0,,,,2.4,,+8-5,s,2.4,0.65,A,100.0,,SF,6.0,,,,,,,,,,-3217.0,929.0,-10272.0,740.0,9954.1798,65.364,,,5523.0,918.0,3793.0,866.0,7149.0,2.0,289190517.0,548.0,177465.0,511.0,Y,2004.0,14-Sep-2021,C. Morse,2023-10-18,289fl
114,176,Fl,,,,,,0.0,,,0+,19,,+91-9,s,19.0,50.0,EC+B+,100.0,,SF,50.0,,A,50.0,,,,,,,-4061.0,917.0,-10023.0,1046.0,9856.1659,30.4203,416.0,842.5,6806.0,867.0,4109.0,861.0,7147.0,2.0,290191875.0,752.0,178731.0,700.0,Y,2016.0,31-Jan-2019,BALRAJ SINGH,2023-10-18,290fl
115,172,Mc,,,,,,0.0,,,,37,,+44-13,ms,0.037,0.0285,A,100.0,,SF,25.0,,,,,,,,,,,,,,10759.9999,70.7107,3819.0,759.5,,,1147.0,705.0,7139.0,2.0,287190820.0,475.0,177748.0,443.0,Y,2004.0,14-Sep-2021,C. Morse,2023-10-18,287mc
115,173,Mc,,,,,,0.0,,,,0.17,,2,s,0.17,0.02,A,100.0,,,,,,,,,,,,,,,,,10649.9999,50.0,4749.0,932.4,6154.0,695.0,1552.0,817.0,7135.0,2.0,288192879.0,575.0,179666.0,536.0,Y,2004.0,31-Jan-2019,BALRAJ SINGH,2023-10-18,288mc
115,174,Mc,,,,,,0.0,,,,296,,+97-59,ms,0.296,0.078,A,100.0,,SF,5.0,,,,,,,,,,-3774.0,925.0,,,10489.9999,50.0,3218.0,929.1,7054.0,943.0,1523.0,1088.0,7135.0,3.0,289193971.0,834.0,180683.0,776.0,Y,2010.0,14-Sep-2021,C. Morse,2023-10-18,289mc
115,175,Mc,,,,,,0.0,,,,0.65,,+49-20,s,0.65,0.345,A,100.0,,SF,,,,,,,,,,,-2236.0,809.0,-9737.0,776.0,10409.9999,40.0,4061.0,916.7,5963.0,976.0,1963.0,782.0,7131.0,2.0,290196235.0,635.0,182792.0,592.0,Y,2010.0,31-Jan-2019,BALRAJ SINGH,2023-10-18,290mc
116,174,Lv,,,,,,0.0,,,0+,8.3,,+35-19,ms,0.0083,0.0027,A,100.0,,SF,8.0,,,,,,,,,,,,,,10996.8334,57.5862,2236.0,809.4,7501.0,747.0,2944.0,953.0,7120.0,2.0,290198635.0,593.0,185028.0,552.0,Y,2004.0,31-Jan-2019,BALRAJ SINGH,2023-10-18,290lv
116,175,Lv,,,,,,0.0,,,,19,,+17-6,ms,0.019,0.0115,A,100.0,,SF,20.0,,,,,,,,,,-4409.0,863.0,,,10889.9999,86.0233,,,5855.0,833.0,2837.0,859.0,7116.0,2.0,291201014.0,669.0,187244.0,623.0,Y,2004.0,14-Sep-2021,C. Morse,2023-10-18,291lv
116,176,Lv,,,,,,0.0,,,0+,12.8,,+70-33,ms,0.0128,0.00515,A,100.0,,SF,9.0,,,,,,,,,,-5488.0,1014.0,-11592.0,968.0,10791.1897,12.1669,,,7182.0,985.0,3336.0,1059.0,7116.0,3.0,292201969.0,819.0,188133.0,763.0,Y,2004.0,31-Jan-2019,BALRAJ SINGH,2023-10-18,292lv
116,177,Lv,,,,,,0.0,,,,95,,+63-27,ms,0.095,0.045,A,100.0,,SF,12.5,,,,,,,,,,-3860.0,933.0,-11125.0,844.0,10677.3271,64.379,,,5636.0,920.0,3321.0,869.0,7111.0,2.0,293204583.0,553.0,190568.0,515.0,Y,2004.0,14-Sep-2021,C. Morse,2023-10-18,293lv
116,178,Lv,,,,,,0.0,,,0+,,,,,,,,,,,,,,,,,,,,,,,,,,,,,,,,,,,,,,,,,31-Jan-2019,BALRAJ SINGH,2023-10-18,294lv
117,176,Ts,,,,,,0.0,,,,21,,+7-4,ms,0.021,0.0055,A,100.0,,SF,6.0,,,,,,,,,,-4374.0,1053.0,,,11319.9999,50.0,3860.0,933.0,7264.0,1026.0,994.0,1090.0,7095.0,3.0,293208727.0,835.0,194428.0,778.0,Y,2010.0,14-Sep-2021,C. Morse,2023-10-18,293ts
117,177,Ts,,,,,,0.0,,,,51,,+38-16,ms,0.051,0.027,A,100.0,,,,,,,,,,,,,-2923.0,811.0,-10477.0,924.0,11179.9999,40.0,,,6103.0,978.0,1460.0,785.0,7092.0,2.0,294210840.0,637.0,196397.0,593.0,Y,2010.0,31-Jan-2019,BALRAJ SINGH,2023-10-18,294ts
118,176,Og,,,,,,0.0,,,0+,0.58,,+44-18,ms,0.00058,0.00031,A,100.0,,SF,20.0,,,,,,,,,,,,,,11867.3266,31.2963,2923.0,810.8,7553.0,899.0,2397.0,955.0,7079.0,2.0,294213979.0,594.0,199320.0,553.0,Y,2004.0,31-Jan-2019,BALRAJ SINGH,2023-10-18,294og
